variant_id;product_id;characteristic_code;value;normalized_value;numeric_value
KD-PD-00474__v001;KD-PD-00474;category;Посуда и сервировка;посуда и сервировка;
KD-PD-00474__v001;KD-PD-00474;subcategory;Тарелки;тарелки;
KD-PD-00474__v001;KD-PD-00474;collection;Алая нить;алая нить;
KD-PD-00474__v001;KD-PD-00474;material;Фарфор;фарфор;
KD-PD-00474__v001;KD-PD-00474;size;19 см;19 см;
KD-PD-00474__v001;KD-PD-00474;price;5599;5599;5599
KD-PD-00474__v001;KD-PD-00474;diameter;19 см;19 см;
KD-PD-00474__v001;KD-PD-00474;composition;100% Костяной фарфор;100% костяной фарфор;
KD-PD-00474__v001;KD-PD-00474;color;Белый;белый;
KD-PD-00574__v001;KD-PD-00574;category;Посуда и сервировка;посуда и сервировка;
KD-PD-00574__v001;KD-PD-00574;subcategory;Тарелки;тарелки;
KD-PD-00574__v001;KD-PD-00574;collection;Алая нить;алая нить;
KD-PD-00574__v001;KD-PD-00574;material;Фарфор;фарфор;
KD-PD-00574__v001;KD-PD-00574;size;23 см;23 см;
KD-PD-00574__v001;KD-PD-00574;price;6599;6599;6599
KD-PD-00574__v001;KD-PD-00574;diameter;23 см;23 см;
KD-PD-00574__v001;KD-PD-00574;composition;100% Костяной фарфор;100% костяной фарфор;
KD-PD-00574__v001;KD-PD-00574;color;Белый;белый;
KD-PD-00575__v001;KD-PD-00575;category;Посуда и сервировка;посуда и сервировка;
KD-PD-00575__v001;KD-PD-00575;subcategory;Салатники, cупницы и глубокие тарелки;салатники, cупницы и глубокие тарелки;
KD-PD-00575__v001;KD-PD-00575;collection;Алая нить;алая нить;
KD-PD-00575__v001;KD-PD-00575;material;Фарфор;фарфор;
KD-PD-00575__v001;KD-PD-00575;size;350 мл;350 мл;
KD-PD-00575__v001;KD-PD-00575;price;7599;7599;7599
KD-PD-00575__v001;KD-PD-00575;volume;350 мл;350 мл;
KD-PD-00575__v001;KD-PD-00575;composition;100% Костяной фарфор;100% костяной фарфор;
KD-PD-00575__v001;KD-PD-00575;color;Белый;белый;
KD-PD-00576__v001;KD-PD-00576;category;Посуда и сервировка;посуда и сервировка;
KD-PD-00576__v001;KD-PD-00576;subcategory;Салатники, cупницы и глубокие тарелки;салатники, cупницы и глубокие тарелки;
KD-PD-00576__v001;KD-PD-00576;collection;Алая нить;алая нить;
KD-PD-00576__v001;KD-PD-00576;material;Фарфор;фарфор;
KD-PD-00576__v001;KD-PD-00576;size;450 мл;450 мл;
KD-PD-00576__v001;KD-PD-00576;price;7599;7599;7599
KD-PD-00576__v001;KD-PD-00576;volume;450 мл;450 мл;
KD-PD-00576__v001;KD-PD-00576;composition;100% Костяной фарфор;100% костяной фарфор;
KD-PD-00576__v001;KD-PD-00576;color;Белый;белый;
KD-PD-11574__v001;KD-PD-11574;category;Посуда и сервировка;посуда и сервировка;
KD-PD-11574__v001;KD-PD-11574;subcategory;Кружки, чайные и кофейные пары;кружки, чайные и кофейные пары;
KD-PD-11574__v001;KD-PD-11574;collection;Алая нить;алая нить;
KD-PD-11574__v001;KD-PD-11574;material;Фарфор;фарфор;
KD-PD-11574__v001;KD-PD-11574;size;250 мл;250 мл;
KD-PD-11574__v001;KD-PD-11574;price;6599;6599;6599
KD-PD-11574__v001;KD-PD-11574;volume;250 мл;250 мл;
KD-PD-11574__v001;KD-PD-11574;composition;100% Костяной фарфор;100% костяной фарфор;
KD-PD-11574__v001;KD-PD-11574;color;Белый;белый;
KD-PD-11616__v001;KD-PD-11616;category;Посуда и сервировка;посуда и сервировка;
KD-PD-11616__v001;KD-PD-11616;subcategory;Столовый текстиль;столовый текстиль;
KD-PD-11616__v001;KD-PD-11616;collection;Алая нить;алая нить;
KD-PD-11616__v001;KD-PD-11616;material;Хлопок;×лопок;
KD-PD-11616__v001;KD-PD-11616;size;45×45 см;45×45 см;
KD-PD-11616__v001;KD-PD-11616;price;3599;3599;3599
KD-PD-11616__v001;KD-PD-11616;height;45 см;45 см;
KD-PD-11616__v001;KD-PD-11616;width;45 см;45 см;
KD-PD-11616__v001;KD-PD-11616;composition;100% Хлопок;100%×лопок;
KD-PD-11616__v001;KD-PD-11616;color;Белый;белый;
KD-PD-1023__v001;KD-PD-1023;category;Пледы и подушки;пледы и подушки;
KD-PD-1023__v001;KD-PD-1023;subcategory;Декоративные подушки;декоративные подушки;
KD-PD-1023__v001;KD-PD-1023;capsule;Лунная сказка;лунная сказка;
KD-PD-1023__v001;KD-PD-1023;material;Хлопок;×лопок;
KD-PD-1023__v001;KD-PD-1023;size;60×60 см;60×60 см;
KD-PD-1023__v001;KD-PD-1023;price;5990;5990;5990
KD-PD-1023__v001;KD-PD-1023;height;60 см;60 см;
KD-PD-1023__v001;KD-PD-1023;width;60 см;60 см;
KD-PD-1023__v001;KD-PD-1023;composition;Внешняя часть: 100% Хлопок  Наполнитель: 100% Пух;внешняя часть: 100%×лопок наполнитель: 100% пу×;
KD-PD-1023__v001;KD-PD-1023;details;Кружево;кружево;
KD-PD-1023__v001;KD-PD-1023;color;Синий;синий;
KD-PD-1023__v002;KD-PD-1023;category;Пледы и подушки;пледы и подушки;
KD-PD-1023__v002;KD-PD-1023;subcategory;Декоративные подушки;декоративные подушки;
KD-PD-1023__v002;KD-PD-1023;capsule;Лунная сказка;лунная сказка;
KD-PD-1023__v002;KD-PD-1023;material;Хлопок;×лопок;
KD-PD-1023__v002;KD-PD-1023;size;60×60 см;60×60 см;
KD-PD-1023__v002;KD-PD-1023;price;5990;5990;5990
KD-PD-1023__v002;KD-PD-1023;height;60 см;60 см;
KD-PD-1023__v002;KD-PD-1023;width;60 см;60 см;
KD-PD-1023__v002;KD-PD-1023;composition;Внешняя часть: 100% Хлопок Наполнитель: 100% Пух;внешняя часть: 100%×лопок наполнитель: 100% пу×;
KD-PD-1023__v002;KD-PD-1023;details;Кружево;кружево;
KD-PD-1023__v002;KD-PD-1023;color;Белый;белый;
KD-PD-1023__v003;KD-PD-1023;category;Пледы и подушки;пледы и подушки;
KD-PD-1023__v003;KD-PD-1023;subcategory;Декоративные подушки;декоративные подушки;
KD-PD-1023__v003;KD-PD-1023;capsule;Лунная сказка;лунная сказка;
KD-PD-1023__v003;KD-PD-1023;material;Хлопок;×лопок;
KD-PD-1023__v003;KD-PD-1023;size;60×60 см;60×60 см;
KD-PD-1023__v003;KD-PD-1023;price;5990;5990;5990
KD-PD-1023__v003;KD-PD-1023;height;60 см;60 см;
KD-PD-1023__v003;KD-PD-1023;width;60 см;60 см;
KD-PD-1023__v003;KD-PD-1023;composition;Внешняя часть: 100% Хлопок Наполнитель: 100% Пух;внешняя часть: 100%×лопок наполнитель: 100% пу×;
KD-PD-1023__v003;KD-PD-1023;details;Кружево;кружево;
KD-PD-1023__v003;KD-PD-1023;color;Молочный;молочный;
KD-PD-1026__v001;KD-PD-1026;category;Пледы и подушки;пледы и подушки;
KD-PD-1026__v001;KD-PD-1026;subcategory;Плед;плед;
KD-PD-1026__v001;KD-PD-1026;capsule;Лунная сказка;лунная сказка;
KD-PD-1026__v001;KD-PD-1026;material;Хлопок;×лопок;
KD-PD-1026__v001;KD-PD-1026;size;200×220 см;200×220 см;
KD-PD-1026__v001;KD-PD-1026;price;12990;12990;12990
KD-PD-1026__v001;KD-PD-1026;height;200 см;200 см;
KD-PD-1026__v001;KD-PD-1026;width;220 см;220 см;
KD-PD-1026__v001;KD-PD-1026;composition;70% хлопок\n30% лен;70%×лопок\n30% лен;
KD-PD-1026__v001;KD-PD-1026;details;Кружево;кружево;
KD-PD-1026__v001;KD-PD-1026;color;Синий;синий;
KD-PD-1026__v002;KD-PD-1026;category;Пледы и подушки;пледы и подушки;
KD-PD-1026__v002;KD-PD-1026;subcategory;Плед;плед;
KD-PD-1026__v002;KD-PD-1026;capsule;Лунная сказка;лунная сказка;
KD-PD-1026__v002;KD-PD-1026;material;Хлопок;×лопок;
KD-PD-1026__v002;KD-PD-1026;size;200×220 см;200×220 см;
KD-PD-1026__v002;KD-PD-1026;price;12990;12990;12990
KD-PD-1026__v002;KD-PD-1026;height;200 см;200 см;
KD-PD-1026__v002;KD-PD-1026;width;220 см;220 см;
KD-PD-1026__v002;KD-PD-1026;composition;70% хлопок\n30% лен;70%×лопок\n30% лен;
KD-PD-1026__v002;KD-PD-1026;details;Кружево;кружево;
KD-PD-1026__v002;KD-PD-1026;color;Белый;белый;
KD-PD-1026__v003;KD-PD-1026;category;Пледы и подушки;пледы и подушки;
KD-PD-1026__v003;KD-PD-1026;subcategory;Плед;плед;
KD-PD-1026__v003;KD-PD-1026;capsule;Лунная сказка;лунная сказка;
KD-PD-1026__v003;KD-PD-1026;material;Хлопок;×лопок;
KD-PD-1026__v003;KD-PD-1026;size;200×220 см;200×220 см;
KD-PD-1026__v003;KD-PD-1026;price;12990;12990;12990
KD-PD-1026__v003;KD-PD-1026;height;200 см;200 см;
KD-PD-1026__v003;KD-PD-1026;width;220 см;220 см;
KD-PD-1026__v003;KD-PD-1026;composition;70% хлопок\n30% лен;70%×лопок\n30% лен;
KD-PD-1026__v003;KD-PD-1026;details;Кружево;кружево;
KD-PD-1026__v003;KD-PD-1026;color;Молочный;молочный;
KD-PD-1027__v001;KD-PD-1027;category;Пледы и подушки;пледы и подушки;
KD-PD-1027__v001;KD-PD-1027;subcategory;Покрывало;покрывало;
KD-PD-1027__v001;KD-PD-1027;collection;Бархат;бар×ат;
KD-PD-1027__v001;KD-PD-1027;material;Микровелюр;микровелюр;
KD-PD-1027__v001;KD-PD-1027;size;Евро 200×220 см;евро 200×220 см;
KD-PD-1027__v001;KD-PD-1027;price;8690;8690;8690
KD-PD-1027__v001;KD-PD-1027;height;200 см;200 см;
KD-PD-1027__v001;KD-PD-1027;width;220 см;220 см;
KD-PD-1027__v001;KD-PD-1027;composition;Внешняя часть: 100% микровелюр\nНаполнитель: 100% полиэфирное волокно;внешняя часть: 100% микровелюр\nнаполнитель: 100% полиэфирное волокно;
KD-PD-1027__v001;KD-PD-1027;color;Молочный;молочный;
KD-PD-1027__v002;KD-PD-1027;category;Пледы и подушки;пледы и подушки;
KD-PD-1027__v002;KD-PD-1027;subcategory;Покрывало;покрывало;
KD-PD-1027__v002;KD-PD-1027;collection;Бархат;бар×ат;
KD-PD-1027__v002;KD-PD-1027;material;Микровелюр;микровелюр;
KD-PD-1027__v002;KD-PD-1027;size;Кинг сайз 220×240 см;кинг сайз 220×240 см;
KD-PD-1027__v002;KD-PD-1027;price;8690;8690;8690
KD-PD-1027__v002;KD-PD-1027;height;220 см;220 см;
KD-PD-1027__v002;KD-PD-1027;width;240 см;240 см;
KD-PD-1027__v002;KD-PD-1027;composition;Внешняя часть: 100% микровелюр\nНаполнитель: 100% полиэфирное волокно;внешняя часть: 100% микровелюр\nнаполнитель: 100% полиэфирное волокно;
KD-PD-1027__v002;KD-PD-1027;color;Молочный;молочный;
KD-PD-1027__v003;KD-PD-1027;category;Пледы и подушки;пледы и подушки;
KD-PD-1027__v003;KD-PD-1027;subcategory;Покрывало;покрывало;
KD-PD-1027__v003;KD-PD-1027;collection;Бархат;бар×ат;
KD-PD-1027__v003;KD-PD-1027;material;Микровелюр;микровелюр;
KD-PD-1027__v003;KD-PD-1027;size;Евро 200×220 см;евро 200×220 см;
KD-PD-1027__v003;KD-PD-1027;price;8690;8690;8690
KD-PD-1027__v003;KD-PD-1027;height;200 см;200 см;
KD-PD-1027__v003;KD-PD-1027;width;220 см;220 см;
KD-PD-1027__v003;KD-PD-1027;composition;Внешняя часть: 100% микровелюр\nНаполнитель: 100% полиэфирное волокно;внешняя часть: 100% микровелюр\nнаполнитель: 100% полиэфирное волокно;
KD-PD-1027__v003;KD-PD-1027;color;Серо-синий;серо-синий;
KD-PD-1027__v004;KD-PD-1027;category;Пледы и подушки;пледы и подушки;
KD-PD-1027__v004;KD-PD-1027;subcategory;Покрывало;покрывало;
KD-PD-1027__v004;KD-PD-1027;collection;Бархат;бар×ат;
KD-PD-1027__v004;KD-PD-1027;material;Микровелюр;микровелюр;
KD-PD-1027__v004;KD-PD-1027;size;Кинг сайз 220×240 см;кинг сайз 220×240 см;
KD-PD-1027__v004;KD-PD-1027;price;8690;8690;8690
KD-PD-1027__v004;KD-PD-1027;height;220 см;220 см;
KD-PD-1027__v004;KD-PD-1027;width;240 см;240 см;
KD-PD-1027__v004;KD-PD-1027;composition;Внешняя часть: 100% микровелюр\nНаполнитель: 100% полиэфирное волокно;внешняя часть: 100% микровелюр\nнаполнитель: 100% полиэфирное волокно;
KD-PD-1027__v004;KD-PD-1027;color;Серо-синий;серо-синий;
KD-PD-1030__v001;KD-PD-1030;category;Посуда и сервировка;посуда и сервировка;
KD-PD-1030__v001;KD-PD-1030;subcategory;Кружки, чайные и кофейные пары;кружки, чайные и кофейные пары;
KD-PD-1030__v001;KD-PD-1030;collection;Лунная сказка;лунная сказка;
KD-PD-1030__v001;KD-PD-1030;capsule;Лунная сказка;лунная сказка;
KD-PD-1030__v001;KD-PD-1030;material;Фарфор;фарфор;
KD-PD-1030__v001;KD-PD-1030;size;250 мл;250 мл;
KD-PD-1030__v001;KD-PD-1030;price;6990;6990;6990
KD-PD-1030__v001;KD-PD-1030;volume;250 мл;250 мл;
KD-PD-1030__v001;KD-PD-1030;diameter;15 см;15 см;
KD-PD-1030__v001;KD-PD-1030;composition;100% костяной фарфор;100% костяной фарфор;
KD-PD-1030__v001;KD-PD-1030;details;Рисунок;рисунок;
KD-PD-1030__v001;KD-PD-1030;color;Ночной синий;ночной синий;
KD-PD-1024__v001;KD-PD-1024;category;Постельное белье;постельное белье;
KD-PD-1024__v001;KD-PD-1024;subcategory;Постельное белье;постельное белье;
KD-PD-1024__v001;KD-PD-1024;collection;Лунная сказка;лунная сказка;
KD-PD-1024__v001;KD-PD-1024;capsule;Лунная сказка;лунная сказка;
KD-PD-1024__v001;KD-PD-1024;material;Шелк;шелк;
KD-PD-1024__v001;KD-PD-1024;size;Полуторный 140×220 см;полуторный 140×220 см;
KD-PD-1024__v001;KD-PD-1024;price;15990;15990;15990
KD-PD-1024__v001;KD-PD-1024;height;140 см;140 см;
KD-PD-1024__v001;KD-PD-1024;width;220 см;220 см;
KD-PD-1024__v001;KD-PD-1024;composition;100% Сатин;100% сатин;
KD-PD-1024__v001;KD-PD-1024;details;Вышивка;вышивка;
KD-PD-1024__v001;KD-PD-1024;color;Ночной синий;ночной синий;
KD-PD-1024__v002;KD-PD-1024;category;Постельное белье;постельное белье;
KD-PD-1024__v002;KD-PD-1024;subcategory;Постельное белье;постельное белье;
KD-PD-1024__v002;KD-PD-1024;collection;Лунная сказка;лунная сказка;
KD-PD-1024__v002;KD-PD-1024;capsule;Лунная сказка;лунная сказка;
KD-PD-1024__v002;KD-PD-1024;material;Шелк;шелк;
KD-PD-1024__v002;KD-PD-1024;size;Евро 200×220 см;евро 200×220 см;
KD-PD-1024__v002;KD-PD-1024;price;18990;18990;18990
KD-PD-1024__v002;KD-PD-1024;height;200 см;200 см;
KD-PD-1024__v002;KD-PD-1024;width;220 см;220 см;
KD-PD-1024__v002;KD-PD-1024;composition;100% Сатин;100% сатин;
KD-PD-1024__v002;KD-PD-1024;details;Вышивка;вышивка;
KD-PD-1024__v002;KD-PD-1024;color;Ночной синий;ночной синий;
KD-PD-1024__v003;KD-PD-1024;category;Постельное белье;постельное белье;
KD-PD-1024__v003;KD-PD-1024;subcategory;Постельное белье;постельное белье;
KD-PD-1024__v003;KD-PD-1024;collection;Лунная сказка;лунная сказка;
KD-PD-1024__v003;KD-PD-1024;capsule;Лунная сказка;лунная сказка;
KD-PD-1024__v003;KD-PD-1024;material;Шелк;шелк;
KD-PD-1024__v003;KD-PD-1024;size;Кинг сайз 220×240 см;кинг сайз 220×240 см;
KD-PD-1024__v003;KD-PD-1024;price;20990;20990;20990
KD-PD-1024__v003;KD-PD-1024;height;220 см;220 см;
KD-PD-1024__v003;KD-PD-1024;width;240 см;240 см;
KD-PD-1024__v003;KD-PD-1024;composition;100% Сатин;100% сатин;
KD-PD-1024__v003;KD-PD-1024;details;Вышивка;вышивка;
KD-PD-1024__v003;KD-PD-1024;color;Ночной синий;ночной синий;
KD-PD-1025__v001;KD-PD-1025;category;Посуда и сервировка;посуда и сервировка;
KD-PD-1025__v001;KD-PD-1025;subcategory;Тарелки;тарелки;
KD-PD-1025__v001;KD-PD-1025;collection;Лунная сказка;лунная сказка;
KD-PD-1025__v001;KD-PD-1025;capsule;Лунная сказка;лунная сказка;
KD-PD-1025__v001;KD-PD-1025;material;Фарфор;фарфор;
KD-PD-1025__v001;KD-PD-1025;size;23 см;23 см;
KD-PD-1025__v001;KD-PD-1025;price;5990;5990;5990
KD-PD-1025__v001;KD-PD-1025;diameter;23 см;23 см;
KD-PD-1025__v001;KD-PD-1025;composition;100% костяной фарфор;100% костяной фарфор;
KD-PD-1025__v001;KD-PD-1025;details;Рисунок;рисунок;
KD-PD-1025__v001;KD-PD-1025;color;Ночной синий;ночной синий;
KD-PD-1028__v001;KD-PD-1028;category;Постельное белье;постельное белье;
KD-PD-1028__v001;KD-PD-1028;subcategory;Постельное белье;постельное белье;
KD-PD-1028__v001;KD-PD-1028;material;Шелк;шелк;
KD-PD-1028__v001;KD-PD-1028;size;Полуторный 140×220 см;полуторный 140×220 см;
KD-PD-1028__v001;KD-PD-1028;price;4990;4990;4990
KD-PD-1028__v001;KD-PD-1028;height;140 см;140 см;
KD-PD-1028__v001;KD-PD-1028;width;220 см;220 см;
KD-PD-1028__v001;KD-PD-1028;composition;100% Сатин;100% сатин;
KD-PD-1028__v001;KD-PD-1028;color;Белый;белый;
KD-PD-1028__v002;KD-PD-1028;category;Постельное белье;постельное белье;
KD-PD-1028__v002;KD-PD-1028;subcategory;Постельное белье;постельное белье;
KD-PD-1028__v002;KD-PD-1028;material;Шелк;шелк;
KD-PD-1028__v002;KD-PD-1028;size;Евро 200×220 см;евро 200×220 см;
KD-PD-1028__v002;KD-PD-1028;price;5990;5990;5990
KD-PD-1028__v002;KD-PD-1028;height;200 см;200 см;
KD-PD-1028__v002;KD-PD-1028;width;220 см;220 см;
KD-PD-1028__v002;KD-PD-1028;composition;100% Сатин;100% сатин;
KD-PD-1028__v002;KD-PD-1028;color;Белый;белый;
KD-PD-1028__v003;KD-PD-1028;category;Постельное белье;постельное белье;
KD-PD-1028__v003;KD-PD-1028;subcategory;Постельное белье;постельное белье;
KD-PD-1028__v003;KD-PD-1028;material;Шелк;шелк;
KD-PD-1028__v003;KD-PD-1028;size;Кинг сайз 220×240 см;кинг сайз 220×240 см;
KD-PD-1028__v003;KD-PD-1028;price;6990;6990;6990
KD-PD-1028__v003;KD-PD-1028;height;220 см;220 см;
KD-PD-1028__v003;KD-PD-1028;width;240 см;240 см;
KD-PD-1028__v003;KD-PD-1028;composition;100% Сатин;100% сатин;
KD-PD-1028__v003;KD-PD-1028;color;Белый;белый;
KD-PD-1028__v004;KD-PD-1028;category;Постельное белье;постельное белье;
KD-PD-1028__v004;KD-PD-1028;subcategory;Постельное белье;постельное белье;
KD-PD-1028__v004;KD-PD-1028;material;Шелк;шелк;
KD-PD-1028__v004;KD-PD-1028;size;Полуторный 140×220 см;полуторный 140×220 см;
KD-PD-1028__v004;KD-PD-1028;price;4990;4990;4990
KD-PD-1028__v004;KD-PD-1028;height;140 см;140 см;
KD-PD-1028__v004;KD-PD-1028;width;220 см;220 см;
KD-PD-1028__v004;KD-PD-1028;composition;100% Сатин;100% сатин;
KD-PD-1028__v004;KD-PD-1028;color;Ночной синий;ночной синий;
KD-PD-1028__v005;KD-PD-1028;category;Постельное белье;постельное белье;
KD-PD-1028__v005;KD-PD-1028;subcategory;Постельное белье;постельное белье;
KD-PD-1028__v005;KD-PD-1028;material;Шелк;шелк;
KD-PD-1028__v005;KD-PD-1028;size;Евро 200×220 см;евро 200×220 см;
KD-PD-1028__v005;KD-PD-1028;price;5990;5990;5990
KD-PD-1028__v005;KD-PD-1028;height;200 см;200 см;
KD-PD-1028__v005;KD-PD-1028;width;220 см;220 см;
KD-PD-1028__v005;KD-PD-1028;composition;100% Сатин;100% сатин;
KD-PD-1028__v005;KD-PD-1028;color;Ночной синий;ночной синий;
KD-PD-1028__v006;KD-PD-1028;category;Постельное белье;постельное белье;
KD-PD-1028__v006;KD-PD-1028;subcategory;Постельное белье;постельное белье;
KD-PD-1028__v006;KD-PD-1028;material;Шелк;шелк;
KD-PD-1028__v006;KD-PD-1028;size;Кинг сайз 220×240 см;кинг сайз 220×240 см;
KD-PD-1028__v006;KD-PD-1028;price;6990;6990;6990
KD-PD-1028__v006;KD-PD-1028;height;220 см;220 см;
KD-PD-1028__v006;KD-PD-1028;width;240 см;240 см;
KD-PD-1028__v006;KD-PD-1028;composition;100% Сатин;100% сатин;
KD-PD-1028__v006;KD-PD-1028;color;Ночной синий;ночной синий;
KD-PD-1028__v007;KD-PD-1028;category;Постельное белье;постельное белье;
KD-PD-1028__v007;KD-PD-1028;subcategory;Постельное белье;постельное белье;
KD-PD-1028__v007;KD-PD-1028;material;Шелк;шелк;
KD-PD-1028__v007;KD-PD-1028;size;Полуторный 140×220 см;полуторный 140×220 см;
KD-PD-1028__v007;KD-PD-1028;price;4990;4990;4990
KD-PD-1028__v007;KD-PD-1028;height;140 см;140 см;
KD-PD-1028__v007;KD-PD-1028;width;220 см;220 см;
KD-PD-1028__v007;KD-PD-1028;composition;100% Сатин;100% сатин;
KD-PD-1028__v007;KD-PD-1028;color;Пудровый;пудровый;
KD-PD-1028__v008;KD-PD-1028;category;Постельное белье;постельное белье;
KD-PD-1028__v008;KD-PD-1028;subcategory;Постельное белье;постельное белье;
KD-PD-1028__v008;KD-PD-1028;material;Шелк;шелк;
KD-PD-1028__v008;KD-PD-1028;size;Евро 200×220 см;евро 200×220 см;
KD-PD-1028__v008;KD-PD-1028;price;5990;5990;5990
KD-PD-1028__v008;KD-PD-1028;height;200 см;200 см;
KD-PD-1028__v008;KD-PD-1028;width;220 см;220 см;
KD-PD-1028__v008;KD-PD-1028;composition;100% Сатин;100% сатин;
KD-PD-1028__v008;KD-PD-1028;color;Пудровый;пудровый;
KD-PD-1028__v009;KD-PD-1028;category;Постельное белье;постельное белье;
KD-PD-1028__v009;KD-PD-1028;subcategory;Постельное белье;постельное белье;
KD-PD-1028__v009;KD-PD-1028;material;Шелк;шелк;
KD-PD-1028__v009;KD-PD-1028;size;Кинг сайз 220×240 см;кинг сайз 220×240 см;
KD-PD-1028__v009;KD-PD-1028;price;6990;6990;6990
KD-PD-1028__v009;KD-PD-1028;height;220 см;220 см;
KD-PD-1028__v009;KD-PD-1028;width;240 см;240 см;
KD-PD-1028__v009;KD-PD-1028;composition;100% Сатин;100% сатин;
KD-PD-1028__v009;KD-PD-1028;color;Пудровый;пудровый;
KD-PD-1128__v001;KD-PD-1128;category;Постельное белье;постельное белье;
KD-PD-1128__v001;KD-PD-1128;subcategory;Постельное белье;постельное белье;
KD-PD-1128__v001;KD-PD-1128;material;Шелк;шелк;
KD-PD-1128__v001;KD-PD-1128;size;60×60 см;60×60 см;
KD-PD-1128__v001;KD-PD-1128;price;4990;4990;4990
KD-PD-1128__v001;KD-PD-1128;height;60 см;60 см;
KD-PD-1128__v001;KD-PD-1128;width;60 см;60 см;
KD-PD-1128__v001;KD-PD-1128;composition;100% Сатин;100% сатин;
KD-PD-1128__v001;KD-PD-1128;color;Белый;белый;
KD-PD-1128__v002;KD-PD-1128;category;Постельное белье;постельное белье;
KD-PD-1128__v002;KD-PD-1128;subcategory;Постельное белье;постельное белье;
KD-PD-1128__v002;KD-PD-1128;material;Шелк;шелк;
KD-PD-1128__v002;KD-PD-1128;size;60×60 см;60×60 см;
KD-PD-1128__v002;KD-PD-1128;price;4990;4990;4990
KD-PD-1128__v002;KD-PD-1128;height;60 см;60 см;
KD-PD-1128__v002;KD-PD-1128;width;60 см;60 см;
KD-PD-1128__v002;KD-PD-1128;composition;100% Сатин;100% сатин;
KD-PD-1128__v002;KD-PD-1128;color;Ночной синий;ночной синий;
KD-PD-1128__v003;KD-PD-1128;category;Постельное белье;постельное белье;
KD-PD-1128__v003;KD-PD-1128;subcategory;Постельное белье;постельное белье;
KD-PD-1128__v003;KD-PD-1128;material;Шелк;шелк;
KD-PD-1128__v003;KD-PD-1128;size;60×60 см;60×60 см;
KD-PD-1128__v003;KD-PD-1128;price;4990;4990;4990
KD-PD-1128__v003;KD-PD-1128;height;60 см;60 см;
KD-PD-1128__v003;KD-PD-1128;width;60 см;60 см;
KD-PD-1128__v003;KD-PD-1128;composition;100% Сатин;100% сатин;
KD-PD-1128__v003;KD-PD-1128;color;Пудровый;пудровый;
KD-PD-2519__v001;KD-PD-2519;category;Декор для дома;декор для дома;
KD-PD-2519__v001;KD-PD-2519;subcategory;Свечи и диффузоры;свечи и диффузоры;
KD-PD-2519__v001;KD-PD-2519;collection;Феникс;феникс;
KD-PD-2519__v001;KD-PD-2519;capsule;Феникс;феникс;
KD-PD-2519__v001;KD-PD-2519;size;10 см;10 см;
KD-PD-2519__v001;KD-PD-2519;aroma;Дерево жизни;дерево жизни;
KD-PD-2519__v001;KD-PD-2519;price;4990;4990;4990
KD-PD-2519__v001;KD-PD-2519;height;10 см;10 см;
KD-PD-2519__v001;KD-PD-2519;composition;Воск;воск;
KD-PD-2519__v001;KD-PD-2519;color;Белый;белый;
KD-PD-2519__v001;KD-PD-2519;color;Золотой;золотой;
KD-PD-2519__v002;KD-PD-2519;category;Декор для дома;декор для дома;
KD-PD-2519__v002;KD-PD-2519;subcategory;Свечи и диффузоры;свечи и диффузоры;
KD-PD-2519__v002;KD-PD-2519;collection;Феникс;феникс;
KD-PD-2519__v002;KD-PD-2519;capsule;Феникс;феникс;
KD-PD-2519__v002;KD-PD-2519;size;10 см;10 см;
KD-PD-2519__v002;KD-PD-2519;aroma;Сандал и шалфей;сандал и шалфей;
KD-PD-2519__v002;KD-PD-2519;price;4990;4990;4990
KD-PD-2519__v002;KD-PD-2519;height;10 см;10 см;
KD-PD-2519__v002;KD-PD-2519;composition;Воск;воск;
KD-PD-2519__v002;KD-PD-2519;color;Белый;белый;
KD-PD-2519__v002;KD-PD-2519;color;Золотой;золотой;
KD-PD-11417__v001;KD-PD-11417;category;Посуда и сервировка;посуда и сервировка;
KD-PD-11417__v001;KD-PD-11417;subcategory;Тарелки;тарелки;
KD-PD-11417__v001;KD-PD-11417;collection;Овация;овация;
KD-PD-11417__v001;KD-PD-11417;material;Фарфор;фарфор;
KD-PD-11417__v001;KD-PD-11417;size;30 см;30 см;
KD-PD-11417__v001;KD-PD-11417;price;1794;1794;1794
KD-PD-11417__v001;KD-PD-11417;old_price;2990;2990;2990
KD-PD-11417__v001;KD-PD-11417;diameter;30 см;30 см;
KD-PD-11417__v001;KD-PD-11417;composition;100% костяной фарфор;100% костяной фарфор;
KD-PD-11417__v001;KD-PD-11417;color;Белый;белый;
KD-PD-11415__v001;KD-PD-11415;category;Посуда и сервировка;посуда и сервировка;
KD-PD-11415__v001;KD-PD-11415;subcategory;Тарелки;тарелки;
KD-PD-11415__v001;KD-PD-11415;collection;Овация;овация;
KD-PD-11415__v001;KD-PD-11415;material;Фарфор;фарфор;
KD-PD-11415__v001;KD-PD-11415;size;19 см;19 см;
KD-PD-11415__v001;KD-PD-11415;price;894;894;894
KD-PD-11415__v001;KD-PD-11415;old_price;1490;1490;1490
KD-PD-11415__v001;KD-PD-11415;diameter;19 см;19 см;
KD-PD-11415__v001;KD-PD-11415;composition;100% костяной фарфор;100% костяной фарфор;
KD-PD-11415__v001;KD-PD-11415;color;Белый;белый;
KD-PD-11416__v001;KD-PD-11416;category;Посуда и сервировка;посуда и сервировка;
KD-PD-11416__v001;KD-PD-11416;subcategory;Тарелки;тарелки;
KD-PD-11416__v001;KD-PD-11416;collection;Овация;овация;
KD-PD-11416__v001;KD-PD-11416;material;Фарфор;фарфор;
KD-PD-11416__v001;KD-PD-11416;size;25 см;25 см;
KD-PD-11416__v001;KD-PD-11416;price;1314;1314;1314
KD-PD-11416__v001;KD-PD-11416;old_price;2190;2190;2190
KD-PD-11416__v001;KD-PD-11416;diameter;25 см;25 см;
KD-PD-11416__v001;KD-PD-11416;composition;100% костяной фарфор;100% костяной фарфор;
KD-PD-11416__v001;KD-PD-11416;color;Белый;белый;
KD-PD-11514__v001;KD-PD-11514;category;Посуда и сервировка;посуда и сервировка;
KD-PD-11514__v001;KD-PD-11514;subcategory;Кружки, чайные и кофейные пары;кружки, чайные и кофейные пары;
KD-PD-11514__v001;KD-PD-11514;collection;Овация;овация;
KD-PD-11514__v001;KD-PD-11514;material;Фарфор;фарфор;
KD-PD-11514__v001;KD-PD-11514;size;350 мл;350 мл;
KD-PD-11514__v001;KD-PD-11514;price;1194;1194;1194
KD-PD-11514__v001;KD-PD-11514;old_price;1990;1990;1990
KD-PD-11514__v001;KD-PD-11514;volume;350 мл;350 мл;
KD-PD-11514__v001;KD-PD-11514;diameter;18 см;18 см;
KD-PD-11514__v001;KD-PD-11514;composition;100% костяной фарфор;100% костяной фарфор;
KD-PD-11514__v001;KD-PD-11514;color;Белый;белый;
KD-PD-11428__v001;KD-PD-11428;category;Посуда и сервировка;посуда и сервировка;
KD-PD-11428__v001;KD-PD-11428;subcategory;Чайники, молочники и сахарницы;чайники, молочники и са×арницы;
KD-PD-11428__v001;KD-PD-11428;collection;Овация;овация;
KD-PD-11428__v001;KD-PD-11428;material;Фарфор;фарфор;
KD-PD-11428__v001;KD-PD-11428;size;990 мл;990 мл;
KD-PD-11428__v001;KD-PD-11428;price;2394;2394;2394
KD-PD-11428__v001;KD-PD-11428;old_price;3990;3990;3990
KD-PD-11428__v001;KD-PD-11428;volume;990 мл;990 мл;
KD-PD-11428__v001;KD-PD-11428;composition;100% костяной фарфор;100% костяной фарфор;
KD-PD-11428__v001;KD-PD-11428;color;Белый;белый;
KD-PD-11430__v001;KD-PD-11430;category;Посуда и сервировка;посуда и сервировка;
KD-PD-11430__v001;KD-PD-11430;subcategory;Чайники, молочники и сахарницы;чайники, молочники и са×арницы;
KD-PD-11430__v001;KD-PD-11430;collection;Овация;овация;
KD-PD-11430__v001;KD-PD-11430;material;Фарфор;фарфор;
KD-PD-11430__v001;KD-PD-11430;size;240 мл;240 мл;
KD-PD-11430__v001;KD-PD-11430;price;954;954;954
KD-PD-11430__v001;KD-PD-11430;old_price;1590;1590;1590
KD-PD-11430__v001;KD-PD-11430;volume;240 мл;240 мл;
KD-PD-11430__v001;KD-PD-11430;composition;100% костяной фарфор;100% костяной фарфор;
KD-PD-11430__v001;KD-PD-11430;color;Белый;белый;
KD-PD-11420__v001;KD-PD-11420;category;Посуда и сервировка;посуда и сервировка;
KD-PD-11420__v001;KD-PD-11420;subcategory;Салатники, cупницы и глубокие тарелки;салатники, cупницы и глубокие тарелки;
KD-PD-11420__v001;KD-PD-11420;collection;Овация;овация;
KD-PD-11420__v001;KD-PD-11420;material;Фарфор;фарфор;
KD-PD-11420__v001;KD-PD-11420;size;16 см;16 см;
KD-PD-11420__v001;KD-PD-11420;price;1794;1794;1794
KD-PD-11420__v001;KD-PD-11420;old_price;2990;2990;2990
KD-PD-11420__v001;KD-PD-11420;diameter;16 см;16 см;
KD-PD-11420__v001;KD-PD-11420;composition;100% костяной фарфор;100% костяной фарфор;
KD-PD-11420__v001;KD-PD-11420;color;Белый;белый;
KD-PD-11438__v001;KD-PD-11438;category;Посуда и сервировка;посуда и сервировка;
KD-PD-11438__v001;KD-PD-11438;subcategory;Чайники, молочники и сахарницы;чайники, молочники и са×арницы;
KD-PD-11438__v001;KD-PD-11438;collection;Эхо;э×о;
KD-PD-11438__v001;KD-PD-11438;material;Фарфор;фарфор;
KD-PD-11438__v001;KD-PD-11438;size;990 мл;990 мл;
KD-PD-11438__v001;KD-PD-11438;price;5593;5593;5593
KD-PD-11438__v001;KD-PD-11438;old_price;7990;7990;7990
KD-PD-11438__v001;KD-PD-11438;volume;990 мл;990 мл;
KD-PD-11438__v001;KD-PD-11438;composition;100% костяной фарфор;100% костяной фарфор;
KD-PD-11438__v001;KD-PD-11438;color;Белый;белый;
KD-PD-11438__v002;KD-PD-11438;category;Посуда и сервировка;посуда и сервировка;
KD-PD-11438__v002;KD-PD-11438;subcategory;Чайники, молочники и сахарницы;чайники, молочники и са×арницы;
KD-PD-11438__v002;KD-PD-11438;collection;Эхо;э×о;
KD-PD-11438__v002;KD-PD-11438;material;Костяной фарфор;костяной фарфор;
KD-PD-11438__v002;KD-PD-11438;size;1800 мл;1800 мл;
KD-PD-11438__v002;KD-PD-11438;price;6593;6593;6593
KD-PD-11438__v002;KD-PD-11438;old_price;9990;9990;9990
KD-PD-11438__v002;KD-PD-11438;volume;1800 мл;1800 мл;
KD-PD-11438__v002;KD-PD-11438;composition;100% костяной фарфор;100% костяной фарфор;
KD-PD-11438__v002;KD-PD-11438;color;Белый;белый;
KD-PD-11438A__v001;KD-PD-11438A;category;Посуда и сервировка;посуда и сервировка;
KD-PD-11438A__v001;KD-PD-11438A;subcategory;Кружки, чайные и кофейные пары;кружки, чайные и кофейные пары;
KD-PD-11438A__v001;KD-PD-11438A;collection;Эхо;э×о;
KD-PD-11438A__v001;KD-PD-11438A;material;Костяной фарфор;костяной фарфор;
KD-PD-11438A__v001;KD-PD-11438A;size;250 мл;250 мл;
KD-PD-11438A__v001;KD-PD-11438A;price;2233;2233;2233
KD-PD-11438A__v001;KD-PD-11438A;old_price;3190;3190;3190
KD-PD-11438A__v001;KD-PD-11438A;volume;250 мл;250 мл;
KD-PD-11438A__v001;KD-PD-11438A;diameter;18 см;18 см;
KD-PD-11438A__v001;KD-PD-11438A;composition;100% костяной фарфор;100% костяной фарфор;
KD-PD-11438A__v001;KD-PD-11438A;color;Белый;белый;
KD-PD-114381__v001;KD-PD-114381;category;Посуда и сервировка;посуда и сервировка;
KD-PD-114381__v001;KD-PD-114381;subcategory;Салатники, cупницы и глубокие тарелки;салатники, cупницы и глубокие тарелки;
KD-PD-114381__v001;KD-PD-114381;collection;Эхо;э×о;
KD-PD-114381__v001;KD-PD-114381;material;Костяной фарфор;костяной фарфор;
KD-PD-114381__v001;KD-PD-114381;size;350 мл;350 мл;
KD-PD-114381__v001;KD-PD-114381;price;3353;3353;3353
KD-PD-114381__v001;KD-PD-114381;old_price;4790;4790;4790
KD-PD-114381__v001;KD-PD-114381;volume;350 мл;350 мл;
KD-PD-114381__v001;KD-PD-114381;composition;100% костяной фарфор;100% костяной фарфор;
KD-PD-114381__v001;KD-PD-114381;color;Белый;белый;
KD-PD-114382__v001;KD-PD-114382;category;Посуда и сервировка;посуда и сервировка;
KD-PD-114382__v001;KD-PD-114382;subcategory;Тарелки;тарелки;
KD-PD-114382__v001;KD-PD-114382;collection;Эхо;э×о;
KD-PD-114382__v001;KD-PD-114382;material;Костяной фарфор;костяной фарфор;
KD-PD-114382__v001;KD-PD-114382;size;20 см;20 см;
KD-PD-114382__v001;KD-PD-114382;price;2233;2233;2233
KD-PD-114382__v001;KD-PD-114382;old_price;3190;3190;3190
KD-PD-114382__v001;KD-PD-114382;diameter;20 см;20 см;
KD-PD-114382__v001;KD-PD-114382;composition;100% костяной фарфор;100% костяной фарфор;
KD-PD-114382__v001;KD-PD-114382;color;Белый;белый;
KD-PD-114383__v001;KD-PD-114383;category;Посуда и сервировка;посуда и сервировка;
KD-PD-114383__v001;KD-PD-114383;subcategory;Тарелки;тарелки;
KD-PD-114383__v001;KD-PD-114383;collection;Эхо;э×о;
KD-PD-114383__v001;KD-PD-114383;material;Костяной фарфор;костяной фарфор;
KD-PD-114383__v001;KD-PD-114383;size;25 см;25 см;
KD-PD-114383__v001;KD-PD-114383;price;2793;2793;2793
KD-PD-114383__v001;KD-PD-114383;old_price;3990;3990;3990
KD-PD-114383__v001;KD-PD-114383;diameter;30 см;30 см;
KD-PD-114383__v001;KD-PD-114383;composition;100% костяной фарфор;100% костяной фарфор;
KD-PD-114383__v001;KD-PD-114383;color;Белый;белый;
KD-PD-114384__v001;KD-PD-114384;category;Посуда и сервировка;посуда и сервировка;
KD-PD-114384__v001;KD-PD-114384;subcategory;Тарелки;тарелки;
KD-PD-114384__v001;KD-PD-114384;collection;Эхо;э×о;
KD-PD-114384__v001;KD-PD-114384;material;Костяной фарфор;костяной фарфор;
KD-PD-114384__v001;KD-PD-114384;size;18 см;18 см;
KD-PD-114384__v001;KD-PD-114384;price;1673;1673;1673
KD-PD-114384__v001;KD-PD-114384;old_price;2390;2390;2390
KD-PD-114384__v001;KD-PD-114384;diameter;18 см;18 см;
KD-PD-114384__v001;KD-PD-114384;composition;100% костяной фарфор;100% костяной фарфор;
KD-PD-114384__v001;KD-PD-114384;color;Белый;белый;
KD-PD-114385__v001;KD-PD-114385;category;Посуда и сервировка;посуда и сервировка;
KD-PD-114385__v001;KD-PD-114385;subcategory;Салатники, cупницы и глубокие тарелки;салатники, cупницы и глубокие тарелки;
KD-PD-114385__v001;KD-PD-114385;collection;Эхо;э×о;
KD-PD-114385__v001;KD-PD-114385;material;Фарфор;фарфор;
KD-PD-114385__v001;KD-PD-114385;size;650 мл;650 мл;
KD-PD-114385__v001;KD-PD-114385;price;7273;7273;7273
KD-PD-114385__v001;KD-PD-114385;old_price;10390;10390;10390
KD-PD-114385__v001;KD-PD-114385;volume;650 мл;650 мл;
KD-PD-114385__v001;KD-PD-114385;composition;100% костяной фарфор;100% костяной фарфор;
KD-PD-114385__v001;KD-PD-114385;color;Белый;белый;
KD-PD-10288__v001;KD-PD-10288;category;Декор для дома;декор для дома;
KD-PD-10288__v001;KD-PD-10288;subcategory;Вазы и предметы интерьера;вазы и предметы интерьера;
KD-PD-10288__v001;KD-PD-10288;material;Фарфор;фарфор;
KD-PD-10288__v001;KD-PD-10288;size;15 см;15 см;
KD-PD-10288__v001;KD-PD-10288;price;14900;14900;14900
KD-PD-10288__v001;KD-PD-10288;composition;100% фарфор;100% фарфор;
KD-PD-10288__v001;KD-PD-10288;color;Белый;белый;
KD-PD-10288__v002;KD-PD-10288;category;Декор для дома;декор для дома;
KD-PD-10288__v002;KD-PD-10288;subcategory;Вазы и предметы интерьера;вазы и предметы интерьера;
KD-PD-10288__v002;KD-PD-10288;material;Фарфор;фарфор;
KD-PD-10288__v002;KD-PD-10288;size;18 см;18 см;
KD-PD-10288__v002;KD-PD-10288;price;16900;16900;16900
KD-PD-10288__v002;KD-PD-10288;composition;100% фарфор;100% фарфор;
KD-PD-10288__v002;KD-PD-10288;color;Белый;белый;
KD-PD-11020__v001;KD-PD-11020;category;Декор для дома;декор для дома;
KD-PD-11020__v001;KD-PD-11020;subcategory;Вазы и предметы интерьера;вазы и предметы интерьера;
KD-PD-11020__v001;KD-PD-11020;material;Стекло;стекло;
KD-PD-11020__v001;KD-PD-11020;size;36 см;36 см;
KD-PD-11020__v001;KD-PD-11020;price;24900;24900;24900
KD-PD-11020__v001;KD-PD-11020;composition;100% стекло;100% стекло;
KD-PD-11020__v001;KD-PD-11020;color;Желтый;желтый;
KD-PD-11020__v002;KD-PD-11020;category;Декор для дома;декор для дома;
KD-PD-11020__v002;KD-PD-11020;subcategory;Вазы и предметы интерьера;вазы и предметы интерьера;
KD-PD-11020__v002;KD-PD-11020;material;Стекло;стекло;
KD-PD-11020__v002;KD-PD-11020;size;36 см;36 см;
KD-PD-11020__v002;KD-PD-11020;price;24900;24900;24900
KD-PD-11020__v002;KD-PD-11020;composition;100% стекло;100% стекло;
KD-PD-11020__v002;KD-PD-11020;color;Синий;синий;
KD-PD-10414__v001;KD-PD-10414;category;Столовый текстиль;столовый текстиль;
KD-PD-10414__v001;KD-PD-10414;subcategory;Столовый текстиль;столовый текстиль;
KD-PD-10414__v001;KD-PD-10414;collection;Мокоши;мокоши;
KD-PD-10414__v001;KD-PD-10414;material;Лён;лен;
KD-PD-10414__v001;KD-PD-10414;size;50×180 см;50×180 см;
KD-PD-10414__v001;KD-PD-10414;price;14900;14900;14900
KD-PD-10414__v001;KD-PD-10414;height;50 см;50 см;
KD-PD-10414__v001;KD-PD-10414;width;180 см;180 см;
KD-PD-10414__v001;KD-PD-10414;composition;100% лен;100% лен;
KD-PD-10414__v001;KD-PD-10414;details;Вышивка\nКисточки;вышивка\nкисточки;
KD-PD-10414__v001;KD-PD-10414;color;Белый;белый;
KD-PD-10932__v001;KD-PD-10932;category;Посуда и сервировка;посуда и сервировка;
KD-PD-10932__v001;KD-PD-10932;subcategory;Кружки, чайные и кофейные пары;кружки, чайные и кофейные пары;
KD-PD-10932__v001;KD-PD-10932;collection;Мокоши;мокоши;
KD-PD-10932__v001;KD-PD-10932;material;Фарфор;фарфор;
KD-PD-10932__v001;KD-PD-10932;size;75 мл;75 мл;
KD-PD-10932__v001;KD-PD-10932;price;2990;2990;2990
KD-PD-10932__v001;KD-PD-10932;volume;75 мл;75 мл;
KD-PD-10932__v001;KD-PD-10932;composition;100% фарфор;100% фарфор;
KD-PD-10932__v001;KD-PD-10932;color;Белый;белый;
KD-PD-10587__v001;KD-PD-10587;category;Столовый текстиль;столовый текстиль;
KD-PD-10587__v001;KD-PD-10587;subcategory;Столовый текстиль;столовый текстиль;
KD-PD-10587__v001;KD-PD-10587;collection;Мокоши;мокоши;
KD-PD-10587__v001;KD-PD-10587;material;Хлопок;×лопок;
KD-PD-10587__v001;KD-PD-10587;size;40×50 см;40×50 см;
KD-PD-10587__v001;KD-PD-10587;price;1590;1590;1590
KD-PD-10587__v001;KD-PD-10587;height;40 см;40 см;
KD-PD-10587__v001;KD-PD-10587;width;50 см;50 см;
KD-PD-10587__v001;KD-PD-10587;composition;100% Хлопок;100%×лопок;
KD-PD-10587__v001;KD-PD-10587;details;Вышивка;вышивка;
KD-PD-10587__v001;KD-PD-10587;color;Белый;белый;
KD-PD-10567__v001;KD-PD-10567;category;Столовый текстиль;столовый текстиль;
KD-PD-10567__v001;KD-PD-10567;subcategory;Столовый текстиль;столовый текстиль;
KD-PD-10567__v001;KD-PD-10567;collection;Мокоши;мокоши;
KD-PD-10567__v001;KD-PD-10567;material;Хлопок;×лопок;
KD-PD-10567__v001;KD-PD-10567;size;45×45 см;45×45 см;
KD-PD-10567__v001;KD-PD-10567;price;1990;1990;1990
KD-PD-10567__v001;KD-PD-10567;height;45 см;45 см;
KD-PD-10567__v001;KD-PD-10567;width;45 см;45 см;
KD-PD-10567__v001;KD-PD-10567;composition;100% Хлопок;100%×лопок;
KD-PD-10567__v001;KD-PD-10567;details;Вышивка;вышивка;
KD-PD-10567__v001;KD-PD-10567;color;Белый;белый;
KD-PD-10450__v001;KD-PD-10450;category;Столовый текстиль;столовый текстиль;
KD-PD-10450__v001;KD-PD-10450;subcategory;Столовый текстиль;столовый текстиль;
KD-PD-10450__v001;KD-PD-10450;collection;Мокоши;мокоши;
KD-PD-10450__v001;KD-PD-10450;material;Хлопок;×лопок;
KD-PD-10450__v001;KD-PD-10450;size;180×180 см;180×180 см;
KD-PD-10450__v001;KD-PD-10450;price;19900;19900;19900
KD-PD-10450__v001;KD-PD-10450;height;180 см;180 см;
KD-PD-10450__v001;KD-PD-10450;width;180 см;180 см;
KD-PD-10450__v001;KD-PD-10450;composition;100% Хлопок;100%×лопок;
KD-PD-10450__v001;KD-PD-10450;details;Вышивка;вышивка;
KD-PD-10450__v001;KD-PD-10450;color;Белый;белый;
KD-PD-10450__v002;KD-PD-10450;category;Столовый текстиль;столовый текстиль;
KD-PD-10450__v002;KD-PD-10450;subcategory;Столовый текстиль;столовый текстиль;
KD-PD-10450__v002;KD-PD-10450;collection;Мокоши;мокоши;
KD-PD-10450__v002;KD-PD-10450;material;Хлопок;×лопок;
KD-PD-10450__v002;KD-PD-10450;size;180×250 см;180×250 см;
KD-PD-10450__v002;KD-PD-10450;price;20900;20900;20900
KD-PD-10450__v002;KD-PD-10450;height;180 см;180 см;
KD-PD-10450__v002;KD-PD-10450;width;250 см;250 см;
KD-PD-10450__v002;KD-PD-10450;composition;100% Хлопок;100%×лопок;
KD-PD-10450__v002;KD-PD-10450;details;Вышивка;вышивка;
KD-PD-10450__v002;KD-PD-10450;color;Белый;белый;
KD-PD-10400__v001;KD-PD-10400;category;Посуда и сервировка;посуда и сервировка;
KD-PD-10400__v001;KD-PD-10400;subcategory;Тарелки;тарелки;
KD-PD-10400__v001;KD-PD-10400;collection;Мокоши;мокоши;
KD-PD-10400__v001;KD-PD-10400;material;Фарфор;фарфор;
KD-PD-10400__v001;KD-PD-10400;size;19 см;19 см;
KD-PD-10400__v001;KD-PD-10400;price;2990;2990;2990
KD-PD-10400__v001;KD-PD-10400;diameter;19 см;19 см;
KD-PD-10400__v001;KD-PD-10400;composition;100% фарфор;100% фарфор;
KD-PD-10400__v001;KD-PD-10400;color;Красный;красный;
KD-PD-10930__v001;KD-PD-10930;category;Посуда и сервировка;посуда и сервировка;
KD-PD-10930__v001;KD-PD-10930;subcategory;Кружки, чайные и кофейные пары;кружки, чайные и кофейные пары;
KD-PD-10930__v001;KD-PD-10930;collection;Мокоши;мокоши;
KD-PD-10930__v001;KD-PD-10930;material;Фарфор;фарфор;
KD-PD-10930__v001;KD-PD-10930;size;250 мл;250 мл;
KD-PD-10930__v001;KD-PD-10930;price;4590;4590;4590
KD-PD-10930__v001;KD-PD-10930;volume;250 мл;250 мл;
KD-PD-10930__v001;KD-PD-10930;diameter;19 см;19 см;
KD-PD-10930__v001;KD-PD-10930;composition;100% фарфор;100% фарфор;
KD-PD-10930__v001;KD-PD-10930;color;Красный;красный;
KD-PD-8985__v001;KD-PD-8985;category;Столовый текстиль;столовый текстиль;
KD-PD-8985__v001;KD-PD-8985;subcategory;Столовый текстиль;столовый текстиль;
KD-PD-8985__v001;KD-PD-8985;collection;Весна;весна;
KD-PD-8985__v001;KD-PD-8985;material;Хлопок;×лопок;
KD-PD-8985__v001;KD-PD-8985;size;180×250 см;180×250 см;
KD-PD-8985__v001;KD-PD-8985;price;9900;9900;9900
KD-PD-8985__v001;KD-PD-8985;height;180 см;180 см;
KD-PD-8985__v001;KD-PD-8985;width;250 см;250 см;
KD-PD-8985__v001;KD-PD-8985;composition;100% Хлопок;100%×лопок;
KD-PD-8985__v001;KD-PD-8985;color;Белый;белый;
KD-PD-8985__v002;KD-PD-8985;category;Столовый текстиль;столовый текстиль;
KD-PD-8985__v002;KD-PD-8985;subcategory;Столовый текстиль;столовый текстиль;
KD-PD-8985__v002;KD-PD-8985;collection;Весна;весна;
KD-PD-8985__v002;KD-PD-8985;material;Хлопок;×лопок;
KD-PD-8985__v002;KD-PD-8985;size;180×350 см;180×350 см;
KD-PD-8985__v002;KD-PD-8985;price;9900;9900;9900
KD-PD-8985__v002;KD-PD-8985;height;180 см;180 см;
KD-PD-8985__v002;KD-PD-8985;width;350 см;350 см;
KD-PD-8985__v002;KD-PD-8985;composition;100% Хлопок;100%×лопок;
KD-PD-8985__v002;KD-PD-8985;color;Белый;белый;
KD-PD-8982__v001;KD-PD-8982;category;Столовый текстиль;столовый текстиль;
KD-PD-8982__v001;KD-PD-8982;subcategory;Столовый текстиль;столовый текстиль;
KD-PD-8982__v001;KD-PD-8982;collection;Весна;весна;
KD-PD-8982__v001;KD-PD-8982;material;Хлопок;×лопок;
KD-PD-8982__v001;KD-PD-8982;size;45×45 см;45×45 см;
KD-PD-8982__v001;KD-PD-8982;price;990;990;990
KD-PD-8982__v001;KD-PD-8982;height;45 см;45 см;
KD-PD-8982__v001;KD-PD-8982;width;65 см;65 см;
KD-PD-8982__v001;KD-PD-8982;composition;100% Хлопок;100%×лопок;
KD-PD-8982__v001;KD-PD-8982;color;Белый;белый;
KD-PD-8982__v002;KD-PD-8982;category;Столовый текстиль;столовый текстиль;
KD-PD-8982__v002;KD-PD-8982;subcategory;Столовый текстиль;столовый текстиль;
KD-PD-8982__v002;KD-PD-8982;collection;Весна;весна;
KD-PD-8982__v002;KD-PD-8982;material;Хлопок;×лопок;
KD-PD-8982__v002;KD-PD-8982;size;45×65 см;45×65 см;
KD-PD-8982__v002;KD-PD-8982;price;990;990;990
KD-PD-8982__v002;KD-PD-8982;height;45 см;45 см;
KD-PD-8982__v002;KD-PD-8982;width;65 см;65 см;
KD-PD-8982__v002;KD-PD-8982;composition;100% Хлопок;100%×лопок;
KD-PD-8982__v002;KD-PD-8982;color;Белый;белый;
KD-PD-8982__v003;KD-PD-8982;category;Столовый текстиль;столовый текстиль;
KD-PD-8982__v003;KD-PD-8982;subcategory;Столовый текстиль;столовый текстиль;
KD-PD-8982__v003;KD-PD-8982;collection;Весна;весна;
KD-PD-8982__v003;KD-PD-8982;material;Хлопок;×лопок;
KD-PD-8982__v003;KD-PD-8982;size;45×45 см;45×45 см;
KD-PD-8982__v003;KD-PD-8982;price;990;990;990
KD-PD-8982__v003;KD-PD-8982;height;45 см;45 см;
KD-PD-8982__v003;KD-PD-8982;width;65 см;65 см;
KD-PD-8982__v003;KD-PD-8982;composition;100% Хлопок;100%×лопок;
KD-PD-8982__v003;KD-PD-8982;color;Зеленый;зеленый;
KD-PD-8982__v004;KD-PD-8982;category;Столовый текстиль;столовый текстиль;
KD-PD-8982__v004;KD-PD-8982;subcategory;Столовый текстиль;столовый текстиль;
KD-PD-8982__v004;KD-PD-8982;collection;Весна;весна;
KD-PD-8982__v004;KD-PD-8982;material;Хлопок;×лопок;
KD-PD-8982__v004;KD-PD-8982;size;45×65 см;45×65 см;
KD-PD-8982__v004;KD-PD-8982;price;990;990;990
KD-PD-8982__v004;KD-PD-8982;height;45 см;45 см;
KD-PD-8982__v004;KD-PD-8982;width;65 см;65 см;
KD-PD-8982__v004;KD-PD-8982;composition;100% Хлопок;100%×лопок;
KD-PD-8982__v004;KD-PD-8982;color;Зеленый;зеленый;
KD-PD-11033__v001;KD-PD-11033;category;Пледы и подушки;пледы и подушки;
KD-PD-11033__v001;KD-PD-11033;subcategory;Декоративные подушки;декоративные подушки;
KD-PD-11033__v001;KD-PD-11033;collection;Мокоши;мокоши;
KD-PD-11033__v001;KD-PD-11033;size;40×40 см;40×40 см;
KD-PD-11033__v001;KD-PD-11033;price;5990;5990;5990
KD-PD-11033__v001;KD-PD-11033;height;40 см;40 см;
KD-PD-11033__v001;KD-PD-11033;width;40 см;40 см;
KD-PD-11033__v001;KD-PD-11033;color;Бежевый;бежевый;
KD-PD-11034__v001;KD-PD-11034;category;Пледы и подушки;пледы и подушки;
KD-PD-11034__v001;KD-PD-11034;subcategory;Декоративные подушки;декоративные подушки;
KD-PD-11034__v001;KD-PD-11034;collection;Мокоши;мокоши;
KD-PD-11034__v001;KD-PD-11034;size;40×40 см;40×40 см;
KD-PD-11034__v001;KD-PD-11034;price;5990;5990;5990
KD-PD-11034__v001;KD-PD-11034;height;40 см;40 см;
KD-PD-11034__v001;KD-PD-11034;width;40 см;40 см;
KD-PD-11034__v001;KD-PD-11034;color;Бежевый;бежевый;
KD-PD-10841__v001;KD-PD-10841;category;Пледы и подушки;пледы и подушки;
KD-PD-10841__v001;KD-PD-10841;subcategory;Плед;плед;
KD-PD-10841__v001;KD-PD-10841;collection;Оренбургские узоры;оренбургские узоры;
KD-PD-10841__v001;KD-PD-10841;size;150×200 см;150×200 см;
KD-PD-10841__v001;KD-PD-10841;price;29900;29900;29900
KD-PD-10841__v001;KD-PD-10841;color;Бежевый;бежевый;
KD-PD-10841__v002;KD-PD-10841;category;Пледы и подушки;пледы и подушки;
KD-PD-10841__v002;KD-PD-10841;subcategory;Плед;плед;
KD-PD-10841__v002;KD-PD-10841;collection;Оренбургские узоры;оренбургские узоры;
KD-PD-10841__v002;KD-PD-10841;size;150×200 см;150×200 см;
KD-PD-10841__v002;KD-PD-10841;price;29900;29900;29900
KD-PD-10841__v002;KD-PD-10841;color;Голубой;голубой;
KD-PD-10841__v003;KD-PD-10841;category;Пледы и подушки;пледы и подушки;
KD-PD-10841__v003;KD-PD-10841;subcategory;Плед;плед;
KD-PD-10841__v003;KD-PD-10841;collection;Оренбургские узоры;оренбургские узоры;
KD-PD-10841__v003;KD-PD-10841;size;150×200 см;150×200 см;
KD-PD-10841__v003;KD-PD-10841;price;29900;29900;29900
KD-PD-10841__v003;KD-PD-10841;color;Экрю;экрю;
KD-PD-10786__v001;KD-PD-10786;category;Пледы и подушки;пледы и подушки;
KD-PD-10786__v001;KD-PD-10786;subcategory;Декоративные подушки;декоративные подушки;
KD-PD-10786__v001;KD-PD-10786;collection;Оренбургские узоры;оренбургские узоры;
KD-PD-10786__v001;KD-PD-10786;size;45×45 см;45×45 см;
KD-PD-10786__v001;KD-PD-10786;price;9900;9900;9900
KD-PD-10786__v001;KD-PD-10786;height;45 см;45 см;
KD-PD-10786__v001;KD-PD-10786;width;45 см;45 см;
KD-PD-10786__v001;KD-PD-10786;color;Бежевый;бежевый;
KD-PD-10786__v002;KD-PD-10786;category;Пледы и подушки;пледы и подушки;
KD-PD-10786__v002;KD-PD-10786;subcategory;Декоративные подушки;декоративные подушки;
KD-PD-10786__v002;KD-PD-10786;collection;Оренбургские узоры;оренбургские узоры;
KD-PD-10786__v002;KD-PD-10786;size;45×45 см;45×45 см;
KD-PD-10786__v002;KD-PD-10786;price;9900;9900;9900
KD-PD-10786__v002;KD-PD-10786;height;45 см;45 см;
KD-PD-10786__v002;KD-PD-10786;width;45 см;45 см;
KD-PD-10786__v002;KD-PD-10786;color;Голубой;голубой;
KD-PD-10786__v003;KD-PD-10786;category;Пледы и подушки;пледы и подушки;
KD-PD-10786__v003;KD-PD-10786;subcategory;Декоративные подушки;декоративные подушки;
KD-PD-10786__v003;KD-PD-10786;collection;Оренбургские узоры;оренбургские узоры;
KD-PD-10786__v003;KD-PD-10786;size;45×45 см;45×45 см;
KD-PD-10786__v003;KD-PD-10786;price;9900;9900;9900
KD-PD-10786__v003;KD-PD-10786;height;45 см;45 см;
KD-PD-10786__v003;KD-PD-10786;width;45 см;45 см;
KD-PD-10786__v003;KD-PD-10786;color;Экрю;экрю;
KD-PD-7947__v001;KD-PD-7947;category;Посуда и сервировка;посуда и сервировка;
KD-PD-7947__v001;KD-PD-7947;subcategory;Блюда и подача;блюда и подача;
KD-PD-7947__v001;KD-PD-7947;collection;Петербург;петербург;
KD-PD-7947__v001;KD-PD-7947;material;Костяной фарфор;костяной фарфор;
KD-PD-7947__v001;KD-PD-7947;size;36,5×25×2 см;36,5×25×2 см;
KD-PD-7947__v001;KD-PD-7947;price;5995;5995;5995
KD-PD-7947__v001;KD-PD-7947;old_price;11990;11990;11990
KD-PD-7947__v001;KD-PD-7947;composition;100% костяной фарфор;100% костяной фарфор;
KD-PD-7947__v001;KD-PD-7947;color;Белый;белый;
KD-PD-8312__v001;KD-PD-8312;category;Столовый текстиль;столовый текстиль;
KD-PD-8312__v001;KD-PD-8312;subcategory;Столовый текстиль;столовый текстиль;
KD-PD-8312__v001;KD-PD-8312;collection;Петербург;петербург;
KD-PD-8312__v001;KD-PD-8312;material;Сатин;сатин;
KD-PD-8312__v001;KD-PD-8312;size;165×45 см;165×45 см;
KD-PD-8312__v001;KD-PD-8312;price;2500;2500;2500
KD-PD-8312__v001;KD-PD-8312;old_price;5000;5000;5000
KD-PD-8312__v001;KD-PD-8312;height;165 см;165 см;
KD-PD-8312__v001;KD-PD-8312;width;45 см;45 см;
KD-PD-8312__v001;KD-PD-8312;composition;100% сатин;100% сатин;
KD-PD-8312__v001;KD-PD-8312;color;Белый;белый;
KD-PD-7941__v001;KD-PD-7941;category;Посуда и сервировка;посуда и сервировка;
KD-PD-7941__v001;KD-PD-7941;subcategory;Кружки, чайные и кофейные пары;кружки, чайные и кофейные пары;
KD-PD-7941__v001;KD-PD-7941;collection;Петербург;петербург;
KD-PD-7941__v001;KD-PD-7941;material;Костяной фарфор;костяной фарфор;
KD-PD-7941__v001;KD-PD-7941;price;4995;4995;4995
KD-PD-7941__v001;KD-PD-7941;old_price;9990;9990;9990
KD-PD-7941__v001;KD-PD-7941;composition;100% костяной фарфор;100% костяной фарфор;
KD-PD-7941__v001;KD-PD-7941;color;Белый;белый;
KD-PD-7942__v001;KD-PD-7942;category;Посуда и сервировка;посуда и сервировка;
KD-PD-7942__v001;KD-PD-7942;subcategory;Салатники, cупницы и глубокие тарелки;салатники, cупницы и глубокие тарелки;
KD-PD-7942__v001;KD-PD-7942;collection;Петербург;петербург;
KD-PD-7942__v001;KD-PD-7942;material;Костяной фарфор;костяной фарфор;
KD-PD-7942__v001;KD-PD-7942;price;2995;2995;2995
KD-PD-7942__v001;KD-PD-7942;old_price;5990;5990;5990
KD-PD-7942__v001;KD-PD-7942;composition;100% костяной фарфор;100% костяной фарфор;
KD-PD-7942__v001;KD-PD-7942;color;Белый;белый;
KD-PD-7942__v002;KD-PD-7942;category;Посуда и сервировка;посуда и сервировка;
KD-PD-7942__v002;KD-PD-7942;subcategory;Салатники, cупницы и глубокие тарелки;салатники, cупницы и глубокие тарелки;
KD-PD-7942__v002;KD-PD-7942;collection;Петербург;петербург;
KD-PD-7942__v002;KD-PD-7942;material;Костяной фарфор;костяной фарфор;
KD-PD-7942__v002;KD-PD-7942;price;5995;5995;5995
KD-PD-7942__v002;KD-PD-7942;old_price;11990;11990;11990
KD-PD-7942__v002;KD-PD-7942;composition;100% костяной фарфор;100% костяной фарфор;
KD-PD-7942__v002;KD-PD-7942;color;Белый;белый;
KD-PD-7242__v001;KD-PD-7242;category;Столовый текстиль;столовый текстиль;
KD-PD-7242__v001;KD-PD-7242;subcategory;Столовый текстиль;столовый текстиль;
KD-PD-7242__v001;KD-PD-7242;collection;Петербург;петербург;
KD-PD-7242__v001;KD-PD-7242;material;Сатин;сатин;
KD-PD-7242__v001;KD-PD-7242;size;45×45 см;45×45 см;
KD-PD-7242__v001;KD-PD-7242;price;650;650;650
KD-PD-7242__v001;KD-PD-7242;old_price;1300;1300;1300
KD-PD-7242__v001;KD-PD-7242;height;45 см;45 см;
KD-PD-7242__v001;KD-PD-7242;width;45 см;45 см;
KD-PD-7242__v001;KD-PD-7242;composition;100% сатин;100% сатин;
KD-PD-7242__v001;KD-PD-7242;color;Белый;белый;
KD-PD-7938__v001;KD-PD-7938;category;Посуда и сервировка;посуда и сервировка;
KD-PD-7938__v001;KD-PD-7938;subcategory;Чайники, молочники и сахарницы;чайники, молочники и са×арницы;
KD-PD-7938__v001;KD-PD-7938;collection;Петербург;петербург;
KD-PD-7938__v001;KD-PD-7938;material;Костяной фарфор;костяной фарфор;
KD-PD-7938__v001;KD-PD-7938;price;7950;7950;7950
KD-PD-7938__v001;KD-PD-7938;old_price;15900;15900;15900
KD-PD-7938__v001;KD-PD-7938;composition;100% костяной фарфор;100% костяной фарфор;
KD-PD-7938__v001;KD-PD-7938;color;Белый;белый;
KD-PD-8256__v001;KD-PD-8256;category;Столовый текстиль;столовый текстиль;
KD-PD-8256__v001;KD-PD-8256;subcategory;Столовый текстиль;столовый текстиль;
KD-PD-8256__v001;KD-PD-8256;collection;Петербург;петербург;
KD-PD-8256__v001;KD-PD-8256;material;Сатин;сатин;
KD-PD-8256__v001;KD-PD-8256;size;180×250 см;180×250 см;
KD-PD-8256__v001;KD-PD-8256;price;7250;7250;7250
KD-PD-8256__v001;KD-PD-8256;old_price;14500;14500;14500
KD-PD-8256__v001;KD-PD-8256;height;180 см;180 см;
KD-PD-8256__v001;KD-PD-8256;width;250 см;250 см;
KD-PD-8256__v001;KD-PD-8256;composition;100% сатин;100% сатин;
KD-PD-8256__v001;KD-PD-8256;color;Белый;белый;
KD-PD-7939__v001;KD-PD-7939;category;Посуда и сервировка;посуда и сервировка;
KD-PD-7939__v001;KD-PD-7939;subcategory;Чайники, молочники и сахарницы;чайники, молочники и са×арницы;
KD-PD-7939__v001;KD-PD-7939;collection;Петербург;петербург;
KD-PD-7939__v001;KD-PD-7939;material;Костяной фарфор;костяной фарфор;
KD-PD-7939__v001;KD-PD-7939;size;300 мл;300 мл;
KD-PD-7939__v001;KD-PD-7939;price;6450;6450;6450
KD-PD-7939__v001;KD-PD-7939;old_price;12900;12900;12900
KD-PD-7939__v001;KD-PD-7939;volume;300 мл;300 мл;
KD-PD-7939__v001;KD-PD-7939;composition;100% костяной фарфор;100% костяной фарфор;
KD-PD-7939__v001;KD-PD-7939;color;Белый;белый;
KD-PD-7944__v001;KD-PD-7944;category;Посуда и сервировка;посуда и сервировка;
KD-PD-7944__v001;KD-PD-7944;subcategory;Тарелки;тарелки;
KD-PD-7944__v001;KD-PD-7944;collection;Петербург;петербург;
KD-PD-7944__v001;KD-PD-7944;material;Костяной фарфор;костяной фарфор;
KD-PD-7944__v001;KD-PD-7944;size;20 см;20 см;
KD-PD-7944__v001;KD-PD-7944;price;2895;2895;2895
KD-PD-7944__v001;KD-PD-7944;old_price;5790;5790;5790
KD-PD-7944__v001;KD-PD-7944;height;20 см;20 см;
KD-PD-7944__v001;KD-PD-7944;width;20 см;20 см;
KD-PD-7944__v001;KD-PD-7944;diameter;20 см;20 см;
KD-PD-7944__v001;KD-PD-7944;composition;100% костяной фарфор;100% костяной фарфор;
KD-PD-7944__v001;KD-PD-7944;color;Белый;белый;
KD-PD-7944__v002;KD-PD-7944;category;Посуда и сервировка;посуда и сервировка;
KD-PD-7944__v002;KD-PD-7944;subcategory;Тарелки;тарелки;
KD-PD-7944__v002;KD-PD-7944;collection;Петербург;петербург;
KD-PD-7944__v002;KD-PD-7944;material;Костяной фарфор;костяной фарфор;
KD-PD-7944__v002;KD-PD-7944;size;23 см;23 см;
KD-PD-7944__v002;KD-PD-7944;price;3245;3245;3245
KD-PD-7944__v002;KD-PD-7944;old_price;6490;6490;6490
KD-PD-7944__v002;KD-PD-7944;height;20 см;20 см;
KD-PD-7944__v002;KD-PD-7944;width;20 см;20 см;
KD-PD-7944__v002;KD-PD-7944;diameter;23 см;23 см;
KD-PD-7944__v002;KD-PD-7944;composition;100% костяной фарфор;100% костяной фарфор;
KD-PD-7944__v002;KD-PD-7944;color;Белый;белый;
KD-PD-7944__v003;KD-PD-7944;category;Посуда и сервировка;посуда и сервировка;
KD-PD-7944__v003;KD-PD-7944;subcategory;Тарелки;тарелки;
KD-PD-7944__v003;KD-PD-7944;collection;Петербург;петербург;
KD-PD-7944__v003;KD-PD-7944;material;Костяной фарфор;костяной фарфор;
KD-PD-7944__v003;KD-PD-7944;size;27 см;27 см;
KD-PD-7944__v003;KD-PD-7944;price;3995;3995;3995
KD-PD-7944__v003;KD-PD-7944;old_price;7990;7990;7990
KD-PD-7944__v003;KD-PD-7944;height;20 см;20 см;
KD-PD-7944__v003;KD-PD-7944;width;20 см;20 см;
KD-PD-7944__v003;KD-PD-7944;diameter;27 см;27 см;
KD-PD-7944__v003;KD-PD-7944;composition;100% костяной фарфор;100% костяной фарфор;
KD-PD-7944__v003;KD-PD-7944;color;Белый;белый;
KD-PD-7940__v001;KD-PD-7940;category;Посуда и сервировка;посуда и сервировка;
KD-PD-7940__v001;KD-PD-7940;subcategory;Кружки, чайные и кофейные пары;кружки, чайные и кофейные пары;
KD-PD-7940__v001;KD-PD-7940;collection;Петербург;петербург;
KD-PD-7940__v001;KD-PD-7940;material;Костяной фарфор;костяной фарфор;
KD-PD-7940__v001;KD-PD-7940;size;260 мл;260 мл;
KD-PD-7940__v001;KD-PD-7940;price;4995;4995;4995
KD-PD-7940__v001;KD-PD-7940;old_price;9990;9990;9990
KD-PD-7940__v001;KD-PD-7940;volume;260 мл;260 мл;
KD-PD-7940__v001;KD-PD-7940;composition;100% костяной фарфор;100% костяной фарфор;
KD-PD-7940__v001;KD-PD-7940;color;Белый;белый;
KD-PD-7937__v001;KD-PD-7937;category;Посуда и сервировка;посуда и сервировка;
KD-PD-7937__v001;KD-PD-7937;subcategory;Чайники, молочники и сахарницы;чайники, молочники и са×арницы;
KD-PD-7937__v001;KD-PD-7937;collection;Петербург;петербург;
KD-PD-7937__v001;KD-PD-7937;material;Костяной фарфор;костяной фарфор;
KD-PD-7937__v001;KD-PD-7937;size;1100 мл;1100 мл;
KD-PD-7937__v001;KD-PD-7937;price;9950;9950;9950
KD-PD-7937__v001;KD-PD-7937;old_price;19900;19900;19900
KD-PD-7937__v001;KD-PD-7937;volume;1100 мл;1100 мл;
KD-PD-7937__v001;KD-PD-7937;composition;100% костяной фарфор;100% костяной фарфор;
KD-PD-7937__v001;KD-PD-7937;color;Белый;белый;
KD-PD-9713__v001;KD-PD-9713;category;Декор для дома;декор для дома;
KD-PD-9713__v001;KD-PD-9713;subcategory;Канцтовары;канцтовары;
KD-PD-9713__v001;KD-PD-9713;collection;Текстура;текстура;
KD-PD-9713__v001;KD-PD-9713;material;Натуральная кожа;натуральная кожа;
KD-PD-9713__v001;KD-PD-9713;size;Единый размер;единый размер;
KD-PD-9713__v001;KD-PD-9713;price;2600;2600;2600
KD-PD-9713__v001;KD-PD-9713;old_price;6500;6500;6500
KD-PD-9713__v001;KD-PD-9713;height;15 см;15 см;
KD-PD-9713__v001;KD-PD-9713;width;21 см;21 см;
KD-PD-9713__v001;KD-PD-9713;color;Коричневый;коричневый;
KD-PD-9718__v001;KD-PD-9718;category;Декор для дома;декор для дома;
KD-PD-9718__v001;KD-PD-9718;subcategory;Игры;игры;
KD-PD-9718__v001;KD-PD-9718;collection;Текстура;текстура;
KD-PD-9718__v001;KD-PD-9718;material;Натуральная кожа;натуральная кожа;
KD-PD-9718__v001;KD-PD-9718;size;Единый размер;единый размер;
KD-PD-9718__v001;KD-PD-9718;price;6200;6200;6200
KD-PD-9718__v001;KD-PD-9718;old_price;15500;15500;15500
KD-PD-9718__v001;KD-PD-9718;height;19,5 см;19,5 см;
KD-PD-9718__v001;KD-PD-9718;width;19,5 см;19,5 см;
KD-PD-9718__v001;KD-PD-9718;color;Черный;черный;
KD-PD-9718__v002;KD-PD-9718;category;Декор для дома;декор для дома;
KD-PD-9718__v002;KD-PD-9718;subcategory;Игры;игры;
KD-PD-9718__v002;KD-PD-9718;collection;Текстура;текстура;
KD-PD-9718__v002;KD-PD-9718;material;Натуральная кожа;натуральная кожа;
KD-PD-9718__v002;KD-PD-9718;size;Единый размер;единый размер;
KD-PD-9718__v002;KD-PD-9718;price;6200;6200;6200
KD-PD-9718__v002;KD-PD-9718;old_price;15500;15500;15500
KD-PD-9718__v002;KD-PD-9718;height;19,5 см;19,5 см;
KD-PD-9718__v002;KD-PD-9718;width;19,5 см;19,5 см;
KD-PD-9718__v002;KD-PD-9718;color;Бежевый;бежевый;
KD-PD-8768__v001;KD-PD-8768;category;Декор для дома;декор для дома;
KD-PD-8768__v001;KD-PD-8768;subcategory;Игры;игры;
KD-PD-8768__v001;KD-PD-8768;collection;Текстура;текстура;
KD-PD-8768__v001;KD-PD-8768;material;Натуральная кожа;натуральная кожа;
KD-PD-8768__v001;KD-PD-8768;size;Единый размер;единый размер;
KD-PD-8768__v001;KD-PD-8768;price;9000;9000;9000
KD-PD-8768__v001;KD-PD-8768;old_price;22500;22500;22500
KD-PD-8768__v001;KD-PD-8768;height;18 см;18 см;
KD-PD-8768__v001;KD-PD-8768;width;18 см;18 см;
KD-PD-8768__v001;KD-PD-8768;color;Черный;черный;
KD-PD-8768__v002;KD-PD-8768;category;Декор для дома;декор для дома;
KD-PD-8768__v002;KD-PD-8768;subcategory;Игры;игры;
KD-PD-8768__v002;KD-PD-8768;collection;Текстура;текстура;
KD-PD-8768__v002;KD-PD-8768;material;Натуральная кожа;натуральная кожа;
KD-PD-8768__v002;KD-PD-8768;size;Единый размер;единый размер;
KD-PD-8768__v002;KD-PD-8768;price;9000;9000;9000
KD-PD-8768__v002;KD-PD-8768;old_price;22500;22500;22500
KD-PD-8768__v002;KD-PD-8768;height;18 см;18 см;
KD-PD-8768__v002;KD-PD-8768;width;18 см;18 см;
KD-PD-8768__v002;KD-PD-8768;color;Бежевый;бежевый;
KD-PD-8770__v001;KD-PD-8770;category;Декор для дома;декор для дома;
KD-PD-8770__v001;KD-PD-8770;subcategory;Игры;игры;
KD-PD-8770__v001;KD-PD-8770;collection;Текстура;текстура;
KD-PD-8770__v001;KD-PD-8770;material;Натуральная кожа;натуральная кожа;
KD-PD-8770__v001;KD-PD-8770;size;Единый размер;единый размер;
KD-PD-8770__v001;KD-PD-8770;price;13000;13000;13000
KD-PD-8770__v001;KD-PD-8770;old_price;32500;32500;32500
KD-PD-8770__v001;KD-PD-8770;height;43 см;43 см;
KD-PD-8770__v001;KD-PD-8770;width;43 см;43 см;
KD-PD-8770__v001;KD-PD-8770;color;Черный;черный;
KD-PD-8770__v002;KD-PD-8770;category;Декор для дома;декор для дома;
KD-PD-8770__v002;KD-PD-8770;subcategory;Игры;игры;
KD-PD-8770__v002;KD-PD-8770;collection;Текстура;текстура;
KD-PD-8770__v002;KD-PD-8770;material;Натуральная кожа;натуральная кожа;
KD-PD-8770__v002;KD-PD-8770;size;Единый размер;единый размер;
KD-PD-8770__v002;KD-PD-8770;price;13000;13000;13000
KD-PD-8770__v002;KD-PD-8770;old_price;32500;32500;32500
KD-PD-8770__v002;KD-PD-8770;height;43 см;43 см;
KD-PD-8770__v002;KD-PD-8770;width;43 см;43 см;
KD-PD-8770__v002;KD-PD-8770;color;Бежевый;бежевый;
KD-PD-8765__v001;KD-PD-8765;category;Декор для дома;декор для дома;
KD-PD-8765__v001;KD-PD-8765;subcategory;Корзины;корзины;
KD-PD-8765__v001;KD-PD-8765;collection;Текстура;текстура;
KD-PD-8765__v001;KD-PD-8765;material;Натуральная кожа;натуральная кожа;
KD-PD-8765__v001;KD-PD-8765;size;18 см;18 см;
KD-PD-8765__v001;KD-PD-8765;price;15960;15960;15960
KD-PD-8765__v001;KD-PD-8765;old_price;39900;39900;39900
KD-PD-8765__v001;KD-PD-8765;height;18 см;18 см;
KD-PD-8765__v001;KD-PD-8765;width;18 см;18 см;
KD-PD-8765__v001;KD-PD-8765;color;Черный;черный;
KD-PD-8765__v002;KD-PD-8765;category;Декор для дома;декор для дома;
KD-PD-8765__v002;KD-PD-8765;subcategory;Корзины;корзины;
KD-PD-8765__v002;KD-PD-8765;collection;Текстура;текстура;
KD-PD-8765__v002;KD-PD-8765;material;Натуральная кожа;натуральная кожа;
KD-PD-8765__v002;KD-PD-8765;size;25 см;25 см;
KD-PD-8765__v002;KD-PD-8765;price;8840;8840;8840
KD-PD-8765__v002;KD-PD-8765;old_price;22100;22100;22100
KD-PD-8765__v002;KD-PD-8765;height;25 см;25 см;
KD-PD-8765__v002;KD-PD-8765;width;10 см;10 см;
KD-PD-8765__v002;KD-PD-8765;color;Коричневый;коричневый;
KD-PD-8777__v001;KD-PD-8777;category;Столовый текстиль;столовый текстиль;
KD-PD-8777__v001;KD-PD-8777;subcategory;Плейсматы;плейсматы;
KD-PD-8777__v001;KD-PD-8777;collection;Текстура;текстура;
KD-PD-8777__v001;KD-PD-8777;material;Натуральная кожа;натуральная кожа;
KD-PD-8777__v001;KD-PD-8777;size;30 см;30 см;
KD-PD-8777__v001;KD-PD-8777;price;3960;3960;3960
KD-PD-8777__v001;KD-PD-8777;old_price;9900;9900;9900
KD-PD-8777__v001;KD-PD-8777;color;Черный;черный;
KD-PD-8777__v002;KD-PD-8777;category;Столовый текстиль;столовый текстиль;
KD-PD-8777__v002;KD-PD-8777;subcategory;Плейсматы;плейсматы;
KD-PD-8777__v002;KD-PD-8777;collection;Текстура;текстура;
KD-PD-8777__v002;KD-PD-8777;material;Натуральная кожа;натуральная кожа;
KD-PD-8777__v002;KD-PD-8777;size;30 см;30 см;
KD-PD-8777__v002;KD-PD-8777;price;3960;3960;3960
KD-PD-8777__v002;KD-PD-8777;old_price;9900;9900;9900
KD-PD-8777__v002;KD-PD-8777;color;Коричневый;коричневый;
KD-PD-8777__v003;KD-PD-8777;category;Столовый текстиль;столовый текстиль;
KD-PD-8777__v003;KD-PD-8777;subcategory;Плейсматы;плейсматы;
KD-PD-8777__v003;KD-PD-8777;collection;Текстура;текстура;
KD-PD-8777__v003;KD-PD-8777;material;Натуральная кожа;натуральная кожа;
KD-PD-8777__v003;KD-PD-8777;size;30 см;30 см;
KD-PD-8777__v003;KD-PD-8777;price;3960;3960;3960
KD-PD-8777__v003;KD-PD-8777;old_price;9900;9900;9900
KD-PD-8777__v003;KD-PD-8777;color;Бежевый;бежевый;
KD-PD-9711__v001;KD-PD-9711;category;Посуда и сервировка;посуда и сервировка;
KD-PD-9711__v001;KD-PD-9711;subcategory;Блюда и подача;блюда и подача;
KD-PD-9711__v001;KD-PD-9711;collection;Текстура;текстура;
KD-PD-9711__v001;KD-PD-9711;material;Натуральная кожа;натуральная кожа;
KD-PD-9711__v001;KD-PD-9711;size;Единый размер;единый размер;
KD-PD-9711__v001;KD-PD-9711;price;11800;11800;11800
KD-PD-9711__v001;KD-PD-9711;old_price;29500;29500;29500
KD-PD-9711__v001;KD-PD-9711;color;Черный;черный;
KD-PD-8776__v001;KD-PD-8776;category;Посуда и сервировка;посуда и сервировка;
KD-PD-8776__v001;KD-PD-8776;subcategory;Блюда и подача;блюда и подача;
KD-PD-8776__v001;KD-PD-8776;collection;Текстура;текстура;
KD-PD-8776__v001;KD-PD-8776;material;Натуральная кожа;натуральная кожа;
KD-PD-8776__v001;KD-PD-8776;size;9 см;9 см;
KD-PD-8776__v001;KD-PD-8776;price;596;596;596
KD-PD-8776__v001;KD-PD-8776;old_price;1490;1490;1490
KD-PD-8776__v001;KD-PD-8776;width;9 см;9 см;
KD-PD-8776__v001;KD-PD-8776;color;Коричневый;коричневый;
KD-PD-8758__v001;KD-PD-8758;category;Посуда и сервировка;посуда и сервировка;
KD-PD-8758__v001;KD-PD-8758;subcategory;Салфетницы;салфетницы;
KD-PD-8758__v001;KD-PD-8758;collection;Текстура;текстура;
KD-PD-8758__v001;KD-PD-8758;material;Натуральная кожа;натуральная кожа;
KD-PD-8758__v001;KD-PD-8758;size;12×12 см;12×12 см;
KD-PD-8758__v001;KD-PD-8758;price;5040;5040;5040
KD-PD-8758__v001;KD-PD-8758;old_price;12600;12600;12600
KD-PD-8758__v001;KD-PD-8758;height;12 см;12 см;
KD-PD-8758__v001;KD-PD-8758;width;12 см;12 см;
KD-PD-8758__v001;KD-PD-8758;color;Черный;черный;
KD-PD-8758__v002;KD-PD-8758;category;Посуда и сервировка;посуда и сервировка;
KD-PD-8758__v002;KD-PD-8758;subcategory;Салфетницы;салфетницы;
KD-PD-8758__v002;KD-PD-8758;collection;Текстура;текстура;
KD-PD-8758__v002;KD-PD-8758;material;Натуральная кожа;натуральная кожа;
KD-PD-8758__v002;KD-PD-8758;size;12×12 см;12×12 см;
KD-PD-8758__v002;KD-PD-8758;price;5040;5040;5040
KD-PD-8758__v002;KD-PD-8758;old_price;12600;12600;12600
KD-PD-8758__v002;KD-PD-8758;height;12 см;12 см;
KD-PD-8758__v002;KD-PD-8758;width;12 см;12 см;
KD-PD-8758__v002;KD-PD-8758;color;Коричневый;коричневый;
KD-PD-8967__v001;KD-PD-8967;category;Столовый текстиль;столовый текстиль;
KD-PD-8967__v001;KD-PD-8967;subcategory;Столовый текстиль;столовый текстиль;
KD-PD-8967__v001;KD-PD-8967;collection;Многоцвет;многоцвет;
KD-PD-8967__v001;KD-PD-8967;material;Хлопок;×лопок;
KD-PD-8967__v001;KD-PD-8967;size;50×180 см;50×180 см;
KD-PD-8967__v001;KD-PD-8967;price;2495;2495;2495
KD-PD-8967__v001;KD-PD-8967;old_price;4990;4990;4990
KD-PD-8967__v001;KD-PD-8967;height;50 см;50 см;
KD-PD-8967__v001;KD-PD-8967;width;180 см;180 см;
KD-PD-8967__v001;KD-PD-8967;composition;100% Хлопок;100%×лопок;
KD-PD-8967__v001;KD-PD-8967;color;Белый;белый;
KD-PD-8967__v002;KD-PD-8967;category;Столовый текстиль;столовый текстиль;
KD-PD-8967__v002;KD-PD-8967;subcategory;Столовый текстиль;столовый текстиль;
KD-PD-8967__v002;KD-PD-8967;collection;Многоцвет;многоцвет;
KD-PD-8967__v002;KD-PD-8967;material;Хлопок;×лопок;
KD-PD-8967__v002;KD-PD-8967;size;60×350 см;60×350 см;
KD-PD-8967__v002;KD-PD-8967;price;3495;3495;3495
KD-PD-8967__v002;KD-PD-8967;old_price;6990;6990;6990
KD-PD-8967__v002;KD-PD-8967;height;60 см;60 см;
KD-PD-8967__v002;KD-PD-8967;width;350 см;350 см;
KD-PD-8967__v002;KD-PD-8967;composition;100% Хлопок;100%×лопок;
KD-PD-8967__v002;KD-PD-8967;color;Белый;белый;
KD-PD-8967__v003;KD-PD-8967;category;Столовый текстиль;столовый текстиль;
KD-PD-8967__v003;KD-PD-8967;subcategory;Столовый текстиль;столовый текстиль;
KD-PD-8967__v003;KD-PD-8967;collection;Многоцвет;многоцвет;
KD-PD-8967__v003;KD-PD-8967;material;Хлопок;×лопок;
KD-PD-8967__v003;KD-PD-8967;size;50×250 см;50×250 см;
KD-PD-8967__v003;KD-PD-8967;price;2495;2495;2495
KD-PD-8967__v003;KD-PD-8967;old_price;4990;4990;4990
KD-PD-8967__v003;KD-PD-8967;height;50 см;50 см;
KD-PD-8967__v003;KD-PD-8967;width;250 см;250 см;
KD-PD-8967__v003;KD-PD-8967;composition;100% Хлопок;100%×лопок;
KD-PD-8967__v003;KD-PD-8967;color;Белый;белый;
KD-PD-8977__v001;KD-PD-8977;category;Столовый текстиль;столовый текстиль;
KD-PD-8977__v001;KD-PD-8977;subcategory;Столовый текстиль;столовый текстиль;
KD-PD-8977__v001;KD-PD-8977;collection;Многоцвет;многоцвет;
KD-PD-8977__v001;KD-PD-8977;material;Хлопок;×лопок;
KD-PD-8977__v001;KD-PD-8977;size;12×23 см;12×23 см;
KD-PD-8977__v001;KD-PD-8977;price;345;345;345
KD-PD-8977__v001;KD-PD-8977;old_price;690;690;690
KD-PD-8977__v001;KD-PD-8977;height;12 см;12 см;
KD-PD-8977__v001;KD-PD-8977;width;23 см;23 см;
KD-PD-8977__v001;KD-PD-8977;composition;100% Хлопок;100%×лопок;
KD-PD-8977__v001;KD-PD-8977;color;Белый;белый;
KD-PD-7227__v001;KD-PD-7227;category;Столовый текстиль;столовый текстиль;
KD-PD-7227__v001;KD-PD-7227;subcategory;Столовый текстиль;столовый текстиль;
KD-PD-7227__v001;KD-PD-7227;collection;Многоцвет;многоцвет;
KD-PD-7227__v001;KD-PD-7227;material;Хлопок;×лопок;
KD-PD-7227__v001;KD-PD-7227;size;180×180 см;180×180 см;
KD-PD-7227__v001;KD-PD-7227;price;4495;4495;4495
KD-PD-7227__v001;KD-PD-7227;old_price;8990;8990;8990
KD-PD-7227__v001;KD-PD-7227;height;180 см;180 см;
KD-PD-7227__v001;KD-PD-7227;width;180 см;180 см;
KD-PD-7227__v001;KD-PD-7227;composition;100% Хлопок;100%×лопок;
KD-PD-7227__v001;KD-PD-7227;color;Белый;белый;
KD-PD-7227__v002;KD-PD-7227;category;Столовый текстиль;столовый текстиль;
KD-PD-7227__v002;KD-PD-7227;subcategory;Столовый текстиль;столовый текстиль;
KD-PD-7227__v002;KD-PD-7227;collection;Многоцвет;многоцвет;
KD-PD-7227__v002;KD-PD-7227;material;Хлопок;×лопок;
KD-PD-7227__v002;KD-PD-7227;size;180×250 см;180×250 см;
KD-PD-7227__v002;KD-PD-7227;price;4495;4495;4495
KD-PD-7227__v002;KD-PD-7227;old_price;8990;8990;8990
KD-PD-7227__v002;KD-PD-7227;height;180 см;180 см;
KD-PD-7227__v002;KD-PD-7227;width;250 см;250 см;
KD-PD-7227__v002;KD-PD-7227;composition;100% Хлопок;100%×лопок;
KD-PD-7227__v002;KD-PD-7227;color;Белый;белый;
KD-PD-7227__v003;KD-PD-7227;category;Столовый текстиль;столовый текстиль;
KD-PD-7227__v003;KD-PD-7227;subcategory;Столовый текстиль;столовый текстиль;
KD-PD-7227__v003;KD-PD-7227;collection;Многоцвет;многоцвет;
KD-PD-7227__v003;KD-PD-7227;material;Хлопок;×лопок;
KD-PD-7227__v003;KD-PD-7227;size;180×350 см;180×350 см;
KD-PD-7227__v003;KD-PD-7227;price;4495;4495;4495
KD-PD-7227__v003;KD-PD-7227;old_price;8990;8990;8990
KD-PD-7227__v003;KD-PD-7227;height;180 см;180 см;
KD-PD-7227__v003;KD-PD-7227;width;350 см;350 см;
KD-PD-7227__v003;KD-PD-7227;composition;100% Хлопок;100%×лопок;
KD-PD-7227__v003;KD-PD-7227;color;Белый;белый;
KD-PD-9976__v001;KD-PD-9976;category;Декор для дома;декор для дома;
KD-PD-9976__v001;KD-PD-9976;subcategory;Свечи и диффузоры;свечи и диффузоры;
KD-PD-9976__v001;KD-PD-9976;collection;Многоцвет;многоцвет;
KD-PD-9976__v001;KD-PD-9976;material;Соевый воск;соевый воск;
KD-PD-9976__v001;KD-PD-9976;size;25,5 см;25,5 см;
KD-PD-9976__v001;KD-PD-9976;price;792;792;792
KD-PD-9976__v001;KD-PD-9976;old_price;990;990;990
KD-PD-9976__v001;KD-PD-9976;height;25,5 см;25,5 см;
KD-PD-9976__v001;KD-PD-9976;color;Белый;белый;
KD-PD-8242__v001;KD-PD-8242;category;Посуда и сервировка;посуда и сервировка;
KD-PD-8242__v001;KD-PD-8242;subcategory;Столовые приборы;столовые приборы;
KD-PD-8242__v001;KD-PD-8242;collection;Столовые приборы;столовые приборы;
KD-PD-8242__v001;KD-PD-8242;material;Нержавеющая сталь 18/10;нержавеющая сталь 18 / 10;
KD-PD-8242__v001;KD-PD-8242;price;32900;32900;32900
KD-PD-8242__v001;KD-PD-8242;color;Серебряный;серебряный;
KD-PD-8243__v001;KD-PD-8243;category;Посуда и сервировка;посуда и сервировка;
KD-PD-8243__v001;KD-PD-8243;subcategory;Столовые приборы;столовые приборы;
KD-PD-8243__v001;KD-PD-8243;collection;Столовые приборы;столовые приборы;
KD-PD-8243__v001;KD-PD-8243;material;Сталь;сталь;
KD-PD-8243__v001;KD-PD-8243;size;Единый размер;единый размер;
KD-PD-8243__v001;KD-PD-8243;price;20900;20900;20900
KD-PD-8243__v001;KD-PD-8243;composition;Нержавеющая сталь 18/10;нержавеющая сталь 18 / 10;
KD-PD-8243__v001;KD-PD-8243;color;Серебряный;серебряный;
KD-PD-11521__v001;KD-PD-11521;category;Декор для дома;декор для дома;
KD-PD-11521__v001;KD-PD-11521;subcategory;Свечи и диффузоры;свечи и диффузоры;
KD-PD-11521__v001;KD-PD-11521;size;130 мл;130 мл;
KD-PD-11521__v001;KD-PD-11521;aroma;Апельсин;апельсин;
KD-PD-11521__v001;KD-PD-11521;price;3990;3990;3990
KD-PD-11521__v001;KD-PD-11521;volume;130 мл;130 мл;
KD-PD-11521__v002;KD-PD-11521;category;Декор для дома;декор для дома;
KD-PD-11521__v002;KD-PD-11521;subcategory;Свечи и диффузоры;свечи и диффузоры;
KD-PD-11521__v002;KD-PD-11521;size;130 мл;130 мл;
KD-PD-11521__v002;KD-PD-11521;aroma;Мята;мята;
KD-PD-11521__v002;KD-PD-11521;price;3990;3990;3990
KD-PD-11521__v002;KD-PD-11521;volume;130 мл;130 мл;
KD-PD-11521__v003;KD-PD-11521;category;Декор для дома;декор для дома;
KD-PD-11521__v003;KD-PD-11521;subcategory;Свечи и диффузоры;свечи и диффузоры;
KD-PD-11521__v003;KD-PD-11521;size;130 мл;130 мл;
KD-PD-11521__v003;KD-PD-11521;aroma;Сандал;сандал;
KD-PD-11521__v003;KD-PD-11521;price;3990;3990;3990
KD-PD-11521__v003;KD-PD-11521;volume;130 мл;130 мл;
KD-PD-11419__v001;KD-PD-11419;category;Посуда и сервировка;посуда и сервировка;
KD-PD-11419__v001;KD-PD-11419;subcategory;Блюда и подача;блюда и подача;
KD-PD-11419__v001;KD-PD-11419;collection;Овация;овация;
KD-PD-11419__v001;KD-PD-11419;material;Фарфор;фарфор;
KD-PD-11419__v001;KD-PD-11419;size;36 см;36 см;
KD-PD-11419__v001;KD-PD-11419;price;2154;2154;2154
KD-PD-11419__v001;KD-PD-11419;old_price;3590;3590;3590
KD-PD-11419__v001;KD-PD-11419;composition;100% фарфор;100% фарфор;
KD-PD-11419__v001;KD-PD-11419;color;Белый;белый;
KD-PD-11431__v001;KD-PD-11431;category;Посуда и сервировка;посуда и сервировка;
KD-PD-11431__v001;KD-PD-11431;subcategory;Кружки, чайные и кофейные пары;кружки, чайные и кофейные пары;
KD-PD-11431__v001;KD-PD-11431;collection;Овация;овация;
KD-PD-11431__v001;KD-PD-11431;material;Фарфор;фарфор;
KD-PD-11431__v001;KD-PD-11431;size;350 мл;350 мл;
KD-PD-11431__v001;KD-PD-11431;price;714;714;714
KD-PD-11431__v001;KD-PD-11431;old_price;1190;1190;1190
KD-PD-11431__v001;KD-PD-11431;volume;350 мл;350 мл;
KD-PD-11431__v001;KD-PD-11431;composition;100% фарфор;100% фарфор;
KD-PD-11431__v001;KD-PD-11431;color;Белый;белый;
KD-PD-11429__v001;KD-PD-11429;category;Посуда и сервировка;посуда и сервировка;
KD-PD-11429__v001;KD-PD-11429;subcategory;Чайники, молочники и сахарницы;чайники, молочники и са×арницы;
KD-PD-11429__v001;KD-PD-11429;collection;Овация;овация;
KD-PD-11429__v001;KD-PD-11429;material;Фарфор;фарфор;
KD-PD-11429__v001;KD-PD-11429;size;160 мл;160 мл;
KD-PD-11429__v001;KD-PD-11429;price;894;894;894
KD-PD-11429__v001;KD-PD-11429;old_price;1490;1490;1490
KD-PD-11429__v001;KD-PD-11429;volume;160 мл;160 мл;
KD-PD-11429__v001;KD-PD-11429;composition;100% фарфор;100% фарфор;
KD-PD-11429__v001;KD-PD-11429;color;Белый;белый;
KD-PD-11421__v001;KD-PD-11421;category;Посуда и сервировка;посуда и сервировка;
KD-PD-11421__v001;KD-PD-11421;subcategory;Салатники, cупницы и глубокие тарелки;салатники, cупницы и глубокие тарелки;
KD-PD-11421__v001;KD-PD-11421;collection;Овация;овация;
KD-PD-11421__v001;KD-PD-11421;material;Фарфор;фарфор;
KD-PD-11421__v001;KD-PD-11421;size;21 см;21 см;
KD-PD-11421__v001;KD-PD-11421;price;1794;1794;1794
KD-PD-11421__v001;KD-PD-11421;old_price;2990;2990;2990
KD-PD-11421__v001;KD-PD-11421;diameter;21 см;21 см;
KD-PD-11421__v001;KD-PD-11421;composition;100% фарфор;100% фарфор;
KD-PD-11421__v001;KD-PD-11421;color;Белый;белый;
KD-PD-11418__v001;KD-PD-11418;category;Посуда и сервировка;посуда и сервировка;
KD-PD-11418__v001;KD-PD-11418;subcategory;Тарелки;тарелки;
KD-PD-11418__v001;KD-PD-11418;collection;Овация;овация;
KD-PD-11418__v001;KD-PD-11418;material;Фарфор;фарфор;
KD-PD-11418__v001;KD-PD-11418;size;26 см;26 см;
KD-PD-11418__v001;KD-PD-11418;price;1794;1794;1794
KD-PD-11418__v001;KD-PD-11418;old_price;2990;2990;2990
KD-PD-11418__v001;KD-PD-11418;diameter;26 см;26 см;
KD-PD-11418__v001;KD-PD-11418;composition;100% фарфор;100% фарфор;
KD-PD-11418__v001;KD-PD-11418;color;Белый;белый;
KD-PD-11436__v001;KD-PD-11436;category;Посуда и сервировка;посуда и сервировка;
KD-PD-11436__v001;KD-PD-11436;subcategory;Блюда и подача;блюда и подача;
KD-PD-11436__v001;KD-PD-11436;collection;Эхо;э×о;
KD-PD-11436__v001;KD-PD-11436;material;Костяной фарфор;костяной фарфор;
KD-PD-11436__v001;KD-PD-11436;size;25×18 см;25×18 см;
KD-PD-11436__v001;KD-PD-11436;price;3190;3190;3190
KD-PD-11436__v001;KD-PD-11436;old_price;3190;3190;3190
KD-PD-11436__v001;KD-PD-11436;composition;100% костяной фарфор;100% костяной фарфор;
KD-PD-11436__v001;KD-PD-11436;color;Белый;белый;
KD-PD-11518__v001;KD-PD-11518;category;Посуда и сервировка;посуда и сервировка;
KD-PD-11518__v001;KD-PD-11518;subcategory;Кружки, чайные и кофейные пары;кружки, чайные и кофейные пары;
KD-PD-11518__v001;KD-PD-11518;collection;Эхо;э×о;
KD-PD-11518__v001;KD-PD-11518;material;Костяной фарфор;костяной фарфор;
KD-PD-11518__v001;KD-PD-11518;size;90 мл;90 мл;
KD-PD-11518__v001;KD-PD-11518;price;1673;1673;1673
KD-PD-11518__v001;KD-PD-11518;old_price;2390;2390;2390
KD-PD-11518__v001;KD-PD-11518;volume;90 мл;90 мл;
KD-PD-11518__v001;KD-PD-11518;composition;100% костяной фарфор;100% костяной фарфор;
KD-PD-11518__v001;KD-PD-11518;color;Белый;белый;
KD-PD-11441__v001;KD-PD-11441;category;Посуда и сервировка;посуда и сервировка;
KD-PD-11441__v001;KD-PD-11441;subcategory;Чайники, молочники и сахарницы;чайники, молочники и са×арницы;
KD-PD-11441__v001;KD-PD-11441;collection;Эхо;э×о;
KD-PD-11441__v001;KD-PD-11441;material;Костяной фарфор;костяной фарфор;
KD-PD-11441__v001;KD-PD-11441;size;130 мл;130 мл;
KD-PD-11441__v001;KD-PD-11441;price;1673;1673;1673
KD-PD-11441__v001;KD-PD-11441;old_price;2390;2390;2390
KD-PD-11441__v001;KD-PD-11441;volume;130 мл;130 мл;
KD-PD-11441__v001;KD-PD-11441;composition;100% костяной фарфор;100% костяной фарфор;
KD-PD-11441__v001;KD-PD-11441;color;Белый;белый;
KD-PD-11449__v001;KD-PD-11449;category;Посуда и сервировка;посуда и сервировка;
KD-PD-11449__v001;KD-PD-11449;subcategory;Салатники, cупницы и глубокие тарелки;салатники, cупницы и глубокие тарелки;
KD-PD-11449__v001;KD-PD-11449;collection;Эхо;э×о;
KD-PD-11449__v001;KD-PD-11449;material;Костяной фарфор;костяной фарфор;
KD-PD-11449__v001;KD-PD-11449;size;250 мл;250 мл;
KD-PD-11449__v001;KD-PD-11449;price;903;903;903
KD-PD-11449__v001;KD-PD-11449;old_price;1290;1290;1290
KD-PD-11449__v001;KD-PD-11449;volume;250 мл;250 мл;
KD-PD-11449__v001;KD-PD-11449;composition;100% костяной фарфор;100% костяной фарфор;
KD-PD-11449__v001;KD-PD-11449;color;Белый;белый;
KD-PD-11440__v001;KD-PD-11440;category;Посуда и сервировка;посуда и сервировка;
KD-PD-11440__v001;KD-PD-11440;subcategory;Чайники, молочники и сахарницы;чайники, молочники и са×арницы;
KD-PD-11440__v001;KD-PD-11440;collection;Эхо;э×о;
KD-PD-11440__v001;KD-PD-11440;material;Костяной фарфор;костяной фарфор;
KD-PD-11440__v001;KD-PD-11440;size;450 мл;450 мл;
KD-PD-11440__v001;KD-PD-11440;price;2513;2513;2513
KD-PD-11440__v001;KD-PD-11440;old_price;3590;3590;3590
KD-PD-11440__v001;KD-PD-11440;composition;100% костяной фарфор;100% костяной фарфор;
KD-PD-11440__v001;KD-PD-11440;color;Белый;белый;
KD-PD-9415__v001;KD-PD-9415;category;Посуда и сервировка;посуда и сервировка;
KD-PD-9415__v001;KD-PD-9415;subcategory;Блюда и подача;блюда и подача;
KD-PD-9415__v001;KD-PD-9415;collection;Весна;весна;
KD-PD-9415__v001;KD-PD-9415;material;Фарфор;фарфор;
KD-PD-9415__v001;KD-PD-9415;size;21×21×9,5 см;21×21×9,5 см;
KD-PD-9415__v001;KD-PD-9415;price;1436;1436;1436
KD-PD-9415__v001;KD-PD-9415;old_price;3590;3590;3590
KD-PD-9415__v001;KD-PD-9415;composition;100% фарфор;100% фарфор;
KD-PD-9415__v001;KD-PD-9415;color;Белый;белый;
KD-PD-9418__v001;KD-PD-9418;category;Посуда и сервировка;посуда и сервировка;
KD-PD-9418__v001;KD-PD-9418;subcategory;Кружки, чайные и кофейные пары;кружки, чайные и кофейные пары;
KD-PD-9418__v001;KD-PD-9418;collection;Весна;весна;
KD-PD-9418__v001;KD-PD-9418;material;Фарфор;фарфор;
KD-PD-9418__v001;KD-PD-9418;size;350 мл;350 мл;
KD-PD-9418__v001;KD-PD-9418;price;596;596;596
KD-PD-9418__v001;KD-PD-9418;old_price;1490;1490;1490
KD-PD-9418__v001;KD-PD-9418;volume;350 мл;350 мл;
KD-PD-9418__v001;KD-PD-9418;composition;100% фарфор;100% фарфор;
KD-PD-9418__v001;KD-PD-9418;color;Белый;белый;
KD-PD-8984__v001;KD-PD-8984;category;Столовый текстиль;столовый текстиль;
KD-PD-8984__v001;KD-PD-8984;subcategory;Столовый текстиль;столовый текстиль;
KD-PD-8984__v001;KD-PD-8984;collection;Весна;весна;
KD-PD-8984__v001;KD-PD-8984;material;Сатин;сатин;
KD-PD-8984__v001;KD-PD-8984;size;45×45 см;45×45 см;
KD-PD-8984__v001;KD-PD-8984;price;1290;1290;1290
KD-PD-8984__v001;KD-PD-8984;height;45 см;45 см;
KD-PD-8984__v001;KD-PD-8984;width;45 см;45 см;
KD-PD-8984__v001;KD-PD-8984;composition;100% сатин;100% сатин;
KD-PD-8984__v001;KD-PD-8984;color;Белый;белый;
KD-PD-9975__v001;KD-PD-9975;category;Декор для дома;декор для дома;
KD-PD-9975__v001;KD-PD-9975;subcategory;Свечи и диффузоры;свечи и диффузоры;
KD-PD-9975__v001;KD-PD-9975;collection;Весна;весна;
KD-PD-9975__v001;KD-PD-9975;material;Соевый воск;соевый воск;
KD-PD-9975__v001;KD-PD-9975;size;25,5 см;25,5 см;
KD-PD-9975__v001;KD-PD-9975;price;792;792;792
KD-PD-9975__v001;KD-PD-9975;old_price;990;990;990
KD-PD-9975__v001;KD-PD-9975;height;25,5 см;25,5 см;
KD-PD-9975__v001;KD-PD-9975;color;Белый;белый;
KD-PD-9416__v001;KD-PD-9416;category;Посуда и сервировка;посуда и сервировка;
KD-PD-9416__v001;KD-PD-9416;subcategory;Тарелки;тарелки;
KD-PD-9416__v001;KD-PD-9416;collection;Весна;весна;
KD-PD-9416__v001;KD-PD-9416;material;Фарфор;фарфор;
KD-PD-9416__v001;KD-PD-9416;size;23 см;23 см;
KD-PD-9416__v001;KD-PD-9416;price;1116;1116;1116
KD-PD-9416__v001;KD-PD-9416;old_price;2790;2790;2790
KD-PD-9416__v001;KD-PD-9416;diameter;23 см;23 см;
KD-PD-9416__v001;KD-PD-9416;composition;100% фарфор;100% фарфор;
KD-PD-9416__v001;KD-PD-9416;color;Белый;белый;
KD-PD-9417__v001;KD-PD-9417;category;Посуда и сервировка;посуда и сервировка;
KD-PD-9417__v001;KD-PD-9417;subcategory;Тарелки;тарелки;
KD-PD-9417__v001;KD-PD-9417;collection;Весна;весна;
KD-PD-9417__v001;KD-PD-9417;material;Фарфор;фарфор;
KD-PD-9417__v001;KD-PD-9417;size;27 см;27 см;
KD-PD-9417__v001;KD-PD-9417;price;1436;1436;1436
KD-PD-9417__v001;KD-PD-9417;old_price;3590;3590;3590
KD-PD-9417__v001;KD-PD-9417;diameter;27 см;27 см;
KD-PD-9417__v001;KD-PD-9417;composition;100% фарфор;100% фарфор;
KD-PD-9417__v001;KD-PD-9417;color;Белый;белый;
KD-PD-10913__v001;KD-PD-10913;category;Посуда и сервировка;посуда и сервировка;
KD-PD-10913__v001;KD-PD-10913;subcategory;Блюда и подача;блюда и подача;
KD-PD-10913__v001;KD-PD-10913;collection;Весенний сад;весенний сад;
KD-PD-10913__v001;KD-PD-10913;material;Фарфор;фарфор;
KD-PD-10913__v001;KD-PD-10913;size;32 см;32 см;
KD-PD-10913__v001;KD-PD-10913;price;5592;5592;5592
KD-PD-10913__v001;KD-PD-10913;old_price;6990;6990;6990
KD-PD-10913__v001;KD-PD-10913;composition;100% фарфор;100% фарфор;
KD-PD-10913__v001;KD-PD-10913;color;Белый;белый;
KD-PD-10911__v001;KD-PD-10911;category;Посуда и сервировка;посуда и сервировка;
KD-PD-10911__v001;KD-PD-10911;subcategory;Блюда и подача;блюда и подача;
KD-PD-10911__v001;KD-PD-10911;collection;Весенний сад;весенний сад;
KD-PD-10911__v001;KD-PD-10911;material;Фарфор;фарфор;
KD-PD-10911__v001;KD-PD-10911;size;24×16 см;24×16 см;
KD-PD-10911__v001;KD-PD-10911;price;4472;4472;4472
KD-PD-10911__v001;KD-PD-10911;old_price;5590;5590;5590
KD-PD-10911__v001;KD-PD-10911;composition;100% фарфор;100% фарфор;
KD-PD-10911__v001;KD-PD-10911;color;Белый;белый;
KD-PD-10911__v002;KD-PD-10911;category;Посуда и сервировка;посуда и сервировка;
KD-PD-10911__v002;KD-PD-10911;subcategory;Блюда и подача;блюда и подача;
KD-PD-10911__v002;KD-PD-10911;collection;Весенний сад;весенний сад;
KD-PD-10911__v002;KD-PD-10911;material;Фарфор;фарфор;
KD-PD-10911__v002;KD-PD-10911;size;36×25 см;36×25 см;
KD-PD-10911__v002;KD-PD-10911;price;6392;6392;6392
KD-PD-10911__v002;KD-PD-10911;old_price;7990;7990;7990
KD-PD-10911__v002;KD-PD-10911;composition;100% фарфор;100% фарфор;
KD-PD-10911__v002;KD-PD-10911;color;Белый;белый;
KD-PD-10925__v001;KD-PD-10925;category;Посуда и сервировка;посуда и сервировка;
KD-PD-10925__v001;KD-PD-10925;subcategory;Кружки, чайные и кофейные пары;кружки, чайные и кофейные пары;
KD-PD-10925__v001;KD-PD-10925;collection;Весенний сад;весенний сад;
KD-PD-10925__v001;KD-PD-10925;material;Фарфор;фарфор;
KD-PD-10925__v001;KD-PD-10925;size;75 мл;75 мл;
KD-PD-10925__v001;KD-PD-10925;price;2072;2072;2072
KD-PD-10925__v001;KD-PD-10925;old_price;2590;2590;2590
KD-PD-10925__v001;KD-PD-10925;volume;75 мл;75 мл;
KD-PD-10925__v001;KD-PD-10925;composition;100% фарфор;100% фарфор;
KD-PD-10925__v001;KD-PD-10925;color;Белый;белый;
KD-PD-11141__v001;KD-PD-11141;category;Декор для дома;декор для дома;
KD-PD-11141__v001;KD-PD-11141;subcategory;Свечи и диффузоры;свечи и диффузоры;
KD-PD-11141__v001;KD-PD-11141;collection;Весенний сад;весенний сад;
KD-PD-11141__v001;KD-PD-11141;material;Парафин;парафин;
KD-PD-11141__v001;KD-PD-11141;size;45 см;45 см;
KD-PD-11141__v001;KD-PD-11141;price;2990;2990;2990
KD-PD-11141__v001;KD-PD-11141;height;45 см;45 см;
KD-PD-11141__v001;KD-PD-11141;composition;100% парафин;100% парафин;
KD-PD-11141__v001;KD-PD-11141;color;Зеленый;зеленый;
KD-PD-10928__v001;KD-PD-10928;category;Посуда и сервировка;посуда и сервировка;
KD-PD-10928__v001;KD-PD-10928;subcategory;Блюда и подача;блюда и подача;
KD-PD-10928__v001;KD-PD-10928;collection;Весенний сад;весенний сад;
KD-PD-10928__v001;KD-PD-10928;material;Фарфор;фарфор;
KD-PD-10928__v001;KD-PD-10928;size;8 см;8 см;
KD-PD-10928__v001;KD-PD-10928;price;1032;1032;1032
KD-PD-10928__v001;KD-PD-10928;old_price;1290;1290;1290
KD-PD-10928__v001;KD-PD-10928;volume;70 мл;70 мл;
KD-PD-10928__v001;KD-PD-10928;composition;100% фарфор;100% фарфор;
KD-PD-10928__v001;KD-PD-10928;color;Белый;белый;
KD-PD-10917__v001;KD-PD-10917;category;Посуда и сервировка;посуда и сервировка;
KD-PD-10917__v001;KD-PD-10917;subcategory;Салатники, cупницы и глубокие тарелки;салатники, cупницы и глубокие тарелки;
KD-PD-10917__v001;KD-PD-10917;collection;Весенний сад;весенний сад;
KD-PD-10917__v001;KD-PD-10917;material;Фарфор;фарфор;
KD-PD-10917__v001;KD-PD-10917;size;30 мл;30 мл;
KD-PD-10917__v001;KD-PD-10917;price;1112;1112;1112
KD-PD-10917__v001;KD-PD-10917;old_price;1390;1390;1390
KD-PD-10917__v001;KD-PD-10917;volume;30 мл;30 мл;
KD-PD-10917__v001;KD-PD-10917;composition;100% фарфор;100% фарфор;
KD-PD-10917__v001;KD-PD-10917;color;Белый;белый;
KD-PD-10915__v001;KD-PD-10915;category;Посуда и сервировка;посуда и сервировка;
KD-PD-10915__v001;KD-PD-10915;subcategory;Салатники, cупницы и глубокие тарелки;салатники, cупницы и глубокие тарелки;
KD-PD-10915__v001;KD-PD-10915;collection;Весенний сад;весенний сад;
KD-PD-10915__v001;KD-PD-10915;material;Фарфор;фарфор;
KD-PD-10915__v001;KD-PD-10915;size;300 мл;300 мл;
KD-PD-10915__v001;KD-PD-10915;price;3672;3672;3672
KD-PD-10915__v001;KD-PD-10915;old_price;4590;4590;4590
KD-PD-10915__v001;KD-PD-10915;volume;300 мл;300 мл;
KD-PD-10915__v001;KD-PD-10915;composition;100% фарфор;100% фарфор;
KD-PD-10915__v001;KD-PD-10915;color;Белый;белый;
KD-PD-10924__v001;KD-PD-10924;category;Посуда и сервировка;посуда и сервировка;
KD-PD-10924__v001;KD-PD-10924;subcategory;Чайники, молочники и сахарницы;чайники, молочники и са×арницы;
KD-PD-10924__v001;KD-PD-10924;collection;Весенний сад;весенний сад;
KD-PD-10924__v001;KD-PD-10924;material;Фарфор;фарфор;
KD-PD-10924__v001;KD-PD-10924;size;300 мл;300 мл;
KD-PD-10924__v001;KD-PD-10924;price;3032;3032;3032
KD-PD-10924__v001;KD-PD-10924;old_price;3790;3790;3790
KD-PD-10924__v001;KD-PD-10924;volume;300 мл;300 мл;
KD-PD-10924__v001;KD-PD-10924;composition;100% фарфор;100% фарфор;
KD-PD-10924__v001;KD-PD-10924;color;Белый;белый;
KD-PD-10927__v001;KD-PD-10927;category;Посуда и сервировка;посуда и сервировка;
KD-PD-10927__v001;KD-PD-10927;subcategory;Блюда и подача;блюда и подача;
KD-PD-10927__v001;KD-PD-10927;collection;Весенний сад;весенний сад;
KD-PD-10927__v001;KD-PD-10927;material;Фарфор;фарфор;
KD-PD-10927__v001;KD-PD-10927;size;8 см;8 см;
KD-PD-10927__v001;KD-PD-10927;price;1032;1032;1032
KD-PD-10927__v001;KD-PD-10927;old_price;1290;1290;1290
KD-PD-10927__v001;KD-PD-10927;volume;70 мл;70 мл;
KD-PD-10927__v001;KD-PD-10927;composition;100% фарфор;100% фарфор;
KD-PD-10927__v001;KD-PD-10927;color;Белый;белый;
KD-PD-10926__v001;KD-PD-10926;category;Посуда и сервировка;посуда и сервировка;
KD-PD-10926__v001;KD-PD-10926;subcategory;Блюда и подача;блюда и подача;
KD-PD-10926__v001;KD-PD-10926;collection;Весенний сад;весенний сад;
KD-PD-10926__v001;KD-PD-10926;material;Фарфор;фарфор;
KD-PD-10926__v001;KD-PD-10926;size;150 мл;150 мл;
KD-PD-10926__v001;KD-PD-10926;price;2232;2232;2232
KD-PD-10926__v001;KD-PD-10926;old_price;2790;2790;2790
KD-PD-10926__v001;KD-PD-10926;volume;150 мл;150 мл;
KD-PD-10926__v001;KD-PD-10926;composition;100% фарфор;100% фарфор;
KD-PD-10926__v001;KD-PD-10926;color;Белый;белый;
KD-PD-10918__v001;KD-PD-10918;category;Посуда и сервировка;посуда и сервировка;
KD-PD-10918__v001;KD-PD-10918;subcategory;Тарелки;тарелки;
KD-PD-10918__v001;KD-PD-10918;collection;Весенний сад;весенний сад;
KD-PD-10918__v001;KD-PD-10918;material;Фарфор;фарфор;
KD-PD-10918__v001;KD-PD-10918;size;19 см;19 см;
KD-PD-10918__v001;KD-PD-10918;price;1992;1992;1992
KD-PD-10918__v001;KD-PD-10918;old_price;2490;2490;2490
KD-PD-10918__v001;KD-PD-10918;diameter;19 см;19 см;
KD-PD-10918__v001;KD-PD-10918;composition;100% фарфор;100% фарфор;
KD-PD-10918__v001;KD-PD-10918;color;Белый;белый;
KD-PD-10919__v001;KD-PD-10919;category;Посуда и сервировка;посуда и сервировка;
KD-PD-10919__v001;KD-PD-10919;subcategory;Тарелки;тарелки;
KD-PD-10919__v001;KD-PD-10919;collection;Весенний сад;весенний сад;
KD-PD-10919__v001;KD-PD-10919;material;Фарфор;фарфор;
KD-PD-10919__v001;KD-PD-10919;size;23 см;23 см;
KD-PD-10919__v001;KD-PD-10919;price;2232;2232;2232
KD-PD-10919__v001;KD-PD-10919;old_price;2790;2790;2790
KD-PD-10919__v001;KD-PD-10919;diameter;23 см;23 см;
KD-PD-10919__v001;KD-PD-10919;composition;100% фарфор;100% фарфор;
KD-PD-10919__v001;KD-PD-10919;color;Белый;белый;
KD-PD-10920__v001;KD-PD-10920;category;Посуда и сервировка;посуда и сервировка;
KD-PD-10920__v001;KD-PD-10920;subcategory;Тарелки;тарелки;
KD-PD-10920__v001;KD-PD-10920;collection;Весенний сад;весенний сад;
KD-PD-10920__v001;KD-PD-10920;material;Фарфор;фарфор;
KD-PD-10920__v001;KD-PD-10920;size;27 см;27 см;
KD-PD-10920__v001;KD-PD-10920;price;2632;2632;2632
KD-PD-10920__v001;KD-PD-10920;old_price;3290;3290;3290
KD-PD-10920__v001;KD-PD-10920;diameter;27 см;27 см;
KD-PD-10920__v001;KD-PD-10920;composition;100% фарфор;100% фарфор;
KD-PD-10920__v001;KD-PD-10920;color;Белый;белый;
KD-PD-10921__v001;KD-PD-10921;category;Посуда и сервировка;посуда и сервировка;
KD-PD-10921__v001;KD-PD-10921;subcategory;Тарелки;тарелки;
KD-PD-10921__v001;KD-PD-10921;collection;Весенний сад;весенний сад;
KD-PD-10921__v001;KD-PD-10921;material;Фарфор;фарфор;
KD-PD-10921__v001;KD-PD-10921;size;30 см;30 см;
KD-PD-10921__v001;KD-PD-10921;price;4392;4392;4392
KD-PD-10921__v001;KD-PD-10921;old_price;5490;5490;5490
KD-PD-10921__v001;KD-PD-10921;composition;100% фарфор;100% фарфор;
KD-PD-10921__v001;KD-PD-10921;color;Белый;белый;
KD-PD-10922__v001;KD-PD-10922;category;Посуда и сервировка;посуда и сервировка;
KD-PD-10922__v001;KD-PD-10922;subcategory;Кружки, чайные и кофейные пары;кружки, чайные и кофейные пары;
KD-PD-10922__v001;KD-PD-10922;collection;Весенний сад;весенний сад;
KD-PD-10922__v001;KD-PD-10922;material;Фарфор;фарфор;
KD-PD-10922__v001;KD-PD-10922;size;250 мл;250 мл;
KD-PD-10922__v001;KD-PD-10922;price;2792;2792;2792
KD-PD-10922__v001;KD-PD-10922;old_price;3490;3490;3490
KD-PD-10922__v001;KD-PD-10922;volume;250 мл;250 мл;
KD-PD-10922__v001;KD-PD-10922;composition;100% фарфор;100% фарфор;
KD-PD-10922__v001;KD-PD-10922;color;Белый;белый;
KD-PD-10923__v001;KD-PD-10923;category;Посуда и сервировка;посуда и сервировка;
KD-PD-10923__v001;KD-PD-10923;subcategory;Чайники, молочники и сахарницы;чайники, молочники и са×арницы;
KD-PD-10923__v001;KD-PD-10923;collection;Весенний сад;весенний сад;
KD-PD-10923__v001;KD-PD-10923;material;Фарфор;фарфор;
KD-PD-10923__v001;KD-PD-10923;size;1300 мл;1300 мл;
KD-PD-10923__v001;KD-PD-10923;price;6392;6392;6392
KD-PD-10923__v001;KD-PD-10923;old_price;7990;7990;7990
KD-PD-10923__v001;KD-PD-10923;volume;1300 мл;1300 мл;
KD-PD-10923__v001;KD-PD-10923;composition;100% фарфор;100% фарфор;
KD-PD-10923__v001;KD-PD-10923;color;Белый;белый;
KD-PD-10944__v001;KD-PD-10944;category;Посуда и сервировка;посуда и сервировка;
KD-PD-10944__v001;KD-PD-10944;subcategory;Блюда и подача;блюда и подача;
KD-PD-10944__v001;KD-PD-10944;collection;Дияф;дияф;
KD-PD-10944__v001;KD-PD-10944;material;Фарфор;фарфор;
KD-PD-10944__v001;KD-PD-10944;size;32 см;32 см;
KD-PD-10944__v001;KD-PD-10944;price;6990;6990;6990
KD-PD-10944__v001;KD-PD-10944;composition;100% фарфор;100% фарфор;
KD-PD-10944__v001;KD-PD-10944;color;Белый;белый;
KD-PD-10944__v001;KD-PD-10944;color;Голубой;голубой;
KD-PD-11006__v001;KD-PD-11006;category;Столовый текстиль;столовый текстиль;
KD-PD-11006__v001;KD-PD-11006;subcategory;Столовый текстиль;столовый текстиль;
KD-PD-11006__v001;KD-PD-11006;collection;Дияф;дияф;
KD-PD-11006__v001;KD-PD-11006;material;Хлопок;×лопок;
KD-PD-11006__v001;KD-PD-11006;size;50×120 см;50×120 см;
KD-PD-11006__v001;KD-PD-11006;price;4490;4490;4490
KD-PD-11006__v001;KD-PD-11006;height;50 см;50 см;
KD-PD-11006__v001;KD-PD-11006;width;120 см;120 см;
KD-PD-11006__v001;KD-PD-11006;composition;100% Хлопок;100%×лопок;
KD-PD-11006__v001;KD-PD-11006;color;Белый;белый;
KD-PD-11006__v001;KD-PD-11006;color;Золотой;золотой;
KD-PD-10945__v001;KD-PD-10945;category;Посуда и сервировка;посуда и сервировка;
KD-PD-10945__v001;KD-PD-10945;subcategory;Салатники, cупницы и глубокие тарелки;салатники, cупницы и глубокие тарелки;
KD-PD-10945__v001;KD-PD-10945;collection;Дияф;дияф;
KD-PD-10945__v001;KD-PD-10945;material;Фарфор;фарфор;
KD-PD-10945__v001;KD-PD-10945;size;370 мл;370 мл;
KD-PD-10945__v001;KD-PD-10945;price;2190;2190;2190
KD-PD-10945__v001;KD-PD-10945;volume;370 мл;370 мл;
KD-PD-10945__v001;KD-PD-10945;composition;100% фарфор;100% фарфор;
KD-PD-10945__v001;KD-PD-10945;color;Белый;белый;
KD-PD-10945__v001;KD-PD-10945;color;Голубой;голубой;
KD-PD-10590__v001;KD-PD-10590;category;Столовый текстиль;столовый текстиль;
KD-PD-10590__v001;KD-PD-10590;subcategory;Столовый текстиль;столовый текстиль;
KD-PD-10590__v001;KD-PD-10590;collection;Дияф;дияф;
KD-PD-10590__v001;KD-PD-10590;material;Хлопок;×лопок;
KD-PD-10590__v001;KD-PD-10590;size;43×43 см;43×43 см;
KD-PD-10590__v001;KD-PD-10590;price;2590;2590;2590
KD-PD-10590__v001;KD-PD-10590;height;43 см;43 см;
KD-PD-10590__v001;KD-PD-10590;width;43 см;43 см;
KD-PD-10590__v001;KD-PD-10590;composition;100% Хлопок;100%×лопок;
KD-PD-10590__v001;KD-PD-10590;color;Белый;белый;
KD-PD-10590__v001;KD-PD-10590;color;Золотой;золотой;
KD-PD-10591__v001;KD-PD-10591;category;Столовый текстиль;столовый текстиль;
KD-PD-10591__v001;KD-PD-10591;subcategory;Столовый текстиль;столовый текстиль;
KD-PD-10591__v001;KD-PD-10591;collection;Дияф;дияф;
KD-PD-10591__v001;KD-PD-10591;material;Хлопок;×лопок;
KD-PD-10591__v001;KD-PD-10591;size;45×45 см;45×45 см;
KD-PD-10591__v001;KD-PD-10591;price;1990;1990;1990
KD-PD-10591__v001;KD-PD-10591;height;45 см;45 см;
KD-PD-10591__v001;KD-PD-10591;width;45 см;45 см;
KD-PD-10591__v001;KD-PD-10591;composition;100% Хлопок;100%×лопок;
KD-PD-10591__v001;KD-PD-10591;color;Белый;белый;
KD-PD-10591__v001;KD-PD-10591;color;Золотой;золотой;
KD-PD-10950__v001;KD-PD-10950;category;Посуда и сервировка;посуда и сервировка;
KD-PD-10950__v001;KD-PD-10950;subcategory;Чайники, молочники и сахарницы;чайники, молочники и са×арницы;
KD-PD-10950__v001;KD-PD-10950;collection;Дияф;дияф;
KD-PD-10950__v001;KD-PD-10950;material;Фарфор;фарфор;
KD-PD-10950__v001;KD-PD-10950;size;300 мл;300 мл;
KD-PD-10950__v001;KD-PD-10950;price;3490;3490;3490
KD-PD-10950__v001;KD-PD-10950;volume;300 мл;300 мл;
KD-PD-10950__v001;KD-PD-10950;composition;100% фарфор;100% фарфор;
KD-PD-10950__v001;KD-PD-10950;color;Белый;белый;
KD-PD-10950__v001;KD-PD-10950;color;Голубой;голубой;
KD-PD-10459__v001;KD-PD-10459;category;Столовый текстиль;столовый текстиль;
KD-PD-10459__v001;KD-PD-10459;subcategory;Столовый текстиль;столовый текстиль;
KD-PD-10459__v001;KD-PD-10459;collection;Дияф;дияф;
KD-PD-10459__v001;KD-PD-10459;material;Хлопок;×лопок;
KD-PD-10459__v001;KD-PD-10459;size;180×250 см;180×250 см;
KD-PD-10459__v001;KD-PD-10459;price;22900;22900;22900
KD-PD-10459__v001;KD-PD-10459;height;180 см;180 см;
KD-PD-10459__v001;KD-PD-10459;width;250 см;250 см;
KD-PD-10459__v001;KD-PD-10459;composition;100% Хлопок;100%×лопок;
KD-PD-10459__v001;KD-PD-10459;color;Белый;белый;
KD-PD-10459__v001;KD-PD-10459;color;Золотой;золотой;
KD-PD-10459__v002;KD-PD-10459;category;Столовый текстиль;столовый текстиль;
KD-PD-10459__v002;KD-PD-10459;subcategory;Столовый текстиль;столовый текстиль;
KD-PD-10459__v002;KD-PD-10459;collection;Дияф;дияф;
KD-PD-10459__v002;KD-PD-10459;material;Хлопок;×лопок;
KD-PD-10459__v002;KD-PD-10459;size;180×350 см;180×350 см;
KD-PD-10459__v002;KD-PD-10459;price;22900;22900;22900
KD-PD-10459__v002;KD-PD-10459;height;180 см;180 см;
KD-PD-10459__v002;KD-PD-10459;width;350 см;350 см;
KD-PD-10459__v002;KD-PD-10459;composition;100% Хлопок;100%×лопок;
KD-PD-10459__v002;KD-PD-10459;color;Белый;белый;
KD-PD-10459__v002;KD-PD-10459;color;Золотой;золотой;
KD-PD-10946__v001;KD-PD-10946;category;Посуда и сервировка;посуда и сервировка;
KD-PD-10946__v001;KD-PD-10946;subcategory;Тарелки;тарелки;
KD-PD-10946__v001;KD-PD-10946;collection;Дияф;дияф;
KD-PD-10946__v001;KD-PD-10946;material;Фарфор;фарфор;
KD-PD-10946__v001;KD-PD-10946;size;21 см;21 см;
KD-PD-10946__v001;KD-PD-10946;price;2190;2190;2190
KD-PD-10946__v001;KD-PD-10946;diameter;21 см;21 см;
KD-PD-10946__v001;KD-PD-10946;composition;100% фарфор;100% фарфор;
KD-PD-10946__v001;KD-PD-10946;color;Белый;белый;
KD-PD-10946__v001;KD-PD-10946;color;Голубой;голубой;
KD-PD-10947__v001;KD-PD-10947;category;Посуда и сервировка;посуда и сервировка;
KD-PD-10947__v001;KD-PD-10947;subcategory;Тарелки;тарелки;
KD-PD-10947__v001;KD-PD-10947;collection;Дияф;дияф;
KD-PD-10947__v001;KD-PD-10947;material;Фарфор;фарфор;
KD-PD-10947__v001;KD-PD-10947;size;24 см;24 см;
KD-PD-10947__v001;KD-PD-10947;price;3190;3190;3190
KD-PD-10947__v001;KD-PD-10947;diameter;24 см;24 см;
KD-PD-10947__v001;KD-PD-10947;composition;100% фарфор;100% фарфор;
KD-PD-10947__v001;KD-PD-10947;color;Белый;белый;
KD-PD-10947__v001;KD-PD-10947;color;Голубой;голубой;
KD-PD-10948__v001;KD-PD-10948;category;Посуда и сервировка;посуда и сервировка;
KD-PD-10948__v001;KD-PD-10948;subcategory;Тарелки;тарелки;
KD-PD-10948__v001;KD-PD-10948;collection;Дияф;дияф;
KD-PD-10948__v001;KD-PD-10948;material;Фарфор;фарфор;
KD-PD-10948__v001;KD-PD-10948;size;27 см;27 см;
KD-PD-10948__v001;KD-PD-10948;price;3990;3990;3990
KD-PD-10948__v001;KD-PD-10948;diameter;27 см;27 см;
KD-PD-10948__v001;KD-PD-10948;composition;100% фарфор;100% фарфор;
KD-PD-10948__v001;KD-PD-10948;color;Белый;белый;
KD-PD-10948__v001;KD-PD-10948;color;Голубой;голубой;
KD-PD-10951__v001;KD-PD-10951;category;Посуда и сервировка;посуда и сервировка;
KD-PD-10951__v001;KD-PD-10951;subcategory;Кружки, чайные и кофейные пары;кружки, чайные и кофейные пары;
KD-PD-10951__v001;KD-PD-10951;collection;Дияф;дияф;
KD-PD-10951__v001;KD-PD-10951;material;Фарфор;фарфор;
KD-PD-10951__v001;KD-PD-10951;size;250 мл;250 мл;
KD-PD-10951__v001;KD-PD-10951;price;3990;3990;3990
KD-PD-10951__v001;KD-PD-10951;volume;250 мл;250 мл;
KD-PD-10951__v001;KD-PD-10951;composition;100% фарфор;100% фарфор;
KD-PD-10951__v001;KD-PD-10951;color;Белый;белый;
KD-PD-10951__v001;KD-PD-10951;color;Голубой;голубой;
KD-PD-10949__v001;KD-PD-10949;category;Посуда и сервировка;посуда и сервировка;
KD-PD-10949__v001;KD-PD-10949;subcategory;Чайники, молочники и сахарницы;чайники, молочники и са×арницы;
KD-PD-10949__v001;KD-PD-10949;collection;Дияф;дияф;
KD-PD-10949__v001;KD-PD-10949;material;Фарфор;фарфор;
KD-PD-10949__v001;KD-PD-10949;size;650 мл;650 мл;
KD-PD-10949__v001;KD-PD-10949;price;4990;4990;4990
KD-PD-10949__v001;KD-PD-10949;volume;650 мл;650 мл;
KD-PD-10949__v001;KD-PD-10949;composition;100% фарфор;100% фарфор;
KD-PD-10949__v001;KD-PD-10949;color;Белый;белый;
KD-PD-10949__v001;KD-PD-10949;color;Голубой;голубой;
KD-PD-10287__v001;KD-PD-10287;category;Посуда и сервировка;посуда и сервировка;
KD-PD-10287__v001;KD-PD-10287;subcategory;Блюда и подача;блюда и подача;
KD-PD-10287__v001;KD-PD-10287;collection;Дрёмица;дремица;
KD-PD-10287__v001;KD-PD-10287;material;Дерево / Металл;дерево / металл;
KD-PD-10287__v001;KD-PD-10287;size;30 см;30 см;
KD-PD-10287__v001;KD-PD-10287;price;9900;9900;9900
KD-PD-10287__v001;KD-PD-10287;height;17 см;17 см;
KD-PD-10287__v001;KD-PD-10287;width;30 см;30 см;
KD-PD-10287__v001;KD-PD-10287;composition;дуб;дуб;
KD-PD-10287__v001;KD-PD-10287;color;Коричневый;коричневый;
KD-PD-10127__v001;KD-PD-10127;category;Декор для дома;декор для дома;
KD-PD-10127__v001;KD-PD-10127;subcategory;Подносы;подносы;
KD-PD-10127__v001;KD-PD-10127;collection;Дрёмица;дремица;
KD-PD-10127__v001;KD-PD-10127;material;Дерево / Металл;дерево / металл;
KD-PD-10127__v001;KD-PD-10127;size;480 см;480 см;
KD-PD-10127__v001;KD-PD-10127;price;49900;49900;49900
KD-PD-10127__v001;KD-PD-10127;height;480 см;480 см;
KD-PD-10127__v001;KD-PD-10127;width;310 см;310 см;
KD-PD-10127__v001;KD-PD-10127;composition;Американский орех;американский оре×;
KD-PD-10127__v001;KD-PD-10127;color;Коричневый;коричневый;
KD-PD-10127__v002;KD-PD-10127;category;Декор для дома;декор для дома;
KD-PD-10127__v002;KD-PD-10127;subcategory;Подносы;подносы;
KD-PD-10127__v002;KD-PD-10127;collection;Дрёмица;дремица;
KD-PD-10127__v002;KD-PD-10127;material;Дерево / Металл;дерево / металл;
KD-PD-10127__v002;KD-PD-10127;size;280 см;280 см;
KD-PD-10127__v002;KD-PD-10127;price;39900;39900;39900
KD-PD-10127__v002;KD-PD-10127;height;280 см;280 см;
KD-PD-10127__v002;KD-PD-10127;width;280 см;280 см;
KD-PD-10127__v002;KD-PD-10127;composition;Американский орех;американский оре×;
KD-PD-10127__v002;KD-PD-10127;color;Коричневый;коричневый;
KD-PD-10283__v001;KD-PD-10283;category;Декор для дома;декор для дома;
KD-PD-10283__v001;KD-PD-10283;subcategory;Декор для дома;декор для дома;
KD-PD-10283__v001;KD-PD-10283;collection;Дрёмица;дремица;
KD-PD-10283__v001;KD-PD-10283;material;Дерево / Металл;дерево / металл;
KD-PD-10283__v001;KD-PD-10283;size;Единый размер;единый размер;
KD-PD-10283__v001;KD-PD-10283;price;8900;8900;8900
KD-PD-10283__v001;KD-PD-10283;composition;Дуб;дуб;
KD-PD-10283__v001;KD-PD-10283;color;Коричневый;коричневый;
KD-PD-10284__v001;KD-PD-10284;category;Декор для дома;декор для дома;
KD-PD-10284__v001;KD-PD-10284;subcategory;Декор для дома;декор для дома;
KD-PD-10284__v001;KD-PD-10284;collection;Дрёмица;дремица;
KD-PD-10284__v001;KD-PD-10284;material;Дерево / Металл;дерево / металл;
KD-PD-10284__v001;KD-PD-10284;size;Единый размер;единый размер;
KD-PD-10284__v001;KD-PD-10284;price;19900;19900;19900
KD-PD-10284__v001;KD-PD-10284;composition;Дуб;дуб;
KD-PD-10284__v001;KD-PD-10284;color;Коричневый;коричневый;
KD-PD-10256__v001;KD-PD-10256;category;Посуда и сервировка;посуда и сервировка;
KD-PD-10256__v001;KD-PD-10256;subcategory;Кружки, чайные и кофейные пары;кружки, чайные и кофейные пары;
KD-PD-10256__v001;KD-PD-10256;collection;Феникс;феникс;
KD-PD-10256__v001;KD-PD-10256;capsule;Феникс;феникс;
KD-PD-10256__v001;KD-PD-10256;size;450 мл;450 мл;
KD-PD-10256__v001;KD-PD-10256;price;2990;2990;2990
KD-PD-10256__v001;KD-PD-10256;volume;450 мл;450 мл;
KD-PD-10256__v001;KD-PD-10256;color;Белый;белый;
KD-PD-10256__v001;KD-PD-10256;color;Золотой;золотой;
KD-PD-10254__v001;KD-PD-10254;category;Посуда и сервировка;посуда и сервировка;
KD-PD-10254__v001;KD-PD-10254;subcategory;Кружки, чайные и кофейные пары;кружки, чайные и кофейные пары;
KD-PD-10254__v001;KD-PD-10254;collection;Феникс;феникс;
KD-PD-10254__v001;KD-PD-10254;capsule;Феникс;феникс;
KD-PD-10254__v001;KD-PD-10254;material;Фарфор;фарфор;
KD-PD-10254__v001;KD-PD-10254;size;250 мл;250 мл;
KD-PD-10254__v001;KD-PD-10254;price;5599;5599;5599
KD-PD-10254__v001;KD-PD-10254;volume;250 мл;250 мл;
KD-PD-10254__v001;KD-PD-10254;diameter;16 см;16 см;
KD-PD-10254__v001;KD-PD-10254;color;Белый;белый;
KD-PD-10254__v001;KD-PD-10254;color;Золотой;золотой;
KD-PD-2000__v001;KD-PD-2000;category;Пледы и подушки;пледы и подушки;
KD-PD-2000__v001;KD-PD-2000;subcategory;Декоративные подушки;декоративные подушки;
KD-PD-2000__v001;KD-PD-2000;collection;Ледяные узоры;ледяные узоры;
KD-PD-2000__v001;KD-PD-2000;capsule;Ледяные узоры;ледяные узоры;
KD-PD-2000__v001;KD-PD-2000;material;Хлопок;×лопок;
KD-PD-2000__v001;KD-PD-2000;size;50×50 см;50×50 см;
KD-PD-2000__v001;KD-PD-2000;price;5990;5990;5990
KD-PD-2000__v001;KD-PD-2000;height;50 см;50 см;
KD-PD-2000__v001;KD-PD-2000;width;50 см;50 см;
KD-PD-2000__v001;KD-PD-2000;composition;Внешняя часть: 100% хлопок, наполнитель: 100% пух;внешняя часть: 100%×лопок, наполнитель: 100% пу×;
KD-PD-2000__v001;KD-PD-2000;details;Декоративный орнамент «Ледяные узоры»;декоративный орнамент «ледяные узоры»;
KD-PD-2000__v001;KD-PD-2000;color;Ледяной Голубой;ледяной голубой;
KD-PD-2000__v002;KD-PD-2000;category;Пледы и подушки;пледы и подушки;
KD-PD-2000__v002;KD-PD-2000;subcategory;Декоративные подушки;декоративные подушки;
KD-PD-2000__v002;KD-PD-2000;collection;Ледяные узоры;ледяные узоры;
KD-PD-2000__v002;KD-PD-2000;capsule;Ледяные узоры;ледяные узоры;
KD-PD-2000__v002;KD-PD-2000;material;Хлопок;×лопок;
KD-PD-2000__v002;KD-PD-2000;size;50×50 см;50×50 см;
KD-PD-2000__v002;KD-PD-2000;price;5990;5990;5990
KD-PD-2000__v002;KD-PD-2000;height;50 см;50 см;
KD-PD-2000__v002;KD-PD-2000;width;50 см;50 см;
KD-PD-2000__v002;KD-PD-2000;composition;Внешняя часть: 100% хлопок, наполнитель: 100% пух;внешняя часть: 100%×лопок, наполнитель: 100% пу×;
KD-PD-2000__v002;KD-PD-2000;details;Декоративный орнамент «Ледяные узоры»;декоративный орнамент «ледяные узоры»;
KD-PD-2000__v002;KD-PD-2000;color;Белый;белый;
KD-PD-2000__v003;KD-PD-2000;category;Пледы и подушки;пледы и подушки;
KD-PD-2000__v003;KD-PD-2000;subcategory;Декоративные подушки;декоративные подушки;
KD-PD-2000__v003;KD-PD-2000;collection;Ледяные узоры;ледяные узоры;
KD-PD-2000__v003;KD-PD-2000;capsule;Ледяные узоры;ледяные узоры;
KD-PD-2000__v003;KD-PD-2000;material;Хлопок;×лопок;
KD-PD-2000__v003;KD-PD-2000;size;50×50 см;50×50 см;
KD-PD-2000__v003;KD-PD-2000;price;5990;5990;5990
KD-PD-2000__v003;KD-PD-2000;height;50 см;50 см;
KD-PD-2000__v003;KD-PD-2000;width;50 см;50 см;
KD-PD-2000__v003;KD-PD-2000;composition;Внешняя часть: 100% хлопок, наполнитель: 100% пух;внешняя часть: 100%×лопок, наполнитель: 100% пу×;
KD-PD-2000__v003;KD-PD-2000;details;Декоративный орнамент «Ледяные узоры»;декоративный орнамент «ледяные узоры»;
KD-PD-2000__v003;KD-PD-2000;color;Ночной синий;ночной синий;
KD-PD-2003__v001;KD-PD-2003;category;Пледы и подушки;пледы и подушки;
KD-PD-2003__v001;KD-PD-2003;subcategory;Плед;плед;
KD-PD-2003__v001;KD-PD-2003;collection;Ледяные узоры;ледяные узоры;
KD-PD-2003__v001;KD-PD-2003;capsule;Ледяные узоры;ледяные узоры;
KD-PD-2003__v001;KD-PD-2003;material;Шерсть и хлопок;шерсть и×лопок;
KD-PD-2003__v001;KD-PD-2003;size;140×200 см;140×200 см;
KD-PD-2003__v001;KD-PD-2003;price;12990;12990;12990
KD-PD-2003__v001;KD-PD-2003;height;140 см;140 см;
KD-PD-2003__v001;KD-PD-2003;width;200 см;200 см;
KD-PD-2003__v001;KD-PD-2003;composition;70% шерсть, 30% хлопок;70% шерсть, 30%×лопок;
KD-PD-2003__v001;KD-PD-2003;details;Жаккардовый орнамент;жаккардовый орнамент;
KD-PD-2003__v001;KD-PD-2003;color;Ледяной Голубой;ледяной голубой;
KD-PD-2010__v001;KD-PD-2010;category;Посуда и сервировка;посуда и сервировка;
KD-PD-2010__v001;KD-PD-2010;subcategory;Салатники, cупницы и глубокие тарелки;салатники, cупницы и глубокие тарелки;
KD-PD-2010__v001;KD-PD-2010;collection;Ледяные узоры;ледяные узоры;
KD-PD-2010__v001;KD-PD-2010;capsule;Ледяные узоры;ледяные узоры;
KD-PD-2010__v001;KD-PD-2010;material;Фарфор;фарфор;
KD-PD-2010__v001;KD-PD-2010;size;24 см;24 см;
KD-PD-2010__v001;KD-PD-2010;price;9990;9990;9990
KD-PD-2010__v001;KD-PD-2010;diameter;24 см;24 см;
KD-PD-2010__v001;KD-PD-2010;composition;100% костяной фарфор;100% костяной фарфор;
KD-PD-2010__v001;KD-PD-2010;details;Рельефный орнамент;рельефный орнамент;
KD-PD-2010__v001;KD-PD-2010;color;Белый;белый;
KD-PD-2010__v002;KD-PD-2010;category;Посуда и сервировка;посуда и сервировка;
KD-PD-2010__v002;KD-PD-2010;subcategory;Салатники, cупницы и глубокие тарелки;салатники, cупницы и глубокие тарелки;
KD-PD-2010__v002;KD-PD-2010;collection;Ледяные узоры;ледяные узоры;
KD-PD-2010__v002;KD-PD-2010;capsule;Ледяные узоры;ледяные узоры;
KD-PD-2010__v002;KD-PD-2010;material;Фарфор;фарфор;
KD-PD-2010__v002;KD-PD-2010;size;24 см;24 см;
KD-PD-2010__v002;KD-PD-2010;price;9990;9990;9990
KD-PD-2010__v002;KD-PD-2010;diameter;24 см;24 см;
KD-PD-2010__v002;KD-PD-2010;composition;100% костяной фарфор;100% костяной фарфор;
KD-PD-2010__v002;KD-PD-2010;details;Рельефный орнамент;рельефный орнамент;
KD-PD-2010__v002;KD-PD-2010;color;Ночной синий;ночной синий;
KD-PD-2001__v001;KD-PD-2001;category;Посуда и сервировка;посуда и сервировка;
KD-PD-2001__v001;KD-PD-2001;subcategory;Тарелки;тарелки;
KD-PD-2001__v001;KD-PD-2001;collection;Ледяные узоры;ледяные узоры;
KD-PD-2001__v001;KD-PD-2001;capsule;Ледяные узоры;ледяные узоры;
KD-PD-2001__v001;KD-PD-2001;material;Фарфор;фарфор;
KD-PD-2001__v001;KD-PD-2001;size;23 см;23 см;
KD-PD-2001__v001;KD-PD-2001;price;7990;7990;7990
KD-PD-2001__v001;KD-PD-2001;diameter;23 см;23 см;
KD-PD-2001__v001;KD-PD-2001;composition;100% костяной фарфор;100% костяной фарфор;
KD-PD-2001__v001;KD-PD-2001;details;Рельефный орнамент;рельефный орнамент;
KD-PD-2001__v001;KD-PD-2001;color;Ночной синий;ночной синий;
KD-PD-2001__v002;KD-PD-2001;category;Посуда и сервировка;посуда и сервировка;
KD-PD-2001__v002;KD-PD-2001;subcategory;Тарелки;тарелки;
KD-PD-2001__v002;KD-PD-2001;collection;Ледяные узоры;ледяные узоры;
KD-PD-2001__v002;KD-PD-2001;capsule;Ледяные узоры;ледяные узоры;
KD-PD-2001__v002;KD-PD-2001;material;Фарфор;фарфор;
KD-PD-2001__v002;KD-PD-2001;size;23 см;23 см;
KD-PD-2001__v002;KD-PD-2001;price;7990;7990;7990
KD-PD-2001__v002;KD-PD-2001;diameter;23 см;23 см;
KD-PD-2001__v002;KD-PD-2001;composition;100% костяной фарфор;100% костяной фарфор;
KD-PD-2001__v002;KD-PD-2001;details;Рельефный орнамент;рельефный орнамент;
KD-PD-2001__v002;KD-PD-2001;color;Белый;белый;
KD-PD-2004__v001;KD-PD-2004;category;Посуда и сервировка;посуда и сервировка;
KD-PD-2004__v001;KD-PD-2004;subcategory;Кружки, чайные и кофейные пары;кружки, чайные и кофейные пары;
KD-PD-2004__v001;KD-PD-2004;collection;Ледяные узоры;ледяные узоры;
KD-PD-2004__v001;KD-PD-2004;capsule;Ледяные узоры;ледяные узоры;
KD-PD-2004__v001;KD-PD-2004;material;Фарфор;фарфор;
KD-PD-2004__v001;KD-PD-2004;size;250 мл;250 мл;
KD-PD-2004__v001;KD-PD-2004;price;6990;6990;6990
KD-PD-2004__v001;KD-PD-2004;diameter;15 см;15 см;
KD-PD-2004__v001;KD-PD-2004;composition;100% костяной фарфор;100% костяной фарфор;
KD-PD-2004__v001;KD-PD-2004;details;Рельефный орнамент;рельефный орнамент;
KD-PD-2004__v001;KD-PD-2004;color;Белый;белый;
KD-PD-10376__v001;KD-PD-10376;category;Постельное белье;постельное белье;
KD-PD-10376__v001;KD-PD-10376;subcategory;Постельное белье;постельное белье;
KD-PD-10376__v001;KD-PD-10376;collection;Нити;нити;
KD-PD-10376__v001;KD-PD-10376;capsule;Нити;нити;
KD-PD-10376__v001;KD-PD-10376;material;Сатин;сатин;
KD-PD-10376__v001;KD-PD-10376;size;Евро 200×220 см;евро 200×220 см;
KD-PD-10376__v001;KD-PD-10376;price;32900;32900;32900
KD-PD-10376__v001;KD-PD-10376;height;200 см;200 см;
KD-PD-10376__v001;KD-PD-10376;width;220 см;220 см;
KD-PD-10376__v001;KD-PD-10376;composition;100% сатин;100% сатин;
KD-PD-10376__v001;KD-PD-10376;color;Голубой;голубой;
KD-PD-10376__v002;KD-PD-10376;category;Постельное белье;постельное белье;
KD-PD-10376__v002;KD-PD-10376;subcategory;Постельное белье;постельное белье;
KD-PD-10376__v002;KD-PD-10376;collection;Нити;нити;
KD-PD-10376__v002;KD-PD-10376;capsule;Нити;нити;
KD-PD-10376__v002;KD-PD-10376;material;Сатин;сатин;
KD-PD-10376__v002;KD-PD-10376;size;Кинг сайз 220×240 см;кинг сайз 220×240 см;
KD-PD-10376__v002;KD-PD-10376;price;43900;43900;43900
KD-PD-10376__v002;KD-PD-10376;height;220 см;220 см;
KD-PD-10376__v002;KD-PD-10376;width;240 см;240 см;
KD-PD-10376__v002;KD-PD-10376;composition;100% сатин;100% сатин;
KD-PD-10376__v002;KD-PD-10376;color;Голубой;голубой;
KD-PD-10599__v001;KD-PD-10599;category;Пледы и подушки;пледы и подушки;
KD-PD-10599__v001;KD-PD-10599;subcategory;Декоративные подушки;декоративные подушки;
KD-PD-10599__v001;KD-PD-10599;collection;Нити;нити;
KD-PD-10599__v001;KD-PD-10599;capsule;Нити;нити;
KD-PD-10599__v001;KD-PD-10599;size;45×45 см;45×45 см;
KD-PD-10599__v001;KD-PD-10599;price;5490;5490;5490
KD-PD-10599__v001;KD-PD-10599;height;45 см;45 см;
KD-PD-10599__v001;KD-PD-10599;width;45 см;45 см;
KD-PD-10599__v001;KD-PD-10599;color;Голубой;голубой;
KD-PD-8695__v001;KD-PD-8695;category;Декор для дома;декор для дома;
KD-PD-8695__v001;KD-PD-8695;subcategory;Свечи и диффузоры;свечи и диффузоры;
KD-PD-8695__v001;KD-PD-8695;collection;Росы;росы;
KD-PD-8695__v001;KD-PD-8695;material;Хрусталь;×русталь;
KD-PD-8695__v001;KD-PD-8695;size;Единый размер;единый размер;
KD-PD-8695__v001;KD-PD-8695;price;6900;6900;6900
KD-PD-8695__v001;KD-PD-8695;composition;100% хрусталь;100%×русталь;
KD-PD-8695__v001;KD-PD-8695;color;Прозрачный;прозрачный;
KD-PD-10375__v001;KD-PD-10375;category;Постельное белье;постельное белье;
KD-PD-10375__v001;KD-PD-10375;subcategory;Постельное белье;постельное белье;
KD-PD-10375__v001;KD-PD-10375;collection;Тайна;тайна;
KD-PD-10375__v001;KD-PD-10375;capsule;Тайна;тайна;
KD-PD-10375__v001;KD-PD-10375;material;Сатин;сатин;
KD-PD-10375__v001;KD-PD-10375;size;Евро 200×220 см;евро 200×220 см;
KD-PD-10375__v001;KD-PD-10375;price;32900;32900;32900
KD-PD-10375__v001;KD-PD-10375;height;200 см;200 см;
KD-PD-10375__v001;KD-PD-10375;width;220 см;220 см;
KD-PD-10375__v001;KD-PD-10375;composition;100% сатин;100% сатин;
KD-PD-10375__v001;KD-PD-10375;color;Голубой;голубой;
KD-PD-10375__v002;KD-PD-10375;category;Постельное белье;постельное белье;
KD-PD-10375__v002;KD-PD-10375;subcategory;Постельное белье;постельное белье;
KD-PD-10375__v002;KD-PD-10375;collection;Тайна;тайна;
KD-PD-10375__v002;KD-PD-10375;capsule;Тайна;тайна;
KD-PD-10375__v002;KD-PD-10375;material;Сатин;сатин;
KD-PD-10375__v002;KD-PD-10375;size;Кинг сайз 220×240 см;кинг сайз 220×240 см;
KD-PD-10375__v002;KD-PD-10375;price;43900;43900;43900
KD-PD-10375__v002;KD-PD-10375;height;220 см;220 см;
KD-PD-10375__v002;KD-PD-10375;width;240 см;240 см;
KD-PD-10375__v002;KD-PD-10375;composition;100% сатин;100% сатин;
KD-PD-10375__v002;KD-PD-10375;color;Голубой;голубой;
KD-PD-10260__v001;KD-PD-10260;category;Посуда и сервировка;посуда и сервировка;
KD-PD-10260__v001;KD-PD-10260;subcategory;Кружки, чайные и кофейные пары;кружки, чайные и кофейные пары;
KD-PD-10260__v001;KD-PD-10260;collection;Тайна;тайна;
KD-PD-10260__v001;KD-PD-10260;capsule;Тайна;тайна;
KD-PD-10260__v001;KD-PD-10260;material;Костяной фарфор;костяной фарфор;
KD-PD-10260__v001;KD-PD-10260;size;450 мл;450 мл;
KD-PD-10260__v001;KD-PD-10260;price;4599;4599;4599
KD-PD-10260__v001;KD-PD-10260;volume;450 мл;450 мл;
KD-PD-10260__v001;KD-PD-10260;composition;100% костяной фарфор;100% костяной фарфор;
KD-PD-10260__v001;KD-PD-10260;color;Белый;белый;
KD-PD-10260__v001;KD-PD-10260;color;Голубой;голубой;
KD-PD-10597__v001;KD-PD-10597;category;Пледы и подушки;пледы и подушки;
KD-PD-10597__v001;KD-PD-10597;subcategory;Декоративные подушки;декоративные подушки;
KD-PD-10597__v001;KD-PD-10597;collection;Тайна;тайна;
KD-PD-10597__v001;KD-PD-10597;capsule;Тайна;тайна;
KD-PD-10597__v001;KD-PD-10597;material;Бархат;бар×ат;
KD-PD-10597__v001;KD-PD-10597;size;40×40 см;40×40 см;
KD-PD-10597__v001;KD-PD-10597;price;3599;3599;3599
KD-PD-10597__v001;KD-PD-10597;height;40 см;40 см;
KD-PD-10597__v001;KD-PD-10597;width;40 см;40 см;
KD-PD-10597__v001;KD-PD-10597;color;Белый;белый;
KD-PD-10597__v002;KD-PD-10597;category;Пледы и подушки;пледы и подушки;
KD-PD-10597__v002;KD-PD-10597;subcategory;Декоративные подушки;декоративные подушки;
KD-PD-10597__v002;KD-PD-10597;collection;Тайна;тайна;
KD-PD-10597__v002;KD-PD-10597;capsule;Тайна;тайна;
KD-PD-10597__v002;KD-PD-10597;material;Бархат;бар×ат;
KD-PD-10597__v002;KD-PD-10597;size;40×60 см;40×60 см;
KD-PD-10597__v002;KD-PD-10597;price;4599;4599;4599
KD-PD-10597__v002;KD-PD-10597;height;40 см;40 см;
KD-PD-10597__v002;KD-PD-10597;width;60 см;60 см;
KD-PD-10597__v002;KD-PD-10597;color;Голубой;голубой;
KD-PD-10981__v001;KD-PD-10981;category;Декор для дома;декор для дома;
KD-PD-10981__v001;KD-PD-10981;subcategory;Свечи и диффузоры;свечи и диффузоры;
KD-PD-10981__v001;KD-PD-10981;collection;Тайна;тайна;
KD-PD-10981__v001;KD-PD-10981;capsule;Тайна;тайна;
KD-PD-10981__v001;KD-PD-10981;size;11 см;11 см;
KD-PD-10981__v001;KD-PD-10981;aroma;Древесный табак;древесный табак;
KD-PD-10981__v001;KD-PD-10981;price;6599;6599;6599
KD-PD-10981__v001;KD-PD-10981;height;11 см;11 см;
KD-PD-10981__v001;KD-PD-10981;composition;Воск кокосовый;воск кокосовый;
KD-PD-10981__v001;KD-PD-10981;color;Белый;белый;
KD-PD-10981__v002;KD-PD-10981;category;Декор для дома;декор для дома;
KD-PD-10981__v002;KD-PD-10981;subcategory;Свечи и диффузоры;свечи и диффузоры;
KD-PD-10981__v002;KD-PD-10981;collection;Тайна;тайна;
KD-PD-10981__v002;KD-PD-10981;capsule;Тайна;тайна;
KD-PD-10981__v002;KD-PD-10981;size;11 см;11 см;
KD-PD-10981__v002;KD-PD-10981;aroma;Уд;уд;
KD-PD-10981__v002;KD-PD-10981;price;6599;6599;6599
KD-PD-10981__v002;KD-PD-10981;height;11 см;11 см;
KD-PD-10981__v002;KD-PD-10981;composition;Воск кокосовый;воск кокосовый;
KD-PD-10981__v002;KD-PD-10981;color;Белый;белый;
KD-PD-10981__v003;KD-PD-10981;category;Декор для дома;декор для дома;
KD-PD-10981__v003;KD-PD-10981;subcategory;Свечи и диффузоры;свечи и диффузоры;
KD-PD-10981__v003;KD-PD-10981;collection;Тайна;тайна;
KD-PD-10981__v003;KD-PD-10981;capsule;Тайна;тайна;
KD-PD-10981__v003;KD-PD-10981;size;11 см;11 см;
KD-PD-10981__v003;KD-PD-10981;aroma;Древесный табак;древесный табак;
KD-PD-10981__v003;KD-PD-10981;price;6599;6599;6599
KD-PD-10981__v003;KD-PD-10981;height;11 см;11 см;
KD-PD-10981__v003;KD-PD-10981;composition;Воск кокосовый;воск кокосовый;
KD-PD-10981__v003;KD-PD-10981;color;Коричневый;коричневый;
KD-PD-10981__v004;KD-PD-10981;category;Декор для дома;декор для дома;
KD-PD-10981__v004;KD-PD-10981;subcategory;Свечи и диффузоры;свечи и диффузоры;
KD-PD-10981__v004;KD-PD-10981;collection;Тайна;тайна;
KD-PD-10981__v004;KD-PD-10981;capsule;Тайна;тайна;
KD-PD-10981__v004;KD-PD-10981;size;11 см;11 см;
KD-PD-10981__v004;KD-PD-10981;aroma;Уд;уд;
KD-PD-10981__v004;KD-PD-10981;price;6599;6599;6599
KD-PD-10981__v004;KD-PD-10981;height;11 см;11 см;
KD-PD-10981__v004;KD-PD-10981;composition;Воск кокосовый;воск кокосовый;
KD-PD-10981__v004;KD-PD-10981;color;Коричневый;коричневый;
KD-PD-10259__v001;KD-PD-10259;category;Посуда и сервировка;посуда и сервировка;
KD-PD-10259__v001;KD-PD-10259;subcategory;Тарелки;тарелки;
KD-PD-10259__v001;KD-PD-10259;collection;Тайна;тайна;
KD-PD-10259__v001;KD-PD-10259;capsule;Тайна;тайна;
KD-PD-10259__v001;KD-PD-10259;material;Фарфор;фарфор;
KD-PD-10259__v001;KD-PD-10259;size;18 см;18 см;
KD-PD-10259__v001;KD-PD-10259;price;4599;4599;4599
KD-PD-10259__v001;KD-PD-10259;diameter;18 см;18 см;
KD-PD-10259__v001;KD-PD-10259;composition;100% фарфор;100% фарфор;
KD-PD-10259__v001;KD-PD-10259;color;Белый;белый;
KD-PD-10259__v001;KD-PD-10259;color;Голубой;голубой;
KD-PD-10258__v001;KD-PD-10258;category;Посуда и сервировка;посуда и сервировка;
KD-PD-10258__v001;KD-PD-10258;subcategory;Кружки, чайные и кофейные пары;кружки, чайные и кофейные пары;
KD-PD-10258__v001;KD-PD-10258;collection;Тайна;тайна;
KD-PD-10258__v001;KD-PD-10258;capsule;Тайна;тайна;
KD-PD-10258__v001;KD-PD-10258;material;Костяной фарфор;костяной фарфор;
KD-PD-10258__v001;KD-PD-10258;size;250 мл;250 мл;
KD-PD-10258__v001;KD-PD-10258;price;5599;5599;5599
KD-PD-10258__v001;KD-PD-10258;volume;250 мл;250 мл;
KD-PD-10258__v001;KD-PD-10258;diameter;16 см;16 см;
KD-PD-10258__v001;KD-PD-10258;composition;100% костяной фарфор;100% костяной фарфор;
KD-PD-10258__v001;KD-PD-10258;color;Белый;белый;
KD-PD-10258__v001;KD-PD-10258;color;Голубой;голубой;
KD-PD-10244__v001;KD-PD-10244;category;Посуда и сервировка;посуда и сервировка;
KD-PD-10244__v001;KD-PD-10244;subcategory;Блюда и подача;блюда и подача;
KD-PD-10244__v001;KD-PD-10244;collection;Юрма;юрма;
KD-PD-10244__v001;KD-PD-10244;material;Керамика;керамика;
KD-PD-10244__v001;KD-PD-10244;size;23 см;23 см;
KD-PD-10244__v001;KD-PD-10244;price;2392;2392;2392
KD-PD-10244__v001;KD-PD-10244;old_price;2990;2990;2990
KD-PD-10244__v001;KD-PD-10244;diameter;23 см;23 см;
KD-PD-10244__v001;KD-PD-10244;composition;100% керамика;100% керамика;
KD-PD-10244__v001;KD-PD-10244;color;Коричневый;коричневый;
KD-PD-10239__v001;KD-PD-10239;category;Посуда и сервировка;посуда и сервировка;
KD-PD-10239__v001;KD-PD-10239;subcategory;Тарелки;тарелки;
KD-PD-10239__v001;KD-PD-10239;collection;Юрма;юрма;
KD-PD-10239__v001;KD-PD-10239;material;Керамика;керамика;
KD-PD-10239__v001;KD-PD-10239;size;22 см;22 см;
KD-PD-10239__v001;KD-PD-10239;price;1912;1912;1912
KD-PD-10239__v001;KD-PD-10239;old_price;2390;2390;2390
KD-PD-10239__v001;KD-PD-10239;diameter;22 см;22 см;
KD-PD-10239__v001;KD-PD-10239;composition;100% керамика;100% керамика;
KD-PD-10239__v001;KD-PD-10239;color;Коричневый;коричневый;
KD-PD-1__v001;KD-PD-1;category;Декор для дома;декор для дома;
KD-PD-1__v001;KD-PD-1;subcategory;Свечи и диффузоры;свечи и диффузоры;
KD-PD-1__v001;KD-PD-1;material;Стекло;стекло;
KD-PD-1__v001;KD-PD-1;size;11 см;11 см;
KD-PD-1__v001;KD-PD-1;aroma;Ваниль;ваниль;
KD-PD-1__v001;KD-PD-1;price;6599;6599;6599
KD-PD-1__v001;KD-PD-1;width;11 см;11 см;
KD-PD-1__v001;KD-PD-1;composition;Воск;воск;
KD-PD-1__v001;KD-PD-1;color;Белый;белый;
KD-PD-1__v002;KD-PD-1;category;Декор для дома;декор для дома;
KD-PD-1__v002;KD-PD-1;subcategory;Свечи и диффузоры;свечи и диффузоры;
KD-PD-1__v002;KD-PD-1;material;Стекло;стекло;
KD-PD-1__v002;KD-PD-1;size;11 см;11 см;
KD-PD-1__v002;KD-PD-1;aroma;Кокос;кокос;
KD-PD-1__v002;KD-PD-1;price;6599;6599;6599
KD-PD-1__v002;KD-PD-1;width;11 см;11 см;
KD-PD-1__v002;KD-PD-1;composition;Воск;воск;
KD-PD-1__v002;KD-PD-1;color;Белый;белый;
KD-PD-1__v003;KD-PD-1;category;Декор для дома;декор для дома;
KD-PD-1__v003;KD-PD-1;subcategory;Свечи и диффузоры;свечи и диффузоры;
KD-PD-1__v003;KD-PD-1;material;Стекло;стекло;
KD-PD-1__v003;KD-PD-1;size;11 см;11 см;
KD-PD-1__v003;KD-PD-1;aroma;Без аромата;без аромата;
KD-PD-1__v003;KD-PD-1;price;6599;6599;6599
KD-PD-1__v003;KD-PD-1;width;11 см;11 см;
KD-PD-1__v003;KD-PD-1;composition;Воск;воск;
KD-PD-1__v003;KD-PD-1;color;Белый;белый;
KD-PD-1022__v001;KD-PD-1022;category;Постельное белье;постельное белье;
KD-PD-1022__v001;KD-PD-1022;subcategory;Постельное белье;постельное белье;
KD-PD-1022__v001;KD-PD-1022;material;Шелк;шелк;
KD-PD-1022__v001;KD-PD-1022;size;Полуторный 140×220 см;полуторный 140×220 см;
KD-PD-1022__v001;KD-PD-1022;price;9599;9599;9599
KD-PD-1022__v001;KD-PD-1022;height;140 см;140 см;
KD-PD-1022__v001;KD-PD-1022;width;220 см;220 см;
KD-PD-1022__v001;KD-PD-1022;composition;100% Сатин;100% сатин;
KD-PD-1022__v001;KD-PD-1022;color;Белый;белый;
KD-PD-1022__v002;KD-PD-1022;category;Постельное белье;постельное белье;
KD-PD-1022__v002;KD-PD-1022;subcategory;Постельное белье;постельное белье;
KD-PD-1022__v002;KD-PD-1022;material;Шелк;шелк;
KD-PD-1022__v002;KD-PD-1022;size;Евро 200×220 см;евро 200×220 см;
KD-PD-1022__v002;KD-PD-1022;price;14599;14599;14599
KD-PD-1022__v002;KD-PD-1022;height;200 см;200 см;
KD-PD-1022__v002;KD-PD-1022;width;220 см;220 см;
KD-PD-1022__v002;KD-PD-1022;composition;100% Сатин;100% сатин;
KD-PD-1022__v002;KD-PD-1022;color;Белый;белый;
KD-PD-1022__v003;KD-PD-1022;category;Постельное белье;постельное белье;
KD-PD-1022__v003;KD-PD-1022;subcategory;Постельное белье;постельное белье;
KD-PD-1022__v003;KD-PD-1022;material;Шелк;шелк;
KD-PD-1022__v003;KD-PD-1022;size;Кинг сайз 220×240 см;кинг сайз 220×240 см;
KD-PD-1022__v003;KD-PD-1022;price;20599;20599;20599
KD-PD-1022__v003;KD-PD-1022;height;220 см;220 см;
KD-PD-1022__v003;KD-PD-1022;width;240 см;240 см;
KD-PD-1022__v003;KD-PD-1022;composition;100% Сатин;100% сатин;
KD-PD-1022__v003;KD-PD-1022;color;Белый;белый;
KD-PD-1022__v004;KD-PD-1022;category;Постельное белье;постельное белье;
KD-PD-1022__v004;KD-PD-1022;subcategory;Постельное белье;постельное белье;
KD-PD-1022__v004;KD-PD-1022;material;Шелк;шелк;
KD-PD-1022__v004;KD-PD-1022;size;Полуторный 140×220 см;полуторный 140×220 см;
KD-PD-1022__v004;KD-PD-1022;price;9599;9599;9599
KD-PD-1022__v004;KD-PD-1022;height;140 см;140 см;
KD-PD-1022__v004;KD-PD-1022;width;220 см;220 см;
KD-PD-1022__v004;KD-PD-1022;composition;100% Сатин;100% сатин;
KD-PD-1022__v004;KD-PD-1022;color;Небесный;небесный;
KD-PD-1022__v005;KD-PD-1022;category;Постельное белье;постельное белье;
KD-PD-1022__v005;KD-PD-1022;subcategory;Постельное белье;постельное белье;
KD-PD-1022__v005;KD-PD-1022;material;Шелк;шелк;
KD-PD-1022__v005;KD-PD-1022;size;Евро 200×220 см;евро 200×220 см;
KD-PD-1022__v005;KD-PD-1022;price;14599;14599;14599
KD-PD-1022__v005;KD-PD-1022;height;200 см;200 см;
KD-PD-1022__v005;KD-PD-1022;width;220 см;220 см;
KD-PD-1022__v005;KD-PD-1022;composition;100% Сатин;100% сатин;
KD-PD-1022__v005;KD-PD-1022;color;Небесный;небесный;
KD-PD-1022__v006;KD-PD-1022;category;Постельное белье;постельное белье;
KD-PD-1022__v006;KD-PD-1022;subcategory;Постельное белье;постельное белье;
KD-PD-1022__v006;KD-PD-1022;material;Шелк;шелк;
KD-PD-1022__v006;KD-PD-1022;size;Кинг сайз 220×240 см;кинг сайз 220×240 см;
KD-PD-1022__v006;KD-PD-1022;price;20599;20599;20599
KD-PD-1022__v006;KD-PD-1022;height;220 см;220 см;
KD-PD-1022__v006;KD-PD-1022;width;240 см;240 см;
KD-PD-1022__v006;KD-PD-1022;composition;100% Сатин;100% сатин;
KD-PD-1022__v006;KD-PD-1022;color;Небесный;небесный;
KD-PD-1022__v007;KD-PD-1022;category;Постельное белье;постельное белье;
KD-PD-1022__v007;KD-PD-1022;subcategory;Постельное белье;постельное белье;
KD-PD-1022__v007;KD-PD-1022;material;Шелк;шелк;
KD-PD-1022__v007;KD-PD-1022;size;Полуторный 140×220 см;полуторный 140×220 см;
KD-PD-1022__v007;KD-PD-1022;price;9599;9599;9599
KD-PD-1022__v007;KD-PD-1022;height;140 см;140 см;
KD-PD-1022__v007;KD-PD-1022;width;220 см;220 см;
KD-PD-1022__v007;KD-PD-1022;composition;100% Сатин;100% сатин;
KD-PD-1022__v007;KD-PD-1022;color;Ночной синий;ночной синий;
KD-PD-1022__v008;KD-PD-1022;category;Постельное белье;постельное белье;
KD-PD-1022__v008;KD-PD-1022;subcategory;Постельное белье;постельное белье;
KD-PD-1022__v008;KD-PD-1022;material;Шелк;шелк;
KD-PD-1022__v008;KD-PD-1022;size;Евро 200×220 см;евро 200×220 см;
KD-PD-1022__v008;KD-PD-1022;price;14599;14599;14599
KD-PD-1022__v008;KD-PD-1022;height;200 см;200 см;
KD-PD-1022__v008;KD-PD-1022;width;220 см;220 см;
KD-PD-1022__v008;KD-PD-1022;composition;100% Сатин;100% сатин;
KD-PD-1022__v008;KD-PD-1022;color;Ночной синий;ночной синий;
KD-PD-1022__v009;KD-PD-1022;category;Постельное белье;постельное белье;
KD-PD-1022__v009;KD-PD-1022;subcategory;Постельное белье;постельное белье;
KD-PD-1022__v009;KD-PD-1022;material;Шелк;шелк;
KD-PD-1022__v009;KD-PD-1022;size;Кинг сайз 220×240 см;кинг сайз 220×240 см;
KD-PD-1022__v009;KD-PD-1022;price;20599;20599;20599
KD-PD-1022__v009;KD-PD-1022;height;220 см;220 см;
KD-PD-1022__v009;KD-PD-1022;width;240 см;240 см;
KD-PD-1022__v009;KD-PD-1022;composition;100% Сатин;100% сатин;
KD-PD-1022__v009;KD-PD-1022;color;Ночной синий;ночной синий;
KD-PD-1022__v010;KD-PD-1022;category;Постельное белье;постельное белье;
KD-PD-1022__v010;KD-PD-1022;subcategory;Постельное белье;постельное белье;
KD-PD-1022__v010;KD-PD-1022;material;Шелк;шелк;
KD-PD-1022__v010;KD-PD-1022;size;Полуторный 140×220 см;полуторный 140×220 см;
KD-PD-1022__v010;KD-PD-1022;price;9599;9599;9599
KD-PD-1022__v010;KD-PD-1022;height;140 см;140 см;
KD-PD-1022__v010;KD-PD-1022;width;220 см;220 см;
KD-PD-1022__v010;KD-PD-1022;composition;100% Сатин;100% сатин;
KD-PD-1022__v010;KD-PD-1022;color;Пудровый;пудровый;
KD-PD-1022__v011;KD-PD-1022;category;Постельное белье;постельное белье;
KD-PD-1022__v011;KD-PD-1022;subcategory;Постельное белье;постельное белье;
KD-PD-1022__v011;KD-PD-1022;material;Шелк;шелк;
KD-PD-1022__v011;KD-PD-1022;size;Евро 200×220 см;евро 200×220 см;
KD-PD-1022__v011;KD-PD-1022;price;14599;14599;14599
KD-PD-1022__v011;KD-PD-1022;height;200 см;200 см;
KD-PD-1022__v011;KD-PD-1022;width;220 см;220 см;
KD-PD-1022__v011;KD-PD-1022;composition;100% Сатин;100% сатин;
KD-PD-1022__v011;KD-PD-1022;color;Пудровый;пудровый;
KD-PD-1022__v012;KD-PD-1022;category;Постельное белье;постельное белье;
KD-PD-1022__v012;KD-PD-1022;subcategory;Постельное белье;постельное белье;
KD-PD-1022__v012;KD-PD-1022;material;Шелк;шелк;
KD-PD-1022__v012;KD-PD-1022;size;Кинг сайз 220×240 см;кинг сайз 220×240 см;
KD-PD-1022__v012;KD-PD-1022;price;20599;20599;20599
KD-PD-1022__v012;KD-PD-1022;height;220 см;220 см;
KD-PD-1022__v012;KD-PD-1022;width;240 см;240 см;
KD-PD-1022__v012;KD-PD-1022;composition;100% Сатин;100% сатин;
KD-PD-1022__v012;KD-PD-1022;color;Пудровый;пудровый;
