Id,Артикул,Название товара,Цвет,Размер,Превью фотография товара,Вторая фотография товара в скролле,Третья фотография в скролле,Высота,Ширина,Объем,Диаметр,Комплектация / Информация о размере,Материал,Состав,Детали,Коллекция,Аромат,Offer ID,URL товара,Тип товара,Источник
1,KD-PD-11291,Анатомическая подушка Бьюти,серый,60х40х14 см,https://kultura-doma.ru/public/src/images/gallery/catalog/6a354d888af09_big.jpg,https://kultura-doma.ru/public/src/images/gallery/catalog/6a3a3ea3b2791_big.png,https://kultura-doma.ru/public/src/images/gallery/catalog/6a33f256c606d_big.png,60 см,40 см,null,null,null,memoryfoam,null,null,null,null,1582,https://kultura-doma.ru/product/komplekt-ortopedicheskaya-podushka-b-yuti,decorative_pillow,master_catalog
2,KD-PD-11292,Анатомическая подушка Бьюти,бежевый,60х40х14 см,https://kultura-doma.ru/public/src/images/gallery/catalog/6a354d8696168_big.jpg,https://kultura-doma.ru/public/src/images/gallery/catalog/6a3a3ed6a6acb_big.png,https://kultura-doma.ru/public/src/images/gallery/catalog/6a33f056bb7b4_big.png,60 см,40 см,null,null,null,memoryfoam,null,null,null,null,1583,https://kultura-doma.ru/product/komplekt-ortopedicheskaya-podushka-b-yuti-1583,decorative_pillow,master_catalog
3,KD-PD-11293,Анатомическая подушка Классик,серый,60х40х14 см,https://kultura-doma.ru/public/src/images/gallery/catalog/6a354d8432f80_big.jpg,https://kultura-doma.ru/public/src/images/gallery/catalog/6a3a3f21eac6d_big.png,https://kultura-doma.ru/public/src/images/gallery/catalog/6a33f0cd83944_big.png,60 см,40 см,null,null,null,memoryfoam,null,null,null,null,1584,https://kultura-doma.ru/product/komplekt-ortopedicheskaya-podushka-klassik,decorative_pillow,master_catalog
4,KD-PD-11294,Анатомическая подушка Классик,бежевый,60х40х14 см,https://kultura-doma.ru/public/src/images/gallery/catalog/6a354d8207293_big.jpg,https://kultura-doma.ru/public/src/images/gallery/catalog/6a3a3f5f39123_big.png,https://kultura-doma.ru/public/src/images/gallery/catalog/6a33f141031f7_big.png,60 см,40 см,null,null,null,memoryfoam,null,null,null,null,1585,https://kultura-doma.ru/product/komplekt-ortopedicheskaya-podushka-klassik-1585,decorative_pillow,master_catalog
5,KD-PD-11295,Анатомическая подушка Мульти,серый,60х40х14 см,https://kultura-doma.ru/public/src/images/gallery/catalog/6a354d7f5086b_big.jpg,https://kultura-doma.ru/public/src/images/gallery/catalog/6a3a3c4c0be41_big.png,https://kultura-doma.ru/public/src/images/gallery/catalog/6a354d7dba498_big.jpg,60 см,40 см,null,null,null,memoryfoam,null,null,null,null,1586,https://kultura-doma.ru/product/komplekt-ortopedicheskaya-podushka-mul-ti,decorative_pillow,master_catalog
6,KD-PD-11296,Анатомическая подушка Мульти,бежевый,60х40х14 см,https://kultura-doma.ru/public/src/images/gallery/catalog/6a354d7c378cf_big.jpg,https://kultura-doma.ru/public/src/images/gallery/catalog/6a3a3c1d8b68f_big.png,https://kultura-doma.ru/public/src/images/gallery/catalog/6a33f1f027e37_big.png,60 см,40 см,null,null,null,memoryfoam,null,null,null,null,1587,https://kultura-doma.ru/product/komplekt-ortopedicheskaya-podushka-mul-ti-1587,decorative_pillow,master_catalog
7,KD-PD-10913,Блюдо Весенний сад,белый,32 см,https://kultura-doma.ru/public/src/images/gallery/catalog/6a06d77592c8a_big.jpg,https://kultura-doma.ru/public/src/images/gallery/catalog/69a6ea61982e1_big.jpg,null,null,null,null,null,null,фарфор,100% фарфор,null,null,null,1605,https://kultura-doma.ru/product/blyudo-krugloe-vesenniy-sad,serving_dish,master_catalog
8,KD-PD-7696,Блюдо Летний сад,белый,null,https://kultura-doma.ru/public/src/images/gallery/catalog/6a3a77e06b3ce_big.jpg,https://kultura-doma.ru/public/src/images/gallery/catalog/6a3a77dbe558c_big.jpg,https://kultura-doma.ru/public/src/images/gallery/catalog/6a3a77e219f59_big.jpg,null,null,null,null,null,фарфор,100% фарфор,null,null,null,199,https://kultura-doma.ru/product/blyudo-letniy-sad,serving_dish,master_catalog
9,KD-PD-9868,Блюдо овальное Ботаника,белый,36х25 см,https://kultura-doma.ru/public/src/images/gallery/catalog/687df3c71c3c1_big.jpg,https://kultura-doma.ru/public/src/images/gallery/catalog/6a3a77c0173c2_big.jpg,https://kultura-doma.ru/public/src/images/gallery/catalog/6a3a77bf57834_big.jpg,null,null,null,null,null,фарфор,100% фарфор,null,null,null,1117,https://kultura-doma.ru/product/blyudo-botanika,serving_dish,master_catalog
10,KD-PD-10911,Блюдо овальное Весенний сад,белый,24х16 см,https://kultura-doma.ru/public/src/images/gallery/catalog/6a3a77d20866e_big.jpg,https://kultura-doma.ru/public/src/images/gallery/catalog/69a6eb2e0a6f8_big.jpg,null,null,null,null,null,null,фарфор,100% фарфор,null,null,null,1603,https://kultura-doma.ru/product/blyudo-oval-noe-vesenniy-sad,serving_dish,master_catalog
11,KD-PD-10912,Блюдо овальное Весенний сад,белый,36х25 см,https://kultura-doma.ru/public/src/images/gallery/catalog/6a3a77d34d3b2_big.jpg,null,null,null,null,null,null,null,фарфор,100% фарфор,null,null,null,1604,https://kultura-doma.ru/product/blyudo-oval-noe-vesenniy-sad-1604,serving_dish,master_catalog
12,KD-PD-9726,Блюдо овальное Русское поле,белый,36х25 см,https://kultura-doma.ru/public/src/images/gallery/catalog/687e453c2fb85_big.jpg,https://kultura-doma.ru/public/src/images/gallery/catalog/6a3a77c4382b5_big.jpg,https://kultura-doma.ru/public/src/images/gallery/catalog/68cd427bb58a4_big.jpg,null,null,null,null,null,фарфор,100% фарфор,null,null,null,202,https://kultura-doma.ru/product/blyudo-russkoe-pole,serving_dish,master_catalog
13,KD-PD-7835,Блюдце Облачные фантазии,белый,null,https://kultura-doma.ru/public/src/images/gallery/catalog/687e55de76102_big.jpg,https://kultura-doma.ru/public/src/images/gallery/catalog/6a3a73ae22e89_big.jpg,https://kultura-doma.ru/public/src/images/gallery/catalog/6a3a73ad7e10c_big.jpg,null,null,null,null,null,бисквитный фарфор,null,null,null,null,325,https://kultura-doma.ru/product/blyudce-oblachnye-fantazii,other,master_catalog
14,KD-PD-11107,Брошь Гнедой конь,коричневый,4х4 см,https://kultura-doma.ru/public/src/images/gallery/catalog/6a47bf63f3ebe_big.jpg,null,null,4 см,4 см,null,null,null,"латунь, эмаль",null,null,null,null,1610,https://kultura-doma.ru/product/brosh-gnedoy-kon,other,master_catalog
15,KD-PD-11110,Брошь Ель,зеленый,4х4 см,https://kultura-doma.ru/public/src/images/gallery/catalog/6a47c57891ed2_big.jpg,null,null,4 см,4 см,null,null,null,"латунь, эмаль",null,null,null,null,1613,https://kultura-doma.ru/product/brosh-el,other,master_catalog
16,KD-PD-11105,Брошь Зебра,коричневый,4х4 см,https://kultura-doma.ru/public/src/images/gallery/catalog/69a6cbbe9f7ee_big.jpg,https://kultura-doma.ru/public/src/images/gallery/catalog/6a47be892a6ee_big.jpg,null,4 см,4 см,null,null,null,"латунь, эмаль",null,null,null,null,1608,https://kultura-doma.ru/product/brosh-zebra,other,master_catalog
17,KD-PD-11108,Брошь Золотая лошадь,золотой,4х4 см,https://kultura-doma.ru/public/src/images/gallery/catalog/6a47bfba18745_big.jpg,null,null,4 см,4 см,null,null,null,"латунь, эмаль",null,null,null,null,1611,https://kultura-doma.ru/product/brosh-zolotaya-loshad,other,master_catalog
18,KD-PD-11106,Брошь Лошадь под седлом,коричневый,4х4 см,https://kultura-doma.ru/public/src/images/gallery/catalog/6a47bf151cd8c_big.jpg,null,null,4 см,4 см,null,null,null,"латунь, эмаль",null,null,null,null,1609,https://kultura-doma.ru/product/brosh-loshad-pod-sedlom,other,master_catalog
19,KD-PD-10659,Ваза 3D Орхидея вишневая 20 см,красный,20 см,https://kultura-doma.ru/public/src/images/gallery/catalog/6936e587a030c_big.jpg,https://kultura-doma.ru/public/src/images/gallery/catalog/693fdcb4792e4_big.jpg,https://kultura-doma.ru/public/src/images/gallery/catalog/6a0d5a79c1e2a_big.jpg,null,null,null,null,null,керамика,100% керамика,null,null,null,1384,https://kultura-doma.ru/product/vaza-orhideya-1384,vase,master_catalog
20,KD-PD-10658,Ваза 3D Орхидея вишневая 20 см: 28 см,красный,28 см,https://kultura-doma.ru/public/src/images/gallery/catalog/6936e587a030c_big.jpg,https://kultura-doma.ru/public/src/images/gallery/catalog/693fdcb4792e4_big.jpg,https://kultura-doma.ru/public/src/images/gallery/catalog/6a0d5a79c1e2a_big.jpg,null,null,null,null,null,керамика,100% керамика,null,null,null,1384-1534,https://kultura-doma.ru/product/vaza-orhideya-1384-size-28-sm,vase,master_catalog
21,KD-PD-10657,Ваза 3D Орхидея вишневая 20 см: 35 см,красный,35 см,https://kultura-doma.ru/public/src/images/gallery/catalog/6936e587a030c_big.jpg,https://kultura-doma.ru/public/src/images/gallery/catalog/693fdcb4792e4_big.jpg,https://kultura-doma.ru/public/src/images/gallery/catalog/6a0d5a79c1e2a_big.jpg,null,null,null,null,null,керамика,100% керамика,null,null,null,1384-1535,https://kultura-doma.ru/product/vaza-orhideya-1384-size-35-sm,vase,master_catalog
22,KD-PD-10661,Ваза 3D Орхидея красная 28 см,бордовый,20 см,https://kultura-doma.ru/public/src/images/gallery/catalog/6a0d5a977984e_big.jpg,https://kultura-doma.ru/public/src/images/gallery/catalog/696f393d6bbc4_big.jpg,https://kultura-doma.ru/public/src/images/gallery/catalog/6936e5eb283e9_big.jpg,null,null,null,null,null,керамика,100% керамика,null,null,null,1383,https://kultura-doma.ru/product/vaza-orhideya-1383,vase,master_catalog
23,KD-PD-10661,Ваза 3D Орхидея красная 28 см: 28 см,бордовый,28 см,https://kultura-doma.ru/public/src/images/gallery/catalog/6a0d5a977984e_big.jpg,https://kultura-doma.ru/public/src/images/gallery/catalog/696f393d6bbc4_big.jpg,https://kultura-doma.ru/public/src/images/gallery/catalog/6936e5eb283e9_big.jpg,null,null,null,null,null,керамика,100% керамика,null,null,null,1383-1531,https://kultura-doma.ru/product/vaza-orhideya-1383-size-28-sm,vase,master_catalog
24,KD-PD-10660,Ваза 3D Орхидея красная 28 см: 35 см,бордовый,35 см,https://kultura-doma.ru/public/src/images/gallery/catalog/6a0d5a977984e_big.jpg,https://kultura-doma.ru/public/src/images/gallery/catalog/696f393d6bbc4_big.jpg,https://kultura-doma.ru/public/src/images/gallery/catalog/6936e5eb283e9_big.jpg,null,null,null,null,null,керамика,100% керамика,null,null,null,1383-1532,https://kultura-doma.ru/product/vaza-orhideya-1383-size-35-sm,vase,master_catalog
25,KD-PD-10665,Ваза 3D Орхидея розовая 20 см,розовый,20 см,https://kultura-doma.ru/public/src/images/gallery/catalog/6936e5c3e22ff_big.jpg,https://kultura-doma.ru/public/src/images/gallery/catalog/693fdbaa523b7_big.jpg,https://kultura-doma.ru/public/src/images/gallery/catalog/6a0d5a7da9361_big.jpg,null,null,null,null,null,керамика,100% керамика,null,null,null,1382,https://kultura-doma.ru/product/vaza-orhideya-1382,vase,master_catalog
26,KD-PD-10664,Ваза 3D Орхидея розовая 20 см: 28 см,розовый,28 см,https://kultura-doma.ru/public/src/images/gallery/catalog/6936e5c3e22ff_big.jpg,https://kultura-doma.ru/public/src/images/gallery/catalog/693fdbaa523b7_big.jpg,https://kultura-doma.ru/public/src/images/gallery/catalog/6a0d5a7da9361_big.jpg,null,null,null,null,null,керамика,100% керамика,null,null,null,1382-1529,https://kultura-doma.ru/product/vaza-orhideya-1382-size-28-sm,vase,master_catalog
27,KD-PD-10663,Ваза 3D Орхидея розовая 20 см: 35 см,розовый,35 см,https://kultura-doma.ru/public/src/images/gallery/catalog/6936e5c3e22ff_big.jpg,https://kultura-doma.ru/public/src/images/gallery/catalog/693fdbaa523b7_big.jpg,https://kultura-doma.ru/public/src/images/gallery/catalog/6a0d5a7da9361_big.jpg,null,null,null,null,null,керамика,100% керамика,null,null,null,1382-1530,https://kultura-doma.ru/product/vaza-orhideya-1382-size-35-sm,vase,master_catalog
28,KD-PD-10288,Ваза Айсберг,белый,15 см,https://kssafonova.github.io/kd/images/imported-products/6a0d5b3b35c53_big.jpg,https://kssafonova.github.io/kd/images/imported-products/68ecbb94f20dc_big.jpg,https://kssafonova.github.io/kd/images/imported-products/68ecbba698a58_big.jpg,null,null,null,null,null,фарфор,100% фарфор,null,null,null,1256,https://kultura-doma.ru/product/vaza-aysberg,vase,master_catalog
29,KD-PD-10290,Ваза Айсберг: 22 см,белый,22 см,https://kssafonova.github.io/kd/images/imported-products/6a0d5b3b35c53_big.jpg,https://kssafonova.github.io/kd/images/imported-products/68ecbb94f20dc_big.jpg,https://kssafonova.github.io/kd/images/imported-products/68ecbba698a58_big.jpg,null,null,null,null,null,фарфор,100% фарфор,null,null,null,1256-1418,https://kultura-doma.ru/product/vaza-aysberg-size-2022-sm,vase,master_catalog
30,KD-PD-10289,Ваза Айсберг: 32 см,белый,32 см,https://kssafonova.github.io/kd/images/imported-products/6a0d5b3b35c53_big.jpg,https://kssafonova.github.io/kd/images/imported-products/68ecbb94f20dc_big.jpg,https://kssafonova.github.io/kd/images/imported-products/68ecbba698a58_big.jpg,null,null,null,null,null,фарфор,100% фарфор,null,null,null,1256-1417,https://kultura-doma.ru/product/vaza-aysberg-size-3032-sm,vase,master_catalog
31,KD-PD-10288,Ваза Айсберг: 42 см,белый,42 см,https://kssafonova.github.io/kd/images/imported-products/6a0d5b3b35c53_big.jpg,https://kssafonova.github.io/kd/images/imported-products/68ecbb94f20dc_big.jpg,https://kssafonova.github.io/kd/images/imported-products/68ecbba698a58_big.jpg,null,null,null,null,null,фарфор,100% фарфор,null,null,null,1256-1416,https://kultura-doma.ru/product/vaza-aysberg-size-4042-sm,vase,master_catalog
32,KD-PD-11185,Ваза Амфора,коричневый,null,https://kultura-doma.ru/public/src/images/gallery/catalog/6a47a2630bc1b_big.jpg,https://kultura-doma.ru/public/src/images/gallery/catalog/69a6cb71acf70_big.jpg,null,null,null,null,null,null,дуб,null,null,null,null,1621,https://kultura-doma.ru/product/vaza-amfora,vase,master_catalog
33,KD-PD-7576,Ваза Балерина,белый,29 см,https://kultura-doma.ru/public/src/images/gallery/catalog/6a0d5b0d4c10b_big.jpg,https://kultura-doma.ru/public/src/images/gallery/catalog/6a0d5b0d91195_big.jpg,https://kultura-doma.ru/public/src/images/gallery/catalog/6a0d5b0dd4b3f_big.jpg,null,null,null,null,null,фарфор,100% фарфор,null,null,null,457,https://kultura-doma.ru/product/vaza-balerina-457,vase,master_catalog
34,KD-PD-7577,Ваза Балерина,белый,null,https://kultura-doma.ru/public/src/images/gallery/catalog/6a61bdcc8f974_big.jpg,https://kultura-doma.ru/public/src/images/gallery/catalog/6a61bdcc01b82_big.jpg,https://kultura-doma.ru/public/src/images/gallery/catalog/6a61bdccd4f42_big.jpg,null,null,null,null,null,фарфор,100% фарфор,null,null,null,126,https://kultura-doma.ru/product/vaza-balerina,vase,master_catalog
35,KD-PD-7590,Ваза Балерина,белый,14 см,https://kultura-doma.ru/public/src/images/gallery/catalog/6a0d5afc87095_big.jpg,https://kultura-doma.ru/public/src/images/gallery/catalog/6a0d5afc30a1b_big.jpg,https://kultura-doma.ru/public/src/images/gallery/catalog/6a0d5afcd98aa_big.jpg,null,null,null,null,null,фарфор,100% фарфор,null,null,null,135,https://kultura-doma.ru/product/vaza-balerina-135,vase,master_catalog
36,KD-PD-9553,Ваза Бархан,бежевый,20 см,https://kultura-doma.ru/public/src/images/gallery/catalog/6a0d5a6ed15ca_big.jpg,https://kultura-doma.ru/public/src/images/gallery/catalog/6a0d5a6f175ff_big.jpg,https://kultura-doma.ru/public/src/images/gallery/catalog/6a0d5a6f57ba6_big.jpg,null,null,null,null,null,керамика,100% керамика,null,null,null,698,https://kultura-doma.ru/product/vaza-barhan,vase,master_catalog
37,KD-PD-9685,Ваза Бархан,серый,20 см,https://kultura-doma.ru/public/src/images/gallery/catalog/6a0d5a70d7fca_big.jpg,https://kultura-doma.ru/public/src/images/gallery/catalog/6a0d5a7124838_big.jpg,null,null,null,null,null,null,керамика,100% керамика,null,null,null,699,https://kultura-doma.ru/product/vaza-barhan-699,vase,master_catalog
38,KD-PD-9688,Ваза Бархан,синий,20 см,https://kultura-doma.ru/public/src/images/gallery/catalog/6a0d5a74cba24_big.jpg,https://kultura-doma.ru/public/src/images/gallery/catalog/6a0d5a7685675_big.jpg,https://kultura-doma.ru/public/src/images/gallery/catalog/6a0d5a755e54b_big.jpg,null,null,null,null,null,керамика,100% керамика,null,null,null,700,https://kultura-doma.ru/product/vaza-barhan-700,vase,master_catalog
39,KD-PD-9556,Ваза Бархан: 28 см,бежевый,28 см,https://kultura-doma.ru/public/src/images/gallery/catalog/6a0d5a6ed15ca_big.jpg,https://kultura-doma.ru/public/src/images/gallery/catalog/6a0d5a6f175ff_big.jpg,https://kultura-doma.ru/public/src/images/gallery/catalog/6a0d5a6f57ba6_big.jpg,null,null,null,null,null,керамика,100% керамика,null,null,null,698-746,https://kultura-doma.ru/product/vaza-barhan-size-28-sm,vase,master_catalog
40,KD-PD-9686,Ваза Бархан: 28 см,серый,28 см,https://kultura-doma.ru/public/src/images/gallery/catalog/6a0d5a70d7fca_big.jpg,https://kultura-doma.ru/public/src/images/gallery/catalog/6a0d5a7124838_big.jpg,null,null,null,null,null,null,керамика,100% керамика,null,null,null,699-749,https://kultura-doma.ru/product/vaza-barhan-699-size-28-sm,vase,master_catalog
41,KD-PD-9689,Ваза Бархан: 28 см,синий,28 см,https://kultura-doma.ru/public/src/images/gallery/catalog/6a0d5a74cba24_big.jpg,https://kultura-doma.ru/public/src/images/gallery/catalog/6a0d5a7685675_big.jpg,https://kultura-doma.ru/public/src/images/gallery/catalog/6a0d5a755e54b_big.jpg,null,null,null,null,null,керамика,100% керамика,null,null,null,700-752,https://kultura-doma.ru/product/vaza-barhan-700-size-28-sm,vase,master_catalog
42,KD-PD-9559,Ваза Бархан: 35 см,бежевый,35 см,https://kultura-doma.ru/public/src/images/gallery/catalog/6a0d5a6ed15ca_big.jpg,https://kultura-doma.ru/public/src/images/gallery/catalog/6a0d5a6f175ff_big.jpg,https://kultura-doma.ru/public/src/images/gallery/catalog/6a0d5a6f57ba6_big.jpg,null,null,null,null,null,керамика,100% керамика,null,null,null,698-747,https://kultura-doma.ru/product/vaza-barhan-size-35-sm,vase,master_catalog
43,KD-PD-9687,Ваза Бархан: 35 см,серый,35 см,https://kultura-doma.ru/public/src/images/gallery/catalog/6a0d5a70d7fca_big.jpg,https://kultura-doma.ru/public/src/images/gallery/catalog/6a0d5a7124838_big.jpg,null,null,null,null,null,null,керамика,100% керамика,null,null,null,699-750,https://kultura-doma.ru/product/vaza-barhan-699-size-35-sm,vase,master_catalog
44,KD-PD-9690,Ваза Бархан: 35 см,синий,35 см,https://kultura-doma.ru/public/src/images/gallery/catalog/6a0d5a74cba24_big.jpg,https://kultura-doma.ru/public/src/images/gallery/catalog/6a0d5a7685675_big.jpg,https://kultura-doma.ru/public/src/images/gallery/catalog/6a0d5a755e54b_big.jpg,null,null,null,null,null,керамика,100% керамика,null,null,null,700-753,https://kultura-doma.ru/product/vaza-barhan-700-size-35-sm,vase,master_catalog
45,KD-PD-10625,Ваза большая Волна,коричневый,null,https://kultura-doma.ru/public/src/images/gallery/catalog/6a3d1bda6b129_big.jpg,https://kultura-doma.ru/public/src/images/gallery/catalog/691b2c7a52796_big.jpg,null,null,null,null,null,null,дуб,null,null,null,null,1315,https://kultura-doma.ru/product/vaza-volna-1315,vase,master_catalog
46,KD-PD-10675,Ваза Букет,белый,null,https://kultura-doma.ru/public/src/images/gallery/catalog/6a0d59f9b6d62_big.jpg,https://kultura-doma.ru/public/src/images/gallery/catalog/6a0d59f9f164c_big.jpg,null,null,null,null,null,null,фарфор,100% фарфор,null,null,null,1435,https://kultura-doma.ru/product/vaza-buket,vase,master_catalog
47,KD-PD-9884,Ваза Гладиолус малая,красный,20 см,https://kultura-doma.ru/public/src/images/gallery/catalog/6a0d5b18434c8_big.jpg,https://kultura-doma.ru/public/src/images/gallery/catalog/6a0d5b1934bfc_big.jpg,https://kultura-doma.ru/public/src/images/gallery/catalog/6a0d5b1bee500_big.jpg,null,null,null,null,null,фарфор,100% фарфор,null,null,null,1185,https://kultura-doma.ru/product/vaza-gladiolus,vase,master_catalog
48,KD-PD-9883,Ваза Гладиолус малая: 40 см,красный,40 см,https://kultura-doma.ru/public/src/images/gallery/catalog/6a0d5b18434c8_big.jpg,https://kultura-doma.ru/public/src/images/gallery/catalog/6a0d5b1934bfc_big.jpg,https://kultura-doma.ru/public/src/images/gallery/catalog/6a0d5b1bee500_big.jpg,null,null,null,null,null,фарфор,100% фарфор,null,null,null,1185-1661,https://kultura-doma.ru/product/vaza-gladiolus-size-40-sm,vase,master_catalog
49,KD-PD-7877,Ваза десертная Купель,серебряный,"16,5х16,5х17 см",https://kultura-doma.ru/public/src/images/gallery/catalog/69f0745e167df_big.jpg,https://kultura-doma.ru/public/src/images/gallery/catalog/69f0745dc6bea_big.jpg,https://kultura-doma.ru/public/src/images/gallery/catalog/69f0745e52614_big.jpg,null,null,null,null,null,латунь,null,null,null,null,268,https://kultura-doma.ru/product/vaza-kupel,vase,master_catalog
50,KD-PD-11280,Ваза Диагональ,null,null,https://kultura-doma.ru/public/src/images/gallery/catalog/69a6c5a113d22_big.jpg,https://kultura-doma.ru/public/src/images/gallery/catalog/69a6cdd0df636_big.jpg,null,null,null,null,null,null,хрусталь,100% хрусталь,null,null,null,1615,https://kultura-doma.ru/product/vaza-diagonal,vase,master_catalog
51,KD-PD-11127,Ваза для конфет Оптика,null,null,https://kultura-doma.ru/public/src/images/gallery/catalog/6a0d5ad736f1d_big.jpg,https://kultura-doma.ru/public/src/images/gallery/catalog/696f66cbe6458_big.jpg,https://kultura-doma.ru/public/src/images/gallery/catalog/6a0d5ad7e335d_big.jpg,null,null,null,null,null,хрусталь,100% хрусталь,null,null,null,1430,https://kultura-doma.ru/product/vaza-dlya-konfet-optika,vase,master_catalog
52,KD-PD-11648,Ваза для конфет Оптика,красный,null,https://kultura-doma.ru/public/src/images/gallery/catalog/6a47aa090bff1_big.jpg,null,null,null,null,null,null,null,хрусталь,100% хрусталь,null,null,null,1783,https://kultura-doma.ru/product/vaza-dlya-konfet-optika-1783,vase,master_catalog
53,KD-PD-9604,Ваза для фруктов Купель,серебряный,"20,5х20,5х21 см",https://kultura-doma.ru/public/src/images/gallery/catalog/6a3d1bd5623bc_big.jpg,https://kultura-doma.ru/public/src/images/gallery/catalog/6a3d1bd474944_big.jpg,https://kultura-doma.ru/public/src/images/gallery/catalog/6a3d1bd5c018b_big.jpg,null,null,null,null,null,латунь,null,null,null,null,1213,https://kultura-doma.ru/product/vaza-dlya-fruktov-kupel,vase,master_catalog
54,KD-PD-10626,Ваза для фруктов Плодородие,коричневый,null,https://kultura-doma.ru/public/src/images/gallery/catalog/6a3d1bd8f415c_big.jpg,https://kultura-doma.ru/public/src/images/gallery/catalog/69ca6d860827e_big.jpg,null,null,null,null,null,null,дуб,null,null,null,null,1314,https://kultura-doma.ru/product/vaza-dlya-fruktov-plodorodie,vase,master_catalog
55,KD-PD-11186,Ваза Капля,коричневый,75 см,https://kultura-doma.ru/public/src/images/gallery/catalog/6a47a29c440b2_big.jpg,https://kultura-doma.ru/public/src/images/gallery/catalog/69a6cb7c40180_big.jpg,null,null,null,null,null,null,дуб,null,null,null,null,1622,https://kultura-doma.ru/product/vaza-kaplya,vase,master_catalog
56,KD-PD-9886,Ваза Колодец,красный,"25,5 см",https://kultura-doma.ru/public/src/images/gallery/catalog/6a58edc241505_big.jpg,https://kultura-doma.ru/public/src/images/gallery/catalog/6a58edc309ada_big.jpg,null,null,null,null,null,null,фарфор,100% фарфор,null,null,null,1184,https://kultura-doma.ru/product/vaza-kolodec-1184,vase,master_catalog
57,KD-PD-10124,Ваза Корона,null,null,https://kultura-doma.ru/public/src/images/gallery/catalog/68dbc723a15f1_big.jpg,https://kultura-doma.ru/public/src/images/gallery/catalog/69ca1c6f57f60_big.jpg,https://kultura-doma.ru/public/src/images/gallery/catalog/6a0d5aeade5b4_big.jpg,null,null,null,null,null,хрусталь,100% хрусталь,null,null,null,1254,https://kultura-doma.ru/product/vaza-korona-1254,vase,master_catalog
58,KD-PD-10146,Ваза Корона,null,null,https://kultura-doma.ru/public/src/images/gallery/catalog/6a0d5adcdbbdd_big.jpg,https://kultura-doma.ru/public/src/images/gallery/catalog/69ca19c360490_big.jpg,https://kultura-doma.ru/public/src/images/gallery/catalog/6a0d5adc93c83_big.jpg,null,null,null,null,null,хрусталь,100% хрусталь,null,null,null,1209,https://kultura-doma.ru/product/vaza-korona,vase,master_catalog
59,KD-PD-10147,Ваза Корона,null,null,https://kultura-doma.ru/public/src/images/gallery/catalog/6a0d5ae294a79_big.jpg,https://kultura-doma.ru/public/src/images/gallery/catalog/69ca1aa1776fa_big.jpg,https://kultura-doma.ru/public/src/images/gallery/catalog/6a0d5ae24ab6b_big.jpg,null,null,null,null,null,хрусталь,100% хрусталь,null,null,null,1255,https://kultura-doma.ru/product/vaza-korona-1255,vase,master_catalog
60,KD-PD-11187,Ваза Кувшин,коричневый,65 см,https://kultura-doma.ru/public/src/images/gallery/catalog/6a47a9e920cc2_big.jpg,https://kultura-doma.ru/public/src/images/gallery/catalog/69a6cb82833bf_big.jpg,null,null,null,null,null,null,дуб,null,null,null,null,1623,https://kultura-doma.ru/product/vaza-kuvshin,vase,master_catalog
61,KD-PD-9350,Ваза Купель латунь с покрытием никель 23 см,серебряный,10х10х23 см,https://kultura-doma.ru/public/src/images/gallery/catalog/6a56253df3a2d_big.jpg,https://kultura-doma.ru/public/src/images/gallery/catalog/6a56253dafdbf_big.jpg,https://kultura-doma.ru/public/src/images/gallery/catalog/6a56253e38121_big.jpg,null,null,null,null,null,"латунь, стекло",null,null,null,null,503,https://kultura-doma.ru/product/vaza-kupel-503,vase,master_catalog
62,KD-PD-9130,Ваза Купель латунь с покрытием никель 30 см,серебряный,18х18х30 см,https://kultura-doma.ru/public/src/images/gallery/catalog/690616a69a0a6_big.jpg,https://kultura-doma.ru/public/src/images/gallery/catalog/690616a6d6890_big.jpg,https://kultura-doma.ru/public/src/images/gallery/catalog/690616a5a620c_big.jpg,null,null,null,null,null,латунь,null,null,null,null,1211,https://kultura-doma.ru/product/vaza-kupel-1211,vase,master_catalog
63,KD-PD-8471,Ваза Ландыши,белый,24 см,https://kultura-doma.ru/public/src/images/gallery/catalog/6a0d5a46a44f4_big.jpg,https://kultura-doma.ru/public/src/images/gallery/catalog/6a0d5a46e26e6_big.jpg,null,null,null,null,null,null,фарфор,100% фарфор,null,null,null,474,https://kultura-doma.ru/product/vaza-landyshi-474,vase,master_catalog
64,KD-PD-8479,Ваза Ландыши,белый,30 см,https://kultura-doma.ru/public/src/images/gallery/catalog/6a0d5a61ce1cf_big.jpg,https://kultura-doma.ru/public/src/images/gallery/catalog/6a0d5a6218344_big.jpg,https://kultura-doma.ru/public/src/images/gallery/catalog/6a0d5a6182c42_big.jpg,null,null,null,null,null,фарфор,100% фарфор,null,null,null,481,https://kultura-doma.ru/product/vaza-landyshi-481,vase,master_catalog
65,KD-PD-8481,Ваза Ландыши,белый,29 см,https://kultura-doma.ru/public/src/images/gallery/catalog/6a0d5a5f4ec2e_big.jpg,https://kultura-doma.ru/public/src/images/gallery/catalog/6a0d5a5f8c346_big.jpg,null,null,null,null,null,null,фарфор,100% фарфор,null,null,null,483,https://kultura-doma.ru/product/vaza-landyshi-483,vase,master_catalog
66,KD-PD-8483,Ваза Ландыши,белый,26 см,https://kultura-doma.ru/public/src/images/gallery/catalog/6a0d5a520024c_big.jpg,https://kultura-doma.ru/public/src/images/gallery/catalog/6a0d5a523a650_big.jpg,null,null,null,null,null,null,фарфор,100% фарфор,null,null,null,484,https://kultura-doma.ru/product/vaza-landyshi-484,vase,master_catalog
67,KD-PD-8865,Ваза Ландыши,белый,27 см,https://kultura-doma.ru/public/src/images/gallery/catalog/6a0d5a55bf973_big.jpg,https://kultura-doma.ru/public/src/images/gallery/catalog/6a0d5a5683fb7_big.jpg,https://kultura-doma.ru/public/src/images/gallery/catalog/6a0d5a560db61_big.jpg,null,null,null,null,null,фарфор,100% фарфор,null,null,null,497,https://kultura-doma.ru/product/vaza-landyshi-497,vase,master_catalog
68,KD-PD-8866,Ваза Ландыши,белый,33 см,https://kultura-doma.ru/public/src/images/gallery/catalog/6a0d5b01a413d_big.jpg,https://kultura-doma.ru/public/src/images/gallery/catalog/6a0d5b027958b_big.jpg,https://kultura-doma.ru/public/src/images/gallery/catalog/6a0d5b0301274_big.jpg,null,null,null,null,null,фарфор,100% фарфор,null,null,null,498,https://kultura-doma.ru/product/vaza-landyshi-498,vase,master_catalog
69,KD-PD-8868,Ваза Ландыши,белый,29 см,https://kultura-doma.ru/public/src/images/gallery/catalog/6a0d5a5d696cb_big.jpg,https://kultura-doma.ru/public/src/images/gallery/catalog/6a0d5a5c085b4_big.jpg,https://kultura-doma.ru/public/src/images/gallery/catalog/6a0d5a5da32ba_big.jpg,null,null,null,null,null,фарфор,100% фарфор,null,null,null,500,https://kultura-doma.ru/product/vaza-landyshi-500,vase,master_catalog
70,KD-PD-8869,Ваза Ландыши,белый,31 см,https://kultura-doma.ru/public/src/images/gallery/catalog/6a0d5af2a06ba_big.jpg,https://kultura-doma.ru/public/src/images/gallery/catalog/6a0d5af2610e8_big.jpg,https://kultura-doma.ru/public/src/images/gallery/catalog/6a0d5af2e9bd9_big.jpg,null,null,null,null,null,фарфор,100% фарфор,null,null,null,501,https://kultura-doma.ru/product/vaza-landyshi-501,vase,master_catalog
71,KD-PD-10156,Ваза Лед,белый,null,https://kultura-doma.ru/public/src/images/gallery/catalog/6a58e7df9c488_big.jpg,https://kultura-doma.ru/public/src/images/gallery/catalog/690b31125d15d_big.jpg,https://kultura-doma.ru/public/src/images/gallery/catalog/6a58e7df52796_big.jpg,null,null,null,null,null,хрусталь,100% хрусталь,null,null,null,1286,https://kultura-doma.ru/product/vaza-led,vase,master_catalog
72,KD-PD-10627,Ваза малая Волна,коричневый,null,https://kultura-doma.ru/public/src/images/gallery/catalog/6a3d1bd763079_big.jpg,https://kultura-doma.ru/public/src/images/gallery/catalog/691b2cdca86b2_big.jpg,null,null,null,null,null,null,дуб,null,null,null,null,1301,https://kultura-doma.ru/product/vaza-volna,vase,master_catalog
73,KD-PD-11281,Ваза Оптика,null,null,https://kultura-doma.ru/public/src/images/gallery/catalog/6a0d5acc867e1_big.jpg,https://kultura-doma.ru/public/src/images/gallery/catalog/69c63a9b8339f_big.jpg,null,null,null,null,null,null,хрусталь,100% хрусталь,null,null,null,1509,https://kultura-doma.ru/product/vaza-optika-hrustal,vase,master_catalog
74,KD-PD-11101,Ваза Оптика Аметист,фиолетовый,null,https://kultura-doma.ru/public/src/images/gallery/catalog/69707f9baca8e_big.jpg,https://kultura-doma.ru/public/src/images/gallery/catalog/696f7322456e0_big.jpg,https://kultura-doma.ru/public/src/images/gallery/catalog/6a0d5aca9d4b2_big.jpg,null,null,null,null,null,хрусталь,100% хрусталь,null,null,null,1432,https://kultura-doma.ru/product/vaza-optika-rubin,vase,master_catalog
75,KD-PD-8854,Ваза Орхидея,серый,null,https://kultura-doma.ru/public/src/images/gallery/catalog/6a47aa4734b1e_big.jpg,https://kultura-doma.ru/public/src/images/gallery/catalog/6a47aa45ec691_big.jpg,https://kultura-doma.ru/public/src/images/gallery/catalog/6a47aa478247a_big.jpg,null,null,null,null,null,керамика,100% керамика,null,null,null,690,https://kultura-doma.ru/product/vaza-orhideya,vase,master_catalog
76,KD-PD-8855,Ваза Орхидея,голубой,20 см,https://kultura-doma.ru/public/src/images/gallery/catalog/6a0d5a865176c_big.jpg,https://kultura-doma.ru/public/src/images/gallery/catalog/6a0d5a84612b0_big.jpg,https://kultura-doma.ru/public/src/images/gallery/catalog/6a0d5a868dfdd_big.jpg,null,null,null,null,null,керамика,100% керамика,null,null,null,691,https://kultura-doma.ru/product/vaza-orhideya-691,vase,master_catalog
77,KD-PD-8856,Ваза Орхидея,розовый,20 см,https://kultura-doma.ru/public/src/images/gallery/catalog/6a0d5a7bc6d0d_big.jpg,https://kultura-doma.ru/public/src/images/gallery/catalog/6a0d5a7b8e679_big.jpg,https://kultura-doma.ru/public/src/images/gallery/catalog/6a0d5a7c0fb31_big.jpg,null,null,null,null,null,керамика,100% керамика,null,null,null,692,https://kultura-doma.ru/product/vaza-orhideya-692,vase,master_catalog
78,KD-PD-8858,Ваза Орхидея: 28 см,голубой,28 см,https://kultura-doma.ru/public/src/images/gallery/catalog/6a0d5a865176c_big.jpg,https://kultura-doma.ru/public/src/images/gallery/catalog/6a0d5a84612b0_big.jpg,https://kultura-doma.ru/public/src/images/gallery/catalog/6a0d5a868dfdd_big.jpg,null,null,null,null,null,керамика,100% керамика,null,null,null,691-725,https://kultura-doma.ru/product/vaza-orhideya-691-size-28-sm,vase,master_catalog
79,KD-PD-8859,Ваза Орхидея: 28 см,розовый,28 см,https://kultura-doma.ru/public/src/images/gallery/catalog/6a0d5a7bc6d0d_big.jpg,https://kultura-doma.ru/public/src/images/gallery/catalog/6a0d5a7b8e679_big.jpg,https://kultura-doma.ru/public/src/images/gallery/catalog/6a0d5a7c0fb31_big.jpg,null,null,null,null,null,керамика,100% керамика,null,null,null,692-726,https://kultura-doma.ru/product/vaza-orhideya-692-size-28-sm,vase,master_catalog
80,KD-PD-8861,Ваза Орхидея: 35 см,голубой,35 см,https://kultura-doma.ru/public/src/images/gallery/catalog/6a0d5a865176c_big.jpg,https://kultura-doma.ru/public/src/images/gallery/catalog/6a0d5a84612b0_big.jpg,https://kultura-doma.ru/public/src/images/gallery/catalog/6a0d5a868dfdd_big.jpg,null,null,null,null,null,керамика,100% керамика,null,null,null,691-728,https://kultura-doma.ru/product/vaza-orhideya-691-size-35-sm,vase,master_catalog
81,KD-PD-8862,Ваза Орхидея: 35 см,розовый,35 см,https://kultura-doma.ru/public/src/images/gallery/catalog/6a0d5a7bc6d0d_big.jpg,https://kultura-doma.ru/public/src/images/gallery/catalog/6a0d5a7b8e679_big.jpg,https://kultura-doma.ru/public/src/images/gallery/catalog/6a0d5a7c0fb31_big.jpg,null,null,null,null,null,керамика,100% керамика,null,null,null,692-729,https://kultura-doma.ru/product/vaza-orhideya-692-size-35-sm,vase,master_catalog
82,KD-PD-11020,Ваза Паскаль,синий,36х23х39 см,https://kssafonova.github.io/kd/images/imported-products/6a0d5b3d445c5_big.jpg,https://kssafonova.github.io/kd/images/imported-products/6a0d5b3e03a32_big.jpg,https://kssafonova.github.io/kd/images/imported-products/6a0d5b3e7f39e_big.jpg,null,null,null,null,null,стекло,100% стекло,null,null,null,1550,https://kultura-doma.ru/product/vaza-paskal,vase,master_catalog
83,KD-PD-11021,Ваза Паскаль,желтый,3.5х23х30.5 см,https://kssafonova.github.io/kd/images/imported-products/6a0d5b4123311_big.jpg,https://kssafonova.github.io/kd/images/imported-products/6a0d5b408a6f8_big.jpg,https://kssafonova.github.io/kd/images/imported-products/6a0d5b40d2110_big.jpg,null,null,null,null,null,стекло,100% стекло,null,null,null,1551,https://kultura-doma.ru/product/vaza-paskal-1551,vase,master_catalog
84,KD-PD-11021,Ваза Паскаль: 33х23х30 см,желтый,33х23х30 см,https://kssafonova.github.io/kd/images/imported-products/6a0d5b4123311_big.jpg,https://kssafonova.github.io/kd/images/imported-products/6a0d5b408a6f8_big.jpg,https://kssafonova.github.io/kd/images/imported-products/6a0d5b40d2110_big.jpg,null,null,null,null,null,стекло,100% стекло,null,null,null,1551-2027,https://kultura-doma.ru/product/vaza-paskal-1551-size-33h23h30-sm,vase,master_catalog
85,KD-PD-11022,Ваза Паскаль: 36х23х39 см,желтый,36х23х39 см,https://kssafonova.github.io/kd/images/imported-products/6a0d5b4123311_big.jpg,https://kssafonova.github.io/kd/images/imported-products/6a0d5b408a6f8_big.jpg,https://kssafonova.github.io/kd/images/imported-products/6a0d5b40d2110_big.jpg,null,null,null,null,null,стекло,100% стекло,null,null,null,1551-1689,https://kultura-doma.ru/product/vaza-paskal-1551-size-36h23h39-sm,vase,master_catalog
86,KD-PD-10674,Ваза Пионы,белый,null,https://kultura-doma.ru/public/src/images/gallery/catalog/6a0d5a4ff16aa_big.jpg,https://kultura-doma.ru/public/src/images/gallery/catalog/6a0d5a5040591_big.jpg,https://kultura-doma.ru/public/src/images/gallery/catalog/6a0d5a5080704_big.jpg,null,null,null,null,null,фарфор,100% фарфор,null,null,null,1433,https://kultura-doma.ru/product/vaza-piony-1433,vase,master_catalog
87,KD-PD-8440,Ваза Пионы,белый,31 см,https://kultura-doma.ru/public/src/images/gallery/catalog/6a0d5a642fb37_big.jpg,https://kultura-doma.ru/public/src/images/gallery/catalog/6a0d5a64714e1_big.jpg,https://kultura-doma.ru/public/src/images/gallery/catalog/6a0d5a64b219c_big.jpg,null,null,null,null,null,фарфор,100% фарфор,null,null,null,136,https://kultura-doma.ru/product/vaza-piony,vase,master_catalog
88,KD-PD-8441,Ваза Пионы,белый,24 см,https://kultura-doma.ru/public/src/images/gallery/catalog/6a0d5a4840706_big.jpg,https://kultura-doma.ru/public/src/images/gallery/catalog/6a0d5a48824ca_big.jpg,null,null,null,null,null,null,фарфор,100% фарфор,null,null,null,459,https://kultura-doma.ru/product/vaza-piony-459,vase,master_catalog
89,KD-PD-8452,Ваза Пионы,белый,16 см,https://kultura-doma.ru/public/src/images/gallery/catalog/6a0d59fdea3f1_big.jpg,https://kultura-doma.ru/public/src/images/gallery/catalog/6a0d59fe359e9_big.jpg,null,null,null,null,null,null,фарфор,100% фарфор,null,null,null,464,https://kultura-doma.ru/product/vaza-piony-464,vase,master_catalog
90,KD-PD-8453,Ваза Пионы,белый,21 см,https://kultura-doma.ru/public/src/images/gallery/catalog/6a0d5a3c8260d_big.jpg,https://kultura-doma.ru/public/src/images/gallery/catalog/6a0d5a3ccd5b5_big.jpg,null,null,null,null,null,null,фарфор,100% фарфор,null,null,null,465,https://kultura-doma.ru/product/vaza-piony-465,vase,master_catalog
91,KD-PD-8455,Ваза Пионы,белый,20 см,https://kultura-doma.ru/public/src/images/gallery/catalog/6a0d5a1a518c3_big.jpg,https://kultura-doma.ru/public/src/images/gallery/catalog/6a0d5a1a9105f_big.jpg,null,null,null,null,null,null,фарфор,100% фарфор,null,null,null,467,https://kultura-doma.ru/product/vaza-piony-467,vase,master_catalog
92,KD-PD-8456,Ваза Пионы,белый,18 см,https://kultura-doma.ru/public/src/images/gallery/catalog/6a0d5a037de51_big.jpg,https://kultura-doma.ru/public/src/images/gallery/catalog/6a0d5a03f41cd_big.jpg,https://kultura-doma.ru/public/src/images/gallery/catalog/6a0d5a030346a_big.jpg,null,null,null,null,null,фарфор,100% фарфор,null,null,null,468,https://kultura-doma.ru/product/vaza-piony-468,vase,master_catalog
93,KD-PD-10237,Ваза Призма Лед,null,29 см,https://kultura-doma.ru/public/src/images/gallery/catalog/699587554d7d4_big.jpg,https://kultura-doma.ru/public/src/images/gallery/catalog/699570b0be92b_big.png,https://kultura-doma.ru/public/src/images/gallery/catalog/696f6711a4c5f_big.jpg,null,null,null,null,null,хрусталь,100% хрусталь,null,null,null,1431,https://kultura-doma.ru/product/vaza-prizma-led,vase,master_catalog
94,KD-PD-11100,Ваза Раёк Аметист,фиолетовый,null,https://kultura-doma.ru/public/src/images/gallery/catalog/6a0d5ac78925c_big.jpg,https://kultura-doma.ru/public/src/images/gallery/catalog/696f72e18a401_big.jpg,https://kultura-doma.ru/public/src/images/gallery/catalog/6a0d5ac822de0_big.jpg,null,null,null,null,null,хрусталь,100% хрусталь,null,null,null,1434,https://kultura-doma.ru/product/vaza-dekorativnaya-raykom-rubin,vase,master_catalog
95,KD-PD-11074,Ваза Торжество,белый,37х16 см,https://kultura-doma.ru/public/src/images/gallery/catalog/69958765a901b_big.jpg,https://kultura-doma.ru/public/src/images/gallery/catalog/699570bdbc69e_big.png,https://kultura-doma.ru/public/src/images/gallery/catalog/6a0d5a6cb9f24_big.jpg,null,null,null,null,null,фарфор,100% фарфор,null,null,null,1436,https://kultura-doma.ru/product/vaza-torzhestvo,vase,master_catalog
96,KD-PD-9551,Ваза Тюльпан,бежевый,20 см,https://kultura-doma.ru/public/src/images/gallery/catalog/6a0d5a89bfff0_big.jpg,https://kultura-doma.ru/public/src/images/gallery/catalog/6a0d5a88be8d2_big.jpg,https://kultura-doma.ru/public/src/images/gallery/catalog/6a0d5a8a4c50e_big.jpg,null,null,null,null,null,керамика,100% керамика,null,null,null,695,https://kultura-doma.ru/product/vaza-tyul-pan,vase,master_catalog
97,KD-PD-9552,Ваза Тюльпан,зеленый,28 см,https://kultura-doma.ru/public/src/images/gallery/catalog/6a47aaffe85c3_big.jpg,https://kultura-doma.ru/public/src/images/gallery/catalog/6a47ab002eed5_big.jpg,https://kultura-doma.ru/public/src/images/gallery/catalog/6a47ab006e788_big.jpg,null,null,null,null,null,керамика,100% керамика,null,null,null,696,https://kultura-doma.ru/product/vaza-tyul-pan-696,vase,master_catalog
98,KD-PD-9682,Ваза Тюльпан,синий,20 см,https://kultura-doma.ru/public/src/images/gallery/catalog/686bd976bb7f0_big.jpg,https://kultura-doma.ru/public/src/images/gallery/catalog/6a0d5a8f54743_big.jpg,https://kultura-doma.ru/public/src/images/gallery/catalog/6a0d5a8eec698_big.jpg,null,null,null,null,null,керамика,100% керамика,null,null,null,697,https://kultura-doma.ru/product/vaza-tyul-pan-697,vase,master_catalog
99,KD-PD-9554,Ваза Тюльпан: 28 см,бежевый,28 см,https://kultura-doma.ru/public/src/images/gallery/catalog/6a0d5a89bfff0_big.jpg,https://kultura-doma.ru/public/src/images/gallery/catalog/6a0d5a88be8d2_big.jpg,https://kultura-doma.ru/public/src/images/gallery/catalog/6a0d5a8a4c50e_big.jpg,null,null,null,null,null,керамика,100% керамика,null,null,null,695-738,https://kultura-doma.ru/product/vaza-tyul-pan-size-28-sm,vase,master_catalog
100,KD-PD-9683,Ваза Тюльпан: 28 см,синий,28 см,https://kultura-doma.ru/public/src/images/gallery/catalog/686bd976bb7f0_big.jpg,https://kultura-doma.ru/public/src/images/gallery/catalog/6a0d5a8f54743_big.jpg,https://kultura-doma.ru/public/src/images/gallery/catalog/6a0d5a8eec698_big.jpg,null,null,null,null,null,керамика,100% керамика,null,null,null,697-743,https://kultura-doma.ru/product/vaza-tyul-pan-697-size-28-sm,vase,master_catalog
101,KD-PD-9557,Ваза Тюльпан: 35 см,бежевый,35 см,https://kultura-doma.ru/public/src/images/gallery/catalog/6a0d5a89bfff0_big.jpg,https://kultura-doma.ru/public/src/images/gallery/catalog/6a0d5a88be8d2_big.jpg,https://kultura-doma.ru/public/src/images/gallery/catalog/6a0d5a8a4c50e_big.jpg,null,null,null,null,null,керамика,100% керамика,null,null,null,695-740,https://kultura-doma.ru/product/vaza-tyul-pan-size-35-sm,vase,master_catalog
102,KD-PD-9558,Ваза Тюльпан: 35 см,зеленый,35 см,https://kultura-doma.ru/public/src/images/gallery/catalog/6a47aaffe85c3_big.jpg,https://kultura-doma.ru/public/src/images/gallery/catalog/6a47ab002eed5_big.jpg,https://kultura-doma.ru/public/src/images/gallery/catalog/6a47ab006e788_big.jpg,null,null,null,null,null,керамика,100% керамика,null,null,null,696-741,https://kultura-doma.ru/product/vaza-tyul-pan-696-size-35-sm,vase,master_catalog
103,KD-PD-9684,Ваза Тюльпан: 35 см,синий,35 см,https://kultura-doma.ru/public/src/images/gallery/catalog/686bd976bb7f0_big.jpg,https://kultura-doma.ru/public/src/images/gallery/catalog/6a0d5a8f54743_big.jpg,https://kultura-doma.ru/public/src/images/gallery/catalog/6a0d5a8eec698_big.jpg,null,null,null,null,null,керамика,100% керамика,null,null,null,697-744,https://kultura-doma.ru/product/vaza-tyul-pan-697-size-35-sm,vase,master_catalog
104,KD-PD-10672,Ваза фарфоровая Ландыши Торжество,белый,37х16 см,https://kultura-doma.ru/public/src/images/gallery/catalog/6995874382e42_big.jpg,https://kultura-doma.ru/public/src/images/gallery/catalog/6995709448047_big.png,https://kultura-doma.ru/public/src/images/gallery/catalog/6a58e1b0a6531_big.jpg,null,null,null,null,null,фарфор,100% фарфор,null,null,null,1319,https://kultura-doma.ru/product/vaza-landyshi-1319,vase,master_catalog
105,KD-PD-10670,Ваза фарфоровая Пионы Бриз высокая,белый,35х16 см,https://kultura-doma.ru/public/src/images/gallery/catalog/6a58e17277110_big.jpg,https://kultura-doma.ru/public/src/images/gallery/catalog/691b2a132257c_big.jpg,null,null,null,null,null,null,фарфор,100% фарфор,null,null,null,1316,https://kultura-doma.ru/product/vaza-piony-1316,vase,master_catalog
106,KD-PD-10673,Ваза фарфоровая Пионы Бриз малая,белый,null,https://kultura-doma.ru/public/src/images/gallery/catalog/6a0d5a3e14f5f_big.jpg,null,null,null,null,null,null,null,фарфор,100% фарфор,null,null,null,1317,https://kultura-doma.ru/product/vaza-piony-1317,vase,master_catalog
107,KD-PD-10671,Ваза фарфоровая Пионы и Сирень,белый,null,https://kultura-doma.ru/public/src/images/gallery/catalog/6a0d5a539d884_big.jpg,https://kultura-doma.ru/public/src/images/gallery/catalog/696f267324b62_big.jpg,https://kultura-doma.ru/public/src/images/gallery/catalog/6a0d5a5425b67_big.jpg,null,null,null,null,null,фарфор,100% фарфор,null,null,null,1318,https://kultura-doma.ru/product/vaza-piony-i-siren,vase,master_catalog
108,KD-PD-11023,Ваза Фуджи,белый,null,https://kultura-doma.ru/public/src/images/gallery/catalog/6a0d5b4440cf7_big.jpg,https://kultura-doma.ru/public/src/images/gallery/catalog/69a6ab18450e5_big.jpg,https://kultura-doma.ru/public/src/images/gallery/catalog/69a6ab2384f09_big.jpg,null,null,null,null,null,стекло,100% стекло,null,null,null,1614,https://kultura-doma.ru/product/vaza-fudzhi,vase,master_catalog
109,KD-PD-11024,Ваза Фуджи,белый,null,https://kultura-doma.ru/public/src/images/gallery/catalog/6a0d5b4595afe_big.jpg,https://kultura-doma.ru/public/src/images/gallery/catalog/69a6ab6b191a7_big.jpg,https://kultura-doma.ru/public/src/images/gallery/catalog/69a6ab77947fa_big.jpg,null,null,null,null,null,стекло,100% стекло,null,null,null,1625,https://kultura-doma.ru/product/vaza-fudzhi-1625,vase,master_catalog
110,KD-PD-11025,Ваза Фуджи,белый,null,https://kultura-doma.ru/public/src/images/gallery/catalog/6a609320248c7_big.jpg,https://kultura-doma.ru/public/src/images/gallery/catalog/69a6ab55d295b_big.jpg,https://kultura-doma.ru/public/src/images/gallery/catalog/69a6ab486790d_big.jpg,null,null,null,null,null,стекло,100% стекло,null,null,null,1624,https://kultura-doma.ru/product/vaza-fudzhi-1624,vase,master_catalog
111,KD-PD-10114,Ваза Хрустальный дворец,null,null,https://kultura-doma.ru/public/src/images/gallery/catalog/6a0d5adac215c_big.jpg,https://kultura-doma.ru/public/src/images/gallery/catalog/69ca1b079d747_big.jpg,https://kultura-doma.ru/public/src/images/gallery/catalog/6a0d5ada6d809_big.jpg,null,null,null,null,null,хрусталь,100% хрусталь,null,null,null,1253,https://kultura-doma.ru/product/vaza-hrustal-nyy-dvorec-1253,vase,master_catalog
112,KD-PD-10115,Ваза Хрустальный дворец,null,null,https://kultura-doma.ru/public/src/images/gallery/catalog/6a0d5ae95c275_big.jpg,https://kultura-doma.ru/public/src/images/gallery/catalog/69ca1b611cf78_big.jpg,https://kultura-doma.ru/public/src/images/gallery/catalog/6a0d5ae91608a_big.jpg,null,null,null,null,null,хрусталь,100% хрусталь,null,null,null,1251,https://kultura-doma.ru/product/vaza-hrustal-nyy-dvorec,vase,master_catalog
113,KD-PD-10148,Ваза Хрустальный дворец,null,null,https://kultura-doma.ru/public/src/images/gallery/catalog/6a0d5ae0b6e06_big.jpg,https://kultura-doma.ru/public/src/images/gallery/catalog/69ca1a4b5da61_big.jpg,https://kultura-doma.ru/public/src/images/gallery/catalog/6a0d5ae07bcc1_big.jpg,null,null,null,null,null,хрусталь,100% хрусталь,null,null,null,1252,https://kultura-doma.ru/product/vaza-hrustal-nyy-dvorec-1252,vase,master_catalog
114,KD-PD-11125,Ваза Шотландка Аметист,красный,37 см,https://kultura-doma.ru/public/src/images/gallery/catalog/6a671655b9996_big.jpg,https://kultura-doma.ru/public/src/images/gallery/catalog/696f733a480fb_big.jpg,https://kultura-doma.ru/public/src/images/gallery/catalog/6a67165632a40_big.jpg,null,null,null,null,null,хрусталь,100% хрусталь,null,null,null,1448,https://kultura-doma.ru/product/vaza-shotlandka-ametist,vase,master_catalog
115,KD-PD-11126,Ваза Шотландка Аметист: 47 см,красный,47 см,https://kultura-doma.ru/public/src/images/gallery/catalog/6a671655b9996_big.jpg,https://kultura-doma.ru/public/src/images/gallery/catalog/696f733a480fb_big.jpg,https://kultura-doma.ru/public/src/images/gallery/catalog/6a67165632a40_big.jpg,null,null,null,null,null,хрусталь,100% хрусталь,null,null,null,1448-2654,https://kultura-doma.ru/product/vaza-shotlandka-ametist-size-47-sm,vase,master_catalog
116,KD-PD-9881,Ваза Этюд,белый,null,https://kultura-doma.ru/public/src/images/gallery/catalog/6a58ede097101_big.jpg,https://kultura-doma.ru/public/src/images/gallery/catalog/6a58ede0d9ac9_big.jpg,null,null,null,null,null,null,фарфор,100% фарфор,null,null,null,1449,https://kultura-doma.ru/product/vaza-etyud,vase,master_catalog
117,KD-PD-10017,Вазочка десертная Купель,серебряный,9х8 см,https://kultura-doma.ru/public/src/images/gallery/catalog/6a267c7dcf874_big.jpg,https://kultura-doma.ru/public/src/images/gallery/catalog/691b2cb311307_big.jpg,https://kultura-doma.ru/public/src/images/gallery/catalog/6a267c7e6150c_big.jpg,9 см,8 см,250 мл,null,null,латунь,null,null,null,null,1297,https://kultura-doma.ru/product/vazochka-kupel,other,master_catalog
118,KD-PD-9606,Ведро для льда Купель,null,25х18 см,https://kultura-doma.ru/public/src/images/gallery/catalog/694b950fe8dcd_big.jpg,https://kultura-doma.ru/public/src/images/gallery/catalog/694b95110a511_big.jpg,https://kultura-doma.ru/public/src/images/gallery/catalog/694b9510a9476_big.jpg,25 см,18 см,null,null,null,латунь,null,null,null,null,285,https://kultura-doma.ru/product/vedro-dlya-l-da-kupel,other,master_catalog
119,KD-PD-10709,Графин Гамба,null,null,https://kultura-doma.ru/public/src/images/gallery/catalog/6a3d1915da763_big.jpg,https://kultura-doma.ru/public/src/images/gallery/catalog/691b315144030_big.jpg,null,null,null,"1,5 л",null,null,хрустальное стекло,null,null,null,null,1309,https://kultura-doma.ru/product/grafin-gamba,decanter,master_catalog
120,KD-PD-9661,Графин с рюмкой Лед,null,null,https://kultura-doma.ru/public/src/images/gallery/catalog/6a3d1922ac90f_big.jpg,https://kultura-doma.ru/public/src/images/gallery/catalog/6a3d192272fcd_big.jpg,https://kultura-doma.ru/public/src/images/gallery/catalog/6a3d1922efb02_big.jpg,null,null,1000 мл,null,null,хрусталь,100% хрусталь,null,null,null,238,https://kultura-doma.ru/product/grafin-s-ryumkoy-led,decanter,master_catalog
121,KD-PD-11528,Декор-спички,null,null,https://kultura-doma.ru/public/src/images/gallery/catalog/6a562b0c8baf5_big.jpg,https://kultura-doma.ru/public/src/images/gallery/catalog/6a141f8f8facb_big.jpg,https://kultura-doma.ru/public/src/images/gallery/catalog/69ca22134e4fe_big.jpg,null,null,null,null,null,"дерево, селитра, стекло",null,null,null,null,1620,https://kultura-doma.ru/product/dekorspichki,candle,master_catalog
122,KD-PD-11523,Диффузор Голубая Ель,null,null,https://kultura-doma.ru/public/src/images/gallery/catalog/6a1420797768d_big.JPG,https://kultura-doma.ru/public/src/images/gallery/catalog/6a608989a78e9_big.jpg,null,null,null,130 мл,null,null,null,null,null,null,Голубая Ель,1617,https://kultura-doma.ru/product/diffuzor-golubaya-el,other,master_catalog
123,KD-PD-11522,Диффузор Древо жизни,null,null,https://kultura-doma.ru/public/src/images/gallery/catalog/6a101522c05e9_big.jpg,https://kultura-doma.ru/public/src/images/gallery/catalog/69b160089e42a_big.png,null,null,null,130 мл,null,null,null,null,null,null,Древо жизни,1656,https://kultura-doma.ru/product/diffuzor-drevo-zhizni,other,master_catalog
124,KD-PD-7408,Диффузор Зеленый ревень,null,null,https://kultura-doma.ru/public/src/images/gallery/catalog/6a60888e6842e_big.jpg,https://kultura-doma.ru/public/src/images/gallery/catalog/6a60888e2a7bb_big.jpg,https://kultura-doma.ru/public/src/images/gallery/catalog/6a60888ea6a12_big.jpg,null,null,100 мл,null,null,null,null,null,null,Зеленый ревень,121,https://kultura-doma.ru/product/diffuzor-zelenyy-reven,other,master_catalog
125,KD-PD-7178,Диффузор Зимняя сказка,null,null,https://kssafonova.github.io/kd/images/imported-products/6a60893f36df8_big.jpg,https://kssafonova.github.io/kd/images/imported-products/6a60893f726ce_big.jpg,null,null,null,100 мл,null,null,null,null,null,null,Зимняя сказка,110,https://kultura-doma.ru/product/diffuzor-zimnyaya-skazka,other,master_catalog
126,KD-PD-11519,Диффузор Золотой цветок,null,null,https://kultura-doma.ru/public/src/images/gallery/catalog/6a1420ae5529a_big.JPG,https://kultura-doma.ru/public/src/images/gallery/catalog/69c24656cc8a4_big.jpg,null,null,null,130 мл,null,null,null,null,null,null,Золотой цветок,1616,https://kultura-doma.ru/product/diffuzor-zolotoy-cvetok,other,master_catalog
127,KD-PD-11530,Диффузор Мандариновый сад,null,null,https://kultura-doma.ru/public/src/images/gallery/catalog/6a101532a2453_big.jpg,https://kultura-doma.ru/public/src/images/gallery/catalog/6a10153258748_big.jpg,null,null,null,130 мл,null,null,null,null,null,null,Мандариновый сад,1618,https://kultura-doma.ru/product/diffuzor-mandarinovyy-sad,other,master_catalog
128,KD-PD-7403,Диффузор Пьянящий цветок,null,null,https://kultura-doma.ru/public/src/images/gallery/catalog/6a6089ef78df0_big.jpg,https://kultura-doma.ru/public/src/images/gallery/catalog/6a6089efbe14e_big.jpg,https://kultura-doma.ru/public/src/images/gallery/catalog/6a6089f01492b_big.jpg,null,null,100 мл,null,null,null,null,null,null,Пьянящий цветок,377,https://kultura-doma.ru/product/diffuzor-p-yanyaschiy-cvetok,other,master_catalog
129,KD-PD-11520,Диффузор Серебряный мускус,null,null,https://kultura-doma.ru/public/src/images/gallery/catalog/6a101520a1c78_big.jpg,https://kultura-doma.ru/public/src/images/gallery/catalog/69b15ff67d734_big.png,null,null,null,130 мл,null,null,null,null,null,null,Серебряный мускус,1654,https://kultura-doma.ru/product/diffuzor-serebryanyy-muskus,other,master_catalog
130,KD-PD-7177,Диффузор Сласти,null,null,https://kssafonova.github.io/kd/images/imported-products/6a608a198226b_big.jpg,https://kssafonova.github.io/kd/images/imported-products/6a608a19c8fe7_big.jpg,null,null,null,100 мл,null,null,null,null,null,null,Сласти,109,https://kultura-doma.ru/product/diffuzor-slasti,other,master_catalog
131,KD-PD-7179,Диффузор Уютный вечер,null,null,https://kssafonova.github.io/kd/images/imported-products/6a43743ce3016_big.jpg,https://kssafonova.github.io/kd/images/imported-products/6a43743d51e45_big.jpg,null,null,null,100 мл,null,null,null,null,null,null,Уютный вечер,111,https://kultura-doma.ru/product/diffuzor-uyutnyy-vecher,other,master_catalog
132,KD-PD-7406,Диффузор Южный сад,null,null,https://kultura-doma.ru/public/src/images/gallery/catalog/6a43745bbe827_big.jpg,https://kultura-doma.ru/public/src/images/gallery/catalog/6a43745b2d35b_big.jpg,https://kultura-doma.ru/public/src/images/gallery/catalog/6a43745b78987_big.jpg,null,null,100 мл,null,null,null,null,null,null,Южный сад,119,https://kultura-doma.ru/product/diffuzor-yuzhnyy-sad,other,master_catalog
133,KD-PD-5195,Дом как маленькое государство,null,200х260 см,https://kultura-doma.ru/public/src/images/gallery/catalog/688251034eca9_big.jpg,https://kultura-doma.ru/public/src/images/gallery/catalog/68822332dc30f_big.jpg,https://kultura-doma.ru/public/src/images/gallery/catalog/6882233156899_big.jpg,200 см,260 см,null,null,null,null,null,null,null,null,1131,https://kultura-doma.ru/product/dom-kak-malen-koe-gosudarstvo,other,master_catalog
134,KD-PD-10416,Дорожка Дворцы России,белый,45х160 см,https://kultura-doma.ru/public/src/images/gallery/catalog/6a57541324bfa_big.jpg,https://kultura-doma.ru/public/src/images/gallery/catalog/69c2a1c7cd0a1_big.jpg,null,45 см,160 см,null,null,null,сатин,100% сатин,null,null,null,1602,https://kultura-doma.ru/product/dorozhka-dvorcy-rossii,table_runner,master_catalog
135,KD-PD-12051,Дорожка Кружево,белый,40х150 см,https://kultura-doma.ru/public/src/images/gallery/catalog/6a609220e5dfb_big.jpg,https://kultura-doma.ru/public/src/images/gallery/catalog/6a13fb61388a6_big.jpg,https://kultura-doma.ru/public/src/images/gallery/catalog/6a13fb5e07391_big.jpg,40 см,150 см,null,null,null,сатин,100% сатин,Кружево,null,null,1784,https://kultura-doma.ru/product/dorozhka-kruzhevo,table_runner,master_catalog
136,KD-PD-8973,Дорожка Летний ветерок,бежевый,50х200 см,https://kultura-doma.ru/public/src/images/gallery/catalog/69f218d34a7d3_big.jpg,https://kultura-doma.ru/public/src/images/gallery/catalog/68ef711d2a1fc_big.jpg,https://kultura-doma.ru/public/src/images/gallery/catalog/69f218d326c66_big.jpg,50 см,200 см,null,null,null,искусственный лен,null,null,null,null,1104,https://kultura-doma.ru/product/dorozhka-letniy-veterok-1104,table_runner,master_catalog
137,KD-PD-8973,Дорожка Летний ветерок: 50х180 см,бежевый,50х180 см,https://kultura-doma.ru/public/src/images/gallery/catalog/69f218d34a7d3_big.jpg,https://kultura-doma.ru/public/src/images/gallery/catalog/68ef711d2a1fc_big.jpg,https://kultura-doma.ru/public/src/images/gallery/catalog/69f218d326c66_big.jpg,50 см,180 см,null,null,null,искусственный лен,null,null,null,null,1104-1010,https://kultura-doma.ru/product/dorozhka-letniy-veterok-1104-size-50h180-sm,table_runner,master_catalog
138,KD-PD-8975,Дорожка Летний ветерок: 60х350 см,бежевый,60х350 см,https://kultura-doma.ru/public/src/images/gallery/catalog/69f218d34a7d3_big.jpg,https://kultura-doma.ru/public/src/images/gallery/catalog/68ef711d2a1fc_big.jpg,https://kultura-doma.ru/public/src/images/gallery/catalog/69f218d326c66_big.jpg,60 см,350 см,null,null,null,искусственный лен,null,null,null,null,1104-1012,https://kultura-doma.ru/product/dorozhka-letniy-veterok-1104-size-60h350-sm,table_runner,master_catalog
139,KD-PD-10106,Дорожка Нежность,белый,48х120 см,https://kultura-doma.ru/public/src/images/gallery/catalog/69f218c97fa1b_big.jpg,https://kultura-doma.ru/public/src/images/gallery/catalog/69c29e53c881c_big.jpg,null,48 см,120 см,null,null,null,лён,100% лен,null,null,null,1488,https://kultura-doma.ru/product/dorozhka-nezhnost-48h120-sm,table_runner,master_catalog
140,KD-PD-10107,Дорожка Нежность,белый,20х180 см,https://kultura-doma.ru/public/src/images/gallery/catalog/69c2a740dc874_big.jpg,https://kultura-doma.ru/public/src/images/gallery/catalog/69c2a7d741f64_big.png,null,20 см,180 см,null,null,null,лён,100% лен,null,null,null,1489,https://kultura-doma.ru/product/dorozhka-nezhnost-50h180-sm,table_runner,master_catalog
141,KD-PD-10107,Дорожка Нежность: 20х180 см,белый,20х180 см,https://kultura-doma.ru/public/src/images/gallery/catalog/69f218c97fa1b_big.jpg,https://kultura-doma.ru/public/src/images/gallery/catalog/69c29e53c881c_big.jpg,null,20 см,180 см,null,null,null,лён,100% лен,null,null,null,1488-1997,https://kultura-doma.ru/product/dorozhka-nezhnost-48h120-sm-size-20h180-sm,table_runner,master_catalog
142,KD-PD-9013,Дорожка Пионы,белый,50х180 см,https://kultura-doma.ru/public/src/images/gallery/catalog/6964ab3bd525c_big.png,https://kultura-doma.ru/public/src/images/gallery/catalog/6964ab464d40a_big.png,https://kultura-doma.ru/public/src/images/gallery/catalog/6964ab2e39222_big.png,50 см,180 см,null,null,null,сатин,100% сатин,null,null,null,538,https://kultura-doma.ru/product/dorozhka-piony-538,table_runner,master_catalog
143,KD-PD-7234,Дорожка Пионы: 45х165 см,белый,45х165 см,https://kultura-doma.ru/public/src/images/gallery/catalog/6964ab3bd525c_big.png,https://kultura-doma.ru/public/src/images/gallery/catalog/6964ab464d40a_big.png,https://kultura-doma.ru/public/src/images/gallery/catalog/6964ab2e39222_big.png,45 см,165 см,null,null,null,сатин,100% сатин,null,null,null,538-1598,https://kultura-doma.ru/product/dorozhka-piony-538-size-165h45-sm,table_runner,master_catalog
144,KD-PD-12057,Зеркало,бежевый,32х28 см,https://kultura-doma.ru/public/src/images/gallery/catalog/6a203695351e3_big.jpg,https://kultura-doma.ru/public/src/images/gallery/catalog/6a27e0110fb50_big.jpg,null,32 см,28 см,null,null,null,дерево,null,null,null,null,1805,https://kultura-doma.ru/product/zerkalo,other,master_catalog
145,KD-PD-10018,Икорница Купель,серебряный,"12,5х9 см",https://kultura-doma.ru/public/src/images/gallery/catalog/6a57913a8f690_big.jpg,https://kultura-doma.ru/public/src/images/gallery/catalog/691b3188a2ab6_big.jpg,https://kultura-doma.ru/public/src/images/gallery/catalog/6a57913b3be03_big.jpg,"12,5 см",9 см,300 мл,null,null,латунь,null,null,null,null,1298,https://kultura-doma.ru/product/ikornica-kupel-1298,other,master_catalog
146,KD-PD-7876,Икорница на ножке Купель,серебряный,16х12 см,https://kultura-doma.ru/public/src/images/gallery/catalog/69f074678786e_big.jpg,https://kultura-doma.ru/public/src/images/gallery/catalog/691b2c0ec163d_big.jpg,https://kultura-doma.ru/public/src/images/gallery/catalog/69f0746747a6b_big.jpg,16 см,12 см,120 мл,null,null,латунь,null,null,null,null,1327,https://kultura-doma.ru/product/ikornica-na-nozhke-kupel,other,master_catalog
147,KD-PD-7875,Икорница с ложкой Купель,null,"12,5х12,5х11,5 см",https://kultura-doma.ru/public/src/images/gallery/catalog/69f07464d82a6_big.jpg,https://kultura-doma.ru/public/src/images/gallery/catalog/69f074633b555_big.jpg,https://kultura-doma.ru/public/src/images/gallery/catalog/69f07464952cc_big.jpg,"12,5 см","12,5 см",null,null,null,латунь,null,null,null,null,267,https://kultura-doma.ru/product/ikornica-kupel,other,master_catalog
148,KD-PD-12609,Икорница с ложкой По щучьему велению,null,"15x10,5 см",https://kultura-doma.ru/public/src/images/gallery/catalog/6a14585bab143_big.jpg,https://kultura-doma.ru/public/src/images/gallery/catalog/6a14585c14d65_big.jpg,https://kultura-doma.ru/public/src/images/gallery/catalog/6a14585bd491f_big.jpg,15 см,"10,5 см",null,null,null,null,null,null,null,null,1820,https://kultura-doma.ru/product/ikornica-s-lozhkoy-po-schuch-emu-veleniyu-1820,other,master_catalog
149,KD-PD-5314,Книга Дом как маленькое государство в подарочной коробке,голубой,220х285х45 см,https://kultura-doma.ru/public/src/images/gallery/catalog/6882233738f62_big.jpg,https://kultura-doma.ru/public/src/images/gallery/catalog/6882233882c7b_big.jpg,https://kultura-doma.ru/public/src/images/gallery/catalog/68822338021d4_big.jpg,220 см,285 см,null,null,null,null,null,null,null,null,1133,https://kultura-doma.ru/product/kniga-dom-v-podarochnoy-korobke-pasha,other,master_catalog
150,KD-PD-5316,Книга Дом как маленькое государство в подарочной коробке,бежевый,220х285х45 см,https://kultura-doma.ru/public/src/images/gallery/catalog/6882233ab48fe_big.jpg,https://kultura-doma.ru/public/src/images/gallery/catalog/68822339d4c32_big.jpg,https://kultura-doma.ru/public/src/images/gallery/catalog/6882233aeafce_big.jpg,220 см,285 см,null,null,null,null,null,null,null,null,1134,https://kultura-doma.ru/product/kniga-dom-v-podarochnoy-korobke-s-dnem-svad-by,other,master_catalog
151,KD-PD-5317,Книга Дом как маленькое государство в подарочной коробке,оливковый,220х285х45 см,https://kultura-doma.ru/public/src/images/gallery/catalog/6882233c0de6c_big.jpg,https://kultura-doma.ru/public/src/images/gallery/catalog/6882233c978bc_big.jpg,https://kultura-doma.ru/public/src/images/gallery/catalog/6882233c3ec42_big.jpg,220 см,285 см,null,null,null,null,null,null,null,null,1137,https://kultura-doma.ru/product/kniga-dom-v-podarochnoy-korobke-s-novosel-em,other,master_catalog
152,KD-PD-5318,Книга Дом как маленькое государство в подарочной коробке,красный,220х285х45 см,https://kultura-doma.ru/public/src/images/gallery/catalog/68822335b3145_big.jpg,https://kultura-doma.ru/public/src/images/gallery/catalog/6882233465938_big.jpg,https://kultura-doma.ru/public/src/images/gallery/catalog/68822335ed73f_big.jpg,220 см,285 см,null,null,null,null,null,null,null,null,1132,https://kultura-doma.ru/product/kniga-dom-v-podarochnoy-korobke-osobennyy-podarok,other,master_catalog
153,KD-PD-7058,Ковер Восток,бежевый,85х150 см,https://kultura-doma.ru/public/src/images/gallery/catalog/6a145bb264286_big.JPG,https://kultura-doma.ru/public/src/images/gallery/catalog/6a145b7e4008a_big.jpg,https://kultura-doma.ru/public/src/images/gallery/catalog/6a145bb50df96_big.JPG,null,null,null,null,null,шерсть,null,null,null,null,859,https://kultura-doma.ru/product/kover-vostok,rug,master_catalog
154,KD-PD-6956,Ковер Гранатовый сад,мультиколор,89х195 см,https://kultura-doma.ru/public/src/images/gallery/catalog/6a1463546be26_big.JPG,https://kultura-doma.ru/public/src/images/gallery/catalog/6a14635b813e4_big.jpg,https://kultura-doma.ru/public/src/images/gallery/catalog/6a1850c345f47_big.jpg,null,null,null,null,null,шерсть,null,null,null,null,104,https://kultura-doma.ru/product/kover-granatovyy-sad,rug,master_catalog
155,KD-PD-6957,Ковер Гранатовый сад,мультиколор,146х118 см,https://kultura-doma.ru/public/src/images/gallery/catalog/6a1462f3606be_big.JPG,https://kultura-doma.ru/public/src/images/gallery/catalog/6a1466276215c_big.jpg,https://kultura-doma.ru/public/src/images/gallery/catalog/6a1462f5f379a_big.JPG,null,null,null,null,null,шерсть,null,null,null,null,105,https://kultura-doma.ru/product/kover-granatovyy-sad-105,rug,master_catalog
156,KD-PD-6961,Ковер Розовый сад,мультиколор,81х146 см,https://kultura-doma.ru/public/src/images/gallery/catalog/6a1460397ff61_big.JPG,https://kultura-doma.ru/public/src/images/gallery/catalog/6a14649c472de_big.jpg,https://kultura-doma.ru/public/src/images/gallery/catalog/6a14603c918e5_big.JPG,null,null,null,null,null,шерсть,null,null,null,null,108,https://kultura-doma.ru/product/kover-rozovyy-sad,rug,master_catalog
157,KD-PD-6958,Ковер Светлый сад,мультиколор,85х137 см,https://kultura-doma.ru/public/src/images/gallery/catalog/6a1462202b86e_big.JPG,https://kultura-doma.ru/public/src/images/gallery/catalog/6a1465a9b5540_big.jpg,https://kultura-doma.ru/public/src/images/gallery/catalog/6a146223d4d07_big.JPG,null,null,null,null,null,шерсть,null,null,null,null,106,https://kultura-doma.ru/product/kover-svetlyy-sad,rug,master_catalog
158,KD-PD-6959,Ковер Шаги времени,мультиколор,157х204 см,https://kultura-doma.ru/public/src/images/gallery/catalog/6a14615d48b1c_big.JPG,https://kultura-doma.ru/public/src/images/gallery/catalog/6a14650b336e1_big.jpg,https://kultura-doma.ru/public/src/images/gallery/catalog/6a146161331cc_big.JPG,null,null,null,null,null,шерсть,null,null,null,null,107,https://kultura-doma.ru/product/kover-shagi-vremeni,rug,master_catalog
159,KD-PD-6960,Ковер Шаги времени,мультиколор,137х185 см,https://kultura-doma.ru/public/src/images/gallery/catalog/6a145cf4727e9_big.JPG,https://kultura-doma.ru/public/src/images/gallery/catalog/6a145cc32202d_big.jpg,https://kultura-doma.ru/public/src/images/gallery/catalog/6a145c6f591d8_big.JPG,null,null,null,null,null,шерсть,null,null,null,null,858,https://kultura-doma.ru/product/kover-shagi-vremeni-858,rug,master_catalog
160,KD-PD-8515,Кольца для салфеток Купель,серебряный,"3,8х3,8х1,5 см",https://kultura-doma.ru/public/src/images/gallery/catalog/6a46785952196_big.jpg,https://kultura-doma.ru/public/src/images/gallery/catalog/6a467858980d6_big.jpg,https://kultura-doma.ru/public/src/images/gallery/catalog/6a467859afdc1_big.jpg,"3,8 см","3,8 см",null,null,null,латунь,null,null,null,null,541,https://kultura-doma.ru/product/kol-ca-kupel,napkin,master_catalog
161,KD-PD-8786,Кольца для салфеток Купель,серебряный,null,https://kultura-doma.ru/public/src/images/gallery/catalog/68d3eeaf2887f_big.jpg,https://kultura-doma.ru/public/src/images/gallery/catalog/68f09ba52c493_big.jpg,https://kultura-doma.ru/public/src/images/gallery/catalog/68f09aee6d730_big.jpg,null,null,null,null,null,латунь,null,null,null,null,548,https://kultura-doma.ru/product/kol-ca-kupel-548,napkin,master_catalog
162,KD-PD-10687,Комплект покрывало и наволочки Нобилис,зеленый,240х260 см,https://kultura-doma.ru/public/src/images/gallery/catalog/6a57413a35648_big.jpg,https://kultura-doma.ru/public/src/images/gallery/catalog/6a57413a8f7ce_big.jpg,https://kultura-doma.ru/public/src/images/gallery/catalog/6a57413ad3f14_big.jpg,240 см,260 см,null,null,null,велюр,null,null,null,null,1442,https://kultura-doma.ru/product/pokryvalo-nobilis,pillowcase_set,master_catalog
163,KD-PD-10686,Комплект покрывало и наволочки Патрисия,серый,240х260 см,https://kultura-doma.ru/public/src/images/gallery/catalog/6a5740d5d493c_big.jpg,https://kultura-doma.ru/public/src/images/gallery/catalog/6a15acc898acb_big.jpg,https://kultura-doma.ru/public/src/images/gallery/catalog/6a5740d6817dc_big.jpg,null,null,null,null,null,бархат,null,null,null,null,1443,https://kultura-doma.ru/product/pokryvalo-patrisiya,throw,master_catalog
164,KD-PD-5699,Комплект постельного белья Акварель,розовый,Кинг-сайз (220х240 см),https://kultura-doma.ru/public/src/images/gallery/catalog/6a328b9f72d32_big.jpg,https://kultura-doma.ru/public/src/images/gallery/catalog/6a328b9eb342f_big.jpg,https://kultura-doma.ru/public/src/images/gallery/catalog/6a328b9f07085_big.jpg,220 см,240 см,null,null,null,тенсель,100% тенсель,null,null,null,1687,https://kultura-doma.ru/product/komplekt-postel-nogo-bel-ya-akvarel,bedding_set,master_catalog
165,KD-PD-5700,Комплект постельного белья Акварель: Евро,розовый,Евро (200х220 см),https://kultura-doma.ru/public/src/images/gallery/catalog/6a328b9f72d32_big.jpg,https://kultura-doma.ru/public/src/images/gallery/catalog/6a328b9eb342f_big.jpg,https://kultura-doma.ru/public/src/images/gallery/catalog/6a328b9f07085_big.jpg,200 см,220 см,null,null,null,тенсель,100% тенсель,null,null,null,1687-2483,https://kultura-doma.ru/product/komplekt-postel-nogo-bel-ya-akvarel-size-evro,bedding_set,master_catalog
166,KD-PD-5699,Комплект постельного белья Акварель: Полуторный,розовый,Полуторный (145х200 см),https://kultura-doma.ru/public/src/images/gallery/catalog/6a328b9f72d32_big.jpg,https://kultura-doma.ru/public/src/images/gallery/catalog/6a328b9eb342f_big.jpg,https://kultura-doma.ru/public/src/images/gallery/catalog/6a328b9f07085_big.jpg,145 см,200 см,null,null,null,тенсель,100% тенсель,null,null,null,1687-1847,https://kultura-doma.ru/product/komplekt-postel-nogo-bel-ya-akvarel-size-polutornyy,bedding_set,master_catalog
167,KD-PD-5701,Комплект постельного белья Акварель: Семейный,розовый,Семейный (145х200 см х 2 шт),https://kultura-doma.ru/public/src/images/gallery/catalog/6a328b9f72d32_big.jpg,https://kultura-doma.ru/public/src/images/gallery/catalog/6a328b9eb342f_big.jpg,https://kultura-doma.ru/public/src/images/gallery/catalog/6a328b9f07085_big.jpg,145 см,200 см,null,null,null,тенсель,100% тенсель,null,null,null,1687-2484,https://kultura-doma.ru/product/komplekt-postel-nogo-bel-ya-akvarel-size-semeynyy,bedding_set,master_catalog
168,KD-PD-5689,Комплект постельного белья Бежевый сад,бежевый,Полуторный (145х200 см),https://kultura-doma.ru/public/src/images/gallery/catalog/69e24534c5856_big.jpg,https://kultura-doma.ru/public/src/images/gallery/catalog/69e245342ae18_big.jpg,https://kultura-doma.ru/public/src/images/gallery/catalog/69e245346e446_big.jpg,145 см,200 см,null,null,null,сатин,100% сатин,null,null,null,1698,https://kultura-doma.ru/product/komplekt-postel-nogo-bel-ya-bezhevyy-sad,bedding_set,master_catalog
169,KD-PD-5690,Комплект постельного белья Бежевый сад,бежевый,null,https://kultura-doma.ru/public/src/images/gallery/catalog/69e24534c5856_big.jpg,https://kultura-doma.ru/public/src/images/gallery/catalog/69e245342ae18_big.jpg,https://kultura-doma.ru/public/src/images/gallery/catalog/69e245346e446_big.jpg,null,null,null,null,null,сатин,100% сатин,null,null,null,1698-1891,https://kultura-doma.ru/product/komplekt-postel-nogo-bel-ya-bezhevyy-sad-size-dvuspal-nyy-evro,bedding_set,master_catalog
170,KD-PD-5692,Комплект постельного белья Бежевый сад,бежевый,null,https://kultura-doma.ru/public/src/images/gallery/catalog/69e24534c5856_big.jpg,https://kultura-doma.ru/public/src/images/gallery/catalog/69e245342ae18_big.jpg,https://kultura-doma.ru/public/src/images/gallery/catalog/69e245346e446_big.jpg,null,null,null,null,null,сатин,100% сатин,null,null,null,1698-1893,https://kultura-doma.ru/product/komplekt-postel-nogo-bel-ya-bezhevyy-sad-size-dvuspal-nyy-king-sayz,bedding_set,master_catalog
171,KD-PD-5436,Комплект постельного белья Белый жасмин,серый,Полуторный (145х200 см),https://kultura-doma.ru/public/src/images/gallery/catalog/6a328bbce593e_big.jpg,https://kultura-doma.ru/public/src/images/gallery/catalog/6a328bbe32fb0_big.jpg,https://kultura-doma.ru/public/src/images/gallery/catalog/6a328bbe70267_big.jpg,145 см,200 см,null,null,null,сатин,100% сатин,null,null,null,1691,https://kultura-doma.ru/product/komplekt-postel-nogo-bel-ya-belyy-zhasmin,bedding_set,master_catalog
172,KD-PD-5674,Комплект постельного белья Белый жасмин,бежевый,Полуторный (145х200 см),https://kultura-doma.ru/public/src/images/gallery/catalog/6a328bd33e6bf_big.jpg,https://kultura-doma.ru/public/src/images/gallery/catalog/6a328bd44ccb4_big.jpg,https://kultura-doma.ru/public/src/images/gallery/catalog/6a328bd48bde8_big.jpg,145 см,200 см,null,null,null,сатин,100% сатин,null,null,null,1693,https://kultura-doma.ru/product/komplekt-postel-nogo-bel-ya-belyy-zhasmin-1693,bedding_set,master_catalog
173,KD-PD-5437,Комплект постельного белья Белый жасмин: Евро,серый,Евро (200х220 см),https://kultura-doma.ru/public/src/images/gallery/catalog/6a328bbce593e_big.jpg,https://kultura-doma.ru/public/src/images/gallery/catalog/6a328bbe32fb0_big.jpg,https://kultura-doma.ru/public/src/images/gallery/catalog/6a328bbe70267_big.jpg,200 см,220 см,null,null,null,сатин,100% сатин,null,null,null,1691-2490,https://kultura-doma.ru/product/komplekt-postel-nogo-bel-ya-belyy-zhasmin-size-evro,bedding_set,master_catalog
174,KD-PD-5675,Комплект постельного белья Белый жасмин: Евро,бежевый,Евро (200х220 см),https://kultura-doma.ru/public/src/images/gallery/catalog/6a328bd33e6bf_big.jpg,https://kultura-doma.ru/public/src/images/gallery/catalog/6a328bd44ccb4_big.jpg,https://kultura-doma.ru/public/src/images/gallery/catalog/6a328bd48bde8_big.jpg,200 см,220 см,null,null,null,сатин,100% сатин,null,null,null,1693-2494,https://kultura-doma.ru/product/komplekt-postel-nogo-bel-ya-belyy-zhasmin-1693-size-evro,bedding_set,master_catalog
175,KD-PD-5439,Комплект постельного белья Белый жасмин: Кинг-сайз,серый,Кинг-сайз (220х240 см),https://kultura-doma.ru/public/src/images/gallery/catalog/6a328bbce593e_big.jpg,https://kultura-doma.ru/public/src/images/gallery/catalog/6a328bbe32fb0_big.jpg,https://kultura-doma.ru/public/src/images/gallery/catalog/6a328bbe70267_big.jpg,220 см,240 см,null,null,null,сатин,100% сатин,null,null,null,1691-2491,https://kultura-doma.ru/product/komplekt-postel-nogo-bel-ya-belyy-zhasmin-size-kingsayz,bedding_set,master_catalog
176,KD-PD-5677,Комплект постельного белья Белый жасмин: Кинг-сайз,бежевый,Кинг-сайз (220х240 см),https://kultura-doma.ru/public/src/images/gallery/catalog/6a328bd33e6bf_big.jpg,https://kultura-doma.ru/public/src/images/gallery/catalog/6a328bd44ccb4_big.jpg,https://kultura-doma.ru/public/src/images/gallery/catalog/6a328bd48bde8_big.jpg,220 см,240 см,null,null,null,сатин,100% сатин,null,null,null,1693-2495,https://kultura-doma.ru/product/komplekt-postel-nogo-bel-ya-belyy-zhasmin-1693-size-kingsayz,bedding_set,master_catalog
177,KD-PD-5438,Комплект постельного белья Белый жасмин: Семейный,серый,Семейный (145х200 см х 2 шт),https://kultura-doma.ru/public/src/images/gallery/catalog/6a328bbce593e_big.jpg,https://kultura-doma.ru/public/src/images/gallery/catalog/6a328bbe32fb0_big.jpg,https://kultura-doma.ru/public/src/images/gallery/catalog/6a328bbe70267_big.jpg,145 см,200 см,null,null,null,сатин,100% сатин,null,null,null,1691-1864,https://kultura-doma.ru/product/komplekt-postel-nogo-bel-ya-belyy-zhasmin-size-duet,bedding_set,master_catalog
178,KD-PD-5676,Комплект постельного белья Белый жасмин: Семейный,бежевый,Семейный (145х200 см х 2 шт),https://kultura-doma.ru/public/src/images/gallery/catalog/6a328bd33e6bf_big.jpg,https://kultura-doma.ru/public/src/images/gallery/catalog/6a328bd44ccb4_big.jpg,https://kultura-doma.ru/public/src/images/gallery/catalog/6a328bd48bde8_big.jpg,145 см,200 см,null,null,null,сатин,100% сатин,null,null,null,1693-1872,https://kultura-doma.ru/product/komplekt-postel-nogo-bel-ya-belyy-zhasmin-1693-size-duet,bedding_set,master_catalog
179,KD-PD-10401,Комплект постельного белья Дворцы России,белый,Евро (200х220 см),https://kultura-doma.ru/public/src/images/gallery/catalog/69b3cc1716c61_big.jpg,https://kultura-doma.ru/public/src/images/gallery/catalog/6a328c1179b9b_big.jpg,https://kultura-doma.ru/public/src/images/gallery/catalog/6a328c11bdacd_big.jpg,200 см,220 см,null,null,null,тенсель,100% тенсель,null,null,null,1700,https://kultura-doma.ru/product/komplekt-postel-nogo-bel-ya-dvorcy-rossii,bedding_set,master_catalog
180,KD-PD-10400,Комплект постельного белья Дворцы России: Кинг-сайз,белый,Кинг-сайз (220х240 см),https://kultura-doma.ru/public/src/images/gallery/catalog/69b3cc1716c61_big.jpg,https://kultura-doma.ru/public/src/images/gallery/catalog/6a328c1179b9b_big.jpg,https://kultura-doma.ru/public/src/images/gallery/catalog/6a328c11bdacd_big.jpg,220 см,240 см,null,null,null,тенсель,100% тенсель,null,null,null,1700-2421,https://kultura-doma.ru/product/komplekt-postel-nogo-bel-ya-dvorcy-rossii-size-kingsayz,bedding_set,master_catalog
181,KD-PD-10401,Комплект постельного белья Дворцы России: Семейный,белый,Семейный (145х200 см х 2 шт),https://kultura-doma.ru/public/src/images/gallery/catalog/69b3cc1716c61_big.jpg,https://kultura-doma.ru/public/src/images/gallery/catalog/6a328c1179b9b_big.jpg,https://kultura-doma.ru/public/src/images/gallery/catalog/6a328c11bdacd_big.jpg,145 см,200 см,null,null,null,тенсель,100% тенсель,null,null,null,1700-2422,https://kultura-doma.ru/product/komplekt-postel-nogo-bel-ya-dvorcy-rossii-size-semeynyy,bedding_set,master_catalog
182,KD-PD-11198,Комплект постельного белья Знаки Зодиака,бежевый,Полуторный (145х200 см),https://kultura-doma.ru/public/src/images/gallery/catalog/6a328c8745fec_big.jpg,https://kultura-doma.ru/public/src/images/gallery/catalog/6a328c888a9d6_big.jpg,https://kultura-doma.ru/public/src/images/gallery/catalog/6a328c877d389_big.jpg,145 см,200 см,null,null,null,тенсель,100% тенсель,null,null,null,1685,https://kultura-doma.ru/product/komplekt-postel-nogo-bel-ya-znaki-zodiaka,bedding_set,master_catalog
183,KD-PD-11196,Комплект постельного белья Знаки Зодиака: Евро,бежевый,Евро (200х220 см),https://kultura-doma.ru/public/src/images/gallery/catalog/6a328c8745fec_big.jpg,https://kultura-doma.ru/public/src/images/gallery/catalog/6a328c888a9d6_big.jpg,https://kultura-doma.ru/public/src/images/gallery/catalog/6a328c877d389_big.jpg,200 см,220 см,null,null,null,тенсель,100% тенсель,null,null,null,1685-2509,https://kultura-doma.ru/product/komplekt-postel-nogo-bel-ya-znaki-zodiaka-size-evro-2509,bedding_set,master_catalog
184,KD-PD-11197,Комплект постельного белья Знаки Зодиака: Кинг-сайз,бежевый,Кинг-сайз (220х240 см),https://kultura-doma.ru/public/src/images/gallery/catalog/6a328c8745fec_big.jpg,https://kultura-doma.ru/public/src/images/gallery/catalog/6a328c888a9d6_big.jpg,https://kultura-doma.ru/public/src/images/gallery/catalog/6a328c877d389_big.jpg,220 см,240 см,null,null,null,тенсель,100% тенсель,null,null,null,1685-2469,https://kultura-doma.ru/product/komplekt-postel-nogo-bel-ya-znaki-zodiaka-size-kingsayz,bedding_set,master_catalog
185,KD-PD-11198,Комплект постельного белья Знаки Зодиака: Семейный,бежевый,Семейный (145х200 см х 2 шт),https://kultura-doma.ru/public/src/images/gallery/catalog/6a328c8745fec_big.jpg,https://kultura-doma.ru/public/src/images/gallery/catalog/6a328c888a9d6_big.jpg,https://kultura-doma.ru/public/src/images/gallery/catalog/6a328c877d389_big.jpg,145 см,200 см,null,null,null,тенсель,100% тенсель,null,null,null,1685-2470,https://kultura-doma.ru/product/komplekt-postel-nogo-bel-ya-znaki-zodiaka-size-semeynyy,bedding_set,master_catalog
186,KD-PD-7907,Комплект постельного белья Кардиналы в рябине,белый,Евро (200х220 см),https://kultura-doma.ru/public/src/images/gallery/catalog/6a328ba98eb88_big.jpg,https://kultura-doma.ru/public/src/images/gallery/catalog/6a328bab2cf7c_big.jpg,https://kultura-doma.ru/public/src/images/gallery/catalog/6a328bab6bdeb_big.jpg,200 см,220 см,null,null,null,сатин,100% сатин,null,null,null,1688,https://kultura-doma.ru/product/komplekt-postel-nogo-bel-ya-kardinaly-v-ryabine,bedding_set,master_catalog
187,KD-PD-7909,Комплект постельного белья Кардиналы в рябине: Кинг-сайз,белый,Кинг-сайз (220х240 см),https://kultura-doma.ru/public/src/images/gallery/catalog/6a328ba98eb88_big.jpg,https://kultura-doma.ru/public/src/images/gallery/catalog/6a328bab2cf7c_big.jpg,https://kultura-doma.ru/public/src/images/gallery/catalog/6a328bab6bdeb_big.jpg,220 см,240 см,null,null,null,сатин,100% сатин,null,null,null,1688-2487,https://kultura-doma.ru/product/komplekt-postel-nogo-bel-ya-kardinaly-v-ryabine-size-kingsayz,bedding_set,master_catalog
188,KD-PD-7908,Комплект постельного белья Кардиналы в рябине: Семейный,белый,Семейный (145х200 см х 2 шт),https://kultura-doma.ru/public/src/images/gallery/catalog/6a328ba98eb88_big.jpg,https://kultura-doma.ru/public/src/images/gallery/catalog/6a328bab2cf7c_big.jpg,https://kultura-doma.ru/public/src/images/gallery/catalog/6a328bab6bdeb_big.jpg,145 см,200 см,null,null,null,сатин,100% сатин,null,null,null,1688-2456,https://kultura-doma.ru/product/komplekt-postel-nogo-bel-ya-kardinaly-v-ryabine-size-semeynyy,bedding_set,master_catalog
189,KD-PD-11193,Комплект постельного белья Кокошник,белый,Евро (200х220 см),https://kultura-doma.ru/public/src/images/gallery/catalog/6a328c0ba57ca_big.jpg,https://kultura-doma.ru/public/src/images/gallery/catalog/6a328c0c4e2d7_big.jpg,https://kultura-doma.ru/public/src/images/gallery/catalog/6a328c0c09eee_big.jpg,200 см,220 см,null,null,null,перкаль,null,null,null,null,1699,https://kultura-doma.ru/product/komplekt-postel-nogo-bel-ya-kokoshnik,bedding_set,master_catalog
190,KD-PD-11193,Комплект постельного белья Кокошник: Кинг-сайз,белый,Кинг-сайз (220х240 см),https://kultura-doma.ru/public/src/images/gallery/catalog/6a328c0ba57ca_big.jpg,https://kultura-doma.ru/public/src/images/gallery/catalog/6a328c0c4e2d7_big.jpg,https://kultura-doma.ru/public/src/images/gallery/catalog/6a328c0c09eee_big.jpg,220 см,240 см,null,null,null,перкаль,null,null,null,null,1699-2502,https://kultura-doma.ru/product/komplekt-postel-nogo-bel-ya-kokoshnik-size-kingsayz,bedding_set,master_catalog
191,KD-PD-9018,Комплект постельного белья Кремовые сны,бежевый,Полуторный (145х200 см),https://kultura-doma.ru/public/src/images/gallery/catalog/6a3510290e0c3_big.jpg,https://kultura-doma.ru/public/src/images/gallery/catalog/6a35102a1b5b7_big.jpg,https://kultura-doma.ru/public/src/images/gallery/catalog/6a35102a5a5be_big.jpg,145 см,200 см,null,null,null,сатин,100% сатин,null,null,null,1674,https://kultura-doma.ru/product/komplekt-postel-nogo-bel-ya-kremovye-sny,bedding_set,master_catalog
192,KD-PD-9017,Комплект постельного белья Кремовые сны: Евро,бежевый,Евро (200х220 см),https://kultura-doma.ru/public/src/images/gallery/catalog/6a3510290e0c3_big.jpg,https://kultura-doma.ru/public/src/images/gallery/catalog/6a35102a1b5b7_big.jpg,https://kultura-doma.ru/public/src/images/gallery/catalog/6a35102a5a5be_big.jpg,200 см,220 см,null,null,null,сатин,100% сатин,null,null,null,1674-2529,https://kultura-doma.ru/product/komplekt-postel-nogo-bel-ya-kremovye-sny-size-evro,bedding_set,master_catalog
193,KD-PD-9019,Комплект постельного белья Кремовые сны: Кинг-сайз,бежевый,Кинг-сайз (220х240 см),https://kultura-doma.ru/public/src/images/gallery/catalog/6a3510290e0c3_big.jpg,https://kultura-doma.ru/public/src/images/gallery/catalog/6a35102a1b5b7_big.jpg,https://kultura-doma.ru/public/src/images/gallery/catalog/6a35102a5a5be_big.jpg,220 см,240 см,null,null,null,сатин,100% сатин,null,null,null,1674-2410,https://kultura-doma.ru/product/komplekt-postel-nogo-bel-ya-kremovye-sny-size-kingsayz,bedding_set,master_catalog
194,KD-PD-9018,Комплект постельного белья Кремовые сны: Семейный,бежевый,Семейный (145х200 см х 2 шт),https://kultura-doma.ru/public/src/images/gallery/catalog/6a3510290e0c3_big.jpg,https://kultura-doma.ru/public/src/images/gallery/catalog/6a35102a1b5b7_big.jpg,https://kultura-doma.ru/public/src/images/gallery/catalog/6a35102a5a5be_big.jpg,145 см,200 см,null,null,null,сатин,100% сатин,null,null,null,1674-2413,https://kultura-doma.ru/product/komplekt-postel-nogo-bel-ya-kremovye-sny-size-semeynyy,bedding_set,master_catalog
195,KD-PD-12000,Комплект постельного белья Лебедушка,белый,Евро (200х220 см),https://kultura-doma.ru/public/src/images/gallery/catalog/69b3cc3a70c68_big.jpg,https://kultura-doma.ru/public/src/images/gallery/catalog/6a328c1702b12_big.jpg,https://kultura-doma.ru/public/src/images/gallery/catalog/6a328c176e4b0_big.jpg,200 см,220 см,null,null,null,тенсель,100% тенсель,null,null,null,1701,https://kultura-doma.ru/product/komplekt-postel-nogo-bel-ya-lebedushka,bedding_set,master_catalog
196,KD-PD-12000,Комплект постельного белья Лебедушка: Кинг-сайз,белый,Кинг-сайз (220х240 см),https://kultura-doma.ru/public/src/images/gallery/catalog/69b3cc3a70c68_big.jpg,https://kultura-doma.ru/public/src/images/gallery/catalog/6a328c1702b12_big.jpg,https://kultura-doma.ru/public/src/images/gallery/catalog/6a328c176e4b0_big.jpg,220 см,240 см,null,null,null,тенсель,100% тенсель,null,null,null,1701-2458,https://kultura-doma.ru/product/komplekt-postel-nogo-bel-ya-lebedushka-size-kingsayz,bedding_set,master_catalog
197,KD-PD-5714,Комплект постельного белья Ледяной узор,голубой,Полуторный (145х200 см),https://kultura-doma.ru/public/src/images/gallery/catalog/6a328bb22ddff_big.jpg,https://kultura-doma.ru/public/src/images/gallery/catalog/6a328bb39349f_big.jpg,https://kultura-doma.ru/public/src/images/gallery/catalog/6a328bb3dbc35_big.jpg,145 см,200 см,null,null,null,тенсель,100% тенсель,null,null,null,1690,https://kultura-doma.ru/product/komplekt-postel-nogo-bel-ya-ledyanoy-uzor,bedding_set,master_catalog
198,KD-PD-5715,Комплект постельного белья Ледяной узор,голубой,null,https://kultura-doma.ru/public/src/images/gallery/catalog/6a328bb22ddff_big.jpg,https://kultura-doma.ru/public/src/images/gallery/catalog/6a328bb39349f_big.jpg,https://kultura-doma.ru/public/src/images/gallery/catalog/6a328bb3dbc35_big.jpg,null,null,null,null,null,тенсель,100% тенсель,null,null,null,1690-1859,https://kultura-doma.ru/product/komplekt-postel-nogo-bel-ya-ledyanoy-uzor-size-dvuspal-nyy-evro,bedding_set,master_catalog
199,KD-PD-5717,Комплект постельного белья Ледяной узор,голубой,null,https://kultura-doma.ru/public/src/images/gallery/catalog/6a328bb22ddff_big.jpg,https://kultura-doma.ru/public/src/images/gallery/catalog/6a328bb39349f_big.jpg,https://kultura-doma.ru/public/src/images/gallery/catalog/6a328bb3dbc35_big.jpg,null,null,null,null,null,тенсель,100% тенсель,null,null,null,1690-1861,https://kultura-doma.ru/product/komplekt-postel-nogo-bel-ya-ledyanoy-uzor-size-dvuspal-nyy-king-sayz,bedding_set,master_catalog
200,KD-PD-5715,Комплект постельного белья Ледяной узор: Евро,голубой,Евро (200х220 см),https://kultura-doma.ru/public/src/images/gallery/catalog/6a328bb22ddff_big.jpg,https://kultura-doma.ru/public/src/images/gallery/catalog/6a328bb39349f_big.jpg,https://kultura-doma.ru/public/src/images/gallery/catalog/6a328bb3dbc35_big.jpg,200 см,220 см,null,null,null,тенсель,100% тенсель,null,null,null,1690-2488,https://kultura-doma.ru/product/komplekt-postel-nogo-bel-ya-ledyanoy-uzor-size-evro,bedding_set,master_catalog
201,KD-PD-5717,Комплект постельного белья Ледяной узор: Кинг-сайз,голубой,Кинг-сайз (220х240 см),https://kultura-doma.ru/public/src/images/gallery/catalog/6a328bb22ddff_big.jpg,https://kultura-doma.ru/public/src/images/gallery/catalog/6a328bb39349f_big.jpg,https://kultura-doma.ru/public/src/images/gallery/catalog/6a328bb3dbc35_big.jpg,220 см,240 см,null,null,null,тенсель,100% тенсель,null,null,null,1690-2489,https://kultura-doma.ru/product/komplekt-postel-nogo-bel-ya-ledyanoy-uzor-size-kingsayz,bedding_set,master_catalog
202,KD-PD-5716,Комплект постельного белья Ледяной узор: Семейный,голубой,Семейный (145х200 см х 2 шт),https://kultura-doma.ru/public/src/images/gallery/catalog/6a328bb22ddff_big.jpg,https://kultura-doma.ru/public/src/images/gallery/catalog/6a328bb39349f_big.jpg,https://kultura-doma.ru/public/src/images/gallery/catalog/6a328bb3dbc35_big.jpg,145 см,200 см,null,null,null,тенсель,100% тенсель,null,null,null,1690-1860,https://kultura-doma.ru/product/komplekt-postel-nogo-bel-ya-ledyanoy-uzor-size-duet,bedding_set,master_catalog
203,KD-PD-11712,Комплект постельного белья Многоточие,белый,Евро (200х220 см),https://kultura-doma.ru/public/src/images/gallery/catalog/69e8f1297ed2b_big.jpg,https://kultura-doma.ru/public/src/images/gallery/catalog/6a328c9b5afd6_big.jpg,https://kultura-doma.ru/public/src/images/gallery/catalog/69e8f12a8e9d3_big.jpg,200 см,220 см,null,null,null,сатин,100% сатин,null,null,null,1742,https://kultura-doma.ru/product/komplekt-postel-nogo-bel-ya-mnogotochie,bedding_set,master_catalog
204,KD-PD-11713,Комплект постельного белья Многоточие: Кинг-сайз,белый,Кинг-сайз (220х240 см),https://kultura-doma.ru/public/src/images/gallery/catalog/69e8f1297ed2b_big.jpg,https://kultura-doma.ru/public/src/images/gallery/catalog/6a328c9b5afd6_big.jpg,https://kultura-doma.ru/public/src/images/gallery/catalog/69e8f12a8e9d3_big.jpg,220 см,240 см,null,null,null,сатин,100% сатин,null,null,null,1742-2460,https://kultura-doma.ru/product/komplekt-postel-nogo-bel-ya-mnogotochie-size-kingsayz,bedding_set,master_catalog
205,KD-PD-11714,Комплект постельного белья Многоточие: Семейный,белый,Семейный (145х200 см х 2 шт),https://kultura-doma.ru/public/src/images/gallery/catalog/69e8f1297ed2b_big.jpg,https://kultura-doma.ru/public/src/images/gallery/catalog/6a328c9b5afd6_big.jpg,https://kultura-doma.ru/public/src/images/gallery/catalog/69e8f12a8e9d3_big.jpg,145 см,200 см,null,null,null,сатин,100% сатин,null,null,null,1742-2461,https://kultura-doma.ru/product/komplekt-postel-nogo-bel-ya-mnogotochie-size-semeynyy,bedding_set,master_catalog
206,KD-PD-9020,Комплект постельного белья Морской бриз,белый,Полуторный (145х200 см),https://kultura-doma.ru/public/src/images/gallery/catalog/6a328b82395ba_big.jpg,https://kultura-doma.ru/public/src/images/gallery/catalog/6a328b839e688_big.jpg,https://kultura-doma.ru/public/src/images/gallery/catalog/6a328b83de669_big.jpg,145 см,200 см,null,null,null,сатин,100% сатин,null,null,null,1675,https://kultura-doma.ru/product/komplekt-postel-nogo-bel-ya-morskoy-briz,bedding_set,master_catalog
207,KD-PD-9021,Комплект постельного белья Морской бриз,белый,null,https://kultura-doma.ru/public/src/images/gallery/catalog/6a328b82395ba_big.jpg,https://kultura-doma.ru/public/src/images/gallery/catalog/6a328b839e688_big.jpg,https://kultura-doma.ru/public/src/images/gallery/catalog/6a328b83de669_big.jpg,null,null,null,null,null,сатин,100% сатин,null,null,null,1675-1814,https://kultura-doma.ru/product/komplekt-postel-nogo-bel-ya-morskoy-briz-size-dvuspal-nyy-evro,bedding_set,master_catalog
208,KD-PD-9021,Комплект постельного белья Морской бриз: Евро,белый,Евро (200х220 см),https://kultura-doma.ru/public/src/images/gallery/catalog/6a328b82395ba_big.jpg,https://kultura-doma.ru/public/src/images/gallery/catalog/6a328b839e688_big.jpg,https://kultura-doma.ru/public/src/images/gallery/catalog/6a328b83de669_big.jpg,200 см,220 см,null,null,null,сатин,100% сатин,null,null,null,1675-2479,https://kultura-doma.ru/product/komplekt-postel-nogo-bel-ya-morskoy-briz-size-evro,bedding_set,master_catalog
209,KD-PD-9023,Комплект постельного белья Морской бриз: Кинг-сайз,белый,Кинг-сайз (220х240 см),https://kultura-doma.ru/public/src/images/gallery/catalog/6a328b82395ba_big.jpg,https://kultura-doma.ru/public/src/images/gallery/catalog/6a328b839e688_big.jpg,https://kultura-doma.ru/public/src/images/gallery/catalog/6a328b83de669_big.jpg,220 см,240 см,null,null,null,сатин,100% сатин,null,null,null,1675-2429,https://kultura-doma.ru/product/komplekt-postel-nogo-bel-ya-morskoy-briz-size-kingsayz,bedding_set,master_catalog
210,KD-PD-9022,Комплект постельного белья Морской бриз: Семейный,белый,Семейный (145х200 см х 2 шт),https://kultura-doma.ru/public/src/images/gallery/catalog/6a328b82395ba_big.jpg,https://kultura-doma.ru/public/src/images/gallery/catalog/6a328b839e688_big.jpg,https://kultura-doma.ru/public/src/images/gallery/catalog/6a328b83de669_big.jpg,145 см,200 см,null,null,null,сатин,100% сатин,null,null,null,1675-2430,https://kultura-doma.ru/product/komplekt-postel-nogo-bel-ya-morskoy-briz-size-semeynyy,bedding_set,master_catalog
211,KD-PD-7347,Комплект постельного белья Невеста,белый,Полуторный (145х200 см),https://kultura-doma.ru/public/src/images/gallery/catalog/6a328c39293bf_big.jpg,https://kultura-doma.ru/public/src/images/gallery/catalog/6a328c389ce4b_big.jpg,https://kultura-doma.ru/public/src/images/gallery/catalog/6a328c38e2ab1_big.jpg,145 см,200 см,null,null,null,перкаль,null,null,null,null,1678,https://kultura-doma.ru/product/komplekt-postel-nogo-bel-ya-nevesta,bedding_set,master_catalog
212,KD-PD-7348,Комплект постельного белья Невеста: Евро,белый,Евро (200х220 см),https://kultura-doma.ru/public/src/images/gallery/catalog/6a328c39293bf_big.jpg,https://kultura-doma.ru/public/src/images/gallery/catalog/6a328c389ce4b_big.jpg,https://kultura-doma.ru/public/src/images/gallery/catalog/6a328c38e2ab1_big.jpg,200 см,220 см,null,null,null,перкаль,null,null,null,null,1678-2506,https://kultura-doma.ru/product/komplekt-postel-nogo-bel-ya-nevesta-size-evro-2506,bedding_set,master_catalog
213,KD-PD-7350,Комплект постельного белья Невеста: Кинг-сайз,белый,Кинг-сайз (220х240 см),https://kultura-doma.ru/public/src/images/gallery/catalog/6a328c39293bf_big.jpg,https://kultura-doma.ru/public/src/images/gallery/catalog/6a328c389ce4b_big.jpg,https://kultura-doma.ru/public/src/images/gallery/catalog/6a328c38e2ab1_big.jpg,220 см,240 см,null,null,null,перкаль,null,null,null,null,1678-2416,https://kultura-doma.ru/product/komplekt-postel-nogo-bel-ya-nevesta-size-kingsayz,bedding_set,master_catalog
214,KD-PD-7349,Комплект постельного белья Невеста: Семейный,белый,Семейный (145х200 см х 2 шт),https://kultura-doma.ru/public/src/images/gallery/catalog/6a328c39293bf_big.jpg,https://kultura-doma.ru/public/src/images/gallery/catalog/6a328c389ce4b_big.jpg,https://kultura-doma.ru/public/src/images/gallery/catalog/6a328c38e2ab1_big.jpg,145 см,200 см,null,null,null,перкаль,null,null,null,null,1678-2418,https://kultura-doma.ru/product/komplekt-postel-nogo-bel-ya-nevesta-size-semeynyy,bedding_set,master_catalog
215,KD-PD-10379,Комплект постельного белья Пиктограммы,белый,Евро (200х220 см),https://kultura-doma.ru/public/src/images/gallery/catalog/69b3c1a949301_big.jpg,https://kultura-doma.ru/public/src/images/gallery/catalog/69b3c1ab178d5_big.jpg,https://kultura-doma.ru/public/src/images/gallery/catalog/69b3c1aa993a9_big.jpg,200 см,220 см,null,null,null,сатин,100% сатин,null,null,null,1665,https://kultura-doma.ru/product/komplekt-postel-nogo-bel-ya-piktogrammy,bedding_set,master_catalog
216,KD-PD-10378,Комплект постельного белья Пиктограммы: Кинг-сайз,белый,Кинг-сайз (220х240 см),https://kultura-doma.ru/public/src/images/gallery/catalog/69b3c1a949301_big.jpg,https://kultura-doma.ru/public/src/images/gallery/catalog/69b3c1ab178d5_big.jpg,https://kultura-doma.ru/public/src/images/gallery/catalog/69b3c1aa993a9_big.jpg,220 см,240 см,null,null,null,сатин,100% сатин,null,null,null,1665-2534,https://kultura-doma.ru/product/komplekt-postel-nogo-bel-ya-piktogrammy-size-kingsayz,bedding_set,master_catalog
217,KD-PD-11135,Комплект постельного белья Пиктограммы: Полуторный,белый,Полуторный (145х200 см),https://kultura-doma.ru/public/src/images/gallery/catalog/69b3c1a949301_big.jpg,https://kultura-doma.ru/public/src/images/gallery/catalog/69b3c1ab178d5_big.jpg,https://kultura-doma.ru/public/src/images/gallery/catalog/69b3c1aa993a9_big.jpg,145 см,200 см,null,null,null,сатин,100% сатин,null,null,null,1665-2535,https://kultura-doma.ru/product/komplekt-postel-nogo-bel-ya-piktogrammy-size-polutornyy,bedding_set,master_catalog
218,KD-PD-10379,Комплект постельного белья Пиктограммы: Семейный,белый,Семейный (145х200 см х 2 шт),https://kultura-doma.ru/public/src/images/gallery/catalog/69b3c1a949301_big.jpg,https://kultura-doma.ru/public/src/images/gallery/catalog/69b3c1ab178d5_big.jpg,https://kultura-doma.ru/public/src/images/gallery/catalog/69b3c1aa993a9_big.jpg,145 см,200 см,null,null,null,сатин,100% сатин,null,null,null,1665-2536,https://kultura-doma.ru/product/komplekt-postel-nogo-bel-ya-piktogrammy-size-semeynyy,bedding_set,master_catalog
219,KD-PD-5684,Комплект постельного белья Плющ  после дождя,белый,Полуторный (145х200 см),https://kultura-doma.ru/public/src/images/gallery/catalog/6a328b90db56a_big.jpg,https://kultura-doma.ru/public/src/images/gallery/catalog/6a328b9278aba_big.jpg,https://kultura-doma.ru/public/src/images/gallery/catalog/6a328b92c0862_big.jpg,145 см,200 см,null,null,null,сатин,100% сатин,null,null,null,1686,https://kultura-doma.ru/product/komplekt-postel-nogo-bel-ya-plyusch-posle-dozhdya,bedding_set,master_catalog
220,KD-PD-5685,Комплект постельного белья Плющ  после дождя: Евро,белый,Евро (200х220 см),https://kultura-doma.ru/public/src/images/gallery/catalog/6a328b90db56a_big.jpg,https://kultura-doma.ru/public/src/images/gallery/catalog/6a328b9278aba_big.jpg,https://kultura-doma.ru/public/src/images/gallery/catalog/6a328b92c0862_big.jpg,200 см,220 см,null,null,null,сатин,100% сатин,null,null,null,1686-2481,https://kultura-doma.ru/product/komplekt-postel-nogo-bel-ya-plyusch-posle-dozhdya-size-evro,bedding_set,master_catalog
221,KD-PD-5687,Комплект постельного белья Плющ  после дождя: Кинг-сайз,белый,Кинг-сайз (220х240 см),https://kultura-doma.ru/public/src/images/gallery/catalog/6a328b90db56a_big.jpg,https://kultura-doma.ru/public/src/images/gallery/catalog/6a328b9278aba_big.jpg,https://kultura-doma.ru/public/src/images/gallery/catalog/6a328b92c0862_big.jpg,220 см,240 см,null,null,null,сатин,100% сатин,null,null,null,1686-2482,https://kultura-doma.ru/product/komplekt-postel-nogo-bel-ya-plyusch-posle-dozhdya-size-kingsayz,bedding_set,master_catalog
222,KD-PD-5686,Комплект постельного белья Плющ  после дождя: Семейный,белый,Семейный (145х200 см х 2 шт),https://kultura-doma.ru/public/src/images/gallery/catalog/6a328b90db56a_big.jpg,https://kultura-doma.ru/public/src/images/gallery/catalog/6a328b9278aba_big.jpg,https://kultura-doma.ru/public/src/images/gallery/catalog/6a328b92c0862_big.jpg,145 см,200 см,null,null,null,сатин,100% сатин,null,null,null,1686-1845,https://kultura-doma.ru/product/komplekt-postel-nogo-bel-ya-plyusch-posle-dozhdya-size-duet,bedding_set,master_catalog
223,KD-PD-7351,Комплект постельного белья Романтика,белый,Полуторный (145х200 см),https://kultura-doma.ru/public/src/images/gallery/catalog/6a328c4a4a0fc_big.jpg,https://kultura-doma.ru/public/src/images/gallery/catalog/6a328c49a3983_big.jpg,https://kultura-doma.ru/public/src/images/gallery/catalog/6a328c4a051b0_big.jpg,145 см,200 см,null,null,null,перкаль,null,null,null,null,1679,https://kultura-doma.ru/product/komplekt-postel-nogo-bel-ya-romantika,bedding_set,master_catalog
224,KD-PD-7352,Комплект постельного белья Романтика,белый,null,https://kultura-doma.ru/public/src/images/gallery/catalog/6a328c4a4a0fc_big.jpg,https://kultura-doma.ru/public/src/images/gallery/catalog/6a328c49a3983_big.jpg,https://kultura-doma.ru/public/src/images/gallery/catalog/6a328c4a051b0_big.jpg,null,null,null,null,null,перкаль,null,null,null,null,1679-1825,https://kultura-doma.ru/product/komplekt-postel-nogo-bel-ya-romantika-size-dvuspal-nyy-evro,bedding_set,master_catalog
225,KD-PD-7352,Комплект постельного белья Романтика,белый,null,https://kultura-doma.ru/public/src/images/gallery/catalog/6a328c4a4a0fc_big.jpg,https://kultura-doma.ru/public/src/images/gallery/catalog/6a328c49a3983_big.jpg,https://kultura-doma.ru/public/src/images/gallery/catalog/6a328c4a051b0_big.jpg,null,null,null,null,null,перкаль,null,null,null,null,1679-2415,https://kultura-doma.ru/product/komplekt-postel-nogo-bel-ya-romantika-size-evro,bedding_set,master_catalog
226,KD-PD-7354,Комплект постельного белья Романтика,белый,null,https://kultura-doma.ru/public/src/images/gallery/catalog/6a328c4a4a0fc_big.jpg,https://kultura-doma.ru/public/src/images/gallery/catalog/6a328c49a3983_big.jpg,https://kultura-doma.ru/public/src/images/gallery/catalog/6a328c4a051b0_big.jpg,null,null,null,null,null,перкаль,null,null,null,null,1679-1827,https://kultura-doma.ru/product/komplekt-postel-nogo-bel-ya-romantika-size-dvuspal-nyy-king-sayz,bedding_set,master_catalog
227,KD-PD-7352,Комплект постельного белья Романтика: Евро,белый,Евро (200х220 см),https://kultura-doma.ru/public/src/images/gallery/catalog/6a328c4a4a0fc_big.jpg,https://kultura-doma.ru/public/src/images/gallery/catalog/6a328c49a3983_big.jpg,https://kultura-doma.ru/public/src/images/gallery/catalog/6a328c4a051b0_big.jpg,200 см,220 см,null,null,null,перкаль,null,null,null,null,1679-2507,https://kultura-doma.ru/product/komplekt-postel-nogo-bel-ya-romantika-size-evro-2507,bedding_set,master_catalog
228,KD-PD-7354,Комплект постельного белья Романтика: Кинг-сайз,белый,Кинг-сайз (220х240 см),https://kultura-doma.ru/public/src/images/gallery/catalog/6a328c4a4a0fc_big.jpg,https://kultura-doma.ru/public/src/images/gallery/catalog/6a328c49a3983_big.jpg,https://kultura-doma.ru/public/src/images/gallery/catalog/6a328c4a051b0_big.jpg,220 см,240 см,null,null,null,перкаль,null,null,null,null,1679-2417,https://kultura-doma.ru/product/komplekt-postel-nogo-bel-ya-romantika-size-kingsayz,bedding_set,master_catalog
229,KD-PD-7353,Комплект постельного белья Романтика: Семейный,белый,Семейный (145х200 см х 2 шт),https://kultura-doma.ru/public/src/images/gallery/catalog/6a328c4a4a0fc_big.jpg,https://kultura-doma.ru/public/src/images/gallery/catalog/6a328c49a3983_big.jpg,https://kultura-doma.ru/public/src/images/gallery/catalog/6a328c4a051b0_big.jpg,145 см,200 см,null,null,null,перкаль,null,null,null,null,1679-2419,https://kultura-doma.ru/product/komplekt-postel-nogo-bel-ya-romantika-size-semeynyy,bedding_set,master_catalog
230,KD-PD-8745,Комплект постельного белья Серебряный браслет,белый,null,https://kultura-doma.ru/public/src/images/gallery/catalog/6a328b6664ae0_big.jpg,https://kultura-doma.ru/public/src/images/gallery/catalog/6a328b67939ad_big.jpg,https://kultura-doma.ru/public/src/images/gallery/catalog/6a328b67d9e59_big.jpg,null,null,null,null,null,сатин,100% сатин,null,null,null,1667-2449,https://kultura-doma.ru/product/komplekt-postel-nogo-bel-ya-serebryanyy-braslet-size-evro,bedding_set,master_catalog
231,KD-PD-8745,Комплект постельного белья Серебряный браслет,белый,Полуторный (145х200 см),https://kultura-doma.ru/public/src/images/gallery/catalog/6a328b6664ae0_big.jpg,https://kultura-doma.ru/public/src/images/gallery/catalog/6a328b67939ad_big.jpg,https://kultura-doma.ru/public/src/images/gallery/catalog/6a328b67d9e59_big.jpg,145 см,200 см,null,null,null,сатин,100% сатин,null,null,null,1667,https://kultura-doma.ru/product/komplekt-postel-nogo-bel-ya-serebryanyy-braslet,bedding_set,master_catalog
232,KD-PD-8745,Комплект постельного белья Серебряный браслет: Евро,белый,Евро (200х220 см),https://kultura-doma.ru/public/src/images/gallery/catalog/6a328b6664ae0_big.jpg,https://kultura-doma.ru/public/src/images/gallery/catalog/6a328b67939ad_big.jpg,https://kultura-doma.ru/public/src/images/gallery/catalog/6a328b67d9e59_big.jpg,200 см,220 см,null,null,null,сатин,100% сатин,null,null,null,1667-2476,https://kultura-doma.ru/product/komplekt-postel-nogo-bel-ya-serebryanyy-braslet-size-evro-2476,bedding_set,master_catalog
233,KD-PD-8747,Комплект постельного белья Серебряный браслет: Кинг-сайз,белый,Кинг-сайз (220х240 см),https://kultura-doma.ru/public/src/images/gallery/catalog/6a328b6664ae0_big.jpg,https://kultura-doma.ru/public/src/images/gallery/catalog/6a328b67939ad_big.jpg,https://kultura-doma.ru/public/src/images/gallery/catalog/6a328b67d9e59_big.jpg,220 см,240 см,null,null,null,сатин,100% сатин,null,null,null,1667-2450,https://kultura-doma.ru/product/komplekt-postel-nogo-bel-ya-serebryanyy-braslet-size-kingsayz,bedding_set,master_catalog
234,KD-PD-8746,Комплект постельного белья Серебряный браслет: Семейный,белый,Семейный (145х200 см х 2 шт),https://kultura-doma.ru/public/src/images/gallery/catalog/6a328b6664ae0_big.jpg,https://kultura-doma.ru/public/src/images/gallery/catalog/6a328b67939ad_big.jpg,https://kultura-doma.ru/public/src/images/gallery/catalog/6a328b67d9e59_big.jpg,145 см,200 см,null,null,null,сатин,100% сатин,null,null,null,1667-2452,https://kultura-doma.ru/product/komplekt-postel-nogo-bel-ya-serebryanyy-braslet-size-semeynyy,bedding_set,master_catalog
235,KD-PD-5704,Комплект постельного белья Сиреневый закат,серый,Полуторный (145х200 см),https://kultura-doma.ru/public/src/images/gallery/catalog/6a328bead007a_big.jpg,https://kultura-doma.ru/public/src/images/gallery/catalog/6a328be9d41ea_big.jpg,https://kultura-doma.ru/public/src/images/gallery/catalog/6a328bea34cfc_big.jpg,145 см,200 см,null,null,null,тенсель,100% тенсель,null,null,null,1696,https://kultura-doma.ru/product/komplekt-postel-nogo-bel-ya-sirenevyy-zakat,bedding_set,master_catalog
236,KD-PD-5705,Комплект постельного белья Сиреневый закат,серый,null,https://kultura-doma.ru/public/src/images/gallery/catalog/6a328bead007a_big.jpg,https://kultura-doma.ru/public/src/images/gallery/catalog/6a328be9d41ea_big.jpg,https://kultura-doma.ru/public/src/images/gallery/catalog/6a328bea34cfc_big.jpg,null,null,null,null,null,тенсель,100% тенсель,null,null,null,1696-1883,https://kultura-doma.ru/product/komplekt-postel-nogo-bel-ya-sirenevyy-zakat-size-dvuspal-nyy-evro,bedding_set,master_catalog
237,KD-PD-5707,Комплект постельного белья Сиреневый закат,серый,null,https://kultura-doma.ru/public/src/images/gallery/catalog/6a328bead007a_big.jpg,https://kultura-doma.ru/public/src/images/gallery/catalog/6a328be9d41ea_big.jpg,https://kultura-doma.ru/public/src/images/gallery/catalog/6a328bea34cfc_big.jpg,null,null,null,null,null,тенсель,100% тенсель,null,null,null,1696-1885,https://kultura-doma.ru/product/komplekt-postel-nogo-bel-ya-sirenevyy-zakat-size-dvuspal-nyy-king-sayz,bedding_set,master_catalog
238,KD-PD-5705,Комплект постельного белья Сиреневый закат: Евро,серый,Евро (200х220 см),https://kultura-doma.ru/public/src/images/gallery/catalog/6a328bead007a_big.jpg,https://kultura-doma.ru/public/src/images/gallery/catalog/6a328be9d41ea_big.jpg,https://kultura-doma.ru/public/src/images/gallery/catalog/6a328bea34cfc_big.jpg,200 см,220 см,null,null,null,тенсель,100% тенсель,null,null,null,1696-2498,https://kultura-doma.ru/product/komplekt-postel-nogo-bel-ya-sirenevyy-zakat-size-evro,bedding_set,master_catalog
239,KD-PD-5707,Комплект постельного белья Сиреневый закат: Кинг-сайз,серый,Кинг-сайз (220х240 см),https://kultura-doma.ru/public/src/images/gallery/catalog/6a328bead007a_big.jpg,https://kultura-doma.ru/public/src/images/gallery/catalog/6a328be9d41ea_big.jpg,https://kultura-doma.ru/public/src/images/gallery/catalog/6a328bea34cfc_big.jpg,220 см,240 см,null,null,null,тенсель,100% тенсель,null,null,null,1696-2499,https://kultura-doma.ru/product/komplekt-postel-nogo-bel-ya-sirenevyy-zakat-size-kingsayz,bedding_set,master_catalog
240,KD-PD-5706,Комплект постельного белья Сиреневый закат: Семейный,серый,Семейный (145х200 см х 2 шт),https://kultura-doma.ru/public/src/images/gallery/catalog/6a328bead007a_big.jpg,https://kultura-doma.ru/public/src/images/gallery/catalog/6a328be9d41ea_big.jpg,https://kultura-doma.ru/public/src/images/gallery/catalog/6a328bea34cfc_big.jpg,145 см,200 см,null,null,null,тенсель,100% тенсель,null,null,null,1696-1884,https://kultura-doma.ru/product/komplekt-postel-nogo-bel-ya-sirenevyy-zakat-size-duet,bedding_set,master_catalog
241,KD-PD-8749,Комплект постельного белья Солнечные бусы,белый,null,https://kultura-doma.ru/public/src/images/gallery/catalog/6a328b6c6f74e_big.jpg,https://kultura-doma.ru/public/src/images/gallery/catalog/6a328b6db5db1_big.jpg,https://kultura-doma.ru/public/src/images/gallery/catalog/6a328b6e03ae2_big.jpg,null,null,null,null,null,сатин,100% сатин,null,null,null,1670-1802,https://kultura-doma.ru/product/komplekt-postel-nogo-bel-ya-solnechnye-busy-size-dvuspal-nyy-evro,bedding_set,master_catalog
242,KD-PD-8750,Комплект постельного белья Солнечные бусы,белый,Полуторный (145х200 см),https://kultura-doma.ru/public/src/images/gallery/catalog/6a328b6c6f74e_big.jpg,https://kultura-doma.ru/public/src/images/gallery/catalog/6a328b6db5db1_big.jpg,https://kultura-doma.ru/public/src/images/gallery/catalog/6a328b6e03ae2_big.jpg,145 см,200 см,null,null,null,сатин,100% сатин,null,null,null,1670,https://kultura-doma.ru/product/komplekt-postel-nogo-bel-ya-solnechnye-busy,bedding_set,master_catalog
243,KD-PD-8749,Комплект постельного белья Солнечные бусы: Евро,белый,Евро (200х220 см),https://kultura-doma.ru/public/src/images/gallery/catalog/6a328b6c6f74e_big.jpg,https://kultura-doma.ru/public/src/images/gallery/catalog/6a328b6db5db1_big.jpg,https://kultura-doma.ru/public/src/images/gallery/catalog/6a328b6e03ae2_big.jpg,200 см,220 см,null,null,null,сатин,100% сатин,null,null,null,1670-2477,https://kultura-doma.ru/product/komplekt-postel-nogo-bel-ya-solnechnye-busy-size-evro,bedding_set,master_catalog
244,KD-PD-8751,Комплект постельного белья Солнечные бусы: Кинг-сайз,белый,Кинг-сайз (220х240 см),https://kultura-doma.ru/public/src/images/gallery/catalog/6a328b6c6f74e_big.jpg,https://kultura-doma.ru/public/src/images/gallery/catalog/6a328b6db5db1_big.jpg,https://kultura-doma.ru/public/src/images/gallery/catalog/6a328b6e03ae2_big.jpg,220 см,240 см,null,null,null,сатин,100% сатин,null,null,null,1670-2446,https://kultura-doma.ru/product/komplekt-postel-nogo-bel-ya-solnechnye-busy-size-kingsayz,bedding_set,master_catalog
245,KD-PD-8750,Комплект постельного белья Солнечные бусы: Семейный,белый,Семейный (145х200 см х 2 шт),https://kultura-doma.ru/public/src/images/gallery/catalog/6a328b6c6f74e_big.jpg,https://kultura-doma.ru/public/src/images/gallery/catalog/6a328b6db5db1_big.jpg,https://kultura-doma.ru/public/src/images/gallery/catalog/6a328b6e03ae2_big.jpg,145 см,200 см,null,null,null,сатин,100% сатин,null,null,null,1670-2448,https://kultura-doma.ru/product/komplekt-postel-nogo-bel-ya-solnechnye-busy-size-semeynyy,bedding_set,master_catalog
246,KD-PD-10392,Комплект постельного белья Тройка,синий,Евро (200х220 см),https://kultura-doma.ru/public/src/images/gallery/catalog/69b3c534a1c7c_big.jpg,https://kultura-doma.ru/public/src/images/gallery/catalog/6a3540e6ce372_big.jpg,https://kultura-doma.ru/public/src/images/gallery/catalog/6a3540e689ce4_big.jpg,200 см,220 см,null,null,null,null,null,null,null,null,1676,https://kultura-doma.ru/product/komplekt-postel-nogo-bel-ya-troyka,bedding_set,master_catalog
247,KD-PD-10395,Комплект постельного белья Тройка,бежевый,Евро (200х220 см),https://kultura-doma.ru/public/src/images/gallery/catalog/69b3c5ce6e733_big.jpg,https://kultura-doma.ru/public/src/images/gallery/catalog/6a328c35e41b7_big.jpg,https://kultura-doma.ru/public/src/images/gallery/catalog/6a328c3633f50_big.jpg,200 см,220 см,null,null,null,null,null,null,null,null,1677,https://kultura-doma.ru/product/komplekt-postel-nogo-bel-ya-troyka-1677,bedding_set,master_catalog
248,KD-PD-10391,Комплект постельного белья Тройка: Кинг-сайз,синий,Кинг-сайз (220х240 см),https://kultura-doma.ru/public/src/images/gallery/catalog/69b3c534a1c7c_big.jpg,https://kultura-doma.ru/public/src/images/gallery/catalog/6a3540e6ce372_big.jpg,https://kultura-doma.ru/public/src/images/gallery/catalog/6a3540e689ce4_big.jpg,220 см,240 см,null,null,null,null,null,null,null,null,1676-2440,https://kultura-doma.ru/product/komplekt-postel-nogo-bel-ya-troyka-size-kingsayz,bedding_set,master_catalog
249,KD-PD-10394,Комплект постельного белья Тройка: Кинг-сайз,бежевый,Кинг-сайз (220х240 см),https://kultura-doma.ru/public/src/images/gallery/catalog/69b3c5ce6e733_big.jpg,https://kultura-doma.ru/public/src/images/gallery/catalog/6a328c35e41b7_big.jpg,https://kultura-doma.ru/public/src/images/gallery/catalog/6a328c3633f50_big.jpg,220 см,240 см,null,null,null,null,null,null,null,null,1677-2443,https://kultura-doma.ru/product/komplekt-postel-nogo-bel-ya-troyka-1677-size-kingsayz,bedding_set,master_catalog
250,KD-PD-10392,Комплект постельного белья Тройка: Семейный,синий,Семейный (145х200 см х 2 шт),https://kultura-doma.ru/public/src/images/gallery/catalog/69b3c534a1c7c_big.jpg,https://kultura-doma.ru/public/src/images/gallery/catalog/6a3540e6ce372_big.jpg,https://kultura-doma.ru/public/src/images/gallery/catalog/6a3540e689ce4_big.jpg,145 см,200 см,null,null,null,null,null,null,null,null,1676-2441,https://kultura-doma.ru/product/komplekt-postel-nogo-bel-ya-troyka-size-semeynyy,bedding_set,master_catalog
251,KD-PD-10395,Комплект постельного белья Тройка: Семейный,бежевый,Семейный (145х200 см х 2 шт),https://kultura-doma.ru/public/src/images/gallery/catalog/69b3c5ce6e733_big.jpg,https://kultura-doma.ru/public/src/images/gallery/catalog/6a328c35e41b7_big.jpg,https://kultura-doma.ru/public/src/images/gallery/catalog/6a328c3633f50_big.jpg,145 см,200 см,null,null,null,null,null,null,null,null,1677-2444,https://kultura-doma.ru/product/komplekt-postel-nogo-bel-ya-troyka-1677-size-semeynyy,bedding_set,master_catalog
252,KD-PD-11715,Комплект постельного белья Цветущий сад,бежевый,Евро (200х220 см),https://kultura-doma.ru/public/src/images/gallery/catalog/6a1eedbbd5cc5_big.jpg,https://kultura-doma.ru/public/src/images/gallery/catalog/6a34f03da2d92_big.jpg,https://kultura-doma.ru/public/src/images/gallery/catalog/6a13fa05d3f23_big.jpg,200 см,220 см,null,null,null,сатин,100% сатин,null,null,null,1779,https://kultura-doma.ru/product/komplekt-postel-nogo-bel-ya-cvetuschiy-sad,bedding_set,master_catalog
253,KD-PD-11716,Комплект постельного белья Цветущий сад: Кинг-сайз,бежевый,Кинг-сайз (220х240 см),https://kultura-doma.ru/public/src/images/gallery/catalog/6a1eedbbd5cc5_big.jpg,https://kultura-doma.ru/public/src/images/gallery/catalog/6a34f03da2d92_big.jpg,https://kultura-doma.ru/public/src/images/gallery/catalog/6a13fa05d3f23_big.jpg,220 см,240 см,null,null,null,сатин,100% сатин,null,null,null,1779-2526,https://kultura-doma.ru/product/komplekt-postel-nogo-bel-ya-cvetuschiy-sad-size-kingsayz-2526,bedding_set,master_catalog
254,KD-PD-11717,Комплект постельного белья Цветущий сад: Семейный,бежевый,Семейный (145х200 см х 2 шт),https://kultura-doma.ru/public/src/images/gallery/catalog/6a1eedbbd5cc5_big.jpg,https://kultura-doma.ru/public/src/images/gallery/catalog/6a34f03da2d92_big.jpg,https://kultura-doma.ru/public/src/images/gallery/catalog/6a13fa05d3f23_big.jpg,145 см,200 см,null,null,null,сатин,100% сатин,null,null,null,1779-2215,https://kultura-doma.ru/product/komplekt-postel-nogo-bel-ya-cvetuschiy-sad-size-semeynyy,bedding_set,master_catalog
255,KD-PD-10387,Комплект постельного белья Четырехлистник,белый,Полуторный (145х200 см),https://kultura-doma.ru/public/src/images/gallery/catalog/69b3c41d8fcf8_big.jpg,https://kultura-doma.ru/public/src/images/gallery/catalog/69b3c41d7df8d_big.jpg,https://kultura-doma.ru/public/src/images/gallery/catalog/69b3c41deed80_big.jpg,145 см,200 см,null,null,null,сатин,100% сатин,null,null,null,1668,https://kultura-doma.ru/product/komplekt-postel-nogo-bel-ya-chetyrehlistnik,bedding_set,master_catalog
256,KD-PD-10387,Комплект постельного белья Четырехлистник: Евро,белый,Евро (200х220 см),https://kultura-doma.ru/public/src/images/gallery/catalog/69b3c41d8fcf8_big.jpg,https://kultura-doma.ru/public/src/images/gallery/catalog/69b3c41d7df8d_big.jpg,https://kultura-doma.ru/public/src/images/gallery/catalog/69b3c41deed80_big.jpg,200 см,220 см,null,null,null,сатин,100% сатин,null,null,null,1668-2537,https://kultura-doma.ru/product/komplekt-postel-nogo-bel-ya-chetyrehlistnik-size-evro,bedding_set,master_catalog
257,KD-PD-10388,Комплект постельного белья Четырехлистник: Кинг-сайз,белый,Кинг-сайз (220х240 см),https://kultura-doma.ru/public/src/images/gallery/catalog/69b3c41d8fcf8_big.jpg,https://kultura-doma.ru/public/src/images/gallery/catalog/69b3c41d7df8d_big.jpg,https://kultura-doma.ru/public/src/images/gallery/catalog/69b3c41deed80_big.jpg,220 см,240 см,null,null,null,сатин,100% сатин,null,null,null,1668-2538,https://kultura-doma.ru/product/komplekt-postel-nogo-bel-ya-chetyrehlistnik-size-kingsayz,bedding_set,master_catalog
258,KD-PD-10389,Комплект постельного белья Четырехлистник: Семейный,белый,Семейный (145х200 см х 2 шт),https://kultura-doma.ru/public/src/images/gallery/catalog/69b3c41d8fcf8_big.jpg,https://kultura-doma.ru/public/src/images/gallery/catalog/69b3c41d7df8d_big.jpg,https://kultura-doma.ru/public/src/images/gallery/catalog/69b3c41deed80_big.jpg,145 см,200 см,null,null,null,сатин,100% сатин,null,null,null,1668-2539,https://kultura-doma.ru/product/komplekt-postel-nogo-bel-ya-chetyrehlistnik-size-semeynyy,bedding_set,master_catalog
259,KD-PD-5719,Комплект постельного белья Шелест листвы,синий,Полуторный (145х200 см),https://kultura-doma.ru/public/src/images/gallery/catalog/6a5e75641ce93_big.jpg,https://kultura-doma.ru/public/src/images/gallery/catalog/6a328bc8154b2_big.jpg,https://kultura-doma.ru/public/src/images/gallery/catalog/6a328bc853a0b_big.jpg,145 см,200 см,null,null,null,тенсель,100% тенсель,null,null,null,1692,https://kultura-doma.ru/product/komplekt-postel-nogo-bel-ya-shelest-listvy,bedding_set,master_catalog
260,KD-PD-5720,Комплект постельного белья Шелест листвы: Евро,синий,Евро (200х220 см),https://kultura-doma.ru/public/src/images/gallery/catalog/6a5e75641ce93_big.jpg,https://kultura-doma.ru/public/src/images/gallery/catalog/6a328bc8154b2_big.jpg,https://kultura-doma.ru/public/src/images/gallery/catalog/6a328bc853a0b_big.jpg,200 см,220 см,null,null,null,тенсель,100% тенсель,null,null,null,1692-2492,https://kultura-doma.ru/product/komplekt-postel-nogo-bel-ya-shelest-listvy-size-evro,bedding_set,master_catalog
261,KD-PD-5722,Комплект постельного белья Шелест листвы: Кинг-сайз,синий,Кинг-сайз (220х240 см),https://kultura-doma.ru/public/src/images/gallery/catalog/6a5e75641ce93_big.jpg,https://kultura-doma.ru/public/src/images/gallery/catalog/6a328bc8154b2_big.jpg,https://kultura-doma.ru/public/src/images/gallery/catalog/6a328bc853a0b_big.jpg,220 см,240 см,null,null,null,тенсель,100% тенсель,null,null,null,1692-2493,https://kultura-doma.ru/product/komplekt-postel-nogo-bel-ya-shelest-listvy-size-kingsayz,bedding_set,master_catalog
262,KD-PD-5721,Комплект постельного белья Шелест листвы: Семейный,синий,Семейный (145х200 см х 2 шт),https://kultura-doma.ru/public/src/images/gallery/catalog/6a5e75641ce93_big.jpg,https://kultura-doma.ru/public/src/images/gallery/catalog/6a328bc8154b2_big.jpg,https://kultura-doma.ru/public/src/images/gallery/catalog/6a328bc853a0b_big.jpg,145 см,200 см,null,null,null,тенсель,100% тенсель,null,null,null,1692-1868,https://kultura-doma.ru/product/komplekt-postel-nogo-bel-ya-shelest-listvy-size-duet,bedding_set,master_catalog
263,KD-PD-8896,Комплект постельного белья Яблоневый цвет,зеленый,Полуторный (145х200 см),https://kultura-doma.ru/public/src/images/gallery/catalog/6a328b73a28c3_big.jpg,https://kultura-doma.ru/public/src/images/gallery/catalog/6a328b7301d31_big.jpg,https://kultura-doma.ru/public/src/images/gallery/catalog/6a328b733eee7_big.jpg,145 см,200 см,null,null,null,сатин,100% сатин,null,null,null,1673,https://kultura-doma.ru/product/komplekt-postel-nogo-bel-ya-yablonevyy-cvet,bedding_set,master_catalog
264,KD-PD-8897,Комплект постельного белья Яблоневый цвет: Евро,зеленый,Евро (200х220 см),https://kultura-doma.ru/public/src/images/gallery/catalog/6a328b73a28c3_big.jpg,https://kultura-doma.ru/public/src/images/gallery/catalog/6a328b7301d31_big.jpg,https://kultura-doma.ru/public/src/images/gallery/catalog/6a328b733eee7_big.jpg,200 см,220 см,null,null,null,сатин,100% сатин,null,null,null,1673-2478,https://kultura-doma.ru/product/komplekt-postel-nogo-bel-ya-yablonevyy-cvet-size-evro,bedding_set,master_catalog
265,KD-PD-8899,Комплект постельного белья Яблоневый цвет: Кинг-сайз,зеленый,Кинг-сайз (220х240 см),https://kultura-doma.ru/public/src/images/gallery/catalog/6a328b73a28c3_big.jpg,https://kultura-doma.ru/public/src/images/gallery/catalog/6a328b7301d31_big.jpg,https://kultura-doma.ru/public/src/images/gallery/catalog/6a328b733eee7_big.jpg,220 см,240 см,null,null,null,сатин,100% сатин,null,null,null,1673-2454,https://kultura-doma.ru/product/komplekt-postel-nogo-bel-ya-yablonevyy-cvet-size-kingsayz,bedding_set,master_catalog
266,KD-PD-8898,Комплект постельного белья Яблоневый цвет: Семейный,зеленый,Семейный (145х200 см х 2 шт),https://kultura-doma.ru/public/src/images/gallery/catalog/6a328b73a28c3_big.jpg,https://kultura-doma.ru/public/src/images/gallery/catalog/6a328b7301d31_big.jpg,https://kultura-doma.ru/public/src/images/gallery/catalog/6a328b733eee7_big.jpg,145 см,200 см,null,null,null,сатин,100% сатин,null,null,null,1673-2455,https://kultura-doma.ru/product/komplekt-postel-nogo-bel-ya-yablonevyy-cvet-size-semeynyy,bedding_set,master_catalog
267,KD-PD-5669,Комплект постельного белья Яркие сны,желтый,Полуторный (145х200 см),https://kultura-doma.ru/public/src/images/gallery/catalog/6a328bdf668e7_big.jpg,https://kultura-doma.ru/public/src/images/gallery/catalog/6a328bdeaff2a_big.jpg,https://kultura-doma.ru/public/src/images/gallery/catalog/6a328bdef3e91_big.jpg,145 см,200 см,null,null,null,сатин,100% сатин,null,null,null,1695,https://kultura-doma.ru/product/komplekt-postel-nogo-bel-ya-yarkie-sny,bedding_set,master_catalog
268,KD-PD-5670,Комплект постельного белья Яркие сны,желтый,null,https://kultura-doma.ru/public/src/images/gallery/catalog/6a328bdf668e7_big.jpg,https://kultura-doma.ru/public/src/images/gallery/catalog/6a328bdeaff2a_big.jpg,https://kultura-doma.ru/public/src/images/gallery/catalog/6a328bdef3e91_big.jpg,null,null,null,null,null,сатин,100% сатин,null,null,null,1695-1879,https://kultura-doma.ru/product/komplekt-postel-nogo-bel-ya-yarkie-sny-size-dvuspal-nyy-evro,bedding_set,master_catalog
269,KD-PD-5672,Комплект постельного белья Яркие сны,желтый,null,https://kultura-doma.ru/public/src/images/gallery/catalog/6a328bdf668e7_big.jpg,https://kultura-doma.ru/public/src/images/gallery/catalog/6a328bdeaff2a_big.jpg,https://kultura-doma.ru/public/src/images/gallery/catalog/6a328bdef3e91_big.jpg,null,null,null,null,null,сатин,100% сатин,null,null,null,1695-1881,https://kultura-doma.ru/product/komplekt-postel-nogo-bel-ya-yarkie-sny-size-dvuspal-nyy-king-sayz,bedding_set,master_catalog
270,KD-PD-5670,Комплект постельного белья Яркие сны: Евро,желтый,Евро (200х220 см),https://kultura-doma.ru/public/src/images/gallery/catalog/6a328bdf668e7_big.jpg,https://kultura-doma.ru/public/src/images/gallery/catalog/6a328bdeaff2a_big.jpg,https://kultura-doma.ru/public/src/images/gallery/catalog/6a328bdef3e91_big.jpg,200 см,220 см,null,null,null,сатин,100% сатин,null,null,null,1695-2496,https://kultura-doma.ru/product/komplekt-postel-nogo-bel-ya-yarkie-sny-size-evro,bedding_set,master_catalog
271,KD-PD-5672,Комплект постельного белья Яркие сны: Кинг-сайз,желтый,Кинг-сайз (220х240 см),https://kultura-doma.ru/public/src/images/gallery/catalog/6a328bdf668e7_big.jpg,https://kultura-doma.ru/public/src/images/gallery/catalog/6a328bdeaff2a_big.jpg,https://kultura-doma.ru/public/src/images/gallery/catalog/6a328bdef3e91_big.jpg,220 см,240 см,null,null,null,сатин,100% сатин,null,null,null,1695-2497,https://kultura-doma.ru/product/komplekt-postel-nogo-bel-ya-yarkie-sny-size-kingsayz,bedding_set,master_catalog
272,KD-PD-5671,Комплект постельного белья Яркие сны: Семейный,желтый,Семейный (145х200 см х 2 шт),https://kultura-doma.ru/public/src/images/gallery/catalog/6a328bdf668e7_big.jpg,https://kultura-doma.ru/public/src/images/gallery/catalog/6a328bdeaff2a_big.jpg,https://kultura-doma.ru/public/src/images/gallery/catalog/6a328bdef3e91_big.jpg,145 см,200 см,null,null,null,сатин,100% сатин,null,null,null,1695-1880,https://kultura-doma.ru/product/komplekt-postel-nogo-bel-ya-yarkie-sny-size-duet,bedding_set,master_catalog
273,KD-PD-8979,Конверт Летний ветерок,бежевый,12х23 см,https://kultura-doma.ru/public/src/images/gallery/catalog/6a4678d65c7fb_big.jpg,https://kultura-doma.ru/public/src/images/gallery/catalog/68b02b9454b27_big.jpg,https://kultura-doma.ru/public/src/images/gallery/catalog/6a4678d6b5728_big.jpg,12 см,23 см,null,null,null,искусственный лен,null,null,null,null,551,https://kultura-doma.ru/product/konvert-letniy-veterok,other,master_catalog
274,KD-PD-8978,Конверт с кружевом Летний ветерок,бежевый,12х23 см,https://kultura-doma.ru/public/src/images/gallery/catalog/6a4678bc23f65_big.jpg,https://kultura-doma.ru/public/src/images/gallery/catalog/68ef6d8646edc_big.jpg,https://kultura-doma.ru/public/src/images/gallery/catalog/6a4678bc8a33e_big.jpg,12 см,23 см,null,null,null,искусственный лен,null,Кружево,null,null,550,https://kultura-doma.ru/product/konvert-s-kruzhevom-letniy-veterok,other,master_catalog
275,KD-PD-8517,Конфетница Купель латунь с покрытием никель,серебряный,"16,5х16,5х20,5 см",https://kultura-doma.ru/public/src/images/gallery/catalog/6a562dbae236e_big.jpg,https://kultura-doma.ru/public/src/images/gallery/catalog/6a562dbb3caa7_big.jpg,https://kultura-doma.ru/public/src/images/gallery/catalog/6a562dba0e848_big.jpg,"16,5 см","16,5 см",null,null,null,латунь,null,null,null,null,263,https://kultura-doma.ru/product/konfetnica-kupel,other,master_catalog
276,KD-PD-7592,Корзина для белья Уют,бежевый,30х30х30 см,https://kultura-doma.ru/public/src/images/gallery/catalog/68920db42ab4e_big.jpg,https://kultura-doma.ru/public/src/images/gallery/catalog/68920db3e0e5a_big.jpg,https://kultura-doma.ru/public/src/images/gallery/catalog/68920db31fd2f_big.jpg,30 см,30 см,null,null,null,хлопковый шнур,null,null,null,null,345,https://kultura-doma.ru/product/korzina-dlya-bel-ya-uyut,other,master_catalog
277,KD-PD-7593,Корзина для белья Уют,серый,35х35х35 см,https://kultura-doma.ru/public/src/images/gallery/catalog/68920daf1e65b_big.jpg,https://kultura-doma.ru/public/src/images/gallery/catalog/68920dad6ee62_big.jpg,https://kultura-doma.ru/public/src/images/gallery/catalog/68920dae38aa4_big.jpg,35 см,35 см,null,null,null,хлопковый шнур,null,null,null,null,346,https://kultura-doma.ru/product/korzina-dlya-bel-ya-uyut-346,other,master_catalog
278,KD-PD-7594,Корзина Уют,серый,39х30х25 см,https://kultura-doma.ru/public/src/images/gallery/catalog/68920f8b01b22_big.jpg,https://kultura-doma.ru/public/src/images/gallery/catalog/68920f8ab3f2e_big.jpg,https://kultura-doma.ru/public/src/images/gallery/catalog/68920f8b888bc_big.jpg,39 см,30 см,null,null,null,хлопковый шнур,null,null,null,null,347,https://kultura-doma.ru/product/korzina-uyut,other,master_catalog
279,KD-PD-7595,Корзина Уют,серый,33х25 см,https://kultura-doma.ru/public/src/images/gallery/catalog/68920f869f083_big.jpg,https://kultura-doma.ru/public/src/images/gallery/catalog/68920f862135b_big.jpg,https://kultura-doma.ru/public/src/images/gallery/catalog/68920f85d9390_big.jpg,33 см,25 см,null,null,null,хлопковый шнур,null,null,null,null,348,https://kultura-doma.ru/product/korzina-uyut-348,other,master_catalog
280,KD-PD-7597,Корзина Уют,бежевый,27х18х12 см,https://kultura-doma.ru/public/src/images/gallery/catalog/69e0ce3281d9b_big.jpg,https://kultura-doma.ru/public/src/images/gallery/catalog/69e0ce2fb1d78_big.jpg,https://kultura-doma.ru/public/src/images/gallery/catalog/69e0ce32c070c_big.jpg,27 см,18 см,null,null,null,хлопковый шнур,null,null,null,null,350,https://kultura-doma.ru/product/korzina-uyut-350,other,master_catalog
281,KD-PD-7599,Корзина Уют,null,27х18х12 см,https://kultura-doma.ru/public/src/images/gallery/catalog/69e0d07c458a9_big.jpg,https://kultura-doma.ru/public/src/images/gallery/catalog/69e0d07c000f1_big.jpg,https://kultura-doma.ru/public/src/images/gallery/catalog/69e0d07c84c53_big.jpg,27 см,18 см,null,null,null,хлопковый шнур,null,null,null,null,1109,https://kultura-doma.ru/product/korzina-uyut-1109,other,master_catalog
282,KD-PD-7600,Корзина Уют,черный,27х18х12 см,https://kultura-doma.ru/public/src/images/gallery/catalog/68920dd08ca17_big.jpg,https://kultura-doma.ru/public/src/images/gallery/catalog/68920dd043983_big.jpg,https://kultura-doma.ru/public/src/images/gallery/catalog/68920dd0d81dc_big.jpg,27 см,18 см,null,null,null,хлопковый шнур,null,null,null,null,1110,https://kultura-doma.ru/product/korzina-uyut-1110,other,master_catalog
283,KD-PD-7602,Корзина Уют,черный,24х16х10 см,https://kultura-doma.ru/public/src/images/gallery/catalog/68920dd71d191_big.jpg,https://kultura-doma.ru/public/src/images/gallery/catalog/68920dd6a1e91_big.jpg,https://kultura-doma.ru/public/src/images/gallery/catalog/68920dd6d7d01_big.jpg,24 см,16 см,null,null,null,хлопковый шнур,null,null,null,null,1111,https://kultura-doma.ru/product/korzina-uyut-1111,other,master_catalog
284,KD-PD-7605,Корзина Уют,серый,24х16х10 см,https://kultura-doma.ru/public/src/images/gallery/catalog/68920ddc0e6b9_big.jpg,https://kultura-doma.ru/public/src/images/gallery/catalog/68920ddc49466_big.jpg,https://kultura-doma.ru/public/src/images/gallery/catalog/68920ddc876b4_big.jpg,24 см,16 см,null,null,null,хлопковый шнур,null,null,null,null,1112,https://kultura-doma.ru/product/korzina-uyut-1112,other,master_catalog
285,KD-PD-7612,Корзина Уют,бежевый,17х17х9 см,https://kultura-doma.ru/public/src/images/gallery/catalog/68920dbf480b0_big.jpg,https://kultura-doma.ru/public/src/images/gallery/catalog/68920dbb5889f_big.jpg,https://kultura-doma.ru/public/src/images/gallery/catalog/68920dbf91849_big.jpg,17 см,17 см,null,null,null,хлопковый шнур,null,null,null,null,1116,https://kultura-doma.ru/product/korzina-uyut-1116,other,master_catalog
286,KD-PD-7613,Корзина Уют,черный,17х17х9 см,https://kultura-doma.ru/public/src/images/gallery/catalog/68920db747606_big.jpg,https://kultura-doma.ru/public/src/images/gallery/catalog/68920db6ee077_big.jpg,https://kultura-doma.ru/public/src/images/gallery/catalog/68920db7a45d0_big.jpg,17 см,17 см,null,null,null,хлопковый шнур,null,null,null,null,1115,https://kultura-doma.ru/product/korzina-uyut-1115,other,master_catalog
287,KD-PD-7610,Корзина Уют: 22х22х10 см,бежевый,22х22х10 см,https://kultura-doma.ru/public/src/images/gallery/catalog/68920dbf480b0_big.jpg,https://kultura-doma.ru/public/src/images/gallery/catalog/68920dbb5889f_big.jpg,https://kultura-doma.ru/public/src/images/gallery/catalog/68920dbf91849_big.jpg,22 см,22 см,null,null,null,хлопковый шнур,null,null,null,null,1116-1040,https://kultura-doma.ru/product/korzina-uyut-1116-size-22h22h10-sm,other,master_catalog
288,KD-PD-7611,Корзина Уют: 22х22х10 см,черный,22х22х10 см,https://kultura-doma.ru/public/src/images/gallery/catalog/68920db747606_big.jpg,https://kultura-doma.ru/public/src/images/gallery/catalog/68920db6ee077_big.jpg,https://kultura-doma.ru/public/src/images/gallery/catalog/68920db7a45d0_big.jpg,22 см,22 см,null,null,null,хлопковый шнур,null,null,null,null,1115-1039,https://kultura-doma.ru/product/korzina-uyut-1115-size-22h22h10-sm,other,master_catalog
289,KD-PD-7608,Корзина Уют: 25х25х17 см,бежевый,25х25х17 см,https://kultura-doma.ru/public/src/images/gallery/catalog/68920dbf480b0_big.jpg,https://kultura-doma.ru/public/src/images/gallery/catalog/68920dbb5889f_big.jpg,https://kultura-doma.ru/public/src/images/gallery/catalog/68920dbf91849_big.jpg,25 см,25 см,null,null,null,хлопковый шнур,null,null,null,null,1116-1042,https://kultura-doma.ru/product/korzina-uyut-1116-size-25h25h17-sm,other,master_catalog
290,KD-PD-7609,Корзина Уют: 25х25х17 см,черный,25х25х17 см,https://kultura-doma.ru/public/src/images/gallery/catalog/68920db747606_big.jpg,https://kultura-doma.ru/public/src/images/gallery/catalog/68920db6ee077_big.jpg,https://kultura-doma.ru/public/src/images/gallery/catalog/68920db7a45d0_big.jpg,25 см,25 см,null,null,null,хлопковый шнур,null,null,null,null,1115-1041,https://kultura-doma.ru/product/korzina-uyut-1115-size-25h25h17-sm,other,master_catalog
291,KD-PD-7603,Корзина Уют: 27х18х10 см,черный,27х18х10 см,https://kultura-doma.ru/public/src/images/gallery/catalog/68920dd71d191_big.jpg,https://kultura-doma.ru/public/src/images/gallery/catalog/68920dd6a1e91_big.jpg,https://kultura-doma.ru/public/src/images/gallery/catalog/68920dd6d7d01_big.jpg,27 см,18 см,null,null,null,хлопковый шнур,null,null,null,null,1111-1030,https://kultura-doma.ru/product/korzina-uyut-1111-size-27h18h10-sm,other,master_catalog
292,KD-PD-7606,Корзина Уют: 27х18х10 см,серый,27х18х10 см,https://kultura-doma.ru/public/src/images/gallery/catalog/68920ddc0e6b9_big.jpg,https://kultura-doma.ru/public/src/images/gallery/catalog/68920ddc49466_big.jpg,https://kultura-doma.ru/public/src/images/gallery/catalog/68920ddc876b4_big.jpg,27 см,18 см,null,null,null,хлопковый шнур,null,null,null,null,1112-1032,https://kultura-doma.ru/product/korzina-uyut-1112-size-27h18h10-sm,other,master_catalog
293,KD-PD-7602,Корзина Уют: 30х20х10 см,черный,30х20х10 см,https://kultura-doma.ru/public/src/images/gallery/catalog/68920dd71d191_big.jpg,https://kultura-doma.ru/public/src/images/gallery/catalog/68920dd6a1e91_big.jpg,https://kultura-doma.ru/public/src/images/gallery/catalog/68920dd6d7d01_big.jpg,30 см,20 см,null,null,null,хлопковый шнур,null,null,null,null,1111-1028,https://kultura-doma.ru/product/korzina-uyut-1111-size-30h20h10-sm,other,master_catalog
294,KD-PD-7605,Корзина Уют: 30х20х10 см,серый,30х20х10 см,https://kultura-doma.ru/public/src/images/gallery/catalog/68920ddc0e6b9_big.jpg,https://kultura-doma.ru/public/src/images/gallery/catalog/68920ddc49466_big.jpg,https://kultura-doma.ru/public/src/images/gallery/catalog/68920ddc876b4_big.jpg,30 см,20 см,null,null,null,хлопковый шнур,null,null,null,null,1112-1031,https://kultura-doma.ru/product/korzina-uyut-1112-size-30h20h10-sm,other,master_catalog
295,KD-PD-7596,Корзина Уют: 30х20х12 см,бежевый,30х20х12 см,https://kultura-doma.ru/public/src/images/gallery/catalog/69e0ce3281d9b_big.jpg,https://kultura-doma.ru/public/src/images/gallery/catalog/69e0ce2fb1d78_big.jpg,https://kultura-doma.ru/public/src/images/gallery/catalog/69e0ce32c070c_big.jpg,30 см,20 см,null,null,null,хлопковый шнур,null,null,null,null,350-1023,https://kultura-doma.ru/product/korzina-uyut-350-size-30h20h12-sm,other,master_catalog
296,KD-PD-7598,Корзина Уют: 30х20х12 см,null,30х20х12 см,https://kultura-doma.ru/public/src/images/gallery/catalog/69e0d07c458a9_big.jpg,https://kultura-doma.ru/public/src/images/gallery/catalog/69e0d07c000f1_big.jpg,https://kultura-doma.ru/public/src/images/gallery/catalog/69e0d07c84c53_big.jpg,30 см,20 см,null,null,null,хлопковый шнур,null,null,null,null,1109-1025,https://kultura-doma.ru/product/korzina-uyut-1109-size-30h20h12-sm,other,master_catalog
297,KD-PD-7600,Корзина Уют: 30х20х12 см,черный,30х20х12 см,https://kultura-doma.ru/public/src/images/gallery/catalog/68920dd08ca17_big.jpg,https://kultura-doma.ru/public/src/images/gallery/catalog/68920dd043983_big.jpg,https://kultura-doma.ru/public/src/images/gallery/catalog/68920dd0d81dc_big.jpg,30 см,20 см,null,null,null,хлопковый шнур,null,null,null,null,1110-1026,https://kultura-doma.ru/product/korzina-uyut-1110-size-30h20h12-sm,other,master_catalog
298,KD-PD-10805,Корзина хлопковая Уют,черный,30х30х20 см,https://kultura-doma.ru/public/src/images/gallery/catalog/69e0c1fc68e46_big.jpg,https://kultura-doma.ru/public/src/images/gallery/catalog/69a6f16173d35_big.jpg,null,30 см,30 см,null,null,null,хлопковый шнур,null,null,null,null,1374,https://kultura-doma.ru/product/korzina-kvadratnaya-uyut,other,master_catalog
299,KD-PD-10806,Корзина хлопковая Уют,молочный,30х30х20 см,https://kultura-doma.ru/public/src/images/gallery/catalog/69e0c25689309_big.jpg,https://kultura-doma.ru/public/src/images/gallery/catalog/69a6f175bc861_big.jpg,https://kultura-doma.ru/public/src/images/gallery/catalog/69e0c256c49c7_big.jpg,30 см,30 см,null,null,null,хлопковый шнур,null,null,null,null,1375,https://kultura-doma.ru/product/korzina-kvadratnaya-uyut-1375,other,master_catalog
300,KD-PD-10809,Корзина хлопковая Уют,черный,35х25х65 см,https://kultura-doma.ru/public/src/images/gallery/catalog/69e0c3817979b_big.jpg,https://kultura-doma.ru/public/src/images/gallery/catalog/6970df7aa6c1e_big.jpg,https://kultura-doma.ru/public/src/images/gallery/catalog/69e0c381b4d23_big.jpg,35 см,25 см,null,null,null,хлопковый шнур,null,null,null,null,1376,https://kultura-doma.ru/product/korzina-pryamougol-naya-uyut,other,master_catalog
301,KD-PD-10810,Корзина хлопковая Уют,молочный,35х25х65 см,https://kultura-doma.ru/public/src/images/gallery/catalog/6936e447474f7_big.jpg,https://kultura-doma.ru/public/src/images/gallery/catalog/6970ebcfaada7_big.jpg,https://kultura-doma.ru/public/src/images/gallery/catalog/6936e44791719_big.jpg,35 см,25 см,null,null,null,хлопковый шнур,null,null,null,null,1377,https://kultura-doma.ru/product/korzina-pryamougol-naya-uyut-1377,other,master_catalog
302,KD-PD-10812,Корзина хлопковая Уют,молочный,35х35х45 см,https://kultura-doma.ru/public/src/images/gallery/catalog/6936e44991bd6_big.jpg,https://kultura-doma.ru/public/src/images/gallery/catalog/6970ebb745760_big.jpg,https://kultura-doma.ru/public/src/images/gallery/catalog/6936e449cddce_big.jpg,35 см,35 см,null,null,null,хлопковый шнур,null,null,null,null,1379,https://kultura-doma.ru/product/korzina-kruglaya-uyut-1379,other,master_catalog
303,KD-PD-10813,Корзина хлопковая Уют,черный,38х38х30 см,https://kultura-doma.ru/public/src/images/gallery/catalog/6936e44a87a39_big.jpg,https://kultura-doma.ru/public/src/images/gallery/catalog/6970ebe26870d_big.jpg,null,38 см,38 см,null,null,null,хлопковый шнур,null,null,null,null,1380,https://kultura-doma.ru/product/korzina-kruglaya-uyut-1380,other,master_catalog
304,KD-PD-10814,Корзина хлопковая Уют,молочный,38х38х30 см,https://kultura-doma.ru/public/src/images/gallery/catalog/6936e44b57630_big.jpg,https://kultura-doma.ru/public/src/images/gallery/catalog/6970ebeea6fb2_big.jpg,null,38 см,38 см,null,null,null,хлопковый шнур,null,null,null,null,1381,https://kultura-doma.ru/product/korzina-kruglaya-uyut-1381,other,master_catalog
305,KD-PD-10811,Корзина хлопковая Уют черная 45 см,черный,35х35х45 см,https://kultura-doma.ru/public/src/images/gallery/catalog/6936e44859b39_big.jpg,https://kultura-doma.ru/public/src/images/gallery/catalog/6970eb6833f32_big.jpg,https://kultura-doma.ru/public/src/images/gallery/catalog/6936e448a2f50_big.jpg,35 см,35 см,null,null,null,хлопковый шнур,null,null,null,null,1378,https://kultura-doma.ru/product/korzina-kruglaya-uyut,other,master_catalog
306,KD-PD-10925,Кофейная пара Весенний сад,белый,null,https://kultura-doma.ru/public/src/images/gallery/catalog/6a394adb1c1e5_big.jpg,https://kultura-doma.ru/public/src/images/gallery/catalog/69a6ec2425f9f_big.jpg,https://kultura-doma.ru/public/src/images/gallery/catalog/6a394adaca709_big.jpg,null,null,75 мл,null,"Чашка 1 шт, блюдце 1 шт",фарфор,100% фарфор,null,null,null,1631,https://kultura-doma.ru/product/kofeynaya-para-vesenniy-sad,coffee_pair,master_catalog
307,KD-PD-8545,Креманка Морозко,null,null,https://kultura-doma.ru/public/src/images/gallery/catalog/6a156ea16ce0c_big.jpg,https://kultura-doma.ru/public/src/images/gallery/catalog/6a154e7164768_big.jpg,https://kultura-doma.ru/public/src/images/gallery/catalog/6a154e701c74a_big.jpg,null,null,null,null,null,null,null,null,null,null,1821,https://kultura-doma.ru/product/kremanka-morozko,other,master_catalog
308,KD-PD-7832,Кружка  Облачные фантазии,белый,null,https://kultura-doma.ru/public/src/images/gallery/catalog/68ee0f4249819_big.png,https://kultura-doma.ru/public/src/images/gallery/catalog/68ee0f56499dd_big.jpg,https://kultura-doma.ru/public/src/images/gallery/catalog/6a394b1756103_big.jpg,null,null,350 мл,null,null,бисквитный фарфор,null,null,null,null,239,https://kultura-doma.ru/product/kruzhka-oblachnye-fantazii,mug,master_catalog
309,KD-PD-10934,Кружка Ретивые кони,белый,null,https://kultura-doma.ru/public/src/images/gallery/catalog/6a394b2999321_big.jpg,https://kultura-doma.ru/public/src/images/gallery/catalog/694176eb43a98_big.jpg,https://kultura-doma.ru/public/src/images/gallery/catalog/693fd99ba471c_big.jpg,null,null,450 мл,null,null,фарфор,100% фарфор,null,null,null,1333,https://kultura-doma.ru/product/kruzhka-koni,mug,master_catalog
310,KD-PD-7951,Кружка Сказочный лес,белый,null,https://kultura-doma.ru/public/src/images/gallery/catalog/694106c6baf9a_big.jpg,https://kultura-doma.ru/public/src/images/gallery/catalog/6941182e337a9_big.jpg,https://kultura-doma.ru/public/src/images/gallery/catalog/694106c841147_big.jpg,null,null,450 мл,null,null,костяной фарфор,100% костяной фарфор,null,null,null,244,https://kultura-doma.ru/product/kruzhka-skazochnyy-les-244,mug,master_catalog
311,KD-PD-7174,Маска для сна,голубой,null,https://kultura-doma.ru/public/src/images/gallery/catalog/6a5f7f1d5f676_big.jpg,https://kultura-doma.ru/public/src/images/gallery/catalog/6a5f7f25c5ff5_big.jpg,https://kultura-doma.ru/public/src/images/gallery/catalog/6a5f7f20ed6b3_big.jpg,null,null,null,null,null,вискоза,null,null,null,null,1090,https://kultura-doma.ru/product/maska-dlya-sna,other,master_catalog
312,KD-PD-8176,Маска для сна,розовый,null,https://kultura-doma.ru/public/src/images/gallery/catalog/6887326e58b32_big.jpg,https://kultura-doma.ru/public/src/images/gallery/catalog/6887326e7ac08_big.jpg,https://kultura-doma.ru/public/src/images/gallery/catalog/6887326e34fe9_big.jpg,null,null,null,null,null,тенсель,100% тенсель,null,null,null,1092,https://kultura-doma.ru/product/maska-dlya-sna-1092,other,master_catalog
313,KD-PD-8177,Маска для сна,голубой,null,https://kultura-doma.ru/public/src/images/gallery/catalog/6887326d19869_big.jpg,https://kultura-doma.ru/public/src/images/gallery/catalog/6887326d5c921_big.jpg,https://kultura-doma.ru/public/src/images/gallery/catalog/6887326d355ce_big.jpg,null,null,null,null,null,тенсель,100% тенсель,null,null,null,1091,https://kultura-doma.ru/product/maska-dlya-sna-1091,other,master_catalog
314,KD-PD-9777,Масленка Классик,белый,null,https://kultura-doma.ru/public/src/images/gallery/catalog/69f06b4ca3cd2_big.jpg,https://kultura-doma.ru/public/src/images/gallery/catalog/6a15b1268fe75_big.jpg,null,null,null,null,null,null,фарфор,100% фарфор,null,null,null,293,https://kultura-doma.ru/product/maslenka-klassik,other,master_catalog
315,KD-PD-9532,Масленка Русское поле,белый,11х17х8 см,https://kultura-doma.ru/public/src/images/gallery/catalog/69f06b4b2470c_big.jpg,https://kultura-doma.ru/public/src/images/gallery/catalog/69f06b4ad1e60_big.jpg,https://kultura-doma.ru/public/src/images/gallery/catalog/69f06b4b6e2d8_big.jpg,11 см,17 см,null,null,null,фарфор,100% фарфор,null,null,null,281,https://kultura-doma.ru/product/maslenka-russkoe-pole,other,master_catalog
316,KD-PD-8846,Мешочек Кружево,белый,null,https://kultura-doma.ru/public/src/images/gallery/catalog/69ba956d7e3a4_big.jpg,https://kultura-doma.ru/public/src/images/gallery/catalog/6a58ee820ceb2_big.jpg,null,null,null,null,null,null,кружево,null,Кружево,null,null,738,https://kultura-doma.ru/product/meshochek-kruzhevo,other,master_catalog
317,KD-PD-9860,Молочник Ботаника,белый,null,https://kultura-doma.ru/public/src/images/gallery/catalog/69f06b4fddb2d_big.jpg,https://kultura-doma.ru/public/src/images/gallery/catalog/69f06b5111bf5_big.jpg,https://kultura-doma.ru/public/src/images/gallery/catalog/69f06b5039e01_big.jpg,null,null,300 мл,null,Молочник 1 шт,фарфор,100% фарфор,null,null,null,1218,https://kultura-doma.ru/product/molochnik-botanika,milk_jug,master_catalog
318,KD-PD-9566,Набор бокалов для вина Вуаль,null,null,https://kultura-doma.ru/public/src/images/gallery/catalog/6a3a9018f3653_big.jpg,https://kultura-doma.ru/public/src/images/gallery/catalog/69ca74a67e884_big.jpg,https://kultura-doma.ru/public/src/images/gallery/catalog/6a3a90194f7f8_big.jpg,null,null,460 мл,null,null,хрустальное стекло,null,null,null,null,220,https://kultura-doma.ru/product/nabor-bokalov-dlya-vina-vual,wine_glass_set,master_catalog
319,KD-PD-9567,Набор бокалов для вина Вуаль,null,null,https://kultura-doma.ru/public/src/images/gallery/catalog/6a3a9013d3ab4_big.jpg,https://kultura-doma.ru/public/src/images/gallery/catalog/69ca354ecc710_big.jpg,https://kultura-doma.ru/public/src/images/gallery/catalog/6a3a90141f6d8_big.jpg,null,null,560 мл,null,null,хрустальное стекло,null,null,null,null,221,https://kultura-doma.ru/product/nabor-bokalov-dlya-vina-vual-221,wine_glass_set,master_catalog
320,KD-PD-7784,Набор бокалов для вина Гармония,null,null,https://kultura-doma.ru/public/src/images/gallery/catalog/6a3a900dda511_big.jpg,https://kultura-doma.ru/public/src/images/gallery/catalog/6a3a900ca53a4_big.jpg,https://kultura-doma.ru/public/src/images/gallery/catalog/6a3a900cde45c_big.jpg,null,null,600 мл,null,null,хрустальное стекло,null,null,null,null,204,https://kultura-doma.ru/product/nabor-bokalov-dlya-vina-garmoniya,wine_glass_set,master_catalog
321,KD-PD-7795,Набор бокалов для вина Екатерина,null,null,https://kultura-doma.ru/public/src/images/gallery/catalog/6a3a901095705_big.jpg,https://kultura-doma.ru/public/src/images/gallery/catalog/6a3a90101256f_big.jpg,https://kultura-doma.ru/public/src/images/gallery/catalog/6a3a900fb3801_big.jpg,null,null,550 мл,null,null,хрустальное стекло,null,null,null,null,212,https://kultura-doma.ru/product/nabor-ryumok-dlya-vodki-ekaterina,wine_glass_set,master_catalog
322,KD-PD-7787,Набор бокалов для вина Жемчужина,null,null,https://kultura-doma.ru/public/src/images/gallery/catalog/6a3a903d0ef5b_big.jpg,https://kultura-doma.ru/public/src/images/gallery/catalog/6a3a903c8c207_big.jpg,https://kultura-doma.ru/public/src/images/gallery/catalog/6a3a903cc6b3d_big.jpg,null,null,260 мл,null,null,хрустальное стекло,null,null,null,null,206,https://kultura-doma.ru/product/nabor-bokalov-dlya-vina-zhemchuzhina,wine_glass_set,master_catalog
323,KD-PD-7788,Набор бокалов для вина Жемчужина,null,null,https://kultura-doma.ru/public/src/images/gallery/catalog/6a3a904226ccd_big.jpg,https://kultura-doma.ru/public/src/images/gallery/catalog/6a3a904114ce9_big.jpg,https://kultura-doma.ru/public/src/images/gallery/catalog/6a3a9041da535_big.jpg,null,null,350 мл,null,null,хрустальное стекло,null,null,null,null,207,https://kultura-doma.ru/product/nabor-bokalov-dlya-vina-zhemchuzhina-207,wine_glass_set,master_catalog
324,KD-PD-9573,Набор бокалов для вина Иллюзия,null,null,https://kultura-doma.ru/public/src/images/gallery/catalog/6a3a901cae90b_big.jpg,https://kultura-doma.ru/public/src/images/gallery/catalog/69ca34e85b1f0_big.jpg,https://kultura-doma.ru/public/src/images/gallery/catalog/6a3a901cf1ab3_big.jpg,null,null,460 мл,null,null,хрустальное стекло,null,null,null,null,223,https://kultura-doma.ru/product/nabor-bokalov-dlya-vina-illyuziya,wine_glass_set,master_catalog
325,KD-PD-7790,Набор бокалов для вина Лада,null,null,https://kultura-doma.ru/public/src/images/gallery/catalog/6a3a903ebef7d_big.jpg,https://kultura-doma.ru/public/src/images/gallery/catalog/69ca491026dcc_big.jpg,https://kultura-doma.ru/public/src/images/gallery/catalog/6a3a903e745be_big.jpg,null,null,350 мл,null,null,хрустальное стекло,null,null,null,null,209,https://kultura-doma.ru/product/nabor-bokalov-dlya-vina-lada,wine_glass_set,master_catalog
326,KD-PD-7791,Набор бокалов для вина Лада,null,null,https://kultura-doma.ru/public/src/images/gallery/catalog/6a3a902183c13_big.jpg,https://kultura-doma.ru/public/src/images/gallery/catalog/6a3a902064515_big.jpg,https://kultura-doma.ru/public/src/images/gallery/catalog/6a3a9020aac1e_big.jpg,null,null,580 мл,null,null,хрустальное стекло,null,null,null,null,210,https://kultura-doma.ru/product/nabor-bokalov-dlya-vina-lada-210,wine_glass_set,master_catalog
327,KD-PD-10702,Набор бокалов для вина Лилия,null,null,https://kultura-doma.ru/public/src/images/gallery/catalog/6a3a90308c529_big.jpg,https://kultura-doma.ru/public/src/images/gallery/catalog/69ca48b605af0_big.jpg,https://kultura-doma.ru/public/src/images/gallery/catalog/6a3a90304bf3a_big.jpg,null,null,600 мл,null,null,хрустальное стекло,null,null,null,null,1303,https://kultura-doma.ru/product/nabor-bokalov-dlya-vina-liliya,wine_glass_set,master_catalog
328,KD-PD-10704,Набор бокалов для вина Лилия,null,null,https://kultura-doma.ru/public/src/images/gallery/catalog/6a3a9033ea553_big.jpg,https://kultura-doma.ru/public/src/images/gallery/catalog/694ced199c0c0_big.jpg,https://kultura-doma.ru/public/src/images/gallery/catalog/6a3a9033ae7ad_big.jpg,null,null,450 мл,null,null,хрустальное стекло,null,null,null,null,1305,https://kultura-doma.ru/product/nabor-bokalov-dlya-vina-liliya-1305,wine_glass_set,master_catalog
329,KD-PD-7796,Набор бокалов для вина Ника,null,null,https://kultura-doma.ru/public/src/images/gallery/catalog/6a3a90489ded6_big.jpg,https://kultura-doma.ru/public/src/images/gallery/catalog/6a3a90480e616_big.jpg,https://kultura-doma.ru/public/src/images/gallery/catalog/6a3a9047a8ca1_big.jpg,null,null,190 мл,null,null,хрустальное стекло,null,null,null,null,213,https://kultura-doma.ru/product/nabor-bokalov-dlya-vina-nika,wine_glass_set,master_catalog
330,KD-PD-7797,Набор бокалов для вина Ника,null,null,https://kultura-doma.ru/public/src/images/gallery/catalog/6a3a904586bc6_big.jpg,https://kultura-doma.ru/public/src/images/gallery/catalog/6a3a90442210f_big.jpg,https://kultura-doma.ru/public/src/images/gallery/catalog/6a3a9044679f6_big.jpg,null,null,305 мл,null,null,хрустальное стекло,null,null,null,null,214,https://kultura-doma.ru/product/nabor-bokalov-dlya-vina-nika-214,wine_glass_set,master_catalog
331,KD-PD-10701,Набор бокалов для вина Тюльпан,null,null,https://kultura-doma.ru/public/src/images/gallery/catalog/6a3a9039a2265_big.jpg,https://kultura-doma.ru/public/src/images/gallery/catalog/69ca5ec54f718_big.jpg,https://kultura-doma.ru/public/src/images/gallery/catalog/6a3a903942566_big.jpg,null,null,450 мл,null,null,хрустальное стекло,null,null,null,null,1302,https://kultura-doma.ru/product/nabor-bokalov-dlya-vina-tyul-pan,wine_glass_set,master_catalog
332,KD-PD-10705,Набор бокалов для вина Тюльпан,null,null,https://kultura-doma.ru/public/src/images/gallery/catalog/6a3a903238cf4_big.jpg,https://kultura-doma.ru/public/src/images/gallery/catalog/69c697ecdb633_big.jpg,https://kultura-doma.ru/public/src/images/gallery/catalog/6a3a9031eb8fc_big.jpg,null,null,600 мл,null,null,хрустальное стекло,null,null,null,null,1306,https://kultura-doma.ru/product/nabor-bokalov-dlya-vina-tyul-pan-1306,wine_glass_set,master_catalog
333,KD-PD-7792,Набор бокалов для виски Лада,null,null,https://kultura-doma.ru/public/src/images/gallery/catalog/6a3d177e8f677_big.jpg,https://kultura-doma.ru/public/src/images/gallery/catalog/6a3d177c974b6_big.jpg,https://kultura-doma.ru/public/src/images/gallery/catalog/6a3d177cd02c7_big.jpg,null,null,440 мл,null,null,хрустальное стекло,null,null,null,null,310,https://kultura-doma.ru/product/nabor-bokalov-dlya-viski-lada,wine_glass_set,master_catalog
334,KD-PD-9766,Набор бокалов для коньяка Лед,null,null,https://kultura-doma.ru/public/src/images/gallery/catalog/6a3a9d21197c2_big.jpg,https://kultura-doma.ru/public/src/images/gallery/catalog/6a3a9d1f6dc49_big.jpg,https://kultura-doma.ru/public/src/images/gallery/catalog/6a3a9d1fc3d32_big.jpg,null,null,160 мл,null,null,хрусталь,100% хрусталь,null,null,null,14,https://kultura-doma.ru/product/nabor-bokalov-dlya-kon-yaka-led,wine_glass_set,master_catalog
335,KD-PD-7801,Набор бокалов для пива Бистро,null,null,https://kultura-doma.ru/public/src/images/gallery/catalog/6a3a9d26b71d5_big.jpg,https://kultura-doma.ru/public/src/images/gallery/catalog/69ca46a6ce9e4_big.jpg,https://kultura-doma.ru/public/src/images/gallery/catalog/6a3a9d266f73c_big.jpg,null,null,380 мл,null,null,хрустальное стекло,null,null,null,null,226,https://kultura-doma.ru/product/nabor-bokalov-dlya-piva-bistro,wine_glass_set,master_catalog
336,KD-PD-7802,Набор бокалов для пива Бистро,null,null,https://kultura-doma.ru/public/src/images/gallery/catalog/6a3a9d197ed88_big.jpg,https://kultura-doma.ru/public/src/images/gallery/catalog/69ca911ba8a1f_big.png,https://kultura-doma.ru/public/src/images/gallery/catalog/6a3a9d193f870_big.jpg,null,null,550 мл,null,null,хрустальное стекло,null,null,null,null,227,https://kultura-doma.ru/product/nabor-bokalov-dlya-piva-bistro-227,wine_glass_set,master_catalog
337,KD-PD-9568,Набор бокалов для пива Вуаль,null,null,https://kultura-doma.ru/public/src/images/gallery/catalog/6a3a9d1d63ffe_big.jpg,https://kultura-doma.ru/public/src/images/gallery/catalog/69ca741c08c95_big.jpg,https://kultura-doma.ru/public/src/images/gallery/catalog/6a3a9d1ceaf49_big.jpg,null,null,500 мл,null,null,хрустальное стекло,null,null,null,null,229,https://kultura-doma.ru/product/nabor-bokalov-dlya-piva-vual,wine_glass_set,master_catalog
338,KD-PD-9569,Набор бокалов для шампанского Вуаль,null,null,https://kultura-doma.ru/public/src/images/gallery/catalog/6a3a900a92942_big.jpg,https://kultura-doma.ru/public/src/images/gallery/catalog/69ca207739b32_big.jpg,https://kultura-doma.ru/public/src/images/gallery/catalog/6a3a900adc951_big.jpg,null,null,210 мл,null,null,хрустальное стекло,null,null,null,null,222,https://kultura-doma.ru/product/nabor-bokalov-dlya-shampanskogo-vual,wine_glass_set,master_catalog
339,KD-PD-7783,Набор бокалов для шампанского Гармония,null,null,https://kultura-doma.ru/public/src/images/gallery/catalog/6a3a904b9cc63_big.jpg,https://kultura-doma.ru/public/src/images/gallery/catalog/6a3a904a7bc9d_big.jpg,https://kultura-doma.ru/public/src/images/gallery/catalog/6a3a904abe1de_big.jpg,null,null,210 мл,null,null,хрустальное стекло,null,null,null,null,203,https://kultura-doma.ru/product/nabor-bokalov-dlya-shampanskogo-garmoniya,wine_glass_set,master_catalog
340,KD-PD-7793,Набор бокалов для шампанского Екатерина,null,null,https://kultura-doma.ru/public/src/images/gallery/catalog/6a3a900473140_big.jpg,https://kultura-doma.ru/public/src/images/gallery/catalog/6a3a9001e7d1a_big.jpg,https://kultura-doma.ru/public/src/images/gallery/catalog/6a3a9002ad4b0_big.jpg,null,null,190 мл,null,null,хрустальное стекло,null,null,null,null,211,https://kultura-doma.ru/product/nabor-bokalov-dlya-shampanskogo-ekaterina,wine_glass_set,master_catalog
341,KD-PD-7789,Набор бокалов для шампанского Жемчужина,null,null,https://kultura-doma.ru/public/src/images/gallery/catalog/6a071561368a1_big.jpg,https://kultura-doma.ru/public/src/images/gallery/catalog/6a071560714f5_big.jpg,https://kultura-doma.ru/public/src/images/gallery/catalog/6a071560ec709_big.jpg,null,null,205 мл,null,null,хрустальное стекло,null,null,null,null,208,https://kultura-doma.ru/product/nabor-bokalov-dlya-shampanskogo-zhemchuzhina,wine_glass_set,master_catalog
342,KD-PD-9575,Набор бокалов для шампанского Иллюзия,null,null,https://kultura-doma.ru/public/src/images/gallery/catalog/6a3a901af2670_big.jpg,https://kultura-doma.ru/public/src/images/gallery/catalog/69c696f05c376_big.jpg,https://kultura-doma.ru/public/src/images/gallery/catalog/6a3a901b39d12_big.jpg,null,null,210 мл,null,null,хрустальное стекло,null,null,null,null,225,https://kultura-doma.ru/product/nabor-bokalov-dlya-shampanskogo-illyuziya,wine_glass_set,master_catalog
343,KD-PD-10703,Набор бокалов для шампанского Лилия,null,null,https://kultura-doma.ru/public/src/images/gallery/catalog/6a3a90179cfcb_big.jpg,https://kultura-doma.ru/public/src/images/gallery/catalog/69ca4882c454a_big.jpg,https://kultura-doma.ru/public/src/images/gallery/catalog/6a3a90175fad5_big.jpg,null,null,170 мл,null,null,хрустальное стекло,null,null,null,null,1304,https://kultura-doma.ru/product/nabor-bokalov-dlya-shampanskogo-liliya,wine_glass_set,master_catalog
344,KD-PD-7798,Набор бокалов для шампанского Ника,null,null,https://kultura-doma.ru/public/src/images/gallery/catalog/6a3a905086add_big.jpg,https://kultura-doma.ru/public/src/images/gallery/catalog/6a3a904f5a791_big.jpg,https://kultura-doma.ru/public/src/images/gallery/catalog/6a3a904f99487_big.jpg,null,null,180 мл,null,null,хрустальное стекло,null,null,null,null,215,https://kultura-doma.ru/product/nabor-bokalov-dlya-shampanskogo-nika,wine_glass_set,master_catalog
345,KD-PD-10706,Набор бокалов для шампанского Тюльпан,null,null,https://kultura-doma.ru/public/src/images/gallery/catalog/6a3a9015eec75_big.jpg,https://kultura-doma.ru/public/src/images/gallery/catalog/694cebab9f25e_big.jpg,https://kultura-doma.ru/public/src/images/gallery/catalog/6a3a9015a2a00_big.jpg,null,null,170 мл,null,null,хрустальное стекло,null,null,null,null,1307,https://kultura-doma.ru/product/nabor-bokalov-dlya-shampanskogo-tyul-pan,wine_glass_set,master_catalog
346,KD-PD-11098,Набор кофейных чашек Купель,белый,null,https://kultura-doma.ru/public/src/images/gallery/catalog/694b9514cb783_big.jpg,https://kultura-doma.ru/public/src/images/gallery/catalog/694b9516e5478_big.jpg,https://kultura-doma.ru/public/src/images/gallery/catalog/694b95148de04_big.jpg,null,null,250 мл,null,null,"фарфор, латунь, натуральный шпон",null,null,null,null,1424,https://kultura-doma.ru/product/nabor-kofeynyh-chashek-kupel,other,master_catalog
347,KD-PD-9570,Набор креманок Вуаль,null,null,https://kultura-doma.ru/public/src/images/gallery/catalog/6a07155c59e24_big.jpg,https://kultura-doma.ru/public/src/images/gallery/catalog/69c54186cc1a5_big.jpg,https://kultura-doma.ru/public/src/images/gallery/catalog/6a07155c9ac2a_big.jpg,null,null,220 мл,null,null,хрустальное стекло,null,null,null,null,15,https://kultura-doma.ru/product/nabor-kremanok-vual,wine_glass_set,master_catalog
348,KD-PD-7785,Набор креманок для шампанского Гармония,null,null,https://kultura-doma.ru/public/src/images/gallery/catalog/6a3a900916594_big.jpg,https://kultura-doma.ru/public/src/images/gallery/catalog/6a3a900885d79_big.jpg,https://kultura-doma.ru/public/src/images/gallery/catalog/6a3a90084984d_big.jpg,null,null,220 мл,null,null,хрустальное стекло,null,null,null,null,205,https://kultura-doma.ru/product/nabor-kremanok-dlya-shampanskogo-garmoniya,wine_glass_set,master_catalog
349,KD-PD-7873,Набор креманок для шампанского Купель,null,null,https://kultura-doma.ru/public/src/images/gallery/catalog/6a3a901ec4952_big.jpg,https://kultura-doma.ru/public/src/images/gallery/catalog/68d1168ad3ed2_big.gif,https://kultura-doma.ru/public/src/images/gallery/catalog/6a3a901e9cf8a_big.jpg,null,null,300 мл,null,null,латунь,null,null,null,null,216,https://kultura-doma.ru/product/nabor-kremanok-dlya-shampanskogo-kupel,wine_glass_set,master_catalog
350,KD-PD-10815,Набор креманок Иллюзия,null,null,https://kultura-doma.ru/public/src/images/gallery/catalog/6a3a902a3e287_big.jpg,https://kultura-doma.ru/public/src/images/gallery/catalog/69ca37c39cdb4_big.jpg,https://kultura-doma.ru/public/src/images/gallery/catalog/6a3a902a6614c_big.jpg,null,null,220 мл,null,null,хрустальное стекло,null,null,null,null,1311,https://kultura-doma.ru/product/nabor-kremanok-illyuziya-1311,wine_glass_set,master_catalog
351,KD-PD-9576,Набор креманок Иллюзия,null,null,https://kultura-doma.ru/public/src/images/gallery/catalog/6a3a904d350c0_big.jpg,https://kultura-doma.ru/public/src/images/gallery/catalog/69ca36e992dc5_big.jpg,https://kultura-doma.ru/public/src/images/gallery/catalog/6a3a904d74174_big.jpg,null,null,220 мл,null,null,хрустальное стекло,null,null,null,null,284,https://kultura-doma.ru/product/nabor-kremanok-illyuziya,wine_glass_set,master_catalog
352,KD-PD-12611,Набор ложек на подставке Сказка о царе Салтане,null,null,https://kultura-doma.ru/public/src/images/gallery/catalog/6a156c4bd5d89_big.jpg,null,null,null,null,null,null,null,null,null,null,null,null,1818,https://kultura-doma.ru/product/nabor-lozhek-na-podstavke-skazka-o-care-saltane-1818,other,master_catalog
353,KD-PD-11554,Набор наволочек Дворцы России,белый,70х70 см,https://kultura-doma.ru/public/src/images/gallery/catalog/69bbe8c9c8eb7_big.png,https://kultura-doma.ru/public/src/images/gallery/catalog/69bbe8d36f133_big.png,https://kultura-doma.ru/public/src/images/gallery/catalog/69bbe8e2ab4f0_big.png,70 см,70 см,null,null,null,тенсель,100% тенсель,null,null,null,1708,https://kultura-doma.ru/product/nabor-navolochek-dvorcy-rossii,pillowcase_set,master_catalog
354,KD-PD-11199,Набор наволочек Знаки Зодиака,бежевый,70х70 см,https://kultura-doma.ru/public/src/images/gallery/catalog/69bbb1570b002_big.jpg,https://kultura-doma.ru/public/src/images/gallery/catalog/69bbc6dbd4dc7_big.png,https://kultura-doma.ru/public/src/images/gallery/catalog/69bbc6f00f8b7_big.png,70 см,70 см,null,null,null,тенсель,100% тенсель,null,null,null,1706,https://kultura-doma.ru/product/nabor-navolochek-znaki-zodiaka,pillowcase_set,master_catalog
355,KD-PD-11966,Набор Наволочек Многоточие,белый,70х70 см,https://kultura-doma.ru/public/src/images/gallery/catalog/69e8e6ca7d5c8_big.jpg,https://kultura-doma.ru/public/src/images/gallery/catalog/69e8f4ee2e880_big.jpg,https://kultura-doma.ru/public/src/images/gallery/catalog/69e8f4ec9f45f_big.jpg,70 см,70 см,null,null,null,сатин,100% сатин,null,null,null,1740,https://kultura-doma.ru/product/nabor-navolochek-mnogotochie,pillowcase_set,master_catalog
356,KD-PD-11970,Набор наволочек Цветущий Сад,бежевый,70х70 см,https://kultura-doma.ru/public/src/images/gallery/catalog/6a55e6cfc5abc_big.jpg,https://kultura-doma.ru/public/src/images/gallery/catalog/6a13fa5d9c233_big.jpg,https://kultura-doma.ru/public/src/images/gallery/catalog/6a55e6d00ada9_big.jpg,70 см,70 см,null,null,null,сатин,100% сатин,null,null,null,1780,https://kultura-doma.ru/product/nabor-navolochek-cvetuschiy-sad,pillowcase_set,master_catalog
357,KD-PD-11629,Набор Плейсматов с вышивкой Признание,белый,45х45 см,https://kultura-doma.ru/public/src/images/gallery/catalog/6a35596ea8f13_big.jpg,https://kultura-doma.ru/public/src/images/gallery/catalog/698f40d8be014_big.jpg,null,45 см,45 см,null,null,null,сатин,100% сатин,Вышивка,null,null,1527,https://kultura-doma.ru/product/nabor-pleysmatov-s-vyshivkoy-priznanie,placemat,master_catalog
358,KD-PD-7794,Набор рюмок для водки Екатерина,null,null,https://kultura-doma.ru/public/src/images/gallery/catalog/6a3d1781b21f2_big.jpg,https://kultura-doma.ru/public/src/images/gallery/catalog/6a3d178082a39_big.jpg,https://kultura-doma.ru/public/src/images/gallery/catalog/6a3d1780c084d_big.jpg,null,null,60 мл,null,null,хрустальное стекло,null,null,null,null,311,https://kultura-doma.ru/product/nabor-ryumok-dlya-vodki-ekaterina-311,glassware_set,master_catalog
359,KD-PD-9767,Набор рюмок для водки Лед,null,null,https://kultura-doma.ru/public/src/images/gallery/catalog/6a3d178e830e1_big.jpg,https://kultura-doma.ru/public/src/images/gallery/catalog/6a3d178ca6d5f_big.jpg,https://kultura-doma.ru/public/src/images/gallery/catalog/6a3d178df2aa2_big.jpg,null,null,35 мл,null,null,хрусталь,100% хрусталь,null,null,null,320,https://kultura-doma.ru/product/nabor-ryumok-dlya-vodki-led,glassware_set,master_catalog
360,KD-PD-11893,Набор салфеток Весенние Цветы,белый,45х45 см,https://kultura-doma.ru/public/src/images/gallery/catalog/6a42806b86e6f_big.jpg,https://kultura-doma.ru/public/src/images/gallery/catalog/6a42806bc47c2_big.jpg,https://kultura-doma.ru/public/src/images/gallery/catalog/6a42806c0c3cc_big.jpg,45 см,45 см,null,null,null,сатин,100% сатин,null,null,null,1829,https://kultura-doma.ru/product/nabor-salfetok-vesennie-cvety,napkin,master_catalog
361,KD-PD-11892,Набор салфеток Весенний Букет,белый,45х45 см,https://kultura-doma.ru/public/src/images/gallery/catalog/6a3e81a9c824b_big.jpg,https://kultura-doma.ru/public/src/images/gallery/catalog/6a3e81aa667cb_big.jpg,https://kultura-doma.ru/public/src/images/gallery/catalog/6a19a63e513bd_big.jpg,45 см,45 см,null,null,null,сатин,100% сатин,null,null,null,1828,https://kultura-doma.ru/product/nabor-salfetok-vesenniy-buket,napkin,master_catalog
362,KD-PD-6852,Набор свечей Аленький цветочек,красный,35 см,https://kultura-doma.ru/public/src/images/gallery/catalog/69df98cc524b6_big.jpg,https://kultura-doma.ru/public/src/images/gallery/catalog/69e0b2474851a_big.jpg,https://kultura-doma.ru/public/src/images/gallery/catalog/69df98cc8f5c1_big.jpg,35 см,null,null,null,null,null,null,null,null,null,100,https://kultura-doma.ru/product/nabor-svechey-alen-kiy-cvetochek,candle,master_catalog
363,KD-PD-6855,Набор свечей Вальс снежинок,белый,35 см,https://kultura-doma.ru/public/src/images/gallery/catalog/69df98a967619_big.jpg,https://kultura-doma.ru/public/src/images/gallery/catalog/69e0b2d3b8c90_big.jpg,https://kultura-doma.ru/public/src/images/gallery/catalog/69df98a9b61e7_big.jpg,35 см,null,null,null,null,null,null,null,null,null,102,https://kultura-doma.ru/product/nabor-svechey-val-s-snezhinok,candle,master_catalog
364,KD-PD-11141,Набор свечей Весенний сад,зеленый,45 см,https://kultura-doma.ru/public/src/images/gallery/catalog/69df9867a661d_big.jpg,null,null,45 см,null,null,null,null,парафин,100% парафин,null,null,null,1407,https://kultura-doma.ru/product/nabor-svechey-novogodnee-puteshestvie,candle,master_catalog
365,KD-PD-6853,Набор свечей Зеленый сад,зеленый,35 см,https://kultura-doma.ru/public/src/images/gallery/catalog/69df98ae459aa_big.jpg,https://kultura-doma.ru/public/src/images/gallery/catalog/69e0b34e52c3f_big.jpg,https://kultura-doma.ru/public/src/images/gallery/catalog/69df98aee4955_big.jpg,35 см,null,null,null,null,null,null,null,null,null,861,https://kultura-doma.ru/product/nabor-svechey-zelenyy-sad,candle,master_catalog
366,KD-PD-6850,Набор свечей Латте и шоколад,бежевый,35 см,https://kultura-doma.ru/public/src/images/gallery/catalog/69df98bb6cadf_big.jpg,https://kultura-doma.ru/public/src/images/gallery/catalog/69df98bc07cfd_big.jpg,null,35 см,null,null,null,null,null,null,null,null,null,860,https://kultura-doma.ru/product/nabor-svechey-latte-i-shokolad,candle,master_catalog
367,KD-PD-6856,Набор свечей Мятные леденцы,зеленый,35 см,https://kultura-doma.ru/public/src/images/gallery/catalog/69df98c44f7de_big.jpg,https://kultura-doma.ru/public/src/images/gallery/catalog/69df98c48eb3f_big.jpg,null,35 см,null,null,null,null,null,null,null,null,null,103,https://kultura-doma.ru/product/nabor-svechey-myatnye-ledency,candle,master_catalog
368,KD-PD-6854,Набор свечей Облака,голубой,35 см,https://kultura-doma.ru/public/src/images/gallery/catalog/69df98c5d793a_big.jpg,https://kultura-doma.ru/public/src/images/gallery/catalog/69df98c627de8_big.jpg,null,35 см,null,null,null,null,null,null,null,null,null,101,https://kultura-doma.ru/product/nabor-svechey-oblaka,candle,master_catalog
369,KD-PD-11139,Набор свечей Праздничный вечер,белый,45 см,https://kultura-doma.ru/public/src/images/gallery/catalog/69df9868914cb_big.jpg,null,null,45 см,null,null,null,null,парафин,100% парафин,null,null,null,1405,https://kultura-doma.ru/product/nabor-svechey-zimnee-volshebstvo,candle,master_catalog
370,KD-PD-11140,Набор свечей Праздничный вечер,красный,45 см,https://kultura-doma.ru/public/src/images/gallery/catalog/69df9865d2e13_big.jpg,null,null,45 см,null,null,null,null,парафин,100% парафин,null,null,null,1406,https://kultura-doma.ru/product/nabor-svechey-prazdnichnyy-vecher,candle,master_catalog
371,KD-PD-6849,Набор свечей Розовый жемчуг,розовый,35 см,https://kultura-doma.ru/public/src/images/gallery/catalog/69df98c95b0fd_big.jpg,https://kultura-doma.ru/public/src/images/gallery/catalog/69df98c919107_big.jpg,https://kultura-doma.ru/public/src/images/gallery/catalog/69df98c9dabff_big.jpg,35 см,null,null,null,null,null,null,null,null,null,98,https://kultura-doma.ru/product/nabor-svechey-rozovyy-zhemchug,candle,master_catalog
372,KD-PD-11142,Набор свечей Торжество,белый,45 см,https://kultura-doma.ru/public/src/images/gallery/catalog/69df9869800e4_big.jpg,https://kultura-doma.ru/public/src/images/gallery/catalog/69e0a1f1da4d7_big.jpg,null,45 см,null,null,null,null,парафин,100% парафин,null,null,null,1408,https://kultura-doma.ru/product/nabor-svechey-sokrovischa-snezhnoy-korolevy,candle,master_catalog
373,KD-PD-11143,Набор свечей Торжество,красный,45 см,https://kultura-doma.ru/public/src/images/gallery/catalog/69df9866d5057_big.jpg,https://kultura-doma.ru/public/src/images/gallery/catalog/69e09fca73467_big.jpg,null,45 см,null,null,null,null,парафин,100% парафин,null,null,null,1409,https://kultura-doma.ru/product/nabor-svechey-novogodnyaya-simfoniya,candle,master_catalog
374,KD-PD-6848,Набор свечей Три девицы,желтый,35 см,https://kultura-doma.ru/public/src/images/gallery/catalog/69df98cda7920_big.jpg,https://kultura-doma.ru/public/src/images/gallery/catalog/69e0b52042520_big.jpg,https://kultura-doma.ru/public/src/images/gallery/catalog/69df98cde822d_big.jpg,35 см,null,null,null,null,воск пальмовый,100% пальмовый воск,null,null,null,97,https://kultura-doma.ru/product/nabor-svechey-tri-devicy,candle,master_catalog
375,KD-PD-9571,Набор стаканов для виски Вуаль,null,null,https://kultura-doma.ru/public/src/images/gallery/catalog/6a3d178706cae_big.jpg,https://kultura-doma.ru/public/src/images/gallery/catalog/69ca752d0fa99_big.jpg,https://kultura-doma.ru/public/src/images/gallery/catalog/6a3d178740b20_big.jpg,null,null,350 мл,null,null,хрустальное стекло,null,null,null,null,316,https://kultura-doma.ru/product/nabor-stakanov-dlya-viski-vual,glassware_set,master_catalog
376,KD-PD-9577,Набор стаканов для виски Иллюзия,null,null,https://kultura-doma.ru/public/src/images/gallery/catalog/6a3d178a63b26_big.jpg,https://kultura-doma.ru/public/src/images/gallery/catalog/69ca35cb4173f_big.jpg,https://kultura-doma.ru/public/src/images/gallery/catalog/6a3d178a9f8dc_big.jpg,null,null,350 мл,null,null,хрустальное стекло,null,null,null,null,318,https://kultura-doma.ru/product/nabor-stakanov-dlya-viski-illyuziya,glassware_set,master_catalog
377,KD-PD-11099,Набор стаканов для виски Купель,null,null,https://kultura-doma.ru/public/src/images/gallery/catalog/694b952153ba1_big.jpg,https://kultura-doma.ru/public/src/images/gallery/catalog/694b95231faa8_big.jpg,https://kultura-doma.ru/public/src/images/gallery/catalog/694b95202a667_big.jpg,null,null,330 мл,null,null,"стекло, латунь",null,null,null,null,1423,https://kultura-doma.ru/product/nabor-stakanov-dlya-viski-kupel,glassware_set,master_catalog
378,KD-PD-9572,Набор стаканов для воды Вуаль,null,null,https://kultura-doma.ru/public/src/images/gallery/catalog/6a3d1788978d0_big.jpg,https://kultura-doma.ru/public/src/images/gallery/catalog/69ca75480cc17_big.png,https://kultura-doma.ru/public/src/images/gallery/catalog/6a3d1788d08ac_big.jpg,null,null,400 мл,null,null,хрустальное стекло,null,null,null,null,317,https://kultura-doma.ru/product/nabor-stakanov-dlya-vody-vual,glassware_set,master_catalog
379,KD-PD-7786,Набор стаканов для воды Гармония,null,null,https://kultura-doma.ru/public/src/images/gallery/catalog/6a3d177a87dd0_big.jpg,https://kultura-doma.ru/public/src/images/gallery/catalog/6a3d17792104f_big.jpg,https://kultura-doma.ru/public/src/images/gallery/catalog/6a3d17795a609_big.jpg,null,null,400 мл,null,null,хрустальное стекло,null,null,null,null,309,https://kultura-doma.ru/product/nabor-stakanov-dlya-vody-garmoniya,glassware_set,master_catalog
380,KD-PD-10708,Набор стаканов для воды Лилия,null,null,https://kultura-doma.ru/public/src/images/gallery/catalog/6a3d177264833_big.jpg,https://kultura-doma.ru/public/src/images/gallery/catalog/69ca45462625f_big.jpg,https://kultura-doma.ru/public/src/images/gallery/catalog/6a3d177224cdf_big.jpg,null,null,450 мл,null,null,хрустальное стекло,null,null,null,null,1308,https://kultura-doma.ru/product/nabor-stakanov-dlya-vody-liliya,glassware_set,master_catalog
381,KD-PD-10710,Набор стаканов для воды Тюльпан,null,null,https://kultura-doma.ru/public/src/images/gallery/catalog/6a3d1773c22fe_big.jpg,https://kultura-doma.ru/public/src/images/gallery/catalog/69ca4759ee362_big.jpg,https://kultura-doma.ru/public/src/images/gallery/catalog/6a3d17738a1ae_big.jpg,null,null,350 мл,null,null,хрустальное стекло,null,null,null,null,1310,https://kultura-doma.ru/product/nabor-stakanov-dlya-vody-tyul-pan,glassware_set,master_catalog
382,KD-PD-10693,Набор стаканов Лукоморье,null,null,https://kultura-doma.ru/public/src/images/gallery/catalog/6a4271161b817_big.jpg,https://kultura-doma.ru/public/src/images/gallery/catalog/6a427115e132c_big.jpg,https://kultura-doma.ru/public/src/images/gallery/catalog/6a42711604a18_big.jpg,null,null,160 мл,null,null,null,null,null,null,null,1901,https://kultura-doma.ru/product/nabor-stakanov-lukomor-e-1901,glassware_set,master_catalog
383,KD-PD-11060,Набор стаканов Сказка о рыбаке,null,null,https://kultura-doma.ru/public/src/images/gallery/catalog/6a43792cdbfbb_big.jpg,https://kultura-doma.ru/public/src/images/gallery/catalog/6a43793562b95_big.jpg,https://kultura-doma.ru/public/src/images/gallery/catalog/6a437924b1e9a_big.jpg,null,null,165 мл,null,null,null,null,null,null,null,1907,https://kultura-doma.ru/product/nabor-stakanov-skazka-o-rybake,glassware_set,master_catalog
384,KD-PD-10695,Набор столовых приборов Лукоморье,серебристый,null,https://kultura-doma.ru/public/src/images/gallery/catalog/6a427a62b871a_big.jpg,https://kultura-doma.ru/public/src/images/gallery/catalog/6a427a631d29a_big.jpg,null,null,null,null,null,null,null,null,null,null,null,1902,https://kultura-doma.ru/product/nabor-stolovyh-priborov-lukomor-e-1902,other,master_catalog
385,KD-PD-8243,Набор столовых приборов Петр,серебряный,null,https://kultura-doma.ru/public/src/images/gallery/catalog/6a3d1d63d385c_big.jpg,https://kultura-doma.ru/public/src/images/gallery/catalog/6a3d1d63926e6_big.jpg,https://kultura-doma.ru/public/src/images/gallery/catalog/6a3d1d6419ad1_big.jpg,null,null,null,null,null,нержавеющая сталь 18/10,null,null,null,null,322,https://kultura-doma.ru/product/nabor-stolovyh-priborov-petr,other,master_catalog
386,KD-PD-11067,Набор столовых приборов Сказка о рыбаке,null,null,https://kultura-doma.ru/public/src/images/gallery/catalog/6a437854361df_big.jpg,https://kultura-doma.ru/public/src/images/gallery/catalog/6a43786c20b53_big.jpg,https://kultura-doma.ru/public/src/images/gallery/catalog/6a43786739efa_big.jpg,null,null,null,null,null,null,null,null,null,null,1906,https://kultura-doma.ru/product/nabor-stolovyh-priborov-skazka-o-rybake,other,master_catalog
387,KD-PD-7800,Набор стопок Бистро,null,null,https://kultura-doma.ru/public/src/images/gallery/catalog/6a3d1783489c9_big.jpg,https://kultura-doma.ru/public/src/images/gallery/catalog/6a3d17830cfc6_big.jpg,null,null,null,50 мл,null,null,хрустальное стекло,null,null,null,null,313,https://kultura-doma.ru/product/nabor-stopok-bistro,glassware_set,master_catalog
388,KD-PD-9605,Набор стопок Купель,null,null,https://kultura-doma.ru/public/src/images/gallery/catalog/6a3d1775e008b_big.jpg,https://kultura-doma.ru/public/src/images/gallery/catalog/6a3d17763b32a_big.jpg,https://kultura-doma.ru/public/src/images/gallery/catalog/6a3d1775948b7_big.jpg,null,null,25 мл,null,null,латунь,null,null,null,null,319,https://kultura-doma.ru/product/nabor-stopok-kupel,glassware_set,master_catalog
389,KD-PD-7874,Набор фужеров для шампанского Купель,null,null,https://kultura-doma.ru/public/src/images/gallery/catalog/6a3a9027e6aae_big.jpg,https://kultura-doma.ru/public/src/images/gallery/catalog/6a3a90276b3ff_big.jpg,https://kultura-doma.ru/public/src/images/gallery/catalog/6a3a902833737_big.jpg,null,null,250 мл,null,null,латунь,null,null,null,null,217,https://kultura-doma.ru/product/nabor-fuzherov-dlya-shampanskogo-kupel,wine_glass_set,master_catalog
390,KD-PD-10692,Набор чарок Лукоморье,null,null,https://kultura-doma.ru/public/src/images/gallery/catalog/6a427cfc7ea0e_big.jpg,https://kultura-doma.ru/public/src/images/gallery/catalog/6a427cfc53867_big.jpg,https://kultura-doma.ru/public/src/images/gallery/catalog/6a427cfc6b988_big.jpg,null,null,40 мл,null,null,null,null,null,null,null,1903,https://kultura-doma.ru/product/nabor-charok-lukomor-e-1903,other,master_catalog
391,KD-PD-11058,Набор чарок Сказка о рыбаке,null,null,https://kultura-doma.ru/public/src/images/gallery/catalog/6a437d381b920_big.jpg,https://kultura-doma.ru/public/src/images/gallery/catalog/6a437d3b9e205_big.jpg,https://kultura-doma.ru/public/src/images/gallery/catalog/6a437d35b0096_big.jpg,null,null,40 мл,null,null,null,null,null,null,null,1908,https://kultura-doma.ru/product/nabor-charok-skazka-o-rybake,other,master_catalog
392,KD-PD-1128,Наволочка из сатина,Белый,60×60 см,https://kssafonova.github.io/kd/images/imported-products/KD-PD-1128-WHITE01.png,https://kssafonova.github.io/kd/images/imported-products/KD-PD-1128-WHITE02.png,https://kssafonova.github.io/kd/images/imported-products/KD-PD-1128-WHITE03.png,60 см,60 см,null,null,Наволочка 2 шт,Шелк,100% Сатин,null,null,null,11,https://kssafonova.github.io/kd/catalog/product/11/,storefront_sku,app_catalog
393,KD-PD-1128,Наволочка из сатина,Ночной синий,60×60 см,https://kssafonova.github.io/kd/images/imported-products/KD-PD-1128-DARK01.png,https://kssafonova.github.io/kd/images/imported-products/KD-PD-1128-DARK03.png,null,60 см,60 см,null,null,Наволочка 2 шт,Шелк,100% Сатин,null,null,null,11,https://kssafonova.github.io/kd/catalog/product/11/,storefront_sku,app_catalog
394,KD-PD-1128,Наволочка из сатина,Пудровый,60×60 см,https://kssafonova.github.io/kd/images/imported-products/KD-PD-1128-PUDRA01.png,https://kssafonova.github.io/kd/images/imported-products/KD-PD-1128-PUDRA03.png,null,60 см,60 см,null,null,Наволочка 2 шт,Шелк,100% Сатин,null,null,null,11,https://kssafonova.github.io/kd/catalog/product/11/,storefront_sku,app_catalog
395,KD-PD-8150,Наволочка Шелковое утро,белый,50х70 см,https://kultura-doma.ru/public/src/images/gallery/catalog/68b5b037b4084_big.jpg,https://kultura-doma.ru/public/src/images/gallery/catalog/68b5b037ebe74_big.jpg,null,50 см,70 см,null,null,null,шелк,100% шелк,null,null,null,1221,https://kultura-doma.ru/product/navolochka-shelkovoe-utro,pillowcase_set,master_catalog
396,KD-PD-8151,Наволочка Шелковое утро,розовый,50х70 см,https://kultura-doma.ru/public/src/images/gallery/catalog/68b5b0386b4b0_big.jpg,https://kultura-doma.ru/public/src/images/gallery/catalog/68b5b038a5cff_big.jpg,null,50 см,70 см,null,null,null,шелк,100% шелк,null,null,null,1222,https://kultura-doma.ru/product/navolochka-shelkovoe-utro-1222,pillowcase_set,master_catalog
397,KD-PD-10635,Наматрасник Tencel,белый,140х200х30 см,https://kultura-doma.ru/public/src/images/gallery/catalog/6980abdad2d2d_big.jpg,https://kultura-doma.ru/public/src/images/gallery/catalog/6980abdb64e5e_big.jpg,https://kultura-doma.ru/public/src/images/gallery/catalog/6980abdb1fc7f_big.jpg,140 см,200 см,null,null,null,"50% хлопок, 50% тенсель","50% хлопок, 50% тенсель",null,null,null,1496,https://kultura-doma.ru/product/namatrasnik-tencel-200h200-sm,other,master_catalog
398,KD-PD-10633,Наматрасник Tencel: 160х200х30 см,белый,160х200х30 см,https://kultura-doma.ru/public/src/images/gallery/catalog/6980abdad2d2d_big.jpg,https://kultura-doma.ru/public/src/images/gallery/catalog/6980abdb64e5e_big.jpg,https://kultura-doma.ru/public/src/images/gallery/catalog/6980abdb1fc7f_big.jpg,160 см,200 см,null,null,null,"50% хлопок, 50% тенсель","50% хлопок, 50% тенсель",null,null,null,1496-1641,https://kultura-doma.ru/product/namatrasnik-tencel-200h200-sm-size-160h200h30,other,master_catalog
399,KD-PD-10634,Наматрасник Tencel: 180х200х30 см,белый,180х200х30 см,https://kultura-doma.ru/public/src/images/gallery/catalog/6980abdad2d2d_big.jpg,https://kultura-doma.ru/public/src/images/gallery/catalog/6980abdb64e5e_big.jpg,https://kultura-doma.ru/public/src/images/gallery/catalog/6980abdb1fc7f_big.jpg,180 см,200 см,null,null,null,"50% хлопок, 50% тенсель","50% хлопок, 50% тенсель",null,null,null,1496-1640,https://kultura-doma.ru/product/namatrasnik-tencel-200h200-sm-size-180h200h30,other,master_catalog
400,KD-PD-10635,Наматрасник Tencel: 200х200х30 см,белый,200х200х30 см,https://kultura-doma.ru/public/src/images/gallery/catalog/6980abdad2d2d_big.jpg,https://kultura-doma.ru/public/src/images/gallery/catalog/6980abdb64e5e_big.jpg,https://kultura-doma.ru/public/src/images/gallery/catalog/6980abdb1fc7f_big.jpg,200 см,200 см,null,null,null,"50% хлопок, 50% тенсель","50% хлопок, 50% тенсель",null,null,null,1496-1639,https://kultura-doma.ru/product/namatrasnik-tencel-200h200-sm-size-200h200h30,other,master_catalog
401,KD-PD-10629,Наматрасник корал флис,белый,140х200х30 см,https://kultura-doma.ru/public/src/images/gallery/catalog/6980b4008b27a_big.jpg,https://kultura-doma.ru/public/src/images/gallery/catalog/6980b400d530e_big.jpg,https://kultura-doma.ru/public/src/images/gallery/catalog/6980b4004127f_big.jpg,140 см,200 см,null,null,null,"70% вискоза, 30% хлопок","70% вискоза, 30% хлопок",null,null,null,1495,https://kultura-doma.ru/product/namatrasnik-koral-flis-140x200-sm,other,master_catalog
402,KD-PD-10630,Наматрасник корал флис: 160х200х30 см,белый,160х200х30 см,https://kultura-doma.ru/public/src/images/gallery/catalog/6980b4008b27a_big.jpg,https://kultura-doma.ru/public/src/images/gallery/catalog/6980b400d530e_big.jpg,https://kultura-doma.ru/public/src/images/gallery/catalog/6980b4004127f_big.jpg,160 см,200 см,null,null,null,"70% вискоза, 30% хлопок","70% вискоза, 30% хлопок",null,null,null,1495-1637,https://kultura-doma.ru/product/namatrasnik-koral-flis-140x200-sm-size-160h200h30,other,master_catalog
403,KD-PD-10631,Наматрасник корал флис: 180х200х30 см,белый,180х200х30 см,https://kultura-doma.ru/public/src/images/gallery/catalog/6980b4008b27a_big.jpg,https://kultura-doma.ru/public/src/images/gallery/catalog/6980b400d530e_big.jpg,https://kultura-doma.ru/public/src/images/gallery/catalog/6980b4004127f_big.jpg,180 см,200 см,null,null,null,"70% вискоза, 30% хлопок","70% вискоза, 30% хлопок",null,null,null,1495-1638,https://kultura-doma.ru/product/namatrasnik-koral-flis-140x200-sm-size-180h200h30,other,master_catalog
404,KD-PD-11527,Наполнитель для диффузора  Древо жизни,null,null,https://kultura-doma.ru/public/src/images/gallery/catalog/6a47b8a5b0703_big.jpg,https://kultura-doma.ru/public/src/images/gallery/catalog/6a47b8a47b794_big.jpg,https://kultura-doma.ru/public/src/images/gallery/catalog/6a47b8a4cac6d_big.jpg,null,null,250 мл,null,null,null,null,null,null,null,1802,https://kultura-doma.ru/product/napolnitel-dlya-diffuzora-drevo-zhizni,other,master_catalog
405,KD-PD-11525,Наполнитель для диффузора  Серебряный мускус,null,null,https://kultura-doma.ru/public/src/images/gallery/catalog/6a47b83ed7dd7_big.jpg,https://kultura-doma.ru/public/src/images/gallery/catalog/6a47b83f29139_big.jpg,https://kultura-doma.ru/public/src/images/gallery/catalog/6a47b83f74842_big.jpg,null,null,250 мл,null,null,null,null,null,null,null,1800,https://kultura-doma.ru/product/napolnitel-dlya-diffuzora-serebryanyy-muskus,other,master_catalog
406,KD-PD-11524,Наполнитель для диффузора Золотой цветок,null,null,https://kultura-doma.ru/public/src/images/gallery/catalog/6a47b6235f01e_big.jpg,https://kultura-doma.ru/public/src/images/gallery/catalog/6a47b6239c847_big.jpg,https://kultura-doma.ru/public/src/images/gallery/catalog/6a47b623dc3cd_big.jpg,null,null,250 мл,null,null,null,null,null,null,null,1799,https://kultura-doma.ru/product/napolnitel-dlya-diffuzora-zolotoy-cvetok,other,master_catalog
407,KD-PD-10793,Настольная игра 4 в ряд,коричневый,10х44х30 см,https://kultura-doma.ru/public/src/images/gallery/catalog/6a58e8db19a88_big.jpg,https://kultura-doma.ru/public/src/images/gallery/catalog/69172b757b33f_big.jpg,https://kultura-doma.ru/public/src/images/gallery/catalog/69172b74ed148_big.jpg,10 см,44 см,null,null,null,орех,null,null,null,null,1312,https://kultura-doma.ru/product/igra-chetyre-v-ryad,other,master_catalog
408,KD-PD-1028,Натяжная простыня из сатина,Белый,Евро 200×220 см,https://kssafonova.github.io/kd/images/imported-products/KD-PD-1028-WHITE01.png,https://kssafonova.github.io/kd/images/imported-products/KD-PD-1028-WHITE03.png,null,200 см,220 см,null,null,Простынь 1 шт,Шелк,100% Сатин,null,null,null,8,https://kssafonova.github.io/kd/catalog/product/8/,storefront_sku,app_catalog
409,KD-PD-1028,Натяжная простыня из сатина,Ночной синий,Евро 200×220 см,https://kssafonova.github.io/kd/images/imported-products/KD-PD-1028-DARK01.png,https://kssafonova.github.io/kd/images/imported-products/KD-PD-1028-DARK02.png,null,200 см,220 см,null,null,Простынь 1 шт,Шелк,100% Сатин,null,null,null,8,https://kssafonova.github.io/kd/catalog/product/8/,storefront_sku,app_catalog
410,KD-PD-1028,Натяжная простыня из сатина,Пудровый,Евро 200×220 см,https://kssafonova.github.io/kd/images/imported-products/peach-sheet.jpg,https://kssafonova.github.io/kd/images/imported-products/KD-PD-1028-PUDRA02.png,https://kssafonova.github.io/kd/images/imported-products/KD-PD-1028-PUDRA03.png,200 см,220 см,null,null,Простынь 1 шт,Шелк,100% Сатин,null,null,null,8,https://kssafonova.github.io/kd/catalog/product/8/,storefront_sku,app_catalog
411,KD-PD-1028,Натяжная простыня из сатина,Белый,Кинг сайз 220×240 см,https://kssafonova.github.io/kd/images/imported-products/KD-PD-1028-WHITE01.png,https://kssafonova.github.io/kd/images/imported-products/KD-PD-1028-WHITE03.png,null,220 см,240 см,null,null,Простынь 1 шт,Шелк,100% Сатин,null,null,null,8,https://kssafonova.github.io/kd/catalog/product/8/,storefront_sku,app_catalog
412,KD-PD-1028,Натяжная простыня из сатина,Ночной синий,Кинг сайз 220×240 см,https://kssafonova.github.io/kd/images/imported-products/KD-PD-1028-DARK01.png,https://kssafonova.github.io/kd/images/imported-products/KD-PD-1028-DARK02.png,null,220 см,240 см,null,null,Простынь 1 шт,Шелк,100% Сатин,null,null,null,8,https://kssafonova.github.io/kd/catalog/product/8/,storefront_sku,app_catalog
413,KD-PD-1028,Натяжная простыня из сатина,Пудровый,Кинг сайз 220×240 см,https://kssafonova.github.io/kd/images/imported-products/peach-sheet.jpg,https://kssafonova.github.io/kd/images/imported-products/KD-PD-1028-PUDRA02.png,https://kssafonova.github.io/kd/images/imported-products/KD-PD-1028-PUDRA03.png,220 см,240 см,null,null,Простынь 1 шт,Шелк,100% Сатин,null,null,null,8,https://kssafonova.github.io/kd/catalog/product/8/,storefront_sku,app_catalog
414,KD-PD-1028,Натяжная простыня из сатина,Белый,Полуторный 140×220 см,https://kssafonova.github.io/kd/images/imported-products/KD-PD-1028-WHITE01.png,https://kssafonova.github.io/kd/images/imported-products/KD-PD-1028-WHITE03.png,null,140 см,220 см,null,null,Простынь 1 шт,Шелк,100% Сатин,null,null,null,8,https://kssafonova.github.io/kd/catalog/product/8/,storefront_sku,app_catalog
415,KD-PD-1028,Натяжная простыня из сатина,Ночной синий,Полуторный 140×220 см,https://kssafonova.github.io/kd/images/imported-products/KD-PD-1028-DARK01.png,https://kssafonova.github.io/kd/images/imported-products/KD-PD-1028-DARK02.png,null,140 см,220 см,null,null,Простынь 1 шт,Шелк,100% Сатин,null,null,null,8,https://kssafonova.github.io/kd/catalog/product/8/,storefront_sku,app_catalog
416,KD-PD-1028,Натяжная простыня из сатина,Пудровый,Полуторный 140×220 см,https://kssafonova.github.io/kd/images/imported-products/peach-sheet.jpg,https://kssafonova.github.io/kd/images/imported-products/KD-PD-1028-PUDRA02.png,https://kssafonova.github.io/kd/images/imported-products/KD-PD-1028-PUDRA03.png,140 см,220 см,null,null,Простынь 1 шт,Шелк,100% Сатин,null,null,null,8,https://kssafonova.github.io/kd/catalog/product/8/,storefront_sku,app_catalog
417,KD-PD-9055,Одеяло Верблюжья шерсть,null,140x205 см,https://kultura-doma.ru/public/src/images/gallery/catalog/6a5750b3305c5_big.jpg,null,null,140 см,205 см,null,null,null,верблюжья шерсть,null,null,null,null,1214,https://kultura-doma.ru/product/odeyalo-nezhnost,other,master_catalog
418,KD-PD-9053,Одеяло Верблюжья шерсть: Евро,null,Евро (200х220 см),https://kultura-doma.ru/public/src/images/gallery/catalog/6a5750b3305c5_big.jpg,null,null,200 см,220 см,null,null,null,верблюжья шерсть,null,null,null,null,1214-1258,https://kultura-doma.ru/product/odeyalo-nezhnost-size-dvuspal-nyy-evro,other,master_catalog
419,KD-PD-10638,Одеяло Тесто,null,155х215 см,https://kultura-doma.ru/public/src/images/gallery/catalog/6a5750394fd92_big.jpg,https://kultura-doma.ru/public/src/images/gallery/catalog/6a575039a1211_big.jpg,https://kultura-doma.ru/public/src/images/gallery/catalog/6a575039ba331_big.jpg,155 см,215 см,null,null,null,"50% микрогель, 50% силиконизированное микроволокно","50% микрогель, 50% силиконизированное микроволокно",null,null,null,1590,https://kultura-doma.ru/product/odeyalo-testo,other,master_catalog
420,KD-PD-10639,Одеяло Тесто: 195х215 см,null,195х215 см,https://kultura-doma.ru/public/src/images/gallery/catalog/6a5750394fd92_big.jpg,https://kultura-doma.ru/public/src/images/gallery/catalog/6a575039a1211_big.jpg,https://kultura-doma.ru/public/src/images/gallery/catalog/6a575039ba331_big.jpg,195 см,215 см,null,null,null,"50% микрогель, 50% силиконизированное микроволокно","50% микрогель, 50% силиконизированное микроволокно",null,null,null,1590-2061,https://kultura-doma.ru/product/odeyalo-testo-size-195h215-sm,other,master_catalog
421,KD-PD-10642,Одеяло Шёлк,белый,195х215 см,https://kultura-doma.ru/public/src/images/gallery/catalog/6a33efa1327d8_big.jpg,https://kultura-doma.ru/public/src/images/gallery/catalog/6a3a40c59f647_big.jpg,https://kultura-doma.ru/public/src/images/gallery/catalog/6a3a40be058a7_big.jpg,195 см,215 см,null,null,null,null,null,null,null,null,1593,https://kultura-doma.ru/product/silk-odeyalo,other,master_catalog
422,KD-PD-10643,Одеяло Шёлк: 235х215 см,белый,235х215 см,https://kultura-doma.ru/public/src/images/gallery/catalog/6a33efa1327d8_big.jpg,https://kultura-doma.ru/public/src/images/gallery/catalog/6a3a40c59f647_big.jpg,https://kultura-doma.ru/public/src/images/gallery/catalog/6a3a40be058a7_big.jpg,235 см,215 см,null,null,null,null,null,null,null,null,1593-2062,https://kultura-doma.ru/product/silk-odeyalo-size-235h215-sm,other,master_catalog
423,KD-PD-9052,Одеяло Эвкалипт,null,Полуторный (145х200 см),https://kultura-doma.ru/public/src/images/gallery/catalog/6a574363ac971_big.jpg,null,null,145 см,200 см,null,null,null,эвкалипт,null,null,null,null,193,https://kultura-doma.ru/product/odeyalo-nega,other,master_catalog
424,KD-PD-9052,Одеяло Эвкалипт: Евро,null,Евро (200х220 см),https://kultura-doma.ru/public/src/images/gallery/catalog/6a574363ac971_big.jpg,null,null,200 см,220 см,null,null,null,эвкалипт,null,null,null,null,193-2519,https://kultura-doma.ru/product/odeyalo-nega-size-200x220-sm,other,master_catalog
425,KD-PD-10928,Перечница Весенний сад,белый,8 см,https://kultura-doma.ru/public/src/images/gallery/catalog/6a2035b05f639_big.jpg,https://kultura-doma.ru/public/src/images/gallery/catalog/69a6e561641fa_big.jpg,https://kultura-doma.ru/public/src/images/gallery/catalog/6a2035afe9d65_big.jpg,null,null,70 мл,null,null,фарфор,100% фарфор,null,null,null,1632,https://kultura-doma.ru/product/perechnica-vesenniy-sad,other,master_catalog
426,KD-PD-6890,Пижама женская Елена,голубой,46,https://kultura-doma.ru/public/src/images/gallery/catalog/6a4373da557af_big.jpg,https://kultura-doma.ru/public/src/images/gallery/catalog/6a4373d9b8e12_big.jpg,https://kultura-doma.ru/public/src/images/gallery/catalog/68b6ef9bdaafb_big.jpg,null,null,null,null,null,тенсель,100% тенсель,null,null,null,939,https://kultura-doma.ru/product/pizhama-zhenskaya-elena-939,other,master_catalog
427,KD-PD-6884,Пижама женская Елена: 42,голубой,42,https://kultura-doma.ru/public/src/images/gallery/catalog/6a4373da557af_big.jpg,https://kultura-doma.ru/public/src/images/gallery/catalog/6a4373d9b8e12_big.jpg,https://kultura-doma.ru/public/src/images/gallery/catalog/68b6ef9bdaafb_big.jpg,null,null,null,null,null,тенсель,100% тенсель,null,null,null,939-1982,https://kultura-doma.ru/product/pizhama-zhenskaya-elena-939-size-42,other,master_catalog
428,KD-PD-6885,Пижама женская Елена: 44,голубой,44,https://kultura-doma.ru/public/src/images/gallery/catalog/6a4373da557af_big.jpg,https://kultura-doma.ru/public/src/images/gallery/catalog/6a4373d9b8e12_big.jpg,https://kultura-doma.ru/public/src/images/gallery/catalog/68b6ef9bdaafb_big.jpg,null,null,null,null,null,тенсель,100% тенсель,null,null,null,939-1986,https://kultura-doma.ru/product/pizhama-zhenskaya-elena-939-size-44,other,master_catalog
429,KD-PD-6887,Пижама женская Елена: 48,голубой,48,https://kultura-doma.ru/public/src/images/gallery/catalog/6a4373da557af_big.jpg,https://kultura-doma.ru/public/src/images/gallery/catalog/6a4373d9b8e12_big.jpg,https://kultura-doma.ru/public/src/images/gallery/catalog/68b6ef9bdaafb_big.jpg,null,null,null,null,null,тенсель,100% тенсель,null,null,null,939-1983,https://kultura-doma.ru/product/pizhama-zhenskaya-elena-939-size-48,other,master_catalog
430,KD-PD-6888,Пижама женская Елена: 50,голубой,50,https://kultura-doma.ru/public/src/images/gallery/catalog/6a4373da557af_big.jpg,https://kultura-doma.ru/public/src/images/gallery/catalog/6a4373d9b8e12_big.jpg,https://kultura-doma.ru/public/src/images/gallery/catalog/68b6ef9bdaafb_big.jpg,null,null,null,null,null,тенсель,100% тенсель,null,null,null,939-1980,https://kultura-doma.ru/product/pizhama-zhenskaya-elena-939-size-50,other,master_catalog
431,KD-PD-6889,Пижама женская Елена: 52,голубой,52,https://kultura-doma.ru/public/src/images/gallery/catalog/6a4373da557af_big.jpg,https://kultura-doma.ru/public/src/images/gallery/catalog/6a4373d9b8e12_big.jpg,https://kultura-doma.ru/public/src/images/gallery/catalog/68b6ef9bdaafb_big.jpg,null,null,null,null,null,тенсель,100% тенсель,null,null,null,939-1985,https://kultura-doma.ru/product/pizhama-zhenskaya-elena-939-size-52,other,master_catalog
432,KD-PD-6890,Пижама женская Елена: 54,голубой,54,https://kultura-doma.ru/public/src/images/gallery/catalog/6a4373da557af_big.jpg,https://kultura-doma.ru/public/src/images/gallery/catalog/6a4373d9b8e12_big.jpg,https://kultura-doma.ru/public/src/images/gallery/catalog/68b6ef9bdaafb_big.jpg,null,null,null,null,null,тенсель,100% тенсель,null,null,null,939-1987,https://kultura-doma.ru/product/pizhama-zhenskaya-elena-939-size-54,other,master_catalog
433,KD-PD-6891,Пижама женская Елена: 56,голубой,56,https://kultura-doma.ru/public/src/images/gallery/catalog/6a4373da557af_big.jpg,https://kultura-doma.ru/public/src/images/gallery/catalog/6a4373d9b8e12_big.jpg,https://kultura-doma.ru/public/src/images/gallery/catalog/68b6ef9bdaafb_big.jpg,null,null,null,null,null,тенсель,100% тенсель,null,null,null,939-1984,https://kultura-doma.ru/product/pizhama-zhenskaya-elena-939-size-56,other,master_catalog
434,KD-PD-6452,Пижама женская Татьяна,голубой,42-164,https://kultura-doma.ru/public/src/images/gallery/catalog/68b6f1464f002_big.jpg,https://kultura-doma.ru/public/src/images/gallery/catalog/6a43735f7d572_big.jpg,https://kultura-doma.ru/public/src/images/gallery/catalog/6a43735fd089f_big.jpg,null,null,null,null,null,"район, вискоза",null,null,null,null,949,https://kultura-doma.ru/product/pizhama-zhenskaya-tat-yana,other,master_catalog
435,KD-PD-9113,Пижама женская Татьяна,айвори,S,https://kultura-doma.ru/public/src/images/gallery/catalog/688b767883d1f_big.jpg,https://kultura-doma.ru/public/src/images/gallery/catalog/688b7208a8d47_big.jpg,https://kultura-doma.ru/public/src/images/gallery/catalog/6a43755433cdb_big.jpg,null,null,null,null,null,тенсель,100% тенсель,null,null,null,1152,https://kultura-doma.ru/product/pizhama-zhenskaya-tat-yana-1152,other,master_catalog
436,KD-PD-9117,Пижама женская Татьяна,бежевый,L,https://kultura-doma.ru/public/src/images/gallery/catalog/688b73c28bbb5_big.jpg,https://kultura-doma.ru/public/src/images/gallery/catalog/688b389e7d386_big.jpg,https://kultura-doma.ru/public/src/images/gallery/catalog/6a43755bc8cb7_big.jpg,null,null,null,null,null,тенсель,100% тенсель,null,null,null,1153,https://kultura-doma.ru/product/pizhama-zhenskaya-tat-yana-1153,other,master_catalog
437,KD-PD-6460,Пижама женская Татьяна: 42-170,голубой,42-170,https://kultura-doma.ru/public/src/images/gallery/catalog/68b6f1464f002_big.jpg,https://kultura-doma.ru/public/src/images/gallery/catalog/6a43735f7d572_big.jpg,https://kultura-doma.ru/public/src/images/gallery/catalog/6a43735fd089f_big.jpg,null,null,null,null,null,"район, вискоза",null,null,null,null,949-1341,https://kultura-doma.ru/product/pizhama-zhenskaya-tat-yana-size-42170,other,master_catalog
438,KD-PD-6453,Пижама женская Татьяна: 44-164,голубой,44-164,https://kultura-doma.ru/public/src/images/gallery/catalog/68b6f1464f002_big.jpg,https://kultura-doma.ru/public/src/images/gallery/catalog/6a43735f7d572_big.jpg,https://kultura-doma.ru/public/src/images/gallery/catalog/6a43735fd089f_big.jpg,null,null,null,null,null,"район, вискоза",null,null,null,null,949-1334,https://kultura-doma.ru/product/pizhama-zhenskaya-tat-yana-size-44164,other,master_catalog
439,KD-PD-6461,Пижама женская Татьяна: 44-170,голубой,44-170,https://kultura-doma.ru/public/src/images/gallery/catalog/68b6f1464f002_big.jpg,https://kultura-doma.ru/public/src/images/gallery/catalog/6a43735f7d572_big.jpg,https://kultura-doma.ru/public/src/images/gallery/catalog/6a43735fd089f_big.jpg,null,null,null,null,null,"район, вискоза",null,null,null,null,949-1342,https://kultura-doma.ru/product/pizhama-zhenskaya-tat-yana-size-44170,other,master_catalog
440,KD-PD-6454,Пижама женская Татьяна: 46-164,голубой,46-164,https://kultura-doma.ru/public/src/images/gallery/catalog/68b6f1464f002_big.jpg,https://kultura-doma.ru/public/src/images/gallery/catalog/6a43735f7d572_big.jpg,https://kultura-doma.ru/public/src/images/gallery/catalog/6a43735fd089f_big.jpg,null,null,null,null,null,"район, вискоза",null,null,null,null,949-1335,https://kultura-doma.ru/product/pizhama-zhenskaya-tat-yana-size-46164,other,master_catalog
441,KD-PD-6462,Пижама женская Татьяна: 46-170,голубой,46-170,https://kultura-doma.ru/public/src/images/gallery/catalog/68b6f1464f002_big.jpg,https://kultura-doma.ru/public/src/images/gallery/catalog/6a43735f7d572_big.jpg,https://kultura-doma.ru/public/src/images/gallery/catalog/6a43735fd089f_big.jpg,null,null,null,null,null,"район, вискоза",null,null,null,null,949-1343,https://kultura-doma.ru/product/pizhama-zhenskaya-tat-yana-size-46170,other,master_catalog
442,KD-PD-6455,Пижама женская Татьяна: 48-164,голубой,48-164,https://kultura-doma.ru/public/src/images/gallery/catalog/68b6f1464f002_big.jpg,https://kultura-doma.ru/public/src/images/gallery/catalog/6a43735f7d572_big.jpg,https://kultura-doma.ru/public/src/images/gallery/catalog/6a43735fd089f_big.jpg,null,null,null,null,null,"район, вискоза",null,null,null,null,949-1336,https://kultura-doma.ru/product/pizhama-zhenskaya-tat-yana-size-48164,other,master_catalog
443,KD-PD-6463,Пижама женская Татьяна: 48-170,голубой,48-170,https://kultura-doma.ru/public/src/images/gallery/catalog/68b6f1464f002_big.jpg,https://kultura-doma.ru/public/src/images/gallery/catalog/6a43735f7d572_big.jpg,https://kultura-doma.ru/public/src/images/gallery/catalog/6a43735fd089f_big.jpg,null,null,null,null,null,"район, вискоза",null,null,null,null,949-1344,https://kultura-doma.ru/product/pizhama-zhenskaya-tat-yana-size-48170,other,master_catalog
444,KD-PD-6456,Пижама женская Татьяна: 50-164,голубой,50-164,https://kultura-doma.ru/public/src/images/gallery/catalog/68b6f1464f002_big.jpg,https://kultura-doma.ru/public/src/images/gallery/catalog/6a43735f7d572_big.jpg,https://kultura-doma.ru/public/src/images/gallery/catalog/6a43735fd089f_big.jpg,null,null,null,null,null,"район, вискоза",null,null,null,null,949-1337,https://kultura-doma.ru/product/pizhama-zhenskaya-tat-yana-size-50164,other,master_catalog
445,KD-PD-6464,Пижама женская Татьяна: 50-170,голубой,50-170,https://kultura-doma.ru/public/src/images/gallery/catalog/68b6f1464f002_big.jpg,https://kultura-doma.ru/public/src/images/gallery/catalog/6a43735f7d572_big.jpg,https://kultura-doma.ru/public/src/images/gallery/catalog/6a43735fd089f_big.jpg,null,null,null,null,null,"район, вискоза",null,null,null,null,949-1345,https://kultura-doma.ru/product/pizhama-zhenskaya-tat-yana-size-50170,other,master_catalog
446,KD-PD-6457,Пижама женская Татьяна: 52-164,голубой,52-164,https://kultura-doma.ru/public/src/images/gallery/catalog/68b6f1464f002_big.jpg,https://kultura-doma.ru/public/src/images/gallery/catalog/6a43735f7d572_big.jpg,https://kultura-doma.ru/public/src/images/gallery/catalog/6a43735fd089f_big.jpg,null,null,null,null,null,"район, вискоза",null,null,null,null,949-1338,https://kultura-doma.ru/product/pizhama-zhenskaya-tat-yana-size-52164,other,master_catalog
447,KD-PD-6465,Пижама женская Татьяна: 52-170,голубой,52-170,https://kultura-doma.ru/public/src/images/gallery/catalog/68b6f1464f002_big.jpg,https://kultura-doma.ru/public/src/images/gallery/catalog/6a43735f7d572_big.jpg,https://kultura-doma.ru/public/src/images/gallery/catalog/6a43735fd089f_big.jpg,null,null,null,null,null,"район, вискоза",null,null,null,null,949-1346,https://kultura-doma.ru/product/pizhama-zhenskaya-tat-yana-size-52170,other,master_catalog
448,KD-PD-6458,Пижама женская Татьяна: 54-164,голубой,54-164,https://kultura-doma.ru/public/src/images/gallery/catalog/68b6f1464f002_big.jpg,https://kultura-doma.ru/public/src/images/gallery/catalog/6a43735f7d572_big.jpg,https://kultura-doma.ru/public/src/images/gallery/catalog/6a43735fd089f_big.jpg,null,null,null,null,null,"район, вискоза",null,null,null,null,949-1339,https://kultura-doma.ru/product/pizhama-zhenskaya-tat-yana-size-54164,other,master_catalog
449,KD-PD-6466,Пижама женская Татьяна: 54-170,голубой,54-170,https://kultura-doma.ru/public/src/images/gallery/catalog/68b6f1464f002_big.jpg,https://kultura-doma.ru/public/src/images/gallery/catalog/6a43735f7d572_big.jpg,https://kultura-doma.ru/public/src/images/gallery/catalog/6a43735fd089f_big.jpg,null,null,null,null,null,"район, вискоза",null,null,null,null,949-1347,https://kultura-doma.ru/product/pizhama-zhenskaya-tat-yana-size-54170,other,master_catalog
450,KD-PD-6459,Пижама женская Татьяна: 56-164,голубой,56-164,https://kultura-doma.ru/public/src/images/gallery/catalog/68b6f1464f002_big.jpg,https://kultura-doma.ru/public/src/images/gallery/catalog/6a43735f7d572_big.jpg,https://kultura-doma.ru/public/src/images/gallery/catalog/6a43735fd089f_big.jpg,null,null,null,null,null,"район, вискоза",null,null,null,null,949-1340,https://kultura-doma.ru/product/pizhama-zhenskaya-tat-yana-size-56164,other,master_catalog
451,KD-PD-6467,Пижама женская Татьяна: 56-170,голубой,56-170,https://kultura-doma.ru/public/src/images/gallery/catalog/68b6f1464f002_big.jpg,https://kultura-doma.ru/public/src/images/gallery/catalog/6a43735f7d572_big.jpg,https://kultura-doma.ru/public/src/images/gallery/catalog/6a43735fd089f_big.jpg,null,null,null,null,null,"район, вискоза",null,null,null,null,949-1348,https://kultura-doma.ru/product/pizhama-zhenskaya-tat-yana-size-56170,other,master_catalog
452,KD-PD-9115,Пижама женская Татьяна: L,айвори,L,https://kultura-doma.ru/public/src/images/gallery/catalog/688b767883d1f_big.jpg,https://kultura-doma.ru/public/src/images/gallery/catalog/688b7208a8d47_big.jpg,https://kultura-doma.ru/public/src/images/gallery/catalog/6a43755433cdb_big.jpg,null,null,null,null,null,тенсель,100% тенсель,null,null,null,1152-1127,https://kultura-doma.ru/product/pizhama-zhenskaya-tat-yana-1152-size-l,other,master_catalog
453,KD-PD-9114,Пижама женская Татьяна: M,айвори,M,https://kultura-doma.ru/public/src/images/gallery/catalog/688b767883d1f_big.jpg,https://kultura-doma.ru/public/src/images/gallery/catalog/688b7208a8d47_big.jpg,https://kultura-doma.ru/public/src/images/gallery/catalog/6a43755433cdb_big.jpg,null,null,null,null,null,тенсель,100% тенсель,null,null,null,1152-1126,https://kultura-doma.ru/product/pizhama-zhenskaya-tat-yana-1152-size-m,other,master_catalog
454,KD-PD-9118,Пижама женская Татьяна: M,бежевый,M,https://kultura-doma.ru/public/src/images/gallery/catalog/688b73c28bbb5_big.jpg,https://kultura-doma.ru/public/src/images/gallery/catalog/688b389e7d386_big.jpg,https://kultura-doma.ru/public/src/images/gallery/catalog/6a43755bc8cb7_big.jpg,null,null,null,null,null,тенсель,100% тенсель,null,null,null,1153-1130,https://kultura-doma.ru/product/pizhama-zhenskaya-tat-yana-1153-size-m,other,master_catalog
455,KD-PD-9117,Пижама женская Татьяна: S,бежевый,S,https://kultura-doma.ru/public/src/images/gallery/catalog/688b73c28bbb5_big.jpg,https://kultura-doma.ru/public/src/images/gallery/catalog/688b389e7d386_big.jpg,https://kultura-doma.ru/public/src/images/gallery/catalog/6a43755bc8cb7_big.jpg,null,null,null,null,null,тенсель,100% тенсель,null,null,null,1153-1129,https://kultura-doma.ru/product/pizhama-zhenskaya-tat-yana-1153-size-s,other,master_catalog
456,KD-PD-9116,Пижама женская Татьяна: XL,айвори,XL,https://kultura-doma.ru/public/src/images/gallery/catalog/688b767883d1f_big.jpg,https://kultura-doma.ru/public/src/images/gallery/catalog/688b7208a8d47_big.jpg,https://kultura-doma.ru/public/src/images/gallery/catalog/6a43755433cdb_big.jpg,null,null,null,null,null,тенсель,100% тенсель,null,null,null,1152-1128,https://kultura-doma.ru/product/pizhama-zhenskaya-tat-yana-1152-size-xl,other,master_catalog
457,KD-PD-9120,Пижама женская Татьяна: XL,бежевый,XL,https://kultura-doma.ru/public/src/images/gallery/catalog/688b73c28bbb5_big.jpg,https://kultura-doma.ru/public/src/images/gallery/catalog/688b389e7d386_big.jpg,https://kultura-doma.ru/public/src/images/gallery/catalog/6a43755bc8cb7_big.jpg,null,null,null,null,null,тенсель,100% тенсель,null,null,null,1153-1132,https://kultura-doma.ru/product/pizhama-zhenskaya-tat-yana-1153-size-xl,other,master_catalog
458,KD-PD-11566,Пижама Звездочет,черный,48-50,https://kultura-doma.ru/public/src/images/gallery/catalog/6a03280254513_big.jpg,https://kultura-doma.ru/public/src/images/gallery/catalog/6a032808ea391_big.jpg,https://kultura-doma.ru/public/src/images/gallery/catalog/6a032806ee3ef_big.jpg,null,null,null,null,null,тенсель,100% тенсель,null,null,null,1581,https://kultura-doma.ru/product/kostyum-muzhskiy,other,master_catalog
459,KD-PD-11565,Пижама Звездочет: 50-52,черный,50-52,https://kultura-doma.ru/public/src/images/gallery/catalog/6a03280254513_big.jpg,https://kultura-doma.ru/public/src/images/gallery/catalog/6a032808ea391_big.jpg,https://kultura-doma.ru/public/src/images/gallery/catalog/6a032806ee3ef_big.jpg,null,null,null,null,null,тенсель,100% тенсель,null,null,null,1581-2177,https://kultura-doma.ru/product/kostyum-muzhskiy-size-5052,other,master_catalog
460,KD-PD-11566,Пижама Звездочет: 52-54,черный,52-54,https://kultura-doma.ru/public/src/images/gallery/catalog/6a03280254513_big.jpg,https://kultura-doma.ru/public/src/images/gallery/catalog/6a032808ea391_big.jpg,https://kultura-doma.ru/public/src/images/gallery/catalog/6a032806ee3ef_big.jpg,null,null,null,null,null,тенсель,100% тенсель,null,null,null,1581-2176,https://kultura-doma.ru/product/kostyum-muzhskiy-size-5254,other,master_catalog
461,KD-PD-6895,Пижама мужская Илья,голубой,46,https://kultura-doma.ru/public/src/images/gallery/catalog/6a4373e2ba037_big.jpg,https://kultura-doma.ru/public/src/images/gallery/catalog/6a4373e1df68e_big.jpg,https://kultura-doma.ru/public/src/images/gallery/catalog/6a4373e22b1b3_big.jpg,null,null,null,null,null,тенсель,100% тенсель,null,null,null,1216,https://kultura-doma.ru/product/kostyum-muzhskoy,other,master_catalog
462,KD-PD-6892,Пижама мужская Илья: 42,голубой,42,https://kultura-doma.ru/public/src/images/gallery/catalog/6a4373e2ba037_big.jpg,https://kultura-doma.ru/public/src/images/gallery/catalog/6a4373e1df68e_big.jpg,https://kultura-doma.ru/public/src/images/gallery/catalog/6a4373e22b1b3_big.jpg,null,null,null,null,null,тенсель,100% тенсель,null,null,null,1216-1989,https://kultura-doma.ru/product/kostyum-muzhskoy-size-42,other,master_catalog
463,KD-PD-6893,Пижама мужская Илья: 44,голубой,44,https://kultura-doma.ru/public/src/images/gallery/catalog/6a4373e2ba037_big.jpg,https://kultura-doma.ru/public/src/images/gallery/catalog/6a4373e1df68e_big.jpg,https://kultura-doma.ru/public/src/images/gallery/catalog/6a4373e22b1b3_big.jpg,null,null,null,null,null,тенсель,100% тенсель,null,null,null,1216-1995,https://kultura-doma.ru/product/kostyum-muzhskoy-size-44,other,master_catalog
464,KD-PD-6895,Пижама мужская Илья: 48,голубой,48,https://kultura-doma.ru/public/src/images/gallery/catalog/6a4373e2ba037_big.jpg,https://kultura-doma.ru/public/src/images/gallery/catalog/6a4373e1df68e_big.jpg,https://kultura-doma.ru/public/src/images/gallery/catalog/6a4373e22b1b3_big.jpg,null,null,null,null,null,тенсель,100% тенсель,null,null,null,1216-1992,https://kultura-doma.ru/product/kostyum-muzhskoy-size-48,other,master_catalog
465,KD-PD-6896,Пижама мужская Илья: 50,голубой,50,https://kultura-doma.ru/public/src/images/gallery/catalog/6a4373e2ba037_big.jpg,https://kultura-doma.ru/public/src/images/gallery/catalog/6a4373e1df68e_big.jpg,https://kultura-doma.ru/public/src/images/gallery/catalog/6a4373e22b1b3_big.jpg,null,null,null,null,null,тенсель,100% тенсель,null,null,null,1216-1991,https://kultura-doma.ru/product/kostyum-muzhskoy-size-50,other,master_catalog
466,KD-PD-6897,Пижама мужская Илья: 52,голубой,52,https://kultura-doma.ru/public/src/images/gallery/catalog/6a4373e2ba037_big.jpg,https://kultura-doma.ru/public/src/images/gallery/catalog/6a4373e1df68e_big.jpg,https://kultura-doma.ru/public/src/images/gallery/catalog/6a4373e22b1b3_big.jpg,null,null,null,null,null,тенсель,100% тенсель,null,null,null,1216-1990,https://kultura-doma.ru/product/kostyum-muzhskoy-size-52,other,master_catalog
467,KD-PD-6898,Пижама мужская Илья: 54,голубой,54,https://kultura-doma.ru/public/src/images/gallery/catalog/6a4373e2ba037_big.jpg,https://kultura-doma.ru/public/src/images/gallery/catalog/6a4373e1df68e_big.jpg,https://kultura-doma.ru/public/src/images/gallery/catalog/6a4373e22b1b3_big.jpg,null,null,null,null,null,тенсель,100% тенсель,null,null,null,1216-1994,https://kultura-doma.ru/product/kostyum-muzhskoy-size-54,other,master_catalog
468,KD-PD-6899,Пижама мужская Илья: 56,голубой,56,https://kultura-doma.ru/public/src/images/gallery/catalog/6a4373e2ba037_big.jpg,https://kultura-doma.ru/public/src/images/gallery/catalog/6a4373e1df68e_big.jpg,https://kultura-doma.ru/public/src/images/gallery/catalog/6a4373e22b1b3_big.jpg,null,null,null,null,null,тенсель,100% тенсель,null,null,null,1216-1993,https://kultura-doma.ru/product/kostyum-muzhskoy-size-56,other,master_catalog
469,KD-PD-9065,Пижама мужская Никита,синий,XL,https://kultura-doma.ru/public/src/images/gallery/catalog/68ac215ed5e97_big.jpg,https://kultura-doma.ru/public/src/images/gallery/catalog/68ac218047e5c_big.jpg,https://kultura-doma.ru/public/src/images/gallery/catalog/6a43751869961_big.jpg,null,null,null,null,null,тенсель,100% тенсель,null,null,null,1215,https://kultura-doma.ru/product/kostyum-muzhskiy-nikita-1215,other,master_catalog
470,KD-PD-9065,Пижама мужская Никита: L,синий,L,https://kultura-doma.ru/public/src/images/gallery/catalog/68ac215ed5e97_big.jpg,https://kultura-doma.ru/public/src/images/gallery/catalog/68ac218047e5c_big.jpg,https://kultura-doma.ru/public/src/images/gallery/catalog/6a43751869961_big.jpg,null,null,null,null,null,тенсель,100% тенсель,null,null,null,1215-1261,https://kultura-doma.ru/product/kostyum-muzhskiy-nikita-1215-size-l,other,master_catalog
471,KD-PD-9780,Плед Ажур,айвори,170х220 см,https://kultura-doma.ru/public/src/images/gallery/catalog/6871228f8a9ac_big.jpg,https://kultura-doma.ru/public/src/images/gallery/catalog/6a55ea0c04a40_big.jpg,https://kultura-doma.ru/public/src/images/gallery/catalog/6a55ea0de819d_big.jpg,null,null,null,null,null,хлопок,null,null,null,null,452,https://kultura-doma.ru/product/pled-azhur,throw,master_catalog
472,KD-PD-9781,Плед Ажур,голубой,170х220 см,https://kultura-doma.ru/public/src/images/gallery/catalog/68711eaf0c22a_big.jpg,https://kultura-doma.ru/public/src/images/gallery/catalog/6a55e9b0bc9c3_big.jpg,https://kultura-doma.ru/public/src/images/gallery/catalog/6a55e9b14fffc_big.jpg,null,null,null,null,null,хлопок,null,null,null,null,453,https://kultura-doma.ru/product/pled-azhur-453,throw,master_catalog
473,KD-PD-9782,Плед Ажур,бежевый,170х220 см,https://kultura-doma.ru/public/src/images/gallery/catalog/6a55e93430b73_big.jpg,https://kultura-doma.ru/public/src/images/gallery/catalog/6a55e93470e5a_big.jpg,https://kultura-doma.ru/public/src/images/gallery/catalog/6a55e933d9c97_big.jpg,null,null,null,null,null,хлопок,null,null,null,null,454,https://kultura-doma.ru/product/pled-azhur-454,throw,master_catalog
474,KD-PD-1026,Плед из кружева,Белый,200×220 см,https://kssafonova.github.io/kd/images/imported-products/KD-PD-1026-WHITE01.png,https://kssafonova.github.io/kd/images/imported-products/KD-PD-1026-WHITE02.png,null,200 см,220 см,null,null,null,Хлопок,"70% хлопок, 30% лен",Кружево,null,null,6,https://kssafonova.github.io/kd/catalog/product/6/,storefront_sku,app_catalog
475,KD-PD-1026,Плед из кружева,Молочный,200×220 см,https://kssafonova.github.io/kd/images/imported-products/KD-PD-1026-BEIGE01.png,https://kssafonova.github.io/kd/images/imported-products/KD-PD-1026-BEIGE02.png,null,200 см,220 см,null,null,null,Хлопок,"70% хлопок, 30% лен",Кружево,null,null,6,https://kssafonova.github.io/kd/catalog/product/6/,storefront_sku,app_catalog
476,KD-PD-1026,Плед из кружева,Синий,200×220 см,https://kssafonova.github.io/kd/images/imported-products/KD-PD-1026-BLUE01.png,https://kssafonova.github.io/kd/images/imported-products/KD-PD-1026-BLUE02.png,null,200 см,220 см,null,null,null,Хлопок,"70% хлопок, 30% лен",Кружево,null,null,6,https://kssafonova.github.io/kd/catalog/product/6/,storefront_sku,app_catalog
477,KD-PD-8127,Плед Калейдоскоп,null,160х200 см,https://kultura-doma.ru/public/src/images/gallery/catalog/6a5f6dbda0119_big.jpg,https://kultura-doma.ru/public/src/images/gallery/catalog/687124595d80d_big.jpg,https://kultura-doma.ru/public/src/images/gallery/catalog/6a5f6dbddd7b7_big.jpg,null,null,null,null,null,"55% хлопок, 45% полиэстр","55% хлопок, 45% полиэстр",null,null,null,451,https://kultura-doma.ru/product/pled-kaleydoskop,throw,master_catalog
478,KD-PD-8126,Плед Лилия,null,160х200 см,https://kultura-doma.ru/public/src/images/gallery/catalog/6a3011f8e8399_big.jpg,https://kultura-doma.ru/public/src/images/gallery/catalog/687126b139a75_big.jpg,https://kultura-doma.ru/public/src/images/gallery/catalog/6a3011f8863db_big.jpg,null,null,null,null,null,хлопковый ажур,null,null,null,null,450,https://kultura-doma.ru/product/pled-liliya,throw,master_catalog
479,KD-PD-9783,Плед Соты,молочный,160х220 см,https://kultura-doma.ru/public/src/images/gallery/catalog/68760bf684027_big.jpg,https://kultura-doma.ru/public/src/images/gallery/catalog/686fbbaf0396c_big.jpg,https://kultura-doma.ru/public/src/images/gallery/catalog/6a3011f437219_big.jpg,null,null,null,null,null,хлопок,null,null,null,null,455,https://kultura-doma.ru/product/pled-soty,throw,master_catalog
480,KD-PD-9784,Плед Соты,голубой,160х220 см,https://kultura-doma.ru/public/src/images/gallery/catalog/6a3011f1165c8_big.jpg,https://kultura-doma.ru/public/src/images/gallery/catalog/686fbad83d220_big.jpg,https://kultura-doma.ru/public/src/images/gallery/catalog/6a3011f165b1c_big.jpg,null,null,null,null,null,хлопок,null,null,null,null,456,https://kultura-doma.ru/product/pled-soty-456,throw,master_catalog
481,KD-PD-9899,Плед Соты,серый,160х220 см,https://kultura-doma.ru/public/src/images/gallery/catalog/6a3011f69bdd2_big.jpg,https://kultura-doma.ru/public/src/images/gallery/catalog/6a3011f650a93_big.jpg,https://kultura-doma.ru/public/src/images/gallery/catalog/6a3011f6de5ff_big.jpg,null,null,null,null,null,хлопок,null,null,null,null,1114,https://kultura-doma.ru/product/pled-soty-1114,throw,master_catalog
482,KD-PD-8125,Плед Черника,null,160х200 см,https://kultura-doma.ru/public/src/images/gallery/catalog/6a30120789f95_big.jpg,https://kultura-doma.ru/public/src/images/gallery/catalog/6a3012087c6fc_big.jpg,https://kultura-doma.ru/public/src/images/gallery/catalog/6a301207c8057_big.jpg,null,null,null,null,null,хлопковый ажур,null,null,null,null,449,https://kultura-doma.ru/product/pled-chernika,throw,master_catalog
483,KD-PD-10582,Плейсмат Винтаж,розовый,45х45 см,https://kultura-doma.ru/public/src/images/gallery/catalog/6a3d1e3a335b3_big.jpg,https://kultura-doma.ru/public/src/images/gallery/catalog/6970ce0a51641_big.jpg,https://kultura-doma.ru/public/src/images/gallery/catalog/6970ce0a1121a_big.jpg,45 см,45 см,null,null,null,сатин,100% сатин,null,null,null,1416,https://kultura-doma.ru/product/pleysmat-vintazh,placemat,master_catalog
484,KD-PD-10583,Плейсмат Винтаж,зеленый,38х47 см,https://kultura-doma.ru/public/src/images/gallery/catalog/6a5757fb087b1_big.jpg,https://kultura-doma.ru/public/src/images/gallery/catalog/6970cc850e87b_big.jpg,null,38 см,47 см,null,null,null,сатин,100% сатин,null,null,null,1418,https://kultura-doma.ru/product/pleysmat-vintazh-1418,placemat,master_catalog
485,KD-PD-10584,Плейсмат Винтаж,бордовый,40х50 см,https://kultura-doma.ru/public/src/images/gallery/catalog/6a354f49462fb_big.jpg,https://kultura-doma.ru/public/src/images/gallery/catalog/6970cd44186b5_big.jpg,https://kultura-doma.ru/public/src/images/gallery/catalog/6970cd43be5c3_big.jpg,40 см,50 см,null,null,null,null,null,null,null,null,1421,https://kultura-doma.ru/product/pleysmat-vintazh-1421,placemat,master_catalog
486,KD-PD-10585,Плейсмат Винтаж,синий,40х50 см,https://kultura-doma.ru/public/src/images/gallery/catalog/6a0c320c2794a_big.jpg,https://kultura-doma.ru/public/src/images/gallery/catalog/6970cd0e01332_big.jpg,https://kultura-doma.ru/public/src/images/gallery/catalog/6970cd0d88fc0_big.jpg,40 см,50 см,null,null,null,null,null,null,null,null,1419,https://kultura-doma.ru/product/pleysmat-vintazh-1419,placemat,master_catalog
487,KD-PD-10594,Плейсмат Винтаж,белый,43х43 см,https://kultura-doma.ru/public/src/images/gallery/catalog/6a5759fe18822_big.jpg,https://kultura-doma.ru/public/src/images/gallery/catalog/6970cd6f69290_big.jpg,https://kultura-doma.ru/public/src/images/gallery/catalog/6970cd6fb94c5_big.jpg,43 см,43 см,null,null,null,сатин,100% сатин,null,null,null,1417,https://kultura-doma.ru/product/pleysmat-vintazh-1417,placemat,master_catalog
488,KD-PD-10956,Плейсмат Винтаж,красный,39х48 см,https://kultura-doma.ru/public/src/images/gallery/catalog/6a57584d2633f_big.jpg,https://kultura-doma.ru/public/src/images/gallery/catalog/6970d8228b4a0_big.jpg,null,39 см,48 см,null,null,null,сатин,100% сатин,null,null,null,1420,https://kultura-doma.ru/product/pleysmat-vintazh-1420,placemat,master_catalog
489,KD-PD-10568,Плейсмат Дворцы России,белый,38х47 см,https://kultura-doma.ru/public/src/images/gallery/catalog/6a451785158fd_big.jpg,https://kultura-doma.ru/public/src/images/gallery/catalog/69a98f42f3665_big.jpg,https://kultura-doma.ru/public/src/images/gallery/catalog/69b1338f98991_big.jpg,38 см,47 см,null,null,null,сатин,100% сатин,null,null,null,1596,https://kultura-doma.ru/product/pleysmat-dvorcy-rossii,placemat,master_catalog
490,KD-PD-11120,Плейсмат Лебедушка,белый,40х50 см,https://kultura-doma.ru/public/src/images/gallery/catalog/6a43d5d0cde09_big.jpg,https://kultura-doma.ru/public/src/images/gallery/catalog/69b131e8b6c68_big.jpg,null,40 см,50 см,null,null,null,сатин,100% сатин,null,null,null,1657,https://kultura-doma.ru/product/pleysmat-lebedushka,napkin,master_catalog
491,KD-PD-8981,Плейсмат Пасхальная,белый,⌀45,https://kultura-doma.ru/public/src/images/gallery/catalog/6a6094c469ba9_big.jpg,https://kultura-doma.ru/public/src/images/gallery/catalog/6a6094c509ca7_big.jpg,https://kultura-doma.ru/public/src/images/gallery/catalog/6a6094c4ce380_big.jpg,null,null,null,null,null,хлопок,null,null,null,null,560,https://kultura-doma.ru/product/salfetka-kruzhevo-560,placemat,master_catalog
492,KD-PD-7878,Поднос латунный Купель,null,null,https://kultura-doma.ru/public/src/images/gallery/catalog/69e0e7dd10a17_big.jpg,https://kultura-doma.ru/public/src/images/gallery/catalog/69e0e7dbc6639_big.jpg,https://kultura-doma.ru/public/src/images/gallery/catalog/69e0e7dd4f4a6_big.jpg,null,null,null,null,null,латунь,null,null,null,null,563,https://kultura-doma.ru/product/podnos-kupel,other,master_catalog
493,KD-PD-1022,Пододеяльник из сатина,Белый,Евро (200×220 см),https://kssafonova.github.io/kd/images/imported-products/zip-product-bed.png,https://kssafonova.github.io/kd/images/imported-products/classic-bedroom.png,null,200 см,220 см,null,null,Пододеяльник 1 шт.,Шелк,100% Сатин,null,null,null,2,https://kssafonova.github.io/kd/catalog/product/2/,storefront_sku,app_catalog
494,KD-PD-1022,Пододеяльник из сатина,Льняной,Евро (200×220 см),https://kssafonova.github.io/kd/images/imported-products/beige-bedroom.png,https://kssafonova.github.io/kd/images/imported-products/classic-bedroom.png,null,200 см,220 см,null,null,Пододеяльник 1 шт.,Шелк,100% Сатин,null,null,null,2,https://kssafonova.github.io/kd/catalog/product/2/,storefront_sku,app_catalog
495,KD-PD-1022,Пододеяльник из сатина,Небесный,Евро (200×220 см),https://kssafonova.github.io/kd/images/imported-products/blue-bedroom.png,https://kssafonova.github.io/kd/images/imported-products/blue-bedding-vertical.png,null,200 см,220 см,null,null,Пододеяльник 1 шт.,Шелк,100% Сатин,null,null,null,2,https://kssafonova.github.io/kd/catalog/product/2/,storefront_sku,app_catalog
496,KD-PD-1022,Пододеяльник из сатина,Ночной синий,Евро (200×220 см),https://kssafonova.github.io/kd/images/imported-products/zip-collection-night.png,https://kssafonova.github.io/kd/images/imported-products/KD-PD-1024-DARK02.png,null,200 см,220 см,null,null,Пододеяльник 1 шт.,Шелк,100% Сатин,null,null,null,2,https://kssafonova.github.io/kd/catalog/product/2/,storefront_sku,app_catalog
497,KD-PD-1022,Пододеяльник из сатина,Пудровый,Евро (200×220 см),https://kssafonova.github.io/kd/images/imported-products/peach-sheet.jpg,https://kssafonova.github.io/kd/images/imported-products/KD-PD-1028-PUDRA02.png,null,200 см,220 см,null,null,Пододеяльник 1 шт.,Шелк,100% Сатин,null,null,null,2,https://kssafonova.github.io/kd/catalog/product/2/,storefront_sku,app_catalog
498,KD-PD-1022,Пододеяльник из сатина,Белый,Кинг сайз (220×240 см),https://kssafonova.github.io/kd/images/imported-products/zip-product-bed.png,https://kssafonova.github.io/kd/images/imported-products/classic-bedroom.png,null,220 см,240 см,null,null,Пододеяльник 1 шт.,Шелк,100% Сатин,null,null,null,2,https://kssafonova.github.io/kd/catalog/product/2/,storefront_sku,app_catalog
499,KD-PD-1022,Пододеяльник из сатина,Льняной,Кинг сайз (220×240 см),https://kssafonova.github.io/kd/images/imported-products/beige-bedroom.png,https://kssafonova.github.io/kd/images/imported-products/classic-bedroom.png,null,220 см,240 см,null,null,Пододеяльник 1 шт.,Шелк,100% Сатин,null,null,null,2,https://kssafonova.github.io/kd/catalog/product/2/,storefront_sku,app_catalog
500,KD-PD-1022,Пододеяльник из сатина,Небесный,Кинг сайз (220×240 см),https://kssafonova.github.io/kd/images/imported-products/blue-bedroom.png,https://kssafonova.github.io/kd/images/imported-products/blue-bedding-vertical.png,null,220 см,240 см,null,null,Пододеяльник 1 шт.,Шелк,100% Сатин,null,null,null,2,https://kssafonova.github.io/kd/catalog/product/2/,storefront_sku,app_catalog
501,KD-PD-1022,Пододеяльник из сатина,Ночной синий,Кинг сайз (220×240 см),https://kssafonova.github.io/kd/images/imported-products/zip-collection-night.png,https://kssafonova.github.io/kd/images/imported-products/KD-PD-1024-DARK02.png,null,220 см,240 см,null,null,Пододеяльник 1 шт.,Шелк,100% Сатин,null,null,null,2,https://kssafonova.github.io/kd/catalog/product/2/,storefront_sku,app_catalog
502,KD-PD-1022,Пододеяльник из сатина,Пудровый,Кинг сайз (220×240 см),https://kssafonova.github.io/kd/images/imported-products/peach-sheet.jpg,https://kssafonova.github.io/kd/images/imported-products/KD-PD-1028-PUDRA02.png,null,220 см,240 см,null,null,Пододеяльник 1 шт.,Шелк,100% Сатин,null,null,null,2,https://kssafonova.github.io/kd/catalog/product/2/,storefront_sku,app_catalog
503,KD-PD-1022,Пододеяльник из сатина,Белый,Полуторный (140×220 см),https://kssafonova.github.io/kd/images/imported-products/zip-product-bed.png,https://kssafonova.github.io/kd/images/imported-products/classic-bedroom.png,null,140 см,220 см,null,null,Пододеяльник 1 шт.,Шелк,100% Сатин,null,null,null,2,https://kssafonova.github.io/kd/catalog/product/2/,storefront_sku,app_catalog
504,KD-PD-1022,Пододеяльник из сатина,Льняной,Полуторный (140×220 см),https://kssafonova.github.io/kd/images/imported-products/beige-bedroom.png,https://kssafonova.github.io/kd/images/imported-products/classic-bedroom.png,null,140 см,220 см,null,null,Пододеяльник 1 шт.,Шелк,100% Сатин,null,null,null,2,https://kssafonova.github.io/kd/catalog/product/2/,storefront_sku,app_catalog
505,KD-PD-1022,Пододеяльник из сатина,Небесный,Полуторный (140×220 см),https://kssafonova.github.io/kd/images/imported-products/blue-bedroom.png,https://kssafonova.github.io/kd/images/imported-products/blue-bedding-vertical.png,null,140 см,220 см,null,null,Пододеяльник 1 шт.,Шелк,100% Сатин,null,null,null,2,https://kssafonova.github.io/kd/catalog/product/2/,storefront_sku,app_catalog
506,KD-PD-1022,Пододеяльник из сатина,Ночной синий,Полуторный (140×220 см),https://kssafonova.github.io/kd/images/imported-products/zip-collection-night.png,https://kssafonova.github.io/kd/images/imported-products/KD-PD-1024-DARK02.png,null,140 см,220 см,null,null,Пододеяльник 1 шт.,Шелк,100% Сатин,null,null,null,2,https://kssafonova.github.io/kd/catalog/product/2/,storefront_sku,app_catalog
507,KD-PD-1022,Пододеяльник из сатина,Пудровый,Полуторный (140×220 см),https://kssafonova.github.io/kd/images/imported-products/peach-sheet.jpg,https://kssafonova.github.io/kd/images/imported-products/KD-PD-1028-PUDRA02.png,null,140 см,220 см,null,null,Пододеяльник 1 шт.,Шелк,100% Сатин,null,null,null,2,https://kssafonova.github.io/kd/catalog/product/2/,storefront_sku,app_catalog
508,KD-PD-12181,Подсвечник Купель,серебристый,15х8 см,https://kultura-doma.ru/public/src/images/gallery/catalog/69dd059f990d0_big.png,https://kultura-doma.ru/public/src/images/gallery/catalog/69dd07119887e_big.jpg,https://kultura-doma.ru/public/src/images/gallery/catalog/6a203693ec5c5_big.jpg,null,null,null,null,null,латунь,null,null,null,null,1736,https://kultura-doma.ru/product/podsvechnik-kupel-1736,candle,master_catalog
509,KD-PD-12182,Подсвечник Купель,серебристый,10х8 см,https://kultura-doma.ru/public/src/images/gallery/catalog/69dd05df2e1e9_big.png,https://kultura-doma.ru/public/src/images/gallery/catalog/69dd072a95b42_big.jpg,https://kultura-doma.ru/public/src/images/gallery/catalog/6a203690968bc_big.jpg,null,null,null,null,null,латунь,null,null,null,null,1737,https://kultura-doma.ru/product/podsvechnik-kupel-1737,candle,master_catalog
510,KD-PD-12183,Подсвечник Купель,серебристый,"6,5х6,5 см",https://kultura-doma.ru/public/src/images/gallery/catalog/69dd0611edbbb_big.png,https://kultura-doma.ru/public/src/images/gallery/catalog/69dcffc3e95a4_big.jpg,https://kultura-doma.ru/public/src/images/gallery/catalog/6a20369254e02_big.jpg,null,null,null,null,null,латунь,null,null,null,null,1735,https://kultura-doma.ru/product/podsvechnik-kupel,candle,master_catalog
511,KD-PD-8514,Подставка для зубочисток Купель,null,7х4 см,https://kultura-doma.ru/public/src/images/gallery/catalog/69f0747375188_big.jpg,https://kultura-doma.ru/public/src/images/gallery/catalog/69f07473b437b_big.jpg,https://kultura-doma.ru/public/src/images/gallery/catalog/69f0747338519_big.jpg,7 см,4 см,null,null,null,латунь,null,null,null,null,270,https://kultura-doma.ru/product/podstavka-dlya-zubochistok-kupel,other,master_catalog
512,KD-PD-9129,Подставка для яиц Купель,серебряный,9х4 см,https://kultura-doma.ru/public/src/images/gallery/catalog/69f0746e143a1_big.jpg,https://kultura-doma.ru/public/src/images/gallery/catalog/69f0746cefd3d_big.jpg,https://kultura-doma.ru/public/src/images/gallery/catalog/69f0746e9c7fa_big.jpg,9 см,4 см,null,null,null,латунь,null,null,null,null,816,https://kultura-doma.ru/product/podstavka-dlya-yaic-kupel,other,master_catalog
513,KD-PD-9542,Подставка под яйцо Облачные фантазии,желтый,"1,5х5,5 см",https://kultura-doma.ru/public/src/images/gallery/catalog/6a58ec3c28aee_big.jpg,https://kultura-doma.ru/public/src/images/gallery/catalog/6a58ec3b985fb_big.jpg,null,"1,5 см","5,5 см",null,null,null,фарфор,100% фарфор,null,null,null,282,https://kultura-doma.ru/product/podstavka-pod-yayco-oblachnye-fantazii,other,master_catalog
514,KD-PD-6226,Подушка В облаках,null,70х70 см,https://kultura-doma.ru/public/src/images/gallery/catalog/6a5f726a5bc17_big.jpg,null,null,70 см,70 см,null,null,null,"95% пух гусиный белый, 5% перо","95% пух гусиный белый, 5% перо",null,null,null,197,https://kultura-doma.ru/product/podushka-v-oblakah,decorative_pillow,master_catalog
515,KD-PD-6226,Подушка В облаках: 50х70 см,null,50х70 см,https://kultura-doma.ru/public/src/images/gallery/catalog/6a5f726a5bc17_big.jpg,null,null,50 см,70 см,null,null,null,"95% пух гусиный белый, 5% перо","95% пух гусиный белый, 5% перо",null,null,null,197-397,https://kultura-doma.ru/product/podushka-v-oblakah-size-50h70-sm,decorative_pillow,master_catalog
516,KD-PD-9058,Подушка Верблюжья шерсть,null,50х70 см,https://kultura-doma.ru/public/src/images/gallery/catalog/6a575084cbc28_big.jpg,null,null,50 см,70 см,null,null,null,верблюжья шерсть,null,null,null,null,1126,https://kultura-doma.ru/product/podushka-nezhnost,decorative_pillow,master_catalog
517,KD-PD-9061,Подушка Верблюжья шерсть: 70х70 см,null,70х70 см,https://kultura-doma.ru/public/src/images/gallery/catalog/6a575084cbc28_big.jpg,null,null,70 см,70 см,null,null,null,верблюжья шерсть,null,null,null,null,1126-1044,https://kultura-doma.ru/product/podushka-nezhnost-size-70h70-sm,decorative_pillow,master_catalog
518,KD-PD-9366,Подушка декоративная  Папоротник,зеленый,40х40 см,https://kultura-doma.ru/public/src/images/gallery/catalog/6a5f7d3edcbff_big.jpg,https://kultura-doma.ru/public/src/images/gallery/catalog/6a5f7d3e0db82_big.jpg,https://kultura-doma.ru/public/src/images/gallery/catalog/6a5f7d3e97d31_big.jpg,40 см,40 см,null,null,null,null,null,null,null,null,443,https://kultura-doma.ru/product/podushka-dekorativnaya-paporotnik,decorative_pillow,master_catalog
519,KD-PD-9026,Подушка декоративная Время,черный,40х40 см,https://kultura-doma.ru/public/src/images/gallery/catalog/6a5f7d60a21e2_big.jpg,https://kultura-doma.ru/public/src/images/gallery/catalog/6a5f7d5fc4a36_big.jpg,https://kultura-doma.ru/public/src/images/gallery/catalog/6a5f7d605eaef_big.jpg,40 см,40 см,null,null,null,null,null,null,null,null,442,https://kultura-doma.ru/product/podushka-dekorativnaya-vremya,decorative_pillow,master_catalog
520,KD-PD-9025,Подушка декоративная Журавли,синий,40х40 см,https://kultura-doma.ru/public/src/images/gallery/catalog/6a5f77f134b5a_big.jpg,https://kultura-doma.ru/public/src/images/gallery/catalog/6a5f77f00bf8e_big.jpg,https://kultura-doma.ru/public/src/images/gallery/catalog/6a5f77efa8ce1_big.jpg,40 см,40 см,null,null,null,null,null,null,null,null,441,https://kultura-doma.ru/product/podushka-dekorativnaya-zhuravli,decorative_pillow,master_catalog
521,KD-PD-9988,Подушка декоративная Пион,бежевый,45х45 см,https://kultura-doma.ru/public/src/images/gallery/catalog/6890bc9203f1c_big.jpg,https://kultura-doma.ru/public/src/images/gallery/catalog/6a79dd44a8e9b_big.jpg,https://kultura-doma.ru/public/src/images/gallery/catalog/6a79dd43d120c_big.jpg,45 см,45 см,null,null,null,null,null,null,null,null,1157,https://kultura-doma.ru/product/podushka-dekorativnaya-pion,decorative_pillow,master_catalog
522,KD-PD-9367,Подушка декоративная Солнце,черный,40х40 см,https://kultura-doma.ru/public/src/images/gallery/catalog/6a5f7d7f6d307_big.jpg,https://kultura-doma.ru/public/src/images/gallery/catalog/6a5f7d7f06585_big.jpg,https://kultura-doma.ru/public/src/images/gallery/catalog/6a5f7d7dbfc8a_big.jpg,40 см,40 см,null,null,null,null,null,null,null,null,444,https://kultura-doma.ru/product/podushka-dekorativnaya-solnce,decorative_pillow,master_catalog
523,KD-PD-8645,Подушка декоративная Трель,бежевый,45х45 см,https://kultura-doma.ru/public/src/images/gallery/catalog/6a06c0002cef1_big.jpg,null,null,45 см,45 см,null,null,null,null,null,null,null,null,426,https://kultura-doma.ru/product/podushka-dekorativnaya-trel-426,decorative_pillow,master_catalog
524,KD-PD-8623,Подушка декоративная Узоры,голубой,45х45 см,https://kssafonova.github.io/kd/images/imported-products/6a43747a7aaa6_big.jpg,https://kssafonova.github.io/kd/images/imported-products/6a43747ac2b2d_big.jpg,https://kssafonova.github.io/kd/images/imported-products/6a43747b21281_big.jpg,45 см,45 см,null,null,null,null,null,null,null,null,411,https://kultura-doma.ru/product/podushka-dekorativnaya-uzory,decorative_pillow,master_catalog
525,KD-PD-8640,Подушка декоративная Узоры,фиолетовый,45х45 см,https://kssafonova.github.io/kd/images/imported-products/6a43749090a60_big.jpg,https://kssafonova.github.io/kd/images/imported-products/6a437490d71fd_big.jpg,null,45 см,45 см,null,null,null,null,null,null,null,null,422,https://kultura-doma.ru/product/podushka-dekorativnaya-uzory-422,decorative_pillow,master_catalog
526,KD-PD-8648,Подушка декоративная Узоры,бежевый,45х45 см,https://kssafonova.github.io/kd/images/imported-products/6a4374a149ac9_big.jpg,https://kssafonova.github.io/kd/images/imported-products/6a4374a0db15b_big.jpg,null,45 см,45 см,null,null,null,null,null,null,null,null,429,https://kultura-doma.ru/product/podushka-dekorativnaya-uzory-429,decorative_pillow,master_catalog
527,KD-PD-5767,Подушка декоративная Цветочный бант,бежевый,45х45 см,https://kultura-doma.ru/public/src/images/gallery/catalog/6a43735c57cee_big.jpg,null,null,45 см,45 см,null,null,null,null,null,null,null,null,831,https://kultura-doma.ru/product/podushka-dekorativnaya-cvetochnyy-bant,decorative_pillow,master_catalog
528,KD-PD-12238,Подушка декоративная Цветущий сад,белый,45х45 см,https://kultura-doma.ru/public/src/images/gallery/catalog/6a3bf2b7abca1_big.jpg,https://kultura-doma.ru/public/src/images/gallery/catalog/6a10675073c94_big.jpg,null,45 см,45 см,null,null,null,null,null,null,null,null,1781,https://kultura-doma.ru/product/podushka-dekorativnaya-cvetuschiy-sad,decorative_pillow,master_catalog
529,KD-PD-12360,Подушка декоративная Цветущий сад,бежевый,18х60 см,https://kultura-doma.ru/public/src/images/gallery/catalog/6a479d834ac4b_big.jpg,https://kultura-doma.ru/public/src/images/gallery/catalog/6a3a6d51bfc78_big.jpg,https://kultura-doma.ru/public/src/images/gallery/catalog/6a3a6d482d0e1_big.jpg,18 см,60 см,null,null,null,null,null,null,null,null,1782,https://kultura-doma.ru/product/podushka-dekorativnaya-cvetuschiy-sad-1782,decorative_pillow,master_catalog
530,KD-PD-9368,Подушка декоратиная Небо,серый,40х40 см,https://kultura-doma.ru/public/src/images/gallery/catalog/6a5f7cf486740_big.jpg,https://kultura-doma.ru/public/src/images/gallery/catalog/6a5f7cf399993_big.jpg,null,40 см,40 см,null,null,null,null,null,null,null,null,445,https://kultura-doma.ru/product/podushka-dekoratinaya-nebo,decorative_pillow,master_catalog
531,KD-PD-10833,Подушка Пиктограммы,null,40х40 см,https://kultura-doma.ru/public/src/images/gallery/catalog/69e237ace0701_big.jpg,https://kultura-doma.ru/public/src/images/gallery/catalog/69412ab89142b_big.jpg,https://kultura-doma.ru/public/src/images/gallery/catalog/69e237ad2833c_big.jpg,40 см,40 см,null,null,null,null,null,null,null,null,1356,https://kultura-doma.ru/product/podushka-dekorativnaya-piktogrammy,decorative_pillow,master_catalog
532,KD-PD-10834,Подушка Пиктограммы,коричневый,40х40 см,https://kultura-doma.ru/public/src/images/gallery/catalog/69e237af56db7_big.jpg,https://kultura-doma.ru/public/src/images/gallery/catalog/69412af47de0e_big.jpg,https://kultura-doma.ru/public/src/images/gallery/catalog/69e237af9101f_big.jpg,40 см,40 см,null,null,null,null,null,null,null,null,1357,https://kultura-doma.ru/product/podushka-dekorativnaya-piktogrammy-1357,decorative_pillow,master_catalog
533,KD-PD-10835,Подушка Пиктограммы,бежевый,40х40 см,https://kultura-doma.ru/public/src/images/gallery/catalog/69e5db03dc590_big.jpg,https://kultura-doma.ru/public/src/images/gallery/catalog/69412b30e1f76_big.jpg,https://kultura-doma.ru/public/src/images/gallery/catalog/69e5db039129b_big.jpg,40 см,40 см,null,null,null,null,null,null,null,null,1358,https://kultura-doma.ru/product/dekorativnaya-podushka-piktogrammy,decorative_pillow,master_catalog
534,KD-PD-10836,Подушка Пиктограммы,голубой,40х40 см,https://kultura-doma.ru/public/src/images/gallery/catalog/69e237ae153d1_big.jpg,https://kultura-doma.ru/public/src/images/gallery/catalog/69412d7894550_big.jpg,https://kultura-doma.ru/public/src/images/gallery/catalog/69e237ae4d720_big.jpg,40 см,40 см,null,null,null,null,null,null,null,null,1359,https://kultura-doma.ru/product/dekorativnaya-podushka-piktogrammy-1359,decorative_pillow,master_catalog
535,KD-PD-10837,Подушка Пиктограммы,null,25х90 см,https://kultura-doma.ru/public/src/images/gallery/catalog/69fad88a2a535_big.jpg,https://kultura-doma.ru/public/src/images/gallery/catalog/694a50119be37_big.jpg,https://kultura-doma.ru/public/src/images/gallery/catalog/69fad88a6b522_big.jpg,25 см,90 см,null,null,null,null,null,null,null,null,1360,https://kultura-doma.ru/product/dekorativnaya-podushka-piktogrammy-1360,decorative_pillow,master_catalog
536,KD-PD-10838,Подушка Пиктограммы,коричневый,25х90 см,https://kultura-doma.ru/public/src/images/gallery/catalog/69fad8ed12201_big.jpg,https://kultura-doma.ru/public/src/images/gallery/catalog/694a4ecaf2fcc_big.jpg,https://kultura-doma.ru/public/src/images/gallery/catalog/69fad8ed6a1e7_big.jpg,25 см,90 см,null,null,null,null,null,null,null,null,1361,https://kultura-doma.ru/product/dekorativnaya-podushka-piktogrammy-1361,decorative_pillow,master_catalog
537,KD-PD-10839,Подушка Пиктограммы,бежевый,25х90 см,https://kultura-doma.ru/public/src/images/gallery/catalog/6a5f77840f6ad_big.jpg,https://kultura-doma.ru/public/src/images/gallery/catalog/694a4f0d730f9_big.jpg,https://kultura-doma.ru/public/src/images/gallery/catalog/6a5f7783b91c6_big.jpg,25 см,90 см,null,null,null,null,null,null,null,null,1362,https://kultura-doma.ru/product/dekorativnaya-podushka-piktogrammy-1362,decorative_pillow,master_catalog
538,KD-PD-10840,Подушка Пиктограммы,голубой,25х90 см,https://kultura-doma.ru/public/src/images/gallery/catalog/69fada156a930_big.jpg,https://kultura-doma.ru/public/src/images/gallery/catalog/694a4f5e3abe0_big.jpg,https://kultura-doma.ru/public/src/images/gallery/catalog/69fada15bc489_big.jpg,25 см,90 см,null,null,null,null,null,null,null,null,1363,https://kultura-doma.ru/product/dekorativnaya-podushka-piktogrammy-1363,decorative_pillow,master_catalog
539,KD-PD-1023,Подушка с кружевом,Белый,60×60 см,https://kssafonova.github.io/kd/images/imported-products/KD-PD-1023-WHITE02.png,null,null,60 см,60 см,null,null,null,Хлопок,"Внешняя часть: 100% Хлопок, Наполнитель: 100% Пух",Кружево,null,null,3,https://kssafonova.github.io/kd/catalog/product/3/,storefront_sku,app_catalog
540,KD-PD-1023,Подушка с кружевом,Молочный,60×60 см,https://kssafonova.github.io/kd/images/imported-products/KD-PD-1023-BEIGE01.png,https://kssafonova.github.io/kd/images/imported-products/KD-PD-1023-BEIGE02.png,null,60 см,60 см,null,null,null,Хлопок,"Внешняя часть: 100% Хлопок, Наполнитель: 100% Пух",Кружево,null,null,3,https://kssafonova.github.io/kd/catalog/product/3/,storefront_sku,app_catalog
541,KD-PD-1023,Подушка с кружевом,Синий,60×60 см,https://kssafonova.github.io/kd/images/imported-products/KD-PD-1023-BLUE02.png,null,null,60 см,60 см,null,null,null,Хлопок,"Внешняя часть: 100% Хлопок, Наполнитель: 100% Пух",Кружево,null,null,3,https://kssafonova.github.io/kd/catalog/product/3/,storefront_sku,app_catalog
542,KD-PD-10636,Подушка Тесто,null,50х70 см,https://kultura-doma.ru/public/src/images/gallery/catalog/6a574fef3f95e_big.jpg,https://kultura-doma.ru/public/src/images/gallery/catalog/6a574fefda5fa_big.jpg,null,50 см,70 см,null,null,null,"50% микрогель, 50% силиконизированное микроволокно","50% микрогель, 50% силиконизированное микроволокно",null,null,null,1591,https://kultura-doma.ru/product/podushka-testo,decorative_pillow,master_catalog
543,KD-PD-10637,Подушка Тесто: 70х70 см,null,70х70 см,https://kultura-doma.ru/public/src/images/gallery/catalog/6a574fef3f95e_big.jpg,https://kultura-doma.ru/public/src/images/gallery/catalog/6a574fefda5fa_big.jpg,null,70 см,70 см,null,null,null,"50% микрогель, 50% силиконизированное микроволокно","50% микрогель, 50% силиконизированное микроволокно",null,null,null,1591-2067,https://kultura-doma.ru/product/podushka-testo-size-70h70-sm,decorative_pillow,master_catalog
544,KD-PD-10640,Подушка Шёлк,белый,50х70 см,https://kultura-doma.ru/public/src/images/gallery/catalog/6a33efa342e1f_big.jpg,https://kultura-doma.ru/public/src/images/gallery/catalog/6a33efa3b81db_big.jpg,https://kultura-doma.ru/public/src/images/gallery/catalog/6a33efa37c6c5_big.jpg,50 см,70 см,null,null,null,сатин,100% сатин,null,null,null,1592,https://kultura-doma.ru/product/silk-podushka,decorative_pillow,master_catalog
545,KD-PD-10641,Подушка Шёлк: 70х70 см,белый,70х70 см,https://kultura-doma.ru/public/src/images/gallery/catalog/6a33efa342e1f_big.jpg,https://kultura-doma.ru/public/src/images/gallery/catalog/6a33efa3b81db_big.jpg,https://kultura-doma.ru/public/src/images/gallery/catalog/6a33efa37c6c5_big.jpg,70 см,70 см,null,null,null,сатин,100% сатин,null,null,null,1592-2065,https://kultura-doma.ru/product/silk-podushka-size-70h70-sm,decorative_pillow,master_catalog
546,KD-PD-9057,Подушка Эвкалипт,null,50х70 см,https://kultura-doma.ru/public/src/images/gallery/catalog/6a574e87025ff_big.jpg,null,null,50 см,70 см,null,null,null,эвкалипт,null,null,null,null,196,https://kultura-doma.ru/product/podushka-nega,decorative_pillow,master_catalog
547,KD-PD-9060,Подушка Эвкалипт: 70х70 см,null,70х70 см,https://kultura-doma.ru/public/src/images/gallery/catalog/6a574e87025ff_big.jpg,null,null,70 см,70 см,null,null,null,эвкалипт,null,null,null,null,196-396,https://kultura-doma.ru/product/podushka-nega-size-70h70-sm,decorative_pillow,master_catalog
548,KD-PD-10684,Покрывало Доминико,бежевый,240х260 см,https://kultura-doma.ru/public/src/images/gallery/catalog/6a5f7eed4a39c_big.jpg,https://kultura-doma.ru/public/src/images/gallery/catalog/69e61eee5ad4f_big.jpg,https://kultura-doma.ru/public/src/images/gallery/catalog/6a5f7eed8f07a_big.jpg,240 см,260 см,null,null,null,велюр,null,null,null,null,1441,https://kultura-doma.ru/product/pokryvalo-dominiko,other,master_catalog
549,KD-PD-12219,Покрывало Пиктограммы,бежевый,240х260 см,https://kultura-doma.ru/public/src/images/gallery/catalog/6a26d3ca1d58a_big.jpg,https://kultura-doma.ru/public/src/images/gallery/catalog/6a140439d485f_big.jpg,https://kultura-doma.ru/public/src/images/gallery/catalog/6a26d3c98cc06_big.jpg,null,null,null,null,null,бархат,null,null,null,null,1786,https://kultura-doma.ru/product/pokryvalo-piktogrammy,throw,master_catalog
550,KD-PD-12221,Покрывало Пиктограммы,коричневый,240х260 см,https://kultura-doma.ru/public/src/images/gallery/catalog/6a5741d2669d7_big.jpg,https://kultura-doma.ru/public/src/images/gallery/catalog/6a14042e8b643_big.jpg,https://kultura-doma.ru/public/src/images/gallery/catalog/6a14042ca80b8_big.jpg,null,null,null,null,null,бархат,null,null,null,null,1788,https://kultura-doma.ru/product/pokryvalo-piktogrammy-1788,throw,master_catalog
551,KD-PD-9497,Полотенце Зефир,голубой,30х70 см,https://kultura-doma.ru/public/src/images/gallery/catalog/6a5f8358a2865_big.jpg,https://kultura-doma.ru/public/src/images/gallery/catalog/6a5f835690a13_big.jpg,https://kultura-doma.ru/public/src/images/gallery/catalog/6a5f8358e628d_big.jpg,30 см,70 см,null,null,null,махровая ткань,null,null,null,null,709,https://kultura-doma.ru/product/polotence-zefir,other,master_catalog
552,KD-PD-9498,Полотенце Зефир,розовый,30х70 см,https://kultura-doma.ru/public/src/images/gallery/catalog/686d29f7d7de4_big.jpg,https://kultura-doma.ru/public/src/images/gallery/catalog/6a5f837a38e7f_big.jpg,https://kultura-doma.ru/public/src/images/gallery/catalog/6a5f837bbeb9a_big.jpg,30 см,70 см,null,null,null,махровая ткань,null,null,null,null,710,https://kultura-doma.ru/product/polotence-zefir-710,other,master_catalog
553,KD-PD-9499,Полотенце Зефир,розовый,30х70 см,https://kultura-doma.ru/public/src/images/gallery/catalog/686d29b83fb19_big.jpg,https://kultura-doma.ru/public/src/images/gallery/catalog/6a5f83a84c91b_big.jpg,https://kultura-doma.ru/public/src/images/gallery/catalog/6a5f83a99591f_big.jpg,30 см,70 см,null,null,null,махровая ткань,null,null,null,null,711,https://kultura-doma.ru/product/polotence-zefir-711,other,master_catalog
554,KD-PD-9500,Полотенце Зефир,зеленый,30х70 см,https://kultura-doma.ru/public/src/images/gallery/catalog/6a5f83ed2b195_big.jpg,https://kultura-doma.ru/public/src/images/gallery/catalog/6a5f83ecccea2_big.jpg,https://kultura-doma.ru/public/src/images/gallery/catalog/6a5f83edc370d_big.jpg,30 см,70 см,null,null,null,махровая ткань,null,null,null,null,713,https://kultura-doma.ru/product/polotence-zefir-713,other,master_catalog
555,KD-PD-9501,Полотенце Зефир,лавандовый,30х70 см,https://kultura-doma.ru/public/src/images/gallery/catalog/6a5f83c64e317_big.jpg,https://kultura-doma.ru/public/src/images/gallery/catalog/6a5f83c5e75af_big.jpg,https://kultura-doma.ru/public/src/images/gallery/catalog/6a5f83c6d0245_big.jpg,30 см,70 см,null,null,null,махровая ткань,null,null,null,null,712,https://kultura-doma.ru/product/polotence-zefir-712,other,master_catalog
556,KD-PD-9502,Полотенце Зефир: 50х90 см,голубой,50х90 см,https://kultura-doma.ru/public/src/images/gallery/catalog/6a5f8358a2865_big.jpg,https://kultura-doma.ru/public/src/images/gallery/catalog/6a5f835690a13_big.jpg,https://kultura-doma.ru/public/src/images/gallery/catalog/6a5f8358e628d_big.jpg,50 см,90 см,null,null,null,махровая ткань,null,null,null,null,709-781,https://kultura-doma.ru/product/polotence-zefir-size-50h90-sm,other,master_catalog
557,KD-PD-9503,Полотенце Зефир: 50х90 см,розовый,50х90 см,https://kultura-doma.ru/public/src/images/gallery/catalog/686d29f7d7de4_big.jpg,https://kultura-doma.ru/public/src/images/gallery/catalog/6a5f837a38e7f_big.jpg,https://kultura-doma.ru/public/src/images/gallery/catalog/6a5f837bbeb9a_big.jpg,50 см,90 см,null,null,null,махровая ткань,null,null,null,null,710-782,https://kultura-doma.ru/product/polotence-zefir-710-size-50h90-sm,other,master_catalog
558,KD-PD-9504,Полотенце Зефир: 50х90 см,розовый,50х90 см,https://kultura-doma.ru/public/src/images/gallery/catalog/686d29b83fb19_big.jpg,https://kultura-doma.ru/public/src/images/gallery/catalog/6a5f83a84c91b_big.jpg,https://kultura-doma.ru/public/src/images/gallery/catalog/6a5f83a99591f_big.jpg,50 см,90 см,null,null,null,махровая ткань,null,null,null,null,711-783,https://kultura-doma.ru/product/polotence-zefir-711-size-50h90-sm,other,master_catalog
559,KD-PD-9505,Полотенце Зефир: 50х90 см,зеленый,50х90 см,https://kultura-doma.ru/public/src/images/gallery/catalog/6a5f83ed2b195_big.jpg,https://kultura-doma.ru/public/src/images/gallery/catalog/6a5f83ecccea2_big.jpg,https://kultura-doma.ru/public/src/images/gallery/catalog/6a5f83edc370d_big.jpg,50 см,90 см,null,null,null,махровая ткань,null,null,null,null,713-785,https://kultura-doma.ru/product/polotence-zefir-713-size-50h90-sm,other,master_catalog
560,KD-PD-9506,Полотенце Зефир: 50х90 см,лавандовый,50х90 см,https://kultura-doma.ru/public/src/images/gallery/catalog/6a5f83c64e317_big.jpg,https://kultura-doma.ru/public/src/images/gallery/catalog/6a5f83c5e75af_big.jpg,https://kultura-doma.ru/public/src/images/gallery/catalog/6a5f83c6d0245_big.jpg,50 см,90 см,null,null,null,махровая ткань,null,null,null,null,712-784,https://kultura-doma.ru/product/polotence-zefir-712-size-50h90-sm,other,master_catalog
561,KD-PD-9507,Полотенце Зефир: 70х140 см,голубой,70х140 см,https://kultura-doma.ru/public/src/images/gallery/catalog/6a5f8358a2865_big.jpg,https://kultura-doma.ru/public/src/images/gallery/catalog/6a5f835690a13_big.jpg,https://kultura-doma.ru/public/src/images/gallery/catalog/6a5f8358e628d_big.jpg,70 см,140 см,null,null,null,махровая ткань,null,null,null,null,709-786,https://kultura-doma.ru/product/polotence-zefir-size-70h140-sm,other,master_catalog
562,KD-PD-9508,Полотенце Зефир: 70х140 см,розовый,70х140 см,https://kultura-doma.ru/public/src/images/gallery/catalog/686d29f7d7de4_big.jpg,https://kultura-doma.ru/public/src/images/gallery/catalog/6a5f837a38e7f_big.jpg,https://kultura-doma.ru/public/src/images/gallery/catalog/6a5f837bbeb9a_big.jpg,70 см,140 см,null,null,null,махровая ткань,null,null,null,null,710-787,https://kultura-doma.ru/product/polotence-zefir-710-size-70h140-sm,other,master_catalog
563,KD-PD-9509,Полотенце Зефир: 70х140 см,розовый,70х140 см,https://kultura-doma.ru/public/src/images/gallery/catalog/686d29b83fb19_big.jpg,https://kultura-doma.ru/public/src/images/gallery/catalog/6a5f83a84c91b_big.jpg,https://kultura-doma.ru/public/src/images/gallery/catalog/6a5f83a99591f_big.jpg,70 см,140 см,null,null,null,махровая ткань,null,null,null,null,711-788,https://kultura-doma.ru/product/polotence-zefir-711-size-70h140-sm,other,master_catalog
564,KD-PD-9510,Полотенце Зефир: 70х140 см,зеленый,70х140 см,https://kultura-doma.ru/public/src/images/gallery/catalog/6a5f83ed2b195_big.jpg,https://kultura-doma.ru/public/src/images/gallery/catalog/6a5f83ecccea2_big.jpg,https://kultura-doma.ru/public/src/images/gallery/catalog/6a5f83edc370d_big.jpg,70 см,140 см,null,null,null,махровая ткань,null,null,null,null,713-790,https://kultura-doma.ru/product/polotence-zefir-713-size-70h140-sm,other,master_catalog
565,KD-PD-9511,Полотенце Зефир: 70х140 см,лавандовый,70х140 см,https://kultura-doma.ru/public/src/images/gallery/catalog/6a5f83c64e317_big.jpg,https://kultura-doma.ru/public/src/images/gallery/catalog/6a5f83c5e75af_big.jpg,https://kultura-doma.ru/public/src/images/gallery/catalog/6a5f83c6d0245_big.jpg,70 см,140 см,null,null,null,махровая ткань,null,null,null,null,712-789,https://kultura-doma.ru/product/polotence-zefir-712-size-70h140-sm,other,master_catalog
566,KD-PD-9469,Полотенце Облако,белый,50х90 см,https://kultura-doma.ru/public/src/images/gallery/catalog/6a5f87b57d5b1_big.jpg,https://kultura-doma.ru/public/src/images/gallery/catalog/6a5f87b52687e_big.jpg,https://kultura-doma.ru/public/src/images/gallery/catalog/6a5f87b5bf25c_big.jpg,50 см,90 см,null,null,null,махровая ткань,null,null,null,null,723,https://kultura-doma.ru/product/polotence-oblako-723,other,master_catalog
567,KD-PD-9470,Полотенце Облако,белый,50х90 см,https://kultura-doma.ru/public/src/images/gallery/catalog/6a5f8796d68b2_big.jpg,https://kultura-doma.ru/public/src/images/gallery/catalog/6a5f8796394a5_big.jpg,https://kultura-doma.ru/public/src/images/gallery/catalog/6a5f8797713c9_big.jpg,50 см,90 см,null,null,null,махровая ткань,null,null,null,null,722,https://kultura-doma.ru/product/polotence-oblako,other,master_catalog
568,KD-PD-9471,Полотенце Облако,белый,50х90 см,https://kultura-doma.ru/public/src/images/gallery/catalog/6a5f87d014c47_big.jpg,https://kultura-doma.ru/public/src/images/gallery/catalog/6a5f87cf5e243_big.jpg,https://kultura-doma.ru/public/src/images/gallery/catalog/6a5f87d0699da_big.jpg,50 см,90 см,null,null,null,махровая ткань,null,null,null,null,724,https://kultura-doma.ru/product/polotence-oblako-724,other,master_catalog
569,KD-PD-9472,Полотенце Облако: 70х140 см,белый,70х140 см,https://kultura-doma.ru/public/src/images/gallery/catalog/6a5f87b57d5b1_big.jpg,https://kultura-doma.ru/public/src/images/gallery/catalog/6a5f87b52687e_big.jpg,https://kultura-doma.ru/public/src/images/gallery/catalog/6a5f87b5bf25c_big.jpg,70 см,140 см,null,null,null,махровая ткань,null,null,null,null,723-811,https://kultura-doma.ru/product/polotence-oblako-723-size-70h140-sm,other,master_catalog
570,KD-PD-9473,Полотенце Облако: 70х140 см,белый,70х140 см,https://kultura-doma.ru/public/src/images/gallery/catalog/6a5f8796d68b2_big.jpg,https://kultura-doma.ru/public/src/images/gallery/catalog/6a5f8796394a5_big.jpg,https://kultura-doma.ru/public/src/images/gallery/catalog/6a5f8797713c9_big.jpg,70 см,140 см,null,null,null,махровая ткань,null,null,null,null,722-810,https://kultura-doma.ru/product/polotence-oblako-size-70h140-sm,other,master_catalog
571,KD-PD-9474,Полотенце Облако: 70х140 см,белый,70х140 см,https://kultura-doma.ru/public/src/images/gallery/catalog/6a5f87d014c47_big.jpg,https://kultura-doma.ru/public/src/images/gallery/catalog/6a5f87cf5e243_big.jpg,https://kultura-doma.ru/public/src/images/gallery/catalog/6a5f87d0699da_big.jpg,70 см,140 см,null,null,null,махровая ткань,null,null,null,null,724-812,https://kultura-doma.ru/product/polotence-oblako-724-size-70h140-sm,other,master_catalog
572,KD-PD-9475,Полотенце Ода,белый,50х90 см,https://kultura-doma.ru/public/src/images/gallery/catalog/6a5f84c0dc1a8_big.jpg,https://kultura-doma.ru/public/src/images/gallery/catalog/6a5f84c13b078_big.jpg,https://kultura-doma.ru/public/src/images/gallery/catalog/6a5f84c183201_big.jpg,50 см,90 см,null,null,null,махровая ткань,null,null,null,null,707,https://kultura-doma.ru/product/polotence-oda-707,other,master_catalog
573,KD-PD-9476,Полотенце Ода,серый,50х90 см,https://kultura-doma.ru/public/src/images/gallery/catalog/6a5f84e2ad834_big.jpg,https://kultura-doma.ru/public/src/images/gallery/catalog/6a5f84e2487c9_big.jpg,https://kultura-doma.ru/public/src/images/gallery/catalog/6a5f84e3237fd_big.jpg,50 см,90 см,null,null,null,махровая ткань,null,null,null,null,708,https://kultura-doma.ru/product/polotence-oda-708,other,master_catalog
574,KD-PD-9477,Полотенце Ода,голубой,50х90 см,https://kultura-doma.ru/public/src/images/gallery/catalog/6a47c8fd1f47b_big.jpg,https://kultura-doma.ru/public/src/images/gallery/catalog/6a47c8fca5cf1_big.jpg,https://kultura-doma.ru/public/src/images/gallery/catalog/6a47c8fd9d93e_big.jpg,50 см,90 см,null,null,null,махровая ткань,null,null,null,null,706,https://kultura-doma.ru/product/polotence-oda,other,master_catalog
575,KD-PD-9478,Полотенце Ода: 70х140 см,белый,70х140 см,https://kultura-doma.ru/public/src/images/gallery/catalog/6a5f84c0dc1a8_big.jpg,https://kultura-doma.ru/public/src/images/gallery/catalog/6a5f84c13b078_big.jpg,https://kultura-doma.ru/public/src/images/gallery/catalog/6a5f84c183201_big.jpg,70 см,140 см,null,null,null,махровая ткань,null,null,null,null,707-773,https://kultura-doma.ru/product/polotence-oda-707-size-70h140-sm,other,master_catalog
576,KD-PD-9479,Полотенце Ода: 70х140 см,серый,70х140 см,https://kultura-doma.ru/public/src/images/gallery/catalog/6a5f84e2ad834_big.jpg,https://kultura-doma.ru/public/src/images/gallery/catalog/6a5f84e2487c9_big.jpg,https://kultura-doma.ru/public/src/images/gallery/catalog/6a5f84e3237fd_big.jpg,70 см,140 см,null,null,null,махровая ткань,null,null,null,null,708-775,https://kultura-doma.ru/product/polotence-oda-708-size-70h140-sm,other,master_catalog
577,KD-PD-9480,Полотенце Ода: 70х140 см,голубой,70х140 см,https://kultura-doma.ru/public/src/images/gallery/catalog/6a47c8fd1f47b_big.jpg,https://kultura-doma.ru/public/src/images/gallery/catalog/6a47c8fca5cf1_big.jpg,https://kultura-doma.ru/public/src/images/gallery/catalog/6a47c8fd9d93e_big.jpg,70 см,140 см,null,null,null,махровая ткань,null,null,null,null,706-774,https://kultura-doma.ru/product/polotence-oda-size-70h140-sm,other,master_catalog
578,KD-PD-9491,Полотенце Пломбир,белый,50х90 см,https://kultura-doma.ru/public/src/images/gallery/catalog/687e5aac403cb_big.jpg,https://kultura-doma.ru/public/src/images/gallery/catalog/6a5f8548aaf9d_big.jpg,https://kultura-doma.ru/public/src/images/gallery/catalog/6a5f854c68619_big.jpg,50 см,90 см,null,null,null,махровая ткань,null,null,null,null,717,https://kultura-doma.ru/product/polotence-plombir-717,other,master_catalog
579,KD-PD-9492,Полотенце Пломбир,бежевый,50х90 см,https://kultura-doma.ru/public/src/images/gallery/catalog/687e5a93d7e16_big.jpg,https://kultura-doma.ru/public/src/images/gallery/catalog/6a5f852bae614_big.jpg,https://kultura-doma.ru/public/src/images/gallery/catalog/6a5f852b59ac9_big.jpg,50 см,90 см,null,null,null,махровая ткань,null,null,null,null,716,https://kultura-doma.ru/product/polotence-plombir,other,master_catalog
580,KD-PD-9493,Полотенце Пломбир,коричневый,50х90 см,https://kultura-doma.ru/public/src/images/gallery/catalog/687e5ac64496b_big.jpg,https://kultura-doma.ru/public/src/images/gallery/catalog/6a5f85698931a_big.jpg,https://kultura-doma.ru/public/src/images/gallery/catalog/69df437038147_big.jpg,50 см,90 см,null,null,null,махровая ткань,null,null,null,null,718,https://kultura-doma.ru/product/polotence-plombir-718,other,master_catalog
581,KD-PD-9494,Полотенце Пломбир: 70х140 см,белый,70х140 см,https://kultura-doma.ru/public/src/images/gallery/catalog/687e5aac403cb_big.jpg,https://kultura-doma.ru/public/src/images/gallery/catalog/6a5f8548aaf9d_big.jpg,https://kultura-doma.ru/public/src/images/gallery/catalog/6a5f854c68619_big.jpg,70 см,140 см,null,null,null,махровая ткань,null,null,null,null,717-799,https://kultura-doma.ru/product/polotence-plombir-717-size-70h140-sm,other,master_catalog
582,KD-PD-9495,Полотенце Пломбир: 70х140 см,бежевый,70х140 см,https://kultura-doma.ru/public/src/images/gallery/catalog/687e5a93d7e16_big.jpg,https://kultura-doma.ru/public/src/images/gallery/catalog/6a5f852bae614_big.jpg,https://kultura-doma.ru/public/src/images/gallery/catalog/6a5f852b59ac9_big.jpg,70 см,140 см,null,null,null,махровая ткань,null,null,null,null,716-798,https://kultura-doma.ru/product/polotence-plombir-size-70h140-sm,other,master_catalog
583,KD-PD-9496,Полотенце Пломбир: 70х140 см,коричневый,70х140 см,https://kultura-doma.ru/public/src/images/gallery/catalog/687e5ac64496b_big.jpg,https://kultura-doma.ru/public/src/images/gallery/catalog/6a5f85698931a_big.jpg,https://kultura-doma.ru/public/src/images/gallery/catalog/69df437038147_big.jpg,70 см,140 см,null,null,null,махровая ткань,null,null,null,null,718-800,https://kultura-doma.ru/product/polotence-plombir-718-size-70h140-sm,other,master_catalog
584,KD-PD-9481,Полотенце Элегия,белый,50х90 см,https://kultura-doma.ru/public/src/images/gallery/catalog/6a5f85c11aee7_big.jpg,https://kultura-doma.ru/public/src/images/gallery/catalog/68f0c1e504157_big.jpg,https://kultura-doma.ru/public/src/images/gallery/catalog/6a5f85c16b524_big.jpg,50 см,90 см,null,null,null,махровая ткань,null,null,null,null,720,https://kultura-doma.ru/product/polotence-elegiya-720,other,master_catalog
585,KD-PD-9482,Полотенце Элегия,белый,50х90 см,https://kultura-doma.ru/public/src/images/gallery/catalog/686d284bacc7f_big.jpg,https://kultura-doma.ru/public/src/images/gallery/catalog/6a5f85a559125_big.jpg,https://kultura-doma.ru/public/src/images/gallery/catalog/6a5f85a5cf422_big.jpg,50 см,90 см,null,null,null,махровая ткань,null,null,null,null,719,https://kultura-doma.ru/product/polotence-elegiya,other,master_catalog
586,KD-PD-9483,Полотенце Элегия,белый,50х90 см,https://kultura-doma.ru/public/src/images/gallery/catalog/686d270bc1a23_big.jpg,https://kultura-doma.ru/public/src/images/gallery/catalog/6a5f85deaa378_big.jpg,https://kultura-doma.ru/public/src/images/gallery/catalog/6a5f85df50e6a_big.jpg,50 см,90 см,null,null,null,махровая ткань,null,null,null,null,721,https://kultura-doma.ru/product/polotence-elegiya-721,other,master_catalog
587,KD-PD-9484,Полотенце Элегия: 70х140 см,белый,70х140 см,https://kultura-doma.ru/public/src/images/gallery/catalog/6a5f85c11aee7_big.jpg,https://kultura-doma.ru/public/src/images/gallery/catalog/68f0c1e504157_big.jpg,https://kultura-doma.ru/public/src/images/gallery/catalog/6a5f85c16b524_big.jpg,70 см,140 см,null,null,null,махровая ткань,null,null,null,null,720-805,https://kultura-doma.ru/product/polotence-elegiya-720-size-70h140-sm,other,master_catalog
588,KD-PD-9485,Полотенце Элегия: 70х140 см,белый,70х140 см,https://kultura-doma.ru/public/src/images/gallery/catalog/686d284bacc7f_big.jpg,https://kultura-doma.ru/public/src/images/gallery/catalog/6a5f85a559125_big.jpg,https://kultura-doma.ru/public/src/images/gallery/catalog/6a5f85a5cf422_big.jpg,70 см,140 см,null,null,null,махровая ткань,null,null,null,null,719-804,https://kultura-doma.ru/product/polotence-elegiya-size-70h140-sm,other,master_catalog
589,KD-PD-9486,Полотенце Элегия: 70х140 см,белый,70х140 см,https://kultura-doma.ru/public/src/images/gallery/catalog/686d270bc1a23_big.jpg,https://kultura-doma.ru/public/src/images/gallery/catalog/6a5f85deaa378_big.jpg,https://kultura-doma.ru/public/src/images/gallery/catalog/6a5f85df50e6a_big.jpg,70 см,140 см,null,null,null,махровая ткань,null,null,null,null,721-806,https://kultura-doma.ru/product/polotence-elegiya-721-size-70h140-sm,other,master_catalog
590,KD-PD-10917,Розетка для варенья Весенний сад,белый,null,https://kultura-doma.ru/public/src/images/gallery/catalog/6a3a85f4984b9_big.jpg,https://kultura-doma.ru/public/src/images/gallery/catalog/69a6eb47800d8_big.jpg,https://kultura-doma.ru/public/src/images/gallery/catalog/6a3a85f4dfa45_big.jpg,null,null,30 мл,null,null,фарфор,100% фарфор,null,null,null,1633,https://kultura-doma.ru/product/rozetka-dlya-varen-ya-vesenniy-sad,other,master_catalog
591,KD-PD-8787,Ручка шариковая Купель латунь с покрытием никель золотистая,золотой,"14х1,5 см",https://kultura-doma.ru/public/src/images/gallery/catalog/686e87220053e_big.jpg,https://kultura-doma.ru/public/src/images/gallery/catalog/686e8722d61db_big.jpg,https://kultura-doma.ru/public/src/images/gallery/catalog/686e87214115d_big.jpg,14 см,"1,5 см",null,null,null,латунь,null,null,null,null,818,https://kultura-doma.ru/product/ruchka-sharikovaya-kupel,other,master_catalog
592,KD-PD-8788,Ручка шариковая Купель латунь с покрытием никель серебристая,null,"14х1,5 см",https://kultura-doma.ru/public/src/images/gallery/catalog/686e872505645_big.jpg,https://kultura-doma.ru/public/src/images/gallery/catalog/686e87244b670_big.jpg,https://kultura-doma.ru/public/src/images/gallery/catalog/686e8725d99f2_big.jpg,14 см,"1,5 см",null,null,null,латунь,null,null,null,null,819,https://kultura-doma.ru/product/ruchka-sharikovaya-kupel-819,other,master_catalog
593,KD-PD-10773,Ручка шариковая Купель с орнаментом латунь с покрытием никель золотистая,золотой,"14х1,5 см",https://kultura-doma.ru/public/src/images/gallery/catalog/6905fcdfa0e38_big.jpg,https://kultura-doma.ru/public/src/images/gallery/catalog/691b2d3479831_big.jpg,https://kultura-doma.ru/public/src/images/gallery/catalog/6906167fe6210_big.jpg,14 см,"1,5 см",null,null,null,латунь,null,null,null,null,1299,https://kultura-doma.ru/product/ruchka-sharikovaya-kupel-1299,other,master_catalog
594,KD-PD-10774,Ручка шариковая Купель с орнаментом латунь с покрытием никель серебристая,серебряный,"14х1,5 см",https://kultura-doma.ru/public/src/images/gallery/catalog/690c4168c842e_big.jpg,https://kultura-doma.ru/public/src/images/gallery/catalog/691b2d1b31cb8_big.jpg,https://kultura-doma.ru/public/src/images/gallery/catalog/6906167e006b0_big.jpg,14 см,"1,5 см",null,null,null,латунь,null,null,null,null,1300,https://kultura-doma.ru/product/ruchka-sharikovaya-kupel-1300,other,master_catalog
595,KD-PD-9994,Салатник большой Ботаника,белый,null,https://kultura-doma.ru/public/src/images/gallery/catalog/687df77243fc0_big.jpg,https://kultura-doma.ru/public/src/images/gallery/catalog/6a50b02ecb33d_big.jpg,https://kultura-doma.ru/public/src/images/gallery/catalog/6a50b02e7c48a_big.jpg,null,null,1000 мл,null,Салатник 1 шт,фарфор,100% фарфор,null,null,null,1124,https://kultura-doma.ru/product/salatnik-bol-shoy-botanika,salad_bowl,master_catalog
596,KD-PD-9727,Салатник большой Русское поле,белый,23 см,https://kultura-doma.ru/public/src/images/gallery/catalog/69649b8075491_big.jpg,https://kultura-doma.ru/public/src/images/gallery/catalog/6a50b0722ef33_big.jpg,https://kultura-doma.ru/public/src/images/gallery/catalog/6a50b071972b5_big.jpg,null,null,1000 мл,23 см,Салатник 1 шт,фарфор,100% фарфор,null,null,null,299,https://kultura-doma.ru/product/salatnik-bol-shoy-russkoe-pole,salad_bowl,master_catalog
597,KD-PD-10915,Салатник Весенний сад,белый,null,https://kultura-doma.ru/public/src/images/gallery/catalog/6a50b0d530a49_big.jpg,https://kultura-doma.ru/public/src/images/gallery/catalog/69a6ea8164b69_big.jpg,https://kultura-doma.ru/public/src/images/gallery/catalog/6a50b0d5741ff_big.jpg,null,null,1000 мл,null,Салатник 1 шт,фарфор,100% фарфор,null,null,null,1634,https://kultura-doma.ru/product/salatnik-vesenniy-sad,salad_bowl,master_catalog
598,KD-PD-10916,Салатник Весенний сад,белый,null,https://kultura-doma.ru/public/src/images/gallery/catalog/6a3a860658c9d_big.jpg,https://kultura-doma.ru/public/src/images/gallery/catalog/69a6ea9c833bf_big.jpg,https://kultura-doma.ru/public/src/images/gallery/catalog/6a3a86060c163_big.jpg,null,null,700 мл,null,Салатник 1 шт,фарфор,100% фарфор,null,null,null,1635,https://kultura-doma.ru/product/salatnik-vesenniy-sad-1635,salad_bowl,master_catalog
599,KD-PD-9728,Салатник малый Русское поле,белый,null,https://kultura-doma.ru/public/src/images/gallery/catalog/687e4554185a4_big.jpg,https://kultura-doma.ru/public/src/images/gallery/catalog/68cd42945f802_big.jpg,https://kultura-doma.ru/public/src/images/gallery/catalog/6a3a85fe5faa8_big.jpg,null,null,null,null,Салатник 1 шт,фарфор,100% фарфор,null,null,null,300,https://kultura-doma.ru/product/salatnik-malyy-russkoe-pole,salad_bowl,master_catalog
600,KD-PD-7833,Салатник Облачные фантазии,белый,null,https://kultura-doma.ru/public/src/images/gallery/catalog/6a3a863180c47_big.jpg,https://kultura-doma.ru/public/src/images/gallery/catalog/6a3a862fd922c_big.jpg,https://kultura-doma.ru/public/src/images/gallery/catalog/6a3a86310ff84_big.jpg,null,null,null,null,Салатник 1 шт,бисквитный фарфор,null,null,null,null,12,https://kultura-doma.ru/product/salatnik-oblachnye-fantazii,salad_bowl,master_catalog
601,KD-PD-9993,Салатник порционный Ботаника,белый,null,https://kultura-doma.ru/public/src/images/gallery/catalog/687df752c80f6_big.jpg,https://kultura-doma.ru/public/src/images/gallery/catalog/6a3a85f782366_big.jpg,https://kultura-doma.ru/public/src/images/gallery/catalog/6a3a85f6f3ff5_big.jpg,null,null,300 мл,null,Салатник 1 шт,фарфор,100% фарфор,null,null,null,1123,https://kultura-doma.ru/product/salatnik-porcionnyy-botanika,salad_bowl,master_catalog
602,KD-PD-9369,Салфетка Белый пион,белый,45х45 см,https://kultura-doma.ru/public/src/images/gallery/catalog/6a43d8b1db6ac_big.jpg,null,null,45 см,45 см,null,null,null,лён,100% лен,null,null,null,1750,https://kultura-doma.ru/product/salfetka-belyy-pion,napkin,master_catalog
603,KD-PD-10105,Салфетка Браслет,белый,45х45 см,https://kultura-doma.ru/public/src/images/gallery/catalog/6a43d46a18ce8_big.jpg,https://kultura-doma.ru/public/src/images/gallery/catalog/69c2a573b6cdf_big.jpg,null,45 см,45 см,null,null,null,лён,100% лен,null,null,null,1485,https://kultura-doma.ru/product/salfetka-braslet-45h45-sm,napkin,master_catalog
604,KD-PD-11191,Салфетка Венец,белый,45х45 см,https://kultura-doma.ru/public/src/images/gallery/catalog/6a43d54c2709d_big.jpg,https://kultura-doma.ru/public/src/images/gallery/catalog/69c2a413099ae_big.jpg,null,45 см,45 см,null,null,null,лён,100% лен,null,null,null,1651,https://kultura-doma.ru/product/salfetka-venec,napkin,master_catalog
605,KD-PD-10588,Салфетка Дворцы России,белый,45х45 см,https://kultura-doma.ru/public/src/images/gallery/catalog/6a4519232c07c_big.jpg,https://kultura-doma.ru/public/src/images/gallery/catalog/69b13337885f4_big.jpg,null,45 см,45 см,null,null,null,сатин,100% сатин,null,null,null,1658,https://kultura-doma.ru/product/salfetka-dvorcy-rossii,napkin,master_catalog
606,KD-PD-12052,Салфетка Кружево,белый,40х40 см,https://kultura-doma.ru/public/src/images/gallery/catalog/6a427feb6e479_big.jpg,https://kultura-doma.ru/public/src/images/gallery/catalog/6a1402c80e5f3_big.jpg,https://kultura-doma.ru/public/src/images/gallery/catalog/6a1402c99023d_big.jpg,40 см,40 см,null,null,null,сатин,100% сатин,Кружево,null,null,1785,https://kultura-doma.ru/product/salfetka-kruzhevo-1785,napkin,master_catalog
607,KD-PD-11121,Салфетка Лебедушка,белый,45х45 см,https://kultura-doma.ru/public/src/images/gallery/catalog/6a43d759a2d94_big.jpg,https://kultura-doma.ru/public/src/images/gallery/catalog/69b12ffca388d_big.jpg,null,45 см,45 см,null,null,null,сатин,100% сатин,null,null,null,1663,https://kultura-doma.ru/product/salfetka-lebedushka-1663,napkin,master_catalog
608,KD-PD-7232,Салфетка Одуванчик,бежевый,33х33 см,https://kultura-doma.ru/public/src/images/gallery/catalog/6a43ca9bf3ee5_big.jpg,https://kultura-doma.ru/public/src/images/gallery/catalog/68f09c6f4ee0f_big.jpg,https://kultura-doma.ru/public/src/images/gallery/catalog/6a43ca9ca0aa8_big.jpg,33 см,33 см,null,null,null,искусственный лен,null,null,null,null,570,https://kultura-doma.ru/product/salfetka-letniy-veterok,napkin,master_catalog
609,KD-PD-7236,Салфетка Фейерверк,белый,45х45 см,https://kultura-doma.ru/public/src/images/gallery/catalog/6a4286efd6a8c_big.jpg,https://kultura-doma.ru/public/src/images/gallery/catalog/68b02567f1b4d_big.jpg,https://kultura-doma.ru/public/src/images/gallery/catalog/6a4286efc0f91_big.jpg,45 см,45 см,null,null,null,сатин,100% сатин,null,null,null,571,https://kultura-doma.ru/product/salfetka-feyerverk,napkin,master_catalog
610,KD-PD-12246,Салфетка Цветущий сад,белый,41х41 см,https://kultura-doma.ru/public/src/images/gallery/catalog/6a4281b32e784_big.jpg,https://kultura-doma.ru/public/src/images/gallery/catalog/6a27de519c254_big.jpg,https://kultura-doma.ru/public/src/images/gallery/catalog/6a27de4347041_big.jpg,41 см,41 см,null,null,null,лён,100% лен,null,null,null,1839,https://kultura-doma.ru/product/salfetka-cvetuschiy-sad,napkin,master_catalog
611,KD-PD-12247,Салфетка Цветущий сад,белый,41х41 см,https://kultura-doma.ru/public/src/images/gallery/catalog/6a4282eb0e200_big.jpg,https://kultura-doma.ru/public/src/images/gallery/catalog/6a27dee231f9d_big.jpg,https://kultura-doma.ru/public/src/images/gallery/catalog/6a27def11561a_big.jpg,41 см,41 см,null,null,null,лён,100% лен,null,null,null,1841,https://kultura-doma.ru/product/salfetka-cvetuschiy-sad-1841,napkin,master_catalog
612,KD-PD-12248,Салфетка Цветущий сад,белый,45х45 см,https://kultura-doma.ru/public/src/images/gallery/catalog/6a4282680b89d_big.jpg,https://kultura-doma.ru/public/src/images/gallery/catalog/6a27de890664f_big.jpg,null,45 см,45 см,null,null,null,сатин,100% сатин,null,null,null,1840,https://kultura-doma.ru/product/salfetka-cvetuschiy-sad-1840,napkin,master_catalog
613,KD-PD-11613,Салфетки Любовь,белый,45х45 см,https://kultura-doma.ru/public/src/images/gallery/catalog/6a42845149b26_big.jpg,https://kultura-doma.ru/public/src/images/gallery/catalog/698f3c6463205_big.jpg,null,45 см,45 см,null,null,null,сатин,100% сатин,null,null,null,1523,https://kultura-doma.ru/product/salfetki-s-vyshivkoy-lyubov,napkin,master_catalog
614,KD-PD-11614,Салфетки Нежность,белый,45х45 см,https://kultura-doma.ru/public/src/images/gallery/catalog/6a4284b67ce7a_big.jpg,null,null,45 см,45 см,null,null,null,сатин,100% сатин,null,null,null,1524,https://kultura-doma.ru/product/salfetki-s-vyshivkoy-nezhnost,napkin,master_catalog
615,KD-PD-7231,Салфетки Пионы,белый,45х45 см,https://kultura-doma.ru/public/src/images/gallery/catalog/6a43ca320853f_big.jpg,https://kultura-doma.ru/public/src/images/gallery/catalog/6a43ca33a7b56_big.jpg,https://kultura-doma.ru/public/src/images/gallery/catalog/6a43ca3337c75_big.jpg,45 см,45 см,null,null,null,сатин,100% сатин,null,null,null,569,https://kultura-doma.ru/product/dorozhka-piony-569,napkin,master_catalog
616,KD-PD-11615,Салфетки Преданность,белый,45х45 см,https://kultura-doma.ru/public/src/images/gallery/catalog/6a42850ebee3f_big.jpg,https://kultura-doma.ru/public/src/images/gallery/catalog/698f3c45dd5e3_big.jpg,null,45 см,45 см,null,null,null,сатин,100% сатин,null,null,null,1525,https://kultura-doma.ru/product/salfetki-s-vyshivkoy-predannost,napkin,master_catalog
617,KD-PD-8516,Салфетница Купель,null,16х9 см,https://kultura-doma.ru/public/src/images/gallery/catalog/69f07470be818_big.jpg,https://kultura-doma.ru/public/src/images/gallery/catalog/69f0747082a09_big.jpg,https://kultura-doma.ru/public/src/images/gallery/catalog/69f074711923d_big.jpg,16 см,9 см,null,null,null,латунь,null,null,null,null,271,https://kultura-doma.ru/product/salfetnica-kupel,napkin,master_catalog
618,KD-PD-9870,Сахарница Ботаника,белый,null,https://kultura-doma.ru/public/src/images/gallery/catalog/687a56fed16bd_big.jpg,https://kultura-doma.ru/public/src/images/gallery/catalog/6a394ac5bc22c_big.jpg,https://kultura-doma.ru/public/src/images/gallery/catalog/6a394ac5845bf_big.jpg,null,null,380 мл,null,Сахарница 1 шт,фарфор,100% фарфор,null,null,null,1119,https://kultura-doma.ru/product/saharnica-botanika,sugar_bowl,master_catalog
619,KD-PD-10924,Сахарница Весенний сад,белый,null,https://kultura-doma.ru/public/src/images/gallery/catalog/6a394addd5f16_big.jpg,https://kultura-doma.ru/public/src/images/gallery/catalog/69a6ec549f927_big.jpg,https://kultura-doma.ru/public/src/images/gallery/catalog/6a394ade37c3c_big.jpg,null,null,300 мл,null,Сахарница 1 шт,фарфор,100% фарфор,null,null,null,1636,https://kultura-doma.ru/product/saharnica-vesenniy-sad,sugar_bowl,master_catalog
620,KD-PD-7697,Сахарница Летний сад,белый,null,https://kultura-doma.ru/public/src/images/gallery/catalog/6a394b30b922a_big.jpg,https://kultura-doma.ru/public/src/images/gallery/catalog/6a394b303482a_big.jpg,https://kultura-doma.ru/public/src/images/gallery/catalog/6a394b31004ce_big.jpg,null,null,520 мл,null,Сахарница 1 шт,фарфор,100% фарфор,null,null,null,302,https://kultura-doma.ru/product/saharnica-letniy-sad,sugar_bowl,master_catalog
621,KD-PD-9533,Сахарница Русское поле,белый,null,https://kultura-doma.ru/public/src/images/gallery/catalog/6a394ad11defd_big.jpg,https://kultura-doma.ru/public/src/images/gallery/catalog/6a394ad09361b_big.jpg,https://kultura-doma.ru/public/src/images/gallery/catalog/6a394ad172bab_big.jpg,null,null,380 мл,null,Сахарница 1 шт,фарфор,100% фарфор,null,null,null,304,https://kultura-doma.ru/product/saharnica-russkoe-pole,sugar_bowl,master_catalog
622,KD-PD-9539,Свеча Ботаника,белый,6 см,https://kultura-doma.ru/public/src/images/gallery/catalog/6a58ebd906c80_big.jpg,https://kultura-doma.ru/public/src/images/gallery/catalog/6a58ebd9c2fce_big.jpg,https://kultura-doma.ru/public/src/images/gallery/catalog/6a58ebda53c81_big.jpg,6 см,null,null,null,null,null,null,null,null,Ботаника,883,https://kultura-doma.ru/product/svecha-botanika,candle,master_catalog
623,KD-PD-9977,Свеча Ботаника,белый,"25,5 см",https://kultura-doma.ru/public/src/images/gallery/catalog/69df5f58bd706_big.jpg,https://kultura-doma.ru/public/src/images/gallery/catalog/69b95b62ec9de_big.jpg,null,"25,5 см",null,null,null,null,соевый воск,null,null,null,Ботаника,1246,https://kultura-doma.ru/product/svecha-botanika-1246,candle,master_catalog
624,KD-PD-7409,Свеча Вишневый ликер,черный,null,https://kultura-doma.ru/public/src/images/gallery/catalog/6a43746253263_big.jpg,https://kultura-doma.ru/public/src/images/gallery/catalog/69e0da58e99ec_big.jpg,https://kultura-doma.ru/public/src/images/gallery/catalog/6a43746200a5f_big.jpg,null,null,230 мл,null,null,стекло,100% стекло,null,null,Вишневый ликер,122,https://kultura-doma.ru/product/svecha-vishnevyy-liker,candle,master_catalog
625,KD-PD-11531,Свеча Голубая Ель,белый,11 см,https://kultura-doma.ru/public/src/images/gallery/catalog/6a58e0a5f07d0_big.jpg,https://kultura-doma.ru/public/src/images/gallery/catalog/6a15aad683d24_big.jpg,https://kultura-doma.ru/public/src/images/gallery/catalog/69ca2b89ad018_big.jpg,11 см,null,null,null,null,воск кокосовый,null,null,null,Голубая Ель,1606,https://kultura-doma.ru/product/svecha-golubaya-el,candle,master_catalog
626,KD-PD-7412,Свеча Зеленый ревень,белый,null,https://kultura-doma.ru/public/src/images/gallery/catalog/6a437469097d3_big.jpg,https://kultura-doma.ru/public/src/images/gallery/catalog/6a437468b7efd_big.jpg,https://kultura-doma.ru/public/src/images/gallery/catalog/6a43746954021_big.jpg,null,null,230 мл,null,null,стекло,100% стекло,null,null,Зеленый ревень,125,https://kultura-doma.ru/product/svecha-zelenyy-reven,candle,master_catalog
627,KD-PD-7181,Свеча Зимняя сказка,черный,null,https://kultura-doma.ru/public/src/images/gallery/catalog/6a4374426c604_big.jpg,https://kultura-doma.ru/public/src/images/gallery/catalog/69e0dc5ee9025_big.jpg,https://kultura-doma.ru/public/src/images/gallery/catalog/6a4374421549f_big.jpg,null,null,230 мл,null,null,стекло,100% стекло,null,null,Зимняя сказка,113,https://kultura-doma.ru/product/svecha-zimnyaya-skazka,candle,master_catalog
628,KD-PD-10987,"Свеча Корона высокая, аромат Базилика и Мяты",белый,10х17 см,https://kssafonova.github.io/kd/images/imported-products/6a58eb7d2965a_big.jpg,https://kssafonova.github.io/kd/images/imported-products/69ca6ad913947_big.jpg,https://kssafonova.github.io/kd/images/imported-products/6a58eb7d66b9e_big.jpg,null,null,null,null,null,воск кокосовый,null,null,null,Базилика и Мяты,1462,https://kultura-doma.ru/product/svecha-korona-vysokaya-aromat-bazilika-i-myaty,candle,master_catalog
629,KD-PD-10986,"Свеча Корона высокая, аромат Нежность",белый,10х17 см,https://kssafonova.github.io/kd/images/imported-products/6a58eba4d18d8_big.jpg,https://kssafonova.github.io/kd/images/imported-products/69ca2d8c34e38_big.jpg,https://kssafonova.github.io/kd/images/imported-products/6a58eba526927_big.jpg,null,null,null,null,null,воск кокосовый,null,null,null,Нежность,1461,https://kultura-doma.ru/product/svecha-korona-vysokaya-aromat-nezhnost,candle,master_catalog
630,KD-PD-10982,"Свеча Корона высокая, без аромата",белый,10х17 см,https://kssafonova.github.io/kd/images/imported-products/6a58eb4c98af8_big.jpg,https://kssafonova.github.io/kd/images/imported-products/69ca2df9be95b_big.jpg,https://kssafonova.github.io/kd/images/imported-products/6a58eb4cd44a4_big.jpg,null,null,null,null,null,воск кокосовый,null,null,null,а,1460,https://kultura-doma.ru/product/svecha-korona-vysokaya-bez-aromata,candle,master_catalog
631,KD-PD-10983,"Свеча Корона малая, аромат Золотой цветок",белый,12х15 см,https://kultura-doma.ru/public/src/images/gallery/catalog/6a58eb154daa2_big.jpg,https://kultura-doma.ru/public/src/images/gallery/catalog/69ca2e5e2e635_big.jpg,https://kultura-doma.ru/public/src/images/gallery/catalog/6a58eb159123a_big.jpg,null,null,null,null,null,воск кокосовый,null,null,null,Золотой цветок,1458,https://kultura-doma.ru/product/svecha-korona-malaya-aromat-zolotoy-cvetok,candle,master_catalog
632,KD-PD-10984,"Свеча Корона малая, аромат Серебряный мускус",белый,12х15 см,https://kssafonova.github.io/kd/images/imported-products/6a58eb31cac07_big.jpg,https://kssafonova.github.io/kd/images/imported-products/69b808c3b8cee_big.jpg,https://kssafonova.github.io/kd/images/imported-products/6a58eb3185e0d_big.jpg,null,null,null,null,null,воск кокосовый,null,null,null,Серебряный мускус,1459,https://kultura-doma.ru/product/svecha-korona-malaya-aromat-serebryanyy-muskus,candle,master_catalog
633,KD-PD-10985,"Свеча Корона малая, без аромата",белый,12х15 см,https://kssafonova.github.io/kd/images/imported-products/6a58ead4111c8_big.jpg,https://kssafonova.github.io/kd/images/imported-products/69ca2efbefcf3_big.jpg,https://kssafonova.github.io/kd/images/imported-products/6a58ead45d0e3_big.jpg,null,null,null,null,null,воск кокосовый,null,null,null,а,1457,https://kultura-doma.ru/product/svecha-korona-malaya-bez-aromata,candle,master_catalog
634,KD-PD-11532,Свеча Мандариновый сад,белый,11 см,https://kultura-doma.ru/public/src/images/gallery/catalog/6a58e05f235f4_big.jpg,https://kultura-doma.ru/public/src/images/gallery/catalog/6a15aaf4f091b_big.jpg,https://kultura-doma.ru/public/src/images/gallery/catalog/6a58e05ec53bc_big.jpg,11 см,null,null,null,null,воск кокосовый,null,null,null,Мандариновый сад,1607,https://kultura-doma.ru/product/svecha-mandarinovyy-sad,candle,master_catalog
635,KD-PD-9540,Свеча Поле,белый,6 см,https://kultura-doma.ru/public/src/images/gallery/catalog/6a58ebf6e1099_big.jpg,https://kultura-doma.ru/public/src/images/gallery/catalog/6a58ebf736cae_big.jpg,https://kultura-doma.ru/public/src/images/gallery/catalog/6a58ebf786137_big.jpg,6 см,null,null,null,null,null,null,null,null,Поле,884,https://kultura-doma.ru/product/svecha-pole,candle,master_catalog
636,KD-PD-9978,Свеча Поле,белый,"25,5 см",https://kultura-doma.ru/public/src/images/gallery/catalog/69df5f55340c7_big.jpg,https://kultura-doma.ru/public/src/images/gallery/catalog/69dfaa0705845_big.jpg,https://kultura-doma.ru/public/src/images/gallery/catalog/69df5f557b112_big.jpg,"25,5 см",null,null,null,null,соевый воск,null,null,null,Поле,1247,https://kultura-doma.ru/product/svecha-pole-1247,candle,master_catalog
637,KD-PD-7411,Свеча Розовое шампанское,белый,null,https://kultura-doma.ru/public/src/images/gallery/catalog/6a437466768c7_big.jpg,https://kultura-doma.ru/public/src/images/gallery/catalog/6a437465dc000_big.jpg,https://kultura-doma.ru/public/src/images/gallery/catalog/6a437466c437d_big.jpg,null,null,230 мл,null,null,стекло,100% стекло,null,null,Розовое шампанское,124,https://kultura-doma.ru/product/svecha-rozovoe-shampanskoe,candle,master_catalog
638,KD-PD-7180,Свеча Сласти,черный,null,https://kultura-doma.ru/public/src/images/gallery/catalog/6a43743f67e50_big.jpg,https://kultura-doma.ru/public/src/images/gallery/catalog/69e0da15d9fa0_big.jpg,https://kultura-doma.ru/public/src/images/gallery/catalog/6a43743f0a7f8_big.jpg,null,null,230 мл,null,null,стекло,100% стекло,null,null,Сласти,112,https://kultura-doma.ru/product/svecha-slasti,candle,master_catalog
639,KD-PD-7182,Свеча Уютный вечер,белый,null,https://kultura-doma.ru/public/src/images/gallery/catalog/6a437444ef33a_big.jpg,https://kultura-doma.ru/public/src/images/gallery/catalog/69e0d79e2b078_big.jpg,https://kultura-doma.ru/public/src/images/gallery/catalog/6a437444a13dd_big.jpg,null,null,230 мл,null,null,стекло,100% стекло,null,null,Уютный вечер,114,https://kultura-doma.ru/product/svecha-uyutnyy-vecher,candle,master_catalog
640,KD-PD-7410,Свеча Южный сад,черный,null,https://kultura-doma.ru/public/src/images/gallery/catalog/6a4374644bec9_big.jpg,https://kultura-doma.ru/public/src/images/gallery/catalog/69e0dac21ff66_big.jpg,https://kultura-doma.ru/public/src/images/gallery/catalog/6a437463f0e22_big.jpg,null,null,230 мл,null,null,стекло,100% стекло,null,null,Южный сад,123,https://kultura-doma.ru/product/svecha-yuzhnyy-sad,candle,master_catalog
641,KD-PD-8904,Сервиз чайный Бутон,белый,null,https://kultura-doma.ru/public/src/images/gallery/catalog/6a394b68b685b_big.jpg,https://kultura-doma.ru/public/src/images/gallery/catalog/6a394b65d5ac8_big.jpg,https://kultura-doma.ru/public/src/images/gallery/catalog/6a394b66298db_big.jpg,null,null,null,null,null,фарфор,100% фарфор,null,null,null,307,https://kultura-doma.ru/product/serviz-chaynyy-buton,other,master_catalog
642,KD-PD-8905,Сервиз чайный Бутон,белый,null,https://kultura-doma.ru/public/src/images/gallery/catalog/6a394b60425df_big.jpg,https://kultura-doma.ru/public/src/images/gallery/catalog/6a394b5f8b425_big.jpg,https://kultura-doma.ru/public/src/images/gallery/catalog/6a394b5e7d7d5_big.jpg,null,null,null,null,null,фарфор,100% фарфор,null,null,null,308,https://kultura-doma.ru/product/serviz-chaynyy-buton-308,other,master_catalog
643,KD-PD-8902,Сервиз чайный Катюша,белый,null,https://kultura-doma.ru/public/src/images/gallery/catalog/6a394b706eea1_big.jpg,https://kultura-doma.ru/public/src/images/gallery/catalog/6a394b6e1c767_big.jpg,https://kultura-doma.ru/public/src/images/gallery/catalog/6a394b6f92a04_big.jpg,null,null,null,null,null,фарфор,100% фарфор,null,null,null,305,https://kultura-doma.ru/product/serviz-chaynyy-katyusha,other,master_catalog
644,KD-PD-8903,Сервиз чайный Катюша,белый,null,https://kultura-doma.ru/public/src/images/gallery/catalog/6a394b59a18ef_big.jpg,https://kultura-doma.ru/public/src/images/gallery/catalog/6a394b580a7ff_big.jpg,https://kultura-doma.ru/public/src/images/gallery/catalog/6a394b583ff30_big.jpg,null,null,null,null,null,фарфор,100% фарфор,null,null,null,306,https://kultura-doma.ru/product/serviz-chaynyy-katyusha-306,other,master_catalog
645,KD-PD-9371,Скатерть Белый пион,белый,180х180 см,https://kultura-doma.ru/public/src/images/gallery/catalog/6a3014fda5dca_big.jpg,https://kultura-doma.ru/public/src/images/gallery/catalog/69f0d0133abdf_big.jpg,https://kultura-doma.ru/public/src/images/gallery/catalog/6a3014ff04062_big.jpg,180 см,180 см,null,null,null,лён,100% лен,null,null,null,1745,https://kultura-doma.ru/product/skatert-belyy-pion,tablecloth,master_catalog
646,KD-PD-9370,Скатерть Белый пион: 180х250 см,белый,180х250 см,https://kultura-doma.ru/public/src/images/gallery/catalog/6a3014fda5dca_big.jpg,https://kultura-doma.ru/public/src/images/gallery/catalog/69f0d0133abdf_big.jpg,https://kultura-doma.ru/public/src/images/gallery/catalog/6a3014ff04062_big.jpg,180 см,250 см,null,null,null,лён,100% лен,null,null,null,1745-2132,https://kultura-doma.ru/product/skatert-belyy-pion-size-180h250-sm,tablecloth,master_catalog
647,KD-PD-9371,Скатерть Белый пион: 180х350 см,белый,180х350 см,https://kultura-doma.ru/public/src/images/gallery/catalog/6a3014fda5dca_big.jpg,https://kultura-doma.ru/public/src/images/gallery/catalog/69f0d0133abdf_big.jpg,https://kultura-doma.ru/public/src/images/gallery/catalog/6a3014ff04062_big.jpg,180 см,350 см,null,null,null,лён,100% лен,null,null,null,1745-2131,https://kultura-doma.ru/product/skatert-belyy-pion-size-180h350-sm,tablecloth,master_catalog
648,KD-PD-11190,Скатерть Венец,белый,145x145 см,https://kultura-doma.ru/public/src/images/gallery/catalog/69a97ebdd00bb_big.jpg,https://kultura-doma.ru/public/src/images/gallery/catalog/69a97ebe7e590_big.jpg,null,145 см,145 см,null,null,null,лён,100% лен,null,null,null,1652,https://kultura-doma.ru/product/skatert-venec,tablecloth,master_catalog
649,KD-PD-11189,Скатерть Венец: 185x240 см,белый,185x240 см,https://kultura-doma.ru/public/src/images/gallery/catalog/69a97ebdd00bb_big.jpg,https://kultura-doma.ru/public/src/images/gallery/catalog/69a97ebe7e590_big.jpg,null,185 см,240 см,null,null,null,лён,100% лен,null,null,null,1652-1768,https://kultura-doma.ru/product/skatert-venec-size-185x240-sm,tablecloth,master_catalog
650,KD-PD-10453,Скатерть Дворцы России,белый,180х180 см,https://kultura-doma.ru/public/src/images/gallery/catalog/6a45ff801850e_big.jpg,https://kultura-doma.ru/public/src/images/gallery/catalog/69bbe9ed5591f_big.jpg,null,180 см,180 см,null,null,null,сатин,100% сатин,null,null,null,1707,https://kultura-doma.ru/product/skatert-dvorcy-rossii,tablecloth,master_catalog
651,KD-PD-10454,Скатерть Дворцы России: 180х250 см,белый,180х250 см,https://kultura-doma.ru/public/src/images/gallery/catalog/6a45ff801850e_big.jpg,https://kultura-doma.ru/public/src/images/gallery/catalog/69bbe9ed5591f_big.jpg,null,180 см,250 см,null,null,null,сатин,100% сатин,null,null,null,1707-2134,https://kultura-doma.ru/product/skatert-dvorcy-rossii-size-180h250-sm,tablecloth,master_catalog
652,KD-PD-10455,Скатерть Дворцы России: 180х350 см,белый,180х350 см,https://kultura-doma.ru/public/src/images/gallery/catalog/6a45ff801850e_big.jpg,https://kultura-doma.ru/public/src/images/gallery/catalog/69bbe9ed5591f_big.jpg,null,180 см,350 см,null,null,null,сатин,100% сатин,null,null,null,1707-2137,https://kultura-doma.ru/product/skatert-dvorcy-rossii-size-180h350-sm,tablecloth,master_catalog
653,KD-PD-11462,Скатерть Лебедушка,белый,180х180 см,https://kultura-doma.ru/public/src/images/gallery/catalog/6a3014c2d0272_big.jpg,https://kultura-doma.ru/public/src/images/gallery/catalog/69a98453c180f_big.jpg,null,180 см,180 см,null,null,null,сатин,100% сатин,null,null,null,1595,https://kultura-doma.ru/product/skatert-lebedushka,tablecloth,master_catalog
654,KD-PD-11463,Скатерть Лебедушка: 180х250 см,белый,180х250 см,https://kultura-doma.ru/public/src/images/gallery/catalog/6a3014c2d0272_big.jpg,https://kultura-doma.ru/public/src/images/gallery/catalog/69a98453c180f_big.jpg,null,180 см,250 см,null,null,null,сатин,100% сатин,null,null,null,1595-2125,https://kultura-doma.ru/product/skatert-lebedushka-size-180h250-sm,tablecloth,master_catalog
655,KD-PD-11464,Скатерть Лебедушка: 180х350 см,белый,180х350 см,https://kultura-doma.ru/public/src/images/gallery/catalog/6a3014c2d0272_big.jpg,https://kultura-doma.ru/public/src/images/gallery/catalog/69a98453c180f_big.jpg,null,180 см,350 см,null,null,null,сатин,100% сатин,null,null,null,1595-2126,https://kultura-doma.ru/product/skatert-lebedushka-size-180h350-sm,tablecloth,master_catalog
656,KD-PD-7225,Скатерть Пионы,белый,180х180 см,https://kultura-doma.ru/public/src/images/gallery/catalog/6a3014d8a36d2_big.jpg,https://kultura-doma.ru/public/src/images/gallery/catalog/6a3014d654554_big.jpg,https://kultura-doma.ru/public/src/images/gallery/catalog/6a3014d888cb1_big.jpg,180 см,180 см,null,null,null,null,null,null,null,null,671,https://kultura-doma.ru/product/skatert-piony,tablecloth,master_catalog
657,KD-PD-9370,Скатерть Пионы,белый,180х180 см,https://kultura-doma.ru/public/src/images/gallery/catalog/68ac623812b3e_big.jpg,https://kultura-doma.ru/public/src/images/gallery/catalog/68b0273b5a2db_big.jpg,https://kultura-doma.ru/public/src/images/gallery/catalog/68b068727f9d2_big.jpg,180 см,180 см,null,null,null,лён,100% лен,null,null,null,673,https://kultura-doma.ru/product/skatert-piony-673,tablecloth,master_catalog
658,KD-PD-7222,Скатерть Пионы: 180х250 см,белый,180х250 см,https://kultura-doma.ru/public/src/images/gallery/catalog/6a3014d8a36d2_big.jpg,https://kultura-doma.ru/public/src/images/gallery/catalog/6a3014d654554_big.jpg,https://kultura-doma.ru/public/src/images/gallery/catalog/6a3014d888cb1_big.jpg,180 см,250 см,null,null,null,null,null,null,null,null,671-708,https://kultura-doma.ru/product/skatert-piony-size-180h250-sm,tablecloth,master_catalog
659,KD-PD-9370,Скатерть Пионы: 180х250 см,белый,180х250 см,https://kultura-doma.ru/public/src/images/gallery/catalog/68ac623812b3e_big.jpg,https://kultura-doma.ru/public/src/images/gallery/catalog/68b0273b5a2db_big.jpg,https://kultura-doma.ru/public/src/images/gallery/catalog/68b068727f9d2_big.jpg,180 см,250 см,null,null,null,лён,100% лен,null,null,null,673-713,https://kultura-doma.ru/product/skatert-piony-673-size-180h250-sm,tablecloth,master_catalog
660,KD-PD-7225,Скатерть Пионы: 180х350 см,белый,180х350 см,https://kultura-doma.ru/public/src/images/gallery/catalog/6a3014d8a36d2_big.jpg,https://kultura-doma.ru/public/src/images/gallery/catalog/6a3014d654554_big.jpg,https://kultura-doma.ru/public/src/images/gallery/catalog/6a3014d888cb1_big.jpg,180 см,350 см,null,null,null,null,null,null,null,null,671-707,https://kultura-doma.ru/product/skatert-piony-size-180h350-sm,tablecloth,master_catalog
661,KD-PD-9371,Скатерть Пионы: 180х350 см,белый,180х350 см,https://kultura-doma.ru/public/src/images/gallery/catalog/68ac623812b3e_big.jpg,https://kultura-doma.ru/public/src/images/gallery/catalog/68b0273b5a2db_big.jpg,https://kultura-doma.ru/public/src/images/gallery/catalog/68b068727f9d2_big.jpg,180 см,350 см,null,null,null,лён,100% лен,null,null,null,673-714,https://kultura-doma.ru/product/skatert-piony-673-size-180h350-sm,tablecloth,master_catalog
662,KD-PD-10927,Солонка Весенний сад,белый,8 см,https://kultura-doma.ru/public/src/images/gallery/catalog/6a2035bbd4003_big.jpg,https://kultura-doma.ru/public/src/images/gallery/catalog/69a6eabe48e83_big.jpg,https://kultura-doma.ru/public/src/images/gallery/catalog/6a2035bb178cc_big.jpg,null,null,70 мл,null,null,фарфор,100% фарфор,null,null,null,1637,https://kultura-doma.ru/product/solonka-vesenniy-sad,other,master_catalog
663,KD-PD-7116,Сорочка Анна,розовый,42-170,https://kultura-doma.ru/public/src/images/gallery/catalog/6891c58475474_big.jpg,https://kultura-doma.ru/public/src/images/gallery/catalog/6891ef9ff1670_big.jpg,https://kultura-doma.ru/public/src/images/gallery/catalog/6891c01c10af5_big.jpg,null,null,null,null,null,тенсель,100% тенсель,null,null,null,1161,https://kultura-doma.ru/product/sorochka-anna-1161,other,master_catalog
664,KD-PD-7124,Сорочка Анна,голубой,42-170,https://kultura-doma.ru/public/src/images/gallery/catalog/6891c627e203b_big.jpg,https://kultura-doma.ru/public/src/images/gallery/catalog/6a4374232d7da_big.jpg,https://kultura-doma.ru/public/src/images/gallery/catalog/6a437422c9f1a_big.jpg,null,null,null,null,null,тенсель,100% тенсель,null,null,null,1160,https://kultura-doma.ru/product/sorochka-anna-1160,other,master_catalog
665,KD-PD-7328,Сорочка Анна,розовый,56-170,https://kultura-doma.ru/public/src/images/gallery/catalog/6890a22f2cc95_big.jpg,https://kultura-doma.ru/public/src/images/gallery/catalog/6a43744adcabc_big.jpg,https://kultura-doma.ru/public/src/images/gallery/catalog/6a43744a7d947_big.jpg,null,null,null,null,null,тенсель,100% тенсель,null,null,null,1158,https://kultura-doma.ru/product/sorochka-anna,other,master_catalog
666,KD-PD-7329,Сорочка Анна,голубой,48-170,https://kultura-doma.ru/public/src/images/gallery/catalog/688b64be61b08_big.jpg,https://kultura-doma.ru/public/src/images/gallery/catalog/68947767e6d98_big.jpg,https://kultura-doma.ru/public/src/images/gallery/catalog/6a43744ee5ac2_big.jpg,null,null,null,null,null,тенсель,100% тенсель,null,null,null,997,https://kultura-doma.ru/product/sorochka-anna-997,other,master_catalog
667,KD-PD-9073,Сорочка Анна,айвори,48-50,https://kultura-doma.ru/public/src/images/gallery/catalog/68bebde694aa4_big.jpg,https://kultura-doma.ru/public/src/images/gallery/catalog/6a43751f068b8_big.jpg,https://kultura-doma.ru/public/src/images/gallery/catalog/6a43751f9b478_big.jpg,null,null,null,null,null,тенсель,100% тенсель,null,null,null,1229,https://kultura-doma.ru/product/sorochka-anna-1229,other,master_catalog
668,KD-PD-9077,Сорочка Анна,бежевый,40-42,https://kultura-doma.ru/public/src/images/gallery/catalog/68bebdfe9a7f9_big.jpg,https://kultura-doma.ru/public/src/images/gallery/catalog/6a4375241a12d_big.jpg,https://kultura-doma.ru/public/src/images/gallery/catalog/6a437524a61aa_big.jpg,null,null,null,null,null,тенсель,100% тенсель,null,null,null,1230,https://kultura-doma.ru/product/sorochka-anna-1230,other,master_catalog
669,KD-PD-9081,Сорочка Анна,айвори,52-54,https://kultura-doma.ru/public/src/images/gallery/catalog/68bb002300f16_big.jpg,https://kultura-doma.ru/public/src/images/gallery/catalog/6a437529eb6d2_big.jpg,https://kultura-doma.ru/public/src/images/gallery/catalog/68b98c1d5e5ac_big.jpg,null,null,null,null,null,тенсель,100% тенсель,null,null,null,1231,https://kultura-doma.ru/product/sorochka-anna-1231,other,master_catalog
670,KD-PD-9085,Сорочка Анна,бежевый,40-42,https://kultura-doma.ru/public/src/images/gallery/catalog/68bebe118ba66_big.jpg,https://kultura-doma.ru/public/src/images/gallery/catalog/6a43753152093_big.jpg,https://kultura-doma.ru/public/src/images/gallery/catalog/6a437531a7a7d_big.jpg,null,null,null,null,null,тенсель,100% тенсель,null,null,null,1232,https://kultura-doma.ru/product/sorochka-anna-1232,other,master_catalog
671,KD-PD-9073,Сорочка Анна: 40-42,айвори,40-42,https://kultura-doma.ru/public/src/images/gallery/catalog/68bebde694aa4_big.jpg,https://kultura-doma.ru/public/src/images/gallery/catalog/6a43751f068b8_big.jpg,https://kultura-doma.ru/public/src/images/gallery/catalog/6a43751f9b478_big.jpg,null,null,null,null,null,тенсель,100% тенсель,null,null,null,1229-1391,https://kultura-doma.ru/product/sorochka-anna-1229-size-4042,other,master_catalog
672,KD-PD-9081,Сорочка Анна: 40-42,айвори,40-42,https://kultura-doma.ru/public/src/images/gallery/catalog/68bb002300f16_big.jpg,https://kultura-doma.ru/public/src/images/gallery/catalog/6a437529eb6d2_big.jpg,https://kultura-doma.ru/public/src/images/gallery/catalog/68b98c1d5e5ac_big.jpg,null,null,null,null,null,тенсель,100% тенсель,null,null,null,1231-1399,https://kultura-doma.ru/product/sorochka-anna-1231-size-4042,other,master_catalog
673,KD-PD-7108,Сорочка Анна: 42-164,розовый,42-164,https://kultura-doma.ru/public/src/images/gallery/catalog/6891c58475474_big.jpg,https://kultura-doma.ru/public/src/images/gallery/catalog/6891ef9ff1670_big.jpg,https://kultura-doma.ru/public/src/images/gallery/catalog/6891c01c10af5_big.jpg,null,null,null,null,null,тенсель,100% тенсель,null,null,null,1161-1218,https://kultura-doma.ru/product/sorochka-anna-1161-size-42164,other,master_catalog
674,KD-PD-7124,Сорочка Анна: 42-164,голубой,42-164,https://kultura-doma.ru/public/src/images/gallery/catalog/6891c627e203b_big.jpg,https://kultura-doma.ru/public/src/images/gallery/catalog/6a4374232d7da_big.jpg,https://kultura-doma.ru/public/src/images/gallery/catalog/6a437422c9f1a_big.jpg,null,null,null,null,null,тенсель,100% тенсель,null,null,null,1160-1187,https://kultura-doma.ru/product/sorochka-anna-1160-size-42164,other,master_catalog
675,KD-PD-7313,Сорочка Анна: 42-164,розовый,42-164,https://kultura-doma.ru/public/src/images/gallery/catalog/6890a22f2cc95_big.jpg,https://kultura-doma.ru/public/src/images/gallery/catalog/6a43744adcabc_big.jpg,https://kultura-doma.ru/public/src/images/gallery/catalog/6a43744a7d947_big.jpg,null,null,null,null,null,тенсель,100% тенсель,null,null,null,1158-1185,https://kultura-doma.ru/product/sorochka-anna-size-42164,other,master_catalog
676,KD-PD-7329,Сорочка Анна: 42-164,голубой,42-164,https://kultura-doma.ru/public/src/images/gallery/catalog/688b64be61b08_big.jpg,https://kultura-doma.ru/public/src/images/gallery/catalog/68947767e6d98_big.jpg,https://kultura-doma.ru/public/src/images/gallery/catalog/6a43744ee5ac2_big.jpg,null,null,null,null,null,тенсель,100% тенсель,null,null,null,997-945,https://kultura-doma.ru/product/sorochka-anna-997-size-42164,other,master_catalog
677,KD-PD-7321,Сорочка Анна: 42-170,розовый,42-170,https://kultura-doma.ru/public/src/images/gallery/catalog/6890a22f2cc95_big.jpg,https://kultura-doma.ru/public/src/images/gallery/catalog/6a43744adcabc_big.jpg,https://kultura-doma.ru/public/src/images/gallery/catalog/6a43744a7d947_big.jpg,null,null,null,null,null,тенсель,100% тенсель,null,null,null,1158-1184,https://kultura-doma.ru/product/sorochka-anna-size-42170,other,master_catalog
678,KD-PD-7337,Сорочка Анна: 42-170,голубой,42-170,https://kultura-doma.ru/public/src/images/gallery/catalog/688b64be61b08_big.jpg,https://kultura-doma.ru/public/src/images/gallery/catalog/68947767e6d98_big.jpg,https://kultura-doma.ru/public/src/images/gallery/catalog/6a43744ee5ac2_big.jpg,null,null,null,null,null,тенсель,100% тенсель,null,null,null,997-1137,https://kultura-doma.ru/product/sorochka-anna-997-size-42170,other,master_catalog
679,KD-PD-7109,Сорочка Анна: 44-164,розовый,44-164,https://kultura-doma.ru/public/src/images/gallery/catalog/6891c58475474_big.jpg,https://kultura-doma.ru/public/src/images/gallery/catalog/6891ef9ff1670_big.jpg,https://kultura-doma.ru/public/src/images/gallery/catalog/6891c01c10af5_big.jpg,null,null,null,null,null,тенсель,100% тенсель,null,null,null,1161-1219,https://kultura-doma.ru/product/sorochka-anna-1161-size-44164,other,master_catalog
680,KD-PD-7125,Сорочка Анна: 44-164,голубой,44-164,https://kultura-doma.ru/public/src/images/gallery/catalog/6891c627e203b_big.jpg,https://kultura-doma.ru/public/src/images/gallery/catalog/6a4374232d7da_big.jpg,https://kultura-doma.ru/public/src/images/gallery/catalog/6a437422c9f1a_big.jpg,null,null,null,null,null,тенсель,100% тенсель,null,null,null,1160-1189,https://kultura-doma.ru/product/sorochka-anna-1160-size-44164,other,master_catalog
681,KD-PD-7314,Сорочка Анна: 44-164,розовый,44-164,https://kultura-doma.ru/public/src/images/gallery/catalog/6890a22f2cc95_big.jpg,https://kultura-doma.ru/public/src/images/gallery/catalog/6a43744adcabc_big.jpg,https://kultura-doma.ru/public/src/images/gallery/catalog/6a43744a7d947_big.jpg,null,null,null,null,null,тенсель,100% тенсель,null,null,null,1158-1183,https://kultura-doma.ru/product/sorochka-anna-size-44164,other,master_catalog
682,KD-PD-7330,Сорочка Анна: 44-164,голубой,44-164,https://kultura-doma.ru/public/src/images/gallery/catalog/688b64be61b08_big.jpg,https://kultura-doma.ru/public/src/images/gallery/catalog/68947767e6d98_big.jpg,https://kultura-doma.ru/public/src/images/gallery/catalog/6a43744ee5ac2_big.jpg,null,null,null,null,null,тенсель,100% тенсель,null,null,null,997-1138,https://kultura-doma.ru/product/sorochka-anna-997-size-44164,other,master_catalog
683,KD-PD-7117,Сорочка Анна: 44-170,розовый,44-170,https://kultura-doma.ru/public/src/images/gallery/catalog/6891c58475474_big.jpg,https://kultura-doma.ru/public/src/images/gallery/catalog/6891ef9ff1670_big.jpg,https://kultura-doma.ru/public/src/images/gallery/catalog/6891c01c10af5_big.jpg,null,null,null,null,null,тенсель,100% тенсель,null,null,null,1161-1220,https://kultura-doma.ru/product/sorochka-anna-1161-size-44170,other,master_catalog
684,KD-PD-7133,Сорочка Анна: 44-170,голубой,44-170,https://kultura-doma.ru/public/src/images/gallery/catalog/6891c627e203b_big.jpg,https://kultura-doma.ru/public/src/images/gallery/catalog/6a4374232d7da_big.jpg,https://kultura-doma.ru/public/src/images/gallery/catalog/6a437422c9f1a_big.jpg,null,null,null,null,null,тенсель,100% тенсель,null,null,null,1160-1190,https://kultura-doma.ru/product/sorochka-anna-1160-size-44170,other,master_catalog
685,KD-PD-7322,Сорочка Анна: 44-170,розовый,44-170,https://kultura-doma.ru/public/src/images/gallery/catalog/6890a22f2cc95_big.jpg,https://kultura-doma.ru/public/src/images/gallery/catalog/6a43744adcabc_big.jpg,https://kultura-doma.ru/public/src/images/gallery/catalog/6a43744a7d947_big.jpg,null,null,null,null,null,тенсель,100% тенсель,null,null,null,1158-1182,https://kultura-doma.ru/product/sorochka-anna-size-44170,other,master_catalog
686,KD-PD-7338,Сорочка Анна: 44-170,голубой,44-170,https://kultura-doma.ru/public/src/images/gallery/catalog/688b64be61b08_big.jpg,https://kultura-doma.ru/public/src/images/gallery/catalog/68947767e6d98_big.jpg,https://kultura-doma.ru/public/src/images/gallery/catalog/6a43744ee5ac2_big.jpg,null,null,null,null,null,тенсель,100% тенсель,null,null,null,997-1139,https://kultura-doma.ru/product/sorochka-anna-997-size-44170,other,master_catalog
687,KD-PD-9074,Сорочка Анна: 44-46,айвори,44-46,https://kultura-doma.ru/public/src/images/gallery/catalog/68bebde694aa4_big.jpg,https://kultura-doma.ru/public/src/images/gallery/catalog/6a43751f068b8_big.jpg,https://kultura-doma.ru/public/src/images/gallery/catalog/6a43751f9b478_big.jpg,null,null,null,null,null,тенсель,100% тенсель,null,null,null,1229-1392,https://kultura-doma.ru/product/sorochka-anna-1229-size-4446,other,master_catalog
688,KD-PD-9078,Сорочка Анна: 44-46,бежевый,44-46,https://kultura-doma.ru/public/src/images/gallery/catalog/68bebdfe9a7f9_big.jpg,https://kultura-doma.ru/public/src/images/gallery/catalog/6a4375241a12d_big.jpg,https://kultura-doma.ru/public/src/images/gallery/catalog/6a437524a61aa_big.jpg,null,null,null,null,null,тенсель,100% тенсель,null,null,null,1230-1396,https://kultura-doma.ru/product/sorochka-anna-1230-size-4446,other,master_catalog
689,KD-PD-9082,Сорочка Анна: 44-46,айвори,44-46,https://kultura-doma.ru/public/src/images/gallery/catalog/68bb002300f16_big.jpg,https://kultura-doma.ru/public/src/images/gallery/catalog/6a437529eb6d2_big.jpg,https://kultura-doma.ru/public/src/images/gallery/catalog/68b98c1d5e5ac_big.jpg,null,null,null,null,null,тенсель,100% тенсель,null,null,null,1231-1400,https://kultura-doma.ru/product/sorochka-anna-1231-size-4446,other,master_catalog
690,KD-PD-9086,Сорочка Анна: 44-46,бежевый,44-46,https://kultura-doma.ru/public/src/images/gallery/catalog/68bebe118ba66_big.jpg,https://kultura-doma.ru/public/src/images/gallery/catalog/6a43753152093_big.jpg,https://kultura-doma.ru/public/src/images/gallery/catalog/6a437531a7a7d_big.jpg,null,null,null,null,null,тенсель,100% тенсель,null,null,null,1232-1404,https://kultura-doma.ru/product/sorochka-anna-1232-size-4446,other,master_catalog
691,KD-PD-7110,Сорочка Анна: 46-164,розовый,46-164,https://kultura-doma.ru/public/src/images/gallery/catalog/6891c58475474_big.jpg,https://kultura-doma.ru/public/src/images/gallery/catalog/6891ef9ff1670_big.jpg,https://kultura-doma.ru/public/src/images/gallery/catalog/6891c01c10af5_big.jpg,null,null,null,null,null,тенсель,100% тенсель,null,null,null,1161-1221,https://kultura-doma.ru/product/sorochka-anna-1161-size-46164,other,master_catalog
692,KD-PD-7126,Сорочка Анна: 46-164,голубой,46-164,https://kultura-doma.ru/public/src/images/gallery/catalog/6891c627e203b_big.jpg,https://kultura-doma.ru/public/src/images/gallery/catalog/6a4374232d7da_big.jpg,https://kultura-doma.ru/public/src/images/gallery/catalog/6a437422c9f1a_big.jpg,null,null,null,null,null,тенсель,100% тенсель,null,null,null,1160-1191,https://kultura-doma.ru/product/sorochka-anna-1160-size-46164,other,master_catalog
693,KD-PD-7315,Сорочка Анна: 46-164,розовый,46-164,https://kultura-doma.ru/public/src/images/gallery/catalog/6890a22f2cc95_big.jpg,https://kultura-doma.ru/public/src/images/gallery/catalog/6a43744adcabc_big.jpg,https://kultura-doma.ru/public/src/images/gallery/catalog/6a43744a7d947_big.jpg,null,null,null,null,null,тенсель,100% тенсель,null,null,null,1158-1181,https://kultura-doma.ru/product/sorochka-anna-size-46164,other,master_catalog
694,KD-PD-7331,Сорочка Анна: 46-164,голубой,46-164,https://kultura-doma.ru/public/src/images/gallery/catalog/688b64be61b08_big.jpg,https://kultura-doma.ru/public/src/images/gallery/catalog/68947767e6d98_big.jpg,https://kultura-doma.ru/public/src/images/gallery/catalog/6a43744ee5ac2_big.jpg,null,null,null,null,null,тенсель,100% тенсель,null,null,null,997-1140,https://kultura-doma.ru/product/sorochka-anna-997-size-46164,other,master_catalog
695,KD-PD-7118,Сорочка Анна: 46-170,розовый,46-170,https://kultura-doma.ru/public/src/images/gallery/catalog/6891c58475474_big.jpg,https://kultura-doma.ru/public/src/images/gallery/catalog/6891ef9ff1670_big.jpg,https://kultura-doma.ru/public/src/images/gallery/catalog/6891c01c10af5_big.jpg,null,null,null,null,null,тенсель,100% тенсель,null,null,null,1161-1222,https://kultura-doma.ru/product/sorochka-anna-1161-size-46170,other,master_catalog
696,KD-PD-7134,Сорочка Анна: 46-170,голубой,46-170,https://kultura-doma.ru/public/src/images/gallery/catalog/6891c627e203b_big.jpg,https://kultura-doma.ru/public/src/images/gallery/catalog/6a4374232d7da_big.jpg,https://kultura-doma.ru/public/src/images/gallery/catalog/6a437422c9f1a_big.jpg,null,null,null,null,null,тенсель,100% тенсель,null,null,null,1160-1192,https://kultura-doma.ru/product/sorochka-anna-1160-size-46170,other,master_catalog
697,KD-PD-7323,Сорочка Анна: 46-170,розовый,46-170,https://kultura-doma.ru/public/src/images/gallery/catalog/6890a22f2cc95_big.jpg,https://kultura-doma.ru/public/src/images/gallery/catalog/6a43744adcabc_big.jpg,https://kultura-doma.ru/public/src/images/gallery/catalog/6a43744a7d947_big.jpg,null,null,null,null,null,тенсель,100% тенсель,null,null,null,1158-1180,https://kultura-doma.ru/product/sorochka-anna-size-46170,other,master_catalog
698,KD-PD-7339,Сорочка Анна: 46-170,голубой,46-170,https://kultura-doma.ru/public/src/images/gallery/catalog/688b64be61b08_big.jpg,https://kultura-doma.ru/public/src/images/gallery/catalog/68947767e6d98_big.jpg,https://kultura-doma.ru/public/src/images/gallery/catalog/6a43744ee5ac2_big.jpg,null,null,null,null,null,тенсель,100% тенсель,null,null,null,997-1141,https://kultura-doma.ru/product/sorochka-anna-997-size-46170,other,master_catalog
699,KD-PD-7111,Сорочка Анна: 48-164,розовый,48-164,https://kultura-doma.ru/public/src/images/gallery/catalog/6891c58475474_big.jpg,https://kultura-doma.ru/public/src/images/gallery/catalog/6891ef9ff1670_big.jpg,https://kultura-doma.ru/public/src/images/gallery/catalog/6891c01c10af5_big.jpg,null,null,null,null,null,тенсель,100% тенсель,null,null,null,1161-1223,https://kultura-doma.ru/product/sorochka-anna-1161-size-48164,other,master_catalog
700,KD-PD-7127,Сорочка Анна: 48-164,голубой,48-164,https://kultura-doma.ru/public/src/images/gallery/catalog/6891c627e203b_big.jpg,https://kultura-doma.ru/public/src/images/gallery/catalog/6a4374232d7da_big.jpg,https://kultura-doma.ru/public/src/images/gallery/catalog/6a437422c9f1a_big.jpg,null,null,null,null,null,тенсель,100% тенсель,null,null,null,1160-1193,https://kultura-doma.ru/product/sorochka-anna-1160-size-48164,other,master_catalog
701,KD-PD-7316,Сорочка Анна: 48-164,розовый,48-164,https://kultura-doma.ru/public/src/images/gallery/catalog/6890a22f2cc95_big.jpg,https://kultura-doma.ru/public/src/images/gallery/catalog/6a43744adcabc_big.jpg,https://kultura-doma.ru/public/src/images/gallery/catalog/6a43744a7d947_big.jpg,null,null,null,null,null,тенсель,100% тенсель,null,null,null,1158-1179,https://kultura-doma.ru/product/sorochka-anna-size-48164,other,master_catalog
702,KD-PD-7332,Сорочка Анна: 48-164,голубой,48-164,https://kultura-doma.ru/public/src/images/gallery/catalog/688b64be61b08_big.jpg,https://kultura-doma.ru/public/src/images/gallery/catalog/68947767e6d98_big.jpg,https://kultura-doma.ru/public/src/images/gallery/catalog/6a43744ee5ac2_big.jpg,null,null,null,null,null,тенсель,100% тенсель,null,null,null,997-1142,https://kultura-doma.ru/product/sorochka-anna-997-size-48164,other,master_catalog
703,KD-PD-7119,Сорочка Анна: 48-170,розовый,48-170,https://kultura-doma.ru/public/src/images/gallery/catalog/6891c58475474_big.jpg,https://kultura-doma.ru/public/src/images/gallery/catalog/6891ef9ff1670_big.jpg,https://kultura-doma.ru/public/src/images/gallery/catalog/6891c01c10af5_big.jpg,null,null,null,null,null,тенсель,100% тенсель,null,null,null,1161-1224,https://kultura-doma.ru/product/sorochka-anna-1161-size-48170,other,master_catalog
704,KD-PD-7135,Сорочка Анна: 48-170,голубой,48-170,https://kultura-doma.ru/public/src/images/gallery/catalog/6891c627e203b_big.jpg,https://kultura-doma.ru/public/src/images/gallery/catalog/6a4374232d7da_big.jpg,https://kultura-doma.ru/public/src/images/gallery/catalog/6a437422c9f1a_big.jpg,null,null,null,null,null,тенсель,100% тенсель,null,null,null,1160-1194,https://kultura-doma.ru/product/sorochka-anna-1160-size-48170,other,master_catalog
705,KD-PD-7324,Сорочка Анна: 48-170,розовый,48-170,https://kultura-doma.ru/public/src/images/gallery/catalog/6890a22f2cc95_big.jpg,https://kultura-doma.ru/public/src/images/gallery/catalog/6a43744adcabc_big.jpg,https://kultura-doma.ru/public/src/images/gallery/catalog/6a43744a7d947_big.jpg,null,null,null,null,null,тенсель,100% тенсель,null,null,null,1158-1178,https://kultura-doma.ru/product/sorochka-anna-size-48170,other,master_catalog
706,KD-PD-9079,Сорочка Анна: 48-50,бежевый,48-50,https://kultura-doma.ru/public/src/images/gallery/catalog/68bebdfe9a7f9_big.jpg,https://kultura-doma.ru/public/src/images/gallery/catalog/6a4375241a12d_big.jpg,https://kultura-doma.ru/public/src/images/gallery/catalog/6a437524a61aa_big.jpg,null,null,null,null,null,тенсель,100% тенсель,null,null,null,1230-1397,https://kultura-doma.ru/product/sorochka-anna-1230-size-4850,other,master_catalog
707,KD-PD-9083,Сорочка Анна: 48-50,айвори,48-50,https://kultura-doma.ru/public/src/images/gallery/catalog/68bb002300f16_big.jpg,https://kultura-doma.ru/public/src/images/gallery/catalog/6a437529eb6d2_big.jpg,https://kultura-doma.ru/public/src/images/gallery/catalog/68b98c1d5e5ac_big.jpg,null,null,null,null,null,тенсель,100% тенсель,null,null,null,1231-1401,https://kultura-doma.ru/product/sorochka-anna-1231-size-4850,other,master_catalog
708,KD-PD-9087,Сорочка Анна: 48-50,бежевый,48-50,https://kultura-doma.ru/public/src/images/gallery/catalog/68bebe118ba66_big.jpg,https://kultura-doma.ru/public/src/images/gallery/catalog/6a43753152093_big.jpg,https://kultura-doma.ru/public/src/images/gallery/catalog/6a437531a7a7d_big.jpg,null,null,null,null,null,тенсель,100% тенсель,null,null,null,1232-1405,https://kultura-doma.ru/product/sorochka-anna-1232-size-4850,other,master_catalog
709,KD-PD-7112,Сорочка Анна: 50-164,розовый,50-164,https://kultura-doma.ru/public/src/images/gallery/catalog/6891c58475474_big.jpg,https://kultura-doma.ru/public/src/images/gallery/catalog/6891ef9ff1670_big.jpg,https://kultura-doma.ru/public/src/images/gallery/catalog/6891c01c10af5_big.jpg,null,null,null,null,null,тенсель,100% тенсель,null,null,null,1161-1225,https://kultura-doma.ru/product/sorochka-anna-1161-size-50164,other,master_catalog
710,KD-PD-7128,Сорочка Анна: 50-164,голубой,50-164,https://kultura-doma.ru/public/src/images/gallery/catalog/6891c627e203b_big.jpg,https://kultura-doma.ru/public/src/images/gallery/catalog/6a4374232d7da_big.jpg,https://kultura-doma.ru/public/src/images/gallery/catalog/6a437422c9f1a_big.jpg,null,null,null,null,null,тенсель,100% тенсель,null,null,null,1160-1195,https://kultura-doma.ru/product/sorochka-anna-1160-size-50164,other,master_catalog
711,KD-PD-7317,Сорочка Анна: 50-164,розовый,50-164,https://kultura-doma.ru/public/src/images/gallery/catalog/6890a22f2cc95_big.jpg,https://kultura-doma.ru/public/src/images/gallery/catalog/6a43744adcabc_big.jpg,https://kultura-doma.ru/public/src/images/gallery/catalog/6a43744a7d947_big.jpg,null,null,null,null,null,тенсель,100% тенсель,null,null,null,1158-1177,https://kultura-doma.ru/product/sorochka-anna-size-50164,other,master_catalog
712,KD-PD-7333,Сорочка Анна: 50-164,голубой,50-164,https://kultura-doma.ru/public/src/images/gallery/catalog/688b64be61b08_big.jpg,https://kultura-doma.ru/public/src/images/gallery/catalog/68947767e6d98_big.jpg,https://kultura-doma.ru/public/src/images/gallery/catalog/6a43744ee5ac2_big.jpg,null,null,null,null,null,тенсель,100% тенсель,null,null,null,997-1144,https://kultura-doma.ru/product/sorochka-anna-997-size-50164,other,master_catalog
713,KD-PD-7120,Сорочка Анна: 50-170,розовый,50-170,https://kultura-doma.ru/public/src/images/gallery/catalog/6891c58475474_big.jpg,https://kultura-doma.ru/public/src/images/gallery/catalog/6891ef9ff1670_big.jpg,https://kultura-doma.ru/public/src/images/gallery/catalog/6891c01c10af5_big.jpg,null,null,null,null,null,тенсель,100% тенсель,null,null,null,1161-1226,https://kultura-doma.ru/product/sorochka-anna-1161-size-50170,other,master_catalog
714,KD-PD-7136,Сорочка Анна: 50-170,голубой,50-170,https://kultura-doma.ru/public/src/images/gallery/catalog/6891c627e203b_big.jpg,https://kultura-doma.ru/public/src/images/gallery/catalog/6a4374232d7da_big.jpg,https://kultura-doma.ru/public/src/images/gallery/catalog/6a437422c9f1a_big.jpg,null,null,null,null,null,тенсель,100% тенсель,null,null,null,1160-1196,https://kultura-doma.ru/product/sorochka-anna-1160-size-50170,other,master_catalog
715,KD-PD-7325,Сорочка Анна: 50-170,розовый,50-170,https://kultura-doma.ru/public/src/images/gallery/catalog/6890a22f2cc95_big.jpg,https://kultura-doma.ru/public/src/images/gallery/catalog/6a43744adcabc_big.jpg,https://kultura-doma.ru/public/src/images/gallery/catalog/6a43744a7d947_big.jpg,null,null,null,null,null,тенсель,100% тенсель,null,null,null,1158-1176,https://kultura-doma.ru/product/sorochka-anna-size-50170,other,master_catalog
716,KD-PD-7341,Сорочка Анна: 50-170,голубой,50-170,https://kultura-doma.ru/public/src/images/gallery/catalog/688b64be61b08_big.jpg,https://kultura-doma.ru/public/src/images/gallery/catalog/68947767e6d98_big.jpg,https://kultura-doma.ru/public/src/images/gallery/catalog/6a43744ee5ac2_big.jpg,null,null,null,null,null,тенсель,100% тенсель,null,null,null,997-1145,https://kultura-doma.ru/product/sorochka-anna-997-size-50170,other,master_catalog
717,KD-PD-7113,Сорочка Анна: 52-164,розовый,52-164,https://kultura-doma.ru/public/src/images/gallery/catalog/6891c58475474_big.jpg,https://kultura-doma.ru/public/src/images/gallery/catalog/6891ef9ff1670_big.jpg,https://kultura-doma.ru/public/src/images/gallery/catalog/6891c01c10af5_big.jpg,null,null,null,null,null,тенсель,100% тенсель,null,null,null,1161-1227,https://kultura-doma.ru/product/sorochka-anna-1161-size-52164,other,master_catalog
718,KD-PD-7129,Сорочка Анна: 52-164,голубой,52-164,https://kultura-doma.ru/public/src/images/gallery/catalog/6891c627e203b_big.jpg,https://kultura-doma.ru/public/src/images/gallery/catalog/6a4374232d7da_big.jpg,https://kultura-doma.ru/public/src/images/gallery/catalog/6a437422c9f1a_big.jpg,null,null,null,null,null,тенсель,100% тенсель,null,null,null,1160-1197,https://kultura-doma.ru/product/sorochka-anna-1160-size-52164,other,master_catalog
719,KD-PD-7318,Сорочка Анна: 52-164,розовый,52-164,https://kultura-doma.ru/public/src/images/gallery/catalog/6890a22f2cc95_big.jpg,https://kultura-doma.ru/public/src/images/gallery/catalog/6a43744adcabc_big.jpg,https://kultura-doma.ru/public/src/images/gallery/catalog/6a43744a7d947_big.jpg,null,null,null,null,null,тенсель,100% тенсель,null,null,null,1158-1175,https://kultura-doma.ru/product/sorochka-anna-size-52164,other,master_catalog
720,KD-PD-7334,Сорочка Анна: 52-164,голубой,52-164,https://kultura-doma.ru/public/src/images/gallery/catalog/688b64be61b08_big.jpg,https://kultura-doma.ru/public/src/images/gallery/catalog/68947767e6d98_big.jpg,https://kultura-doma.ru/public/src/images/gallery/catalog/6a43744ee5ac2_big.jpg,null,null,null,null,null,тенсель,100% тенсель,null,null,null,997-1146,https://kultura-doma.ru/product/sorochka-anna-997-size-52164,other,master_catalog
721,KD-PD-7121,Сорочка Анна: 52-170,розовый,52-170,https://kultura-doma.ru/public/src/images/gallery/catalog/6891c58475474_big.jpg,https://kultura-doma.ru/public/src/images/gallery/catalog/6891ef9ff1670_big.jpg,https://kultura-doma.ru/public/src/images/gallery/catalog/6891c01c10af5_big.jpg,null,null,null,null,null,тенсель,100% тенсель,null,null,null,1161-1228,https://kultura-doma.ru/product/sorochka-anna-1161-size-52170,other,master_catalog
722,KD-PD-7137,Сорочка Анна: 52-170,голубой,52-170,https://kultura-doma.ru/public/src/images/gallery/catalog/6891c627e203b_big.jpg,https://kultura-doma.ru/public/src/images/gallery/catalog/6a4374232d7da_big.jpg,https://kultura-doma.ru/public/src/images/gallery/catalog/6a437422c9f1a_big.jpg,null,null,null,null,null,тенсель,100% тенсель,null,null,null,1160-1198,https://kultura-doma.ru/product/sorochka-anna-1160-size-52170,other,master_catalog
723,KD-PD-7326,Сорочка Анна: 52-170,розовый,52-170,https://kultura-doma.ru/public/src/images/gallery/catalog/6890a22f2cc95_big.jpg,https://kultura-doma.ru/public/src/images/gallery/catalog/6a43744adcabc_big.jpg,https://kultura-doma.ru/public/src/images/gallery/catalog/6a43744a7d947_big.jpg,null,null,null,null,null,тенсель,100% тенсель,null,null,null,1158-1174,https://kultura-doma.ru/product/sorochka-anna-size-52170,other,master_catalog
724,KD-PD-7342,Сорочка Анна: 52-170,голубой,52-170,https://kultura-doma.ru/public/src/images/gallery/catalog/688b64be61b08_big.jpg,https://kultura-doma.ru/public/src/images/gallery/catalog/68947767e6d98_big.jpg,https://kultura-doma.ru/public/src/images/gallery/catalog/6a43744ee5ac2_big.jpg,null,null,null,null,null,тенсель,100% тенсель,null,null,null,997-1147,https://kultura-doma.ru/product/sorochka-anna-997-size-52170,other,master_catalog
725,KD-PD-9076,Сорочка Анна: 52-54,айвори,52-54,https://kultura-doma.ru/public/src/images/gallery/catalog/68bebde694aa4_big.jpg,https://kultura-doma.ru/public/src/images/gallery/catalog/6a43751f068b8_big.jpg,https://kultura-doma.ru/public/src/images/gallery/catalog/6a43751f9b478_big.jpg,null,null,null,null,null,тенсель,100% тенсель,null,null,null,1229-1394,https://kultura-doma.ru/product/sorochka-anna-1229-size-5254,other,master_catalog
726,KD-PD-9080,Сорочка Анна: 52-54,бежевый,52-54,https://kultura-doma.ru/public/src/images/gallery/catalog/68bebdfe9a7f9_big.jpg,https://kultura-doma.ru/public/src/images/gallery/catalog/6a4375241a12d_big.jpg,https://kultura-doma.ru/public/src/images/gallery/catalog/6a437524a61aa_big.jpg,null,null,null,null,null,тенсель,100% тенсель,null,null,null,1230-1398,https://kultura-doma.ru/product/sorochka-anna-1230-size-5254,other,master_catalog
727,KD-PD-9088,Сорочка Анна: 52-54,бежевый,52-54,https://kultura-doma.ru/public/src/images/gallery/catalog/68bebe118ba66_big.jpg,https://kultura-doma.ru/public/src/images/gallery/catalog/6a43753152093_big.jpg,https://kultura-doma.ru/public/src/images/gallery/catalog/6a437531a7a7d_big.jpg,null,null,null,null,null,тенсель,100% тенсель,null,null,null,1232-1406,https://kultura-doma.ru/product/sorochka-anna-1232-size-5254,other,master_catalog
728,KD-PD-7114,Сорочка Анна: 54-164,розовый,54-164,https://kultura-doma.ru/public/src/images/gallery/catalog/6891c58475474_big.jpg,https://kultura-doma.ru/public/src/images/gallery/catalog/6891ef9ff1670_big.jpg,https://kultura-doma.ru/public/src/images/gallery/catalog/6891c01c10af5_big.jpg,null,null,null,null,null,тенсель,100% тенсель,null,null,null,1161-1229,https://kultura-doma.ru/product/sorochka-anna-1161-size-54164,other,master_catalog
729,KD-PD-7130,Сорочка Анна: 54-164,голубой,54-164,https://kultura-doma.ru/public/src/images/gallery/catalog/6891c627e203b_big.jpg,https://kultura-doma.ru/public/src/images/gallery/catalog/6a4374232d7da_big.jpg,https://kultura-doma.ru/public/src/images/gallery/catalog/6a437422c9f1a_big.jpg,null,null,null,null,null,тенсель,100% тенсель,null,null,null,1160-1199,https://kultura-doma.ru/product/sorochka-anna-1160-size-54164,other,master_catalog
730,KD-PD-7319,Сорочка Анна: 54-164,розовый,54-164,https://kultura-doma.ru/public/src/images/gallery/catalog/6890a22f2cc95_big.jpg,https://kultura-doma.ru/public/src/images/gallery/catalog/6a43744adcabc_big.jpg,https://kultura-doma.ru/public/src/images/gallery/catalog/6a43744a7d947_big.jpg,null,null,null,null,null,тенсель,100% тенсель,null,null,null,1158-1173,https://kultura-doma.ru/product/sorochka-anna-size-54164,other,master_catalog
731,KD-PD-7335,Сорочка Анна: 54-164,голубой,54-164,https://kultura-doma.ru/public/src/images/gallery/catalog/688b64be61b08_big.jpg,https://kultura-doma.ru/public/src/images/gallery/catalog/68947767e6d98_big.jpg,https://kultura-doma.ru/public/src/images/gallery/catalog/6a43744ee5ac2_big.jpg,null,null,null,null,null,тенсель,100% тенсель,null,null,null,997-1148,https://kultura-doma.ru/product/sorochka-anna-997-size-54164,other,master_catalog
732,KD-PD-7122,Сорочка Анна: 54-170,розовый,54-170,https://kultura-doma.ru/public/src/images/gallery/catalog/6891c58475474_big.jpg,https://kultura-doma.ru/public/src/images/gallery/catalog/6891ef9ff1670_big.jpg,https://kultura-doma.ru/public/src/images/gallery/catalog/6891c01c10af5_big.jpg,null,null,null,null,null,тенсель,100% тенсель,null,null,null,1161-1230,https://kultura-doma.ru/product/sorochka-anna-1161-size-54170,other,master_catalog
733,KD-PD-7138,Сорочка Анна: 54-170,голубой,54-170,https://kultura-doma.ru/public/src/images/gallery/catalog/6891c627e203b_big.jpg,https://kultura-doma.ru/public/src/images/gallery/catalog/6a4374232d7da_big.jpg,https://kultura-doma.ru/public/src/images/gallery/catalog/6a437422c9f1a_big.jpg,null,null,null,null,null,тенсель,100% тенсель,null,null,null,1160-1200,https://kultura-doma.ru/product/sorochka-anna-1160-size-54170,other,master_catalog
734,KD-PD-7327,Сорочка Анна: 54-170,розовый,54-170,https://kultura-doma.ru/public/src/images/gallery/catalog/6890a22f2cc95_big.jpg,https://kultura-doma.ru/public/src/images/gallery/catalog/6a43744adcabc_big.jpg,https://kultura-doma.ru/public/src/images/gallery/catalog/6a43744a7d947_big.jpg,null,null,null,null,null,тенсель,100% тенсель,null,null,null,1158-1172,https://kultura-doma.ru/product/sorochka-anna-size-54170,other,master_catalog
735,KD-PD-7343,Сорочка Анна: 54-170,голубой,54-170,https://kultura-doma.ru/public/src/images/gallery/catalog/688b64be61b08_big.jpg,https://kultura-doma.ru/public/src/images/gallery/catalog/68947767e6d98_big.jpg,https://kultura-doma.ru/public/src/images/gallery/catalog/6a43744ee5ac2_big.jpg,null,null,null,null,null,тенсель,100% тенсель,null,null,null,997-1149,https://kultura-doma.ru/product/sorochka-anna-997-size-54170,other,master_catalog
736,KD-PD-7115,Сорочка Анна: 56-164,розовый,56-164,https://kultura-doma.ru/public/src/images/gallery/catalog/6891c58475474_big.jpg,https://kultura-doma.ru/public/src/images/gallery/catalog/6891ef9ff1670_big.jpg,https://kultura-doma.ru/public/src/images/gallery/catalog/6891c01c10af5_big.jpg,null,null,null,null,null,тенсель,100% тенсель,null,null,null,1161-1231,https://kultura-doma.ru/product/sorochka-anna-1161-size-56164,other,master_catalog
737,KD-PD-7131,Сорочка Анна: 56-164,голубой,56-164,https://kultura-doma.ru/public/src/images/gallery/catalog/6891c627e203b_big.jpg,https://kultura-doma.ru/public/src/images/gallery/catalog/6a4374232d7da_big.jpg,https://kultura-doma.ru/public/src/images/gallery/catalog/6a437422c9f1a_big.jpg,null,null,null,null,null,тенсель,100% тенсель,null,null,null,1160-1201,https://kultura-doma.ru/product/sorochka-anna-1160-size-56164,other,master_catalog
738,KD-PD-7320,Сорочка Анна: 56-164,розовый,56-164,https://kultura-doma.ru/public/src/images/gallery/catalog/6890a22f2cc95_big.jpg,https://kultura-doma.ru/public/src/images/gallery/catalog/6a43744adcabc_big.jpg,https://kultura-doma.ru/public/src/images/gallery/catalog/6a43744a7d947_big.jpg,null,null,null,null,null,тенсель,100% тенсель,null,null,null,1158-1171,https://kultura-doma.ru/product/sorochka-anna-size-56164,other,master_catalog
739,KD-PD-7336,Сорочка Анна: 56-164,голубой,56-164,https://kultura-doma.ru/public/src/images/gallery/catalog/688b64be61b08_big.jpg,https://kultura-doma.ru/public/src/images/gallery/catalog/68947767e6d98_big.jpg,https://kultura-doma.ru/public/src/images/gallery/catalog/6a43744ee5ac2_big.jpg,null,null,null,null,null,тенсель,100% тенсель,null,null,null,997-1150,https://kultura-doma.ru/product/sorochka-anna-997-size-56164,other,master_catalog
740,KD-PD-7123,Сорочка Анна: 56-170,розовый,56-170,https://kultura-doma.ru/public/src/images/gallery/catalog/6891c58475474_big.jpg,https://kultura-doma.ru/public/src/images/gallery/catalog/6891ef9ff1670_big.jpg,https://kultura-doma.ru/public/src/images/gallery/catalog/6891c01c10af5_big.jpg,null,null,null,null,null,тенсель,100% тенсель,null,null,null,1161-1232,https://kultura-doma.ru/product/sorochka-anna-1161-size-56170,other,master_catalog
741,KD-PD-7344,Сорочка Анна: 56-170,голубой,56-170,https://kultura-doma.ru/public/src/images/gallery/catalog/688b64be61b08_big.jpg,https://kultura-doma.ru/public/src/images/gallery/catalog/68947767e6d98_big.jpg,https://kultura-doma.ru/public/src/images/gallery/catalog/6a43744ee5ac2_big.jpg,null,null,null,null,null,тенсель,100% тенсель,null,null,null,997-1151,https://kultura-doma.ru/product/sorochka-anna-997-size-56170,other,master_catalog
742,KD-PD-10926,Соусник Весенний сад,белый,null,https://kultura-doma.ru/public/src/images/gallery/catalog/6a2035be4beef_big.jpg,https://kultura-doma.ru/public/src/images/gallery/catalog/6a15b24c1b003_big.jpg,null,null,null,150 мл,null,null,фарфор,100% фарфор,null,null,null,1638,https://kultura-doma.ru/product/sousnik-vesenniy-sad,other,master_catalog
743,KD-PD-7831,Стакан Облачные фантазии,null,null,https://kultura-doma.ru/public/src/images/gallery/catalog/6a3d176f9f0a7_big.jpg,https://kultura-doma.ru/public/src/images/gallery/catalog/6a3d176e2cc33_big.jpg,https://kultura-doma.ru/public/src/images/gallery/catalog/6a3d176ea3ab3_big.jpg,null,null,250 мл,null,null,бисквитный фарфор,null,null,null,null,314,https://kultura-doma.ru/product/stakan-oblachnye-fantazii,glassware_set,master_catalog
744,KD-PD-11102,Статуэтка Лошадь эмаль,золотой,14х14 см,https://kultura-doma.ru/public/src/images/gallery/catalog/6a06c4d223823_big.jpg,https://kultura-doma.ru/public/src/images/gallery/catalog/69a6e47761ac9_big.jpg,null,14 см,14 см,null,null,null,латунь,null,null,null,null,1628,https://kultura-doma.ru/product/statuetka-loshad-emal-1628,other,master_catalog
745,KD-PD-11103,Статуэтка Лошадь эмаль,золотой,14х14 см,https://kultura-doma.ru/public/src/images/gallery/catalog/6a06c4f4cada6_big.jpg,https://kultura-doma.ru/public/src/images/gallery/catalog/69a6e45215e9c_big.jpg,null,14 см,14 см,null,null,null,латунь,null,null,null,null,1626,https://kultura-doma.ru/product/statuetka-loshad-emal,other,master_catalog
746,KD-PD-11104,Статуэтка Лошадь эмаль,золотой,15х14 см,https://kultura-doma.ru/public/src/images/gallery/catalog/6a06c4c32a22e_big.jpg,https://kultura-doma.ru/public/src/images/gallery/catalog/69a6e467bbd66_big.jpg,null,15 см,14 см,null,null,null,латунь,null,null,null,null,1627,https://kultura-doma.ru/product/statuetka-loshad-emal-1627,other,master_catalog
747,KD-PD-11144,Статуэтка фарфоровая Конь белый,белый,null,https://kultura-doma.ru/public/src/images/gallery/catalog/695286b87574d_big.jpg,https://kultura-doma.ru/public/src/images/gallery/catalog/69410a6511917_big.jpg,https://kultura-doma.ru/public/src/images/gallery/catalog/69410a5952f1c_big.jpg,null,null,null,null,null,фарфор,100% фарфор,null,null,null,1410,https://kultura-doma.ru/product/skul-ptura-kon,other,master_catalog
748,KD-PD-11203,Статуэтка фарфоровая Конь красный,красный,null,https://kultura-doma.ru/public/src/images/gallery/catalog/695286b71d26e_big.jpg,https://kultura-doma.ru/public/src/images/gallery/catalog/69493c50df502_big.jpg,https://kultura-doma.ru/public/src/images/gallery/catalog/695286b7eb891_big.jpg,null,null,null,null,null,фарфор,100% фарфор,null,null,null,1429,https://kultura-doma.ru/product/statuetka-farforovaya-kon-krasnyy,other,master_catalog
749,KD-PD-10108,Столешник Кокошники,белый,null,https://kultura-doma.ru/public/src/images/gallery/catalog/69f219ab3cf57_big.jpg,https://kultura-doma.ru/public/src/images/gallery/catalog/69c29dd1aca77_big.jpg,null,null,null,null,null,null,лён,100% лен,null,null,null,1486,https://kultura-doma.ru/product/stoleshnik-kokoshniki-55-sm-s-vyshivkoy,other,master_catalog
750,KD-PD-10109,Столешник Медальон,белый,null,https://kultura-doma.ru/public/src/images/gallery/catalog/69f219ac5a4bd_big.jpg,https://kultura-doma.ru/public/src/images/gallery/catalog/69c29dbb861d4_big.jpg,null,null,null,null,null,null,лён,100% лен,null,null,null,1487,https://kultura-doma.ru/product/stoleshnik-medal-on-55-sm-s-vyshivkoy,other,master_catalog
751,KD-PD-10109,Столешник Медальон,белый,null,https://kultura-doma.ru/public/src/images/gallery/catalog/6a3e3cc89a8df_big.jpg,https://kultura-doma.ru/public/src/images/gallery/catalog/6a3e3cc8843ca_big.jpg,null,null,null,null,null,null,лён,100% лен,null,null,null,1892,https://kultura-doma.ru/product/stoleshnik-medal-on,other,master_catalog
752,KD-PD-9531,Тапочки  Мягкое утро,розовый,38,https://kultura-doma.ru/public/src/images/gallery/catalog/6a60853525943_big.jpg,https://kultura-doma.ru/public/src/images/gallery/catalog/6a6085358cfaf_big.jpg,https://kultura-doma.ru/public/src/images/gallery/catalog/6a608534b3346_big.jpg,null,null,null,null,null,махровая ткань,null,null,null,null,1139,https://kultura-doma.ru/product/tapochki-myagkoe-utro-1139,other,master_catalog
753,KD-PD-9528,Тапочки Мягкое утро,серый,41,https://kultura-doma.ru/public/src/images/gallery/catalog/6a608560bf726_big.jpg,https://kultura-doma.ru/public/src/images/gallery/catalog/6a60856111143_big.jpg,https://kultura-doma.ru/public/src/images/gallery/catalog/6a60856151b18_big.jpg,null,null,null,null,null,махровая ткань,null,null,null,null,1138,https://kultura-doma.ru/product/tapochki-myagkoe-utro,other,master_catalog
754,KD-PD-9864,Тарелка десертная Ботаника,белый,21 см,https://kultura-doma.ru/public/src/images/gallery/catalog/687de6b08ffec_big.jpg,https://kultura-doma.ru/public/src/images/gallery/catalog/6a3a733fd8f55_big.jpg,https://kultura-doma.ru/public/src/images/gallery/catalog/6a3a73403f17e_big.jpg,null,null,null,21 см,Тарелка 1 шт,фарфор,100% фарфор,null,null,null,1125,https://kultura-doma.ru/product/tarelka-desertnaya-botanika,dessert_plate,master_catalog
755,KD-PD-10918,Тарелка десертная Весенний сад,белый,19 см,https://kultura-doma.ru/public/src/images/gallery/catalog/6a3a73614edf7_big.jpg,https://kultura-doma.ru/public/src/images/gallery/catalog/69a6eb63a40f0_big.jpg,null,null,null,null,19 см,Тарелка 1 шт,фарфор,100% фарфор,null,null,null,1639,https://kultura-doma.ru/product/tarelka-desertnaya-vesenniy-sad,dessert_plate,master_catalog
756,KD-PD-9729,Тарелка десертная Русское поле,белый,19 см,https://kultura-doma.ru/public/src/images/gallery/catalog/687e450b5bb94_big.jpg,https://kultura-doma.ru/public/src/images/gallery/catalog/6a3a734e7cc14_big.jpg,https://kultura-doma.ru/public/src/images/gallery/catalog/68cd4217b101c_big.jpg,null,null,null,19 см,Тарелка 1 шт,фарфор,100% фарфор,null,null,null,333,https://kultura-doma.ru/product/tarelka-desertnaya-russkoe-pole,dessert_plate,master_catalog
757,KD-PD-8549,Тарелка для хлеба Колобок,null,null,https://kultura-doma.ru/public/src/images/gallery/catalog/6a1d984809541_big.jpg,https://kultura-doma.ru/public/src/images/gallery/catalog/6a1d98555c9d8_big.jpg,null,null,null,null,null,null,null,null,null,null,null,1832,https://kultura-doma.ru/product/tarelka-dlya-hleba-kolobok-1832,other,master_catalog
758,KD-PD-9865,Тарелка закусочная Ботаника,белый,24 см,https://kultura-doma.ru/public/src/images/gallery/catalog/687a419246bb3_big.jpg,https://kultura-doma.ru/public/src/images/gallery/catalog/6a3a7333db7cd_big.jpg,https://kultura-doma.ru/public/src/images/gallery/catalog/6a3a7332592f3_big.jpg,null,null,null,24 см,Тарелка 1 шт,фарфор,100% фарфор,null,null,null,1120,https://kultura-doma.ru/product/tarelka-zakusochnaya-botanika,snack_plate,master_catalog
759,KD-PD-10919,Тарелка закусочная Весенний сад,белый,23 см,https://kultura-doma.ru/public/src/images/gallery/catalog/6a3a7357d440b_big.jpg,https://kultura-doma.ru/public/src/images/gallery/catalog/69a6ecb268312_big.jpg,null,null,null,null,23 см,Тарелка 1 шт,фарфор,100% фарфор,null,null,null,1640,https://kultura-doma.ru/product/tarelka-zakusochnaya-vesenniy-sad,snack_plate,master_catalog
760,KD-PD-9730,Тарелка закусочная Русское поле,белый,23 см,https://kultura-doma.ru/public/src/images/gallery/catalog/687e44f1943ec_big.jpg,https://kultura-doma.ru/public/src/images/gallery/catalog/6a3a73531065d_big.jpg,https://kultura-doma.ru/public/src/images/gallery/catalog/68cd424b72f56_big.jpg,null,null,null,23 см,Тарелка 1 шт,фарфор,100% фарфор,null,null,null,334,https://kultura-doma.ru/product/tarelka-zakusochnaya-russkoe-pole,snack_plate,master_catalog
761,KD-PD-9866,Тарелка обеденная Ботаника,белый,27 см,https://kultura-doma.ru/public/src/images/gallery/catalog/687a41dabc363_big.jpg,https://kultura-doma.ru/public/src/images/gallery/catalog/687a61a026106_big.jpg,https://kultura-doma.ru/public/src/images/gallery/catalog/687a619631217_big.jpg,null,null,null,27 см,Тарелка 1 шт,фарфор,100% фарфор,null,null,null,1121,https://kultura-doma.ru/product/tarelka-obedennaya-botanika,dinner_plate,master_catalog
762,KD-PD-10920,Тарелка обеденная Весенний сад,белый,27 см,https://kultura-doma.ru/public/src/images/gallery/catalog/6a3a7379aee6f_big.jpg,https://kultura-doma.ru/public/src/images/gallery/catalog/69a6ecf966bc8_big.jpg,null,null,null,null,27 см,Тарелка 1 шт,фарфор,100% фарфор,null,null,null,1641,https://kultura-doma.ru/product/tarelka-obedennaya-vesenniy-sad,dinner_plate,master_catalog
763,KD-PD-9731,Тарелка обеденная Русское поле,белый,27 см,https://kultura-doma.ru/public/src/images/gallery/catalog/687e452401bf4_big.jpg,https://kultura-doma.ru/public/src/images/gallery/catalog/6a3a7346d5f4b_big.jpg,https://kultura-doma.ru/public/src/images/gallery/catalog/68cd426a1827d_big.jpg,null,null,null,27 см,Тарелка 1 шт,фарфор,100% фарфор,null,null,null,335,https://kultura-doma.ru/product/tarelka-obedennaya-russkoe-pole,dinner_plate,master_catalog
764,KD-PD-7829,Тарелка Облачные фантазии,белый,null,https://kultura-doma.ru/public/src/images/gallery/catalog/6a3a73c203e2f_big.jpg,https://kultura-doma.ru/public/src/images/gallery/catalog/6a3a73c051c07_big.jpg,https://kultura-doma.ru/public/src/images/gallery/catalog/6a3a73c24e4e3_big.jpg,null,null,null,null,null,бисквитный фарфор,null,null,null,null,323,https://kultura-doma.ru/product/tarelka-oblachnye-fantazii-323,other,master_catalog
765,KD-PD-7830,Тарелка Облачные фантазии,белый,null,https://kultura-doma.ru/public/src/images/gallery/catalog/6a3a8635ee80a_big.jpg,https://kultura-doma.ru/public/src/images/gallery/catalog/6a3a86346e89f_big.jpg,https://kultura-doma.ru/public/src/images/gallery/catalog/6a3a8635a5394_big.jpg,null,null,null,null,Салатник 1 шт,бисквитный фарфор,null,null,null,null,295,https://kultura-doma.ru/product/tarelka-oblachnye-fantazii,salad_bowl,master_catalog
766,KD-PD-7834,Тарелка Облачные фантазии,белый,null,https://kultura-doma.ru/public/src/images/gallery/catalog/6a3a73bce2a00_big.jpg,https://kultura-doma.ru/public/src/images/gallery/catalog/6a3a73bb97641_big.jpg,https://kultura-doma.ru/public/src/images/gallery/catalog/6a3a73bdd2cc8_big.jpg,null,null,null,null,null,бисквитный фарфор,null,null,null,null,324,https://kultura-doma.ru/product/tarelka-oblachnye-fantazii-324,other,master_catalog
767,KD-PD-10921,Тарелка подстановочная Весенний сад,белый,30 см,https://kultura-doma.ru/public/src/images/gallery/catalog/6a3a73371589c_big.jpg,https://kultura-doma.ru/public/src/images/gallery/catalog/69a6ec9b97746_big.jpg,null,null,null,null,null,null,фарфор,100% фарфор,null,null,null,1642,https://kultura-doma.ru/product/tarelka-podstanovochnaya-vesenniy-sad,other,master_catalog
768,KD-PD-7953,Тарелка Сказочный лес,белый,20х20х1 см,https://kultura-doma.ru/public/src/images/gallery/catalog/6a3a73aaa05e1_big.jpg,https://kultura-doma.ru/public/src/images/gallery/catalog/6a3a73a97a11c_big.jpg,https://kultura-doma.ru/public/src/images/gallery/catalog/6a3a73aaf32d6_big.jpg,20 см,20 см,null,null,null,костяной фарфор,100% костяной фарфор,null,null,null,329,https://kultura-doma.ru/product/tarelka-skazochnyy-les,other,master_catalog
769,KD-PD-7954,Тарелка Сказочный лес,белый,23х23х1 см,https://kultura-doma.ru/public/src/images/gallery/catalog/6a3a73a3a739d_big.jpg,https://kultura-doma.ru/public/src/images/gallery/catalog/6a3a73a1b9c92_big.jpg,https://kultura-doma.ru/public/src/images/gallery/catalog/6a3a73a436f74_big.jpg,23 см,23 см,null,null,null,костяной фарфор,100% костяной фарфор,null,null,null,330,https://kultura-doma.ru/product/tarelka-skazochnyy-les-330,other,master_catalog
770,KD-PD-7955,Тарелка Сказочный лес,белый,27х27х2 см,https://kultura-doma.ru/public/src/images/gallery/catalog/6a3a739d63fff_big.jpg,https://kultura-doma.ru/public/src/images/gallery/catalog/6a3a739cc4bc1_big.jpg,https://kultura-doma.ru/public/src/images/gallery/catalog/6a3a739db87fc_big.jpg,27 см,27 см,null,null,null,костяной фарфор,100% костяной фарфор,null,null,null,331,https://kultura-doma.ru/product/tarelka-skazochnyy-les-331,other,master_catalog
771,KD-PD-9867,Тарелка суповая Ботаника,белый,22 см,https://kultura-doma.ru/public/src/images/gallery/catalog/687a420825d16_big.jpg,https://kultura-doma.ru/public/src/images/gallery/catalog/687a653f8019f_big.jpg,https://kultura-doma.ru/public/src/images/gallery/catalog/6a3a733a6bb24_big.jpg,null,null,null,null,null,фарфор,100% фарфор,null,null,null,1122,https://kultura-doma.ru/product/tarelka-supovaya-botanika,other,master_catalog
772,KD-PD-9541,Тортовница Облачные фантазии,белый,null,https://kultura-doma.ru/public/src/images/gallery/catalog/6a3a77d78bf45_big.jpg,https://kultura-doma.ru/public/src/images/gallery/catalog/6a3a77d7d44dc_big.jpg,null,null,null,null,null,null,бисквитный фарфор,null,null,null,null,201,https://kultura-doma.ru/product/tortovnica-oblachnye-fantazii,other,master_catalog
773,KD-PD-11978,Фата,null,null,https://kultura-doma.ru/public/src/images/gallery/catalog/6a26d3bfcfc04_big.jpg,https://kultura-doma.ru/public/src/images/gallery/catalog/6a15501a4fc33_big.jpg,https://kultura-doma.ru/public/src/images/gallery/catalog/6a26d3c26552f_big.jpg,null,null,null,null,null,батист,null,null,null,null,1811,https://kultura-doma.ru/product/fata,other,master_catalog
774,KD-PD-12056,Фоторамка Кружево,бежевый,24х29 см,https://kultura-doma.ru/public/src/images/gallery/catalog/6a47c654d7e2f_big.jpg,https://kultura-doma.ru/public/src/images/gallery/catalog/6a27e0013dabc_big.jpg,null,24 см,29 см,null,null,null,null,null,Кружево,null,null,1804,https://kultura-doma.ru/product/fotoramka,other,master_catalog
775,KD-PD-6485,Халат Анна,розовый,56-170,https://kultura-doma.ru/public/src/images/gallery/catalog/68bebd2fc1637_big.jpg,https://kultura-doma.ru/public/src/images/gallery/catalog/6a43737a8a319_big.jpg,https://kultura-doma.ru/public/src/images/gallery/catalog/6a43737b48d14_big.jpg,null,null,null,null,null,тенсель,100% тенсель,null,null,null,1013,https://kultura-doma.ru/product/halat-anna,other,master_catalog
776,KD-PD-6485,Халат Анна: 42-170,розовый,42-170,https://kultura-doma.ru/public/src/images/gallery/catalog/68bebd2fc1637_big.jpg,https://kultura-doma.ru/public/src/images/gallery/catalog/6a43737a8a319_big.jpg,https://kultura-doma.ru/public/src/images/gallery/catalog/6a43737b48d14_big.jpg,null,null,null,null,null,тенсель,100% тенсель,null,null,null,1013-1349,https://kultura-doma.ru/product/halat-anna-size-42170,other,master_catalog
777,KD-PD-6486,Халат Анна: 44-170,розовый,44-170,https://kultura-doma.ru/public/src/images/gallery/catalog/68bebd2fc1637_big.jpg,https://kultura-doma.ru/public/src/images/gallery/catalog/6a43737a8a319_big.jpg,https://kultura-doma.ru/public/src/images/gallery/catalog/6a43737b48d14_big.jpg,null,null,null,null,null,тенсель,100% тенсель,null,null,null,1013-1350,https://kultura-doma.ru/product/halat-anna-size-44170,other,master_catalog
778,KD-PD-6487,Халат Анна: 46-170,розовый,46-170,https://kultura-doma.ru/public/src/images/gallery/catalog/68bebd2fc1637_big.jpg,https://kultura-doma.ru/public/src/images/gallery/catalog/6a43737a8a319_big.jpg,https://kultura-doma.ru/public/src/images/gallery/catalog/6a43737b48d14_big.jpg,null,null,null,null,null,тенсель,100% тенсель,null,null,null,1013-1351,https://kultura-doma.ru/product/halat-anna-size-46170,other,master_catalog
779,KD-PD-6488,Халат Анна: 48-170,розовый,48-170,https://kultura-doma.ru/public/src/images/gallery/catalog/68bebd2fc1637_big.jpg,https://kultura-doma.ru/public/src/images/gallery/catalog/6a43737a8a319_big.jpg,https://kultura-doma.ru/public/src/images/gallery/catalog/6a43737b48d14_big.jpg,null,null,null,null,null,тенсель,100% тенсель,null,null,null,1013-1352,https://kultura-doma.ru/product/halat-anna-size-48170,other,master_catalog
780,KD-PD-6489,Халат Анна: 50-170,розовый,50-170,https://kultura-doma.ru/public/src/images/gallery/catalog/68bebd2fc1637_big.jpg,https://kultura-doma.ru/public/src/images/gallery/catalog/6a43737a8a319_big.jpg,https://kultura-doma.ru/public/src/images/gallery/catalog/6a43737b48d14_big.jpg,null,null,null,null,null,тенсель,100% тенсель,null,null,null,1013-1353,https://kultura-doma.ru/product/halat-anna-size-50170,other,master_catalog
781,KD-PD-8955,Халат женский Ратко,белый,40-42,https://kultura-doma.ru/public/src/images/gallery/catalog/6891ecad746d1_big.jpg,https://kultura-doma.ru/public/src/images/gallery/catalog/6a47cb011d675_big.jpg,null,null,null,null,null,null,ткань вафельная,null,null,null,null,653,https://kultura-doma.ru/product/halat-zhenskiy-ratko,other,master_catalog
782,KD-PD-8956,Халат женский Ратко: 44-46,белый,44-46,https://kultura-doma.ru/public/src/images/gallery/catalog/6891ecad746d1_big.jpg,https://kultura-doma.ru/public/src/images/gallery/catalog/6a47cb011d675_big.jpg,null,null,null,null,null,null,ткань вафельная,null,null,null,null,653-1006,https://kultura-doma.ru/product/halat-zhenskiy-ratko-size-4446,other,master_catalog
783,KD-PD-8957,Халат женский Ратко: 48-50,белый,48-50,https://kultura-doma.ru/public/src/images/gallery/catalog/6891ecad746d1_big.jpg,https://kultura-doma.ru/public/src/images/gallery/catalog/6a47cb011d675_big.jpg,null,null,null,null,null,null,ткань вафельная,null,null,null,null,653-1007,https://kultura-doma.ru/product/halat-zhenskiy-ratko-size-4850,other,master_catalog
784,KD-PD-8958,Халат женский Ратко: 52-54,белый,52-54,https://kultura-doma.ru/public/src/images/gallery/catalog/6891ecad746d1_big.jpg,https://kultura-doma.ru/public/src/images/gallery/catalog/6a47cb011d675_big.jpg,null,null,null,null,null,null,ткань вафельная,null,null,null,null,653-1008,https://kultura-doma.ru/product/halat-zhenskiy-ratko-size-5254,other,master_catalog
785,KD-PD-9514,Халат Садко,серый,XL,https://kultura-doma.ru/public/src/images/gallery/catalog/6891ec8f458a2_big.jpg,https://kultura-doma.ru/public/src/images/gallery/catalog/6a47cbe2c5746_big.jpg,https://kultura-doma.ru/public/src/images/gallery/catalog/6a47cbe339cce_big.jpg,null,null,null,null,null,махровая ткань,null,null,null,null,659,https://kultura-doma.ru/product/halat-sadko-659,other,master_catalog
786,KD-PD-9527,Халат Садко,розовый,2XL,https://kultura-doma.ru/public/src/images/gallery/catalog/6891e8398d133_big.jpg,https://kultura-doma.ru/public/src/images/gallery/catalog/6a47cc0f0f4c9_big.jpg,https://kultura-doma.ru/public/src/images/gallery/catalog/6a47cc0f5054b_big.jpg,null,null,null,null,null,махровая ткань,null,null,null,null,664,https://kultura-doma.ru/product/halat-sadko-664,other,master_catalog
787,KD-PD-9515,Халат Садко: 2XL,серый,2XL,https://kultura-doma.ru/public/src/images/gallery/catalog/6891ec8f458a2_big.jpg,https://kultura-doma.ru/public/src/images/gallery/catalog/6a47cbe2c5746_big.jpg,https://kultura-doma.ru/public/src/images/gallery/catalog/6a47cbe339cce_big.jpg,null,null,null,null,null,махровая ткань,null,null,null,null,659-1009,https://kultura-doma.ru/product/halat-sadko-659-size-2xl,other,master_catalog
788,KD-PD-9513,Халат Садко: L,серый,L,https://kultura-doma.ru/public/src/images/gallery/catalog/6891ec8f458a2_big.jpg,https://kultura-doma.ru/public/src/images/gallery/catalog/6a47cbe2c5746_big.jpg,https://kultura-doma.ru/public/src/images/gallery/catalog/6a47cbe339cce_big.jpg,null,null,null,null,null,махровая ткань,null,null,null,null,659-1753,https://kultura-doma.ru/product/halat-sadko-659-size-l,other,master_catalog
789,KD-PD-9525,Халат Садко: L,розовый,L,https://kultura-doma.ru/public/src/images/gallery/catalog/6891e8398d133_big.jpg,https://kultura-doma.ru/public/src/images/gallery/catalog/6a47cc0f0f4c9_big.jpg,https://kultura-doma.ru/public/src/images/gallery/catalog/6a47cc0f5054b_big.jpg,null,null,null,null,null,махровая ткань,null,null,null,null,664-1235,https://kultura-doma.ru/product/halat-sadko-664-size-l,other,master_catalog
790,KD-PD-9512,Халат Садко: M,серый,M,https://kultura-doma.ru/public/src/images/gallery/catalog/6891ec8f458a2_big.jpg,https://kultura-doma.ru/public/src/images/gallery/catalog/6a47cbe2c5746_big.jpg,https://kultura-doma.ru/public/src/images/gallery/catalog/6a47cbe339cce_big.jpg,null,null,null,null,null,махровая ткань,null,null,null,null,659-1752,https://kultura-doma.ru/product/halat-sadko-659-size-m,other,master_catalog
791,KD-PD-9526,Халат Садко: XL,розовый,XL,https://kultura-doma.ru/public/src/images/gallery/catalog/6891e8398d133_big.jpg,https://kultura-doma.ru/public/src/images/gallery/catalog/6a47cc0f0f4c9_big.jpg,https://kultura-doma.ru/public/src/images/gallery/catalog/6a47cc0f5054b_big.jpg,null,null,null,null,null,махровая ткань,null,null,null,null,664-1237,https://kultura-doma.ru/product/halat-sadko-664-size-xl,other,master_catalog
792,KD-PD-9524,Халат Садко: М,розовый,М,https://kultura-doma.ru/public/src/images/gallery/catalog/6891e8398d133_big.jpg,https://kultura-doma.ru/public/src/images/gallery/catalog/6a47cc0f0f4c9_big.jpg,https://kultura-doma.ru/public/src/images/gallery/catalog/6a47cc0f5054b_big.jpg,null,null,null,null,null,махровая ткань,null,null,null,null,664-1236,https://kultura-doma.ru/product/halat-sadko-664-size-m,other,master_catalog
793,KD-PD-9861,Чайная пара Ботаника,белый,null,https://kultura-doma.ru/public/src/images/gallery/catalog/6a394acdf1514_big.jpg,https://kultura-doma.ru/public/src/images/gallery/catalog/6a394acad8ef9_big.jpg,https://kultura-doma.ru/public/src/images/gallery/catalog/6a394ace31034_big.jpg,null,null,220 мл,null,"Кружка 1 шт, блюдце 1 шт",фарфор,100% фарфор,null,null,null,1219,https://kultura-doma.ru/product/chaynaya-para-botanika,tea_pair,master_catalog
794,KD-PD-10922,Чайная пара Весенний сад,белый,null,https://kultura-doma.ru/public/src/images/gallery/catalog/6a394ae0d5c9f_big.jpg,https://kultura-doma.ru/public/src/images/gallery/catalog/69a6ebeca8038_big.jpg,https://kultura-doma.ru/public/src/images/gallery/catalog/6a394ae018d6d_big.jpg,null,null,250 мл,null,"Кружка 1 шт, блюдце 1 шт",фарфор,100% фарфор,null,null,null,1643,https://kultura-doma.ru/product/chaynaya-para-vesenniy-sad,tea_pair,master_catalog
795,KD-PD-8461,Чайная пара Ландыши,белый,null,https://kultura-doma.ru/public/src/images/gallery/catalog/688cc66fceb49_big.jpg,https://kultura-doma.ru/public/src/images/gallery/catalog/68b999c3a35b4_big.jpg,https://kultura-doma.ru/public/src/images/gallery/catalog/69ef73eb0e8cc_big.jpg,null,null,250 мл,null,"Кружка 1 шт, блюдце 1 шт",фарфор,100% фарфор,null,null,null,342,https://kultura-doma.ru/product/chaynaya-para-landyshi,tea_pair,master_catalog
796,KD-PD-7698,Чайная пара Летний сад,белый,null,https://kultura-doma.ru/public/src/images/gallery/catalog/6a394b3f48760_big.jpg,https://kultura-doma.ru/public/src/images/gallery/catalog/6a394b3c68fed_big.jpg,https://kultura-doma.ru/public/src/images/gallery/catalog/6a394b3f067d1_big.jpg,null,null,350 мл,null,"Кружка 1 шт, блюдце 1 шт",фарфор,100% фарфор,null,null,null,339,https://kultura-doma.ru/product/chaynaya-para-letniy-sad,tea_pair,master_catalog
797,KD-PD-10272,Чайная пара Пиктограммы красная,белый,null,https://kultura-doma.ru/public/src/images/gallery/catalog/6929af5078036_big.jpg,https://kultura-doma.ru/public/src/images/gallery/catalog/693c093e6f029_big.jpg,https://kultura-doma.ru/public/src/images/gallery/catalog/6929af503889e_big.jpg,null,null,250 мл,null,"Кружка 1 шт, блюдце 1 шт",костяной фарфор,100% костяной фарфор,null,null,null,1332,https://kultura-doma.ru/product/chaynaya-para-piktogrammy-1332,tea_pair,master_catalog
798,KD-PD-10271,Чайная пара Пиктограммы синяя,белый,null,https://kultura-doma.ru/public/src/images/gallery/catalog/6a394b52da127_big.jpg,https://kultura-doma.ru/public/src/images/gallery/catalog/691c61be958ba_big.jpg,https://kultura-doma.ru/public/src/images/gallery/catalog/6a394b533284b_big.jpg,null,null,250 мл,null,"Кружка 1 шт, блюдце 1 шт",костяной фарфор,100% костяной фарфор,null,null,null,1331,https://kultura-doma.ru/product/chaynaya-para-piktogrammy,tea_pair,master_catalog
799,KD-PD-11412,Чайная пара Признание,белый,null,https://kultura-doma.ru/public/src/images/gallery/catalog/6a394b1ac788d_big.jpg,https://kultura-doma.ru/public/src/images/gallery/catalog/698f3bcc6be7c_big.jpg,https://kultura-doma.ru/public/src/images/gallery/catalog/6a394b1b19668_big.jpg,null,null,250 мл,null,"Кружка 1 шт, блюдце 1 шт",костяной фарфор,100% костяной фарфор,null,null,null,1529,https://kultura-doma.ru/product/chaynaya-para-priznanie,tea_pair,master_catalog
800,KD-PD-10935,Чайная пара Русская тройка,белый,null,https://kultura-doma.ru/public/src/images/gallery/catalog/6a5787c3515ca_big.jpg,https://kultura-doma.ru/public/src/images/gallery/catalog/692d76dac198d_big.jpg,https://kultura-doma.ru/public/src/images/gallery/catalog/6a5787c31625f_big.jpg,null,null,null,null,"Кружка 1 шт, блюдце 1 шт",фарфор,100% фарфор,null,null,null,1334,https://kultura-doma.ru/product/chaynaya-para-koni,tea_pair,master_catalog
801,KD-PD-9535,Чайная пара Русское поле,белый,null,https://kultura-doma.ru/public/src/images/gallery/catalog/6a394ad7d8436_big.jpg,https://kultura-doma.ru/public/src/images/gallery/catalog/6a394ad78c176_big.jpg,https://kultura-doma.ru/public/src/images/gallery/catalog/6a394ad835311_big.jpg,null,null,220 мл,null,"Кружка 1 шт, блюдце 1 шт",фарфор,100% фарфор,null,null,null,344,https://kultura-doma.ru/product/chaynaya-para-russkoe-pole,tea_pair,master_catalog
802,KD-PD-7952,Чайная пара Сказочный лес,белый,null,https://kultura-doma.ru/public/src/images/gallery/catalog/688cd31623022_big.jpg,https://kultura-doma.ru/public/src/images/gallery/catalog/6a394b27262c4_big.jpg,https://kultura-doma.ru/public/src/images/gallery/catalog/6a394b2842c6d_big.jpg,null,null,260 мл,null,"Кружка 1 шт, блюдце 1 шт",костяной фарфор,100% костяной фарфор,null,null,null,341,https://kultura-doma.ru/product/chaynaya-para-skazochnyy-les,tea_pair,master_catalog
803,KD-PD-9869,Чайник заварочный Ботаника,белый,null,https://kultura-doma.ru/public/src/images/gallery/catalog/687a555616b91_big.jpg,https://kultura-doma.ru/public/src/images/gallery/catalog/6a394ac0c37cf_big.jpg,https://kultura-doma.ru/public/src/images/gallery/catalog/6a394abfceb9c_big.jpg,null,null,470 мл,null,Чайник 1 шт,фарфор,100% фарфор,null,null,null,1118,https://kultura-doma.ru/product/chaynik-zavarochnyy-botanika,teapot,master_catalog
804,KD-PD-10923,Чайник заварочный Весенний сад,белый,null,https://kultura-doma.ru/public/src/images/gallery/catalog/6a50b1e9353c9_big.jpg,https://kultura-doma.ru/public/src/images/gallery/catalog/6a15b22e56596_big.jpg,null,null,null,1300 мл,null,Чайник 1 шт,фарфор,100% фарфор,null,null,null,1644,https://kultura-doma.ru/product/chaynik-zavarochnyy-vesenniy-sad,teapot,master_catalog
805,KD-PD-7045,Чайник Летний сад,белый,null,https://kultura-doma.ru/public/src/images/gallery/catalog/6a394b3836bcc_big.jpg,https://kultura-doma.ru/public/src/images/gallery/catalog/6a394b363d33c_big.jpg,https://kultura-doma.ru/public/src/images/gallery/catalog/6a394b38b64ce_big.jpg,null,null,970 мл,null,Чайник 1 шт,костяной фарфор,100% костяной фарфор,null,null,null,336,https://kultura-doma.ru/product/chaynik-letniy-sad,teapot,master_catalog
806,KD-PD-9534,Чайник Русское поле,белый,null,https://kultura-doma.ru/public/src/images/gallery/catalog/6a394ad510f78_big.jpg,https://kultura-doma.ru/public/src/images/gallery/catalog/6a394ad4b17d3_big.jpg,https://kultura-doma.ru/public/src/images/gallery/catalog/6a394ad56cf76_big.jpg,null,null,470 мл,null,Чайник 1 шт,фарфор,100% фарфор,null,null,null,338,https://kultura-doma.ru/product/chaynik-russkoe-pole,teapot,master_catalog
807,KD-PD-8546,Чайник серебряный Репка,null,"19,5x9,5 см",https://kultura-doma.ru/public/src/images/gallery/catalog/6a1d97a96196f_big.jpg,https://kultura-doma.ru/public/src/images/gallery/catalog/6a1d97a2e92e6_big.png,null,null,null,null,null,Чайник 1 шт,null,null,null,null,null,1831,https://kultura-doma.ru/product/chaynik-serebryanyy-repka-1831,teapot,master_catalog
808,KD-PD-9887,Чаша Коралл,белый,18 см,https://kultura-doma.ru/public/src/images/gallery/catalog/68cd639945394_big.jpg,https://kultura-doma.ru/public/src/images/gallery/catalog/68cd603d87fce_big.gif,https://kultura-doma.ru/public/src/images/gallery/catalog/6a58ec7346852_big.jpg,null,null,null,null,null,фарфор,100% фарфор,null,null,null,1179,https://kultura-doma.ru/product/chasha-korall,other,master_catalog
809,KD-PD-9888,Чаша Коралл,синий,18 см,https://kultura-doma.ru/public/src/images/gallery/catalog/68cd63e4658a7_big.jpg,https://kultura-doma.ru/public/src/images/gallery/catalog/68cd63143bd10_big.gif,https://kultura-doma.ru/public/src/images/gallery/catalog/6a58ecb608567_big.jpg,null,null,null,null,null,фарфор,100% фарфор,null,null,null,1181,https://kultura-doma.ru/product/chasha-korall-1181,other,master_catalog
810,KD-PD-9887,Чаша Коралл: 27 см,белый,27 см,https://kultura-doma.ru/public/src/images/gallery/catalog/68cd639945394_big.jpg,https://kultura-doma.ru/public/src/images/gallery/catalog/68cd603d87fce_big.gif,https://kultura-doma.ru/public/src/images/gallery/catalog/6a58ec7346852_big.jpg,null,null,null,null,null,фарфор,100% фарфор,null,null,null,1179-1238,https://kultura-doma.ru/product/chasha-korall-size-27-sm,other,master_catalog
811,KD-PD-9888,Чаша Коралл: 27 см,синий,27 см,https://kultura-doma.ru/public/src/images/gallery/catalog/68cd63e4658a7_big.jpg,https://kultura-doma.ru/public/src/images/gallery/catalog/68cd63143bd10_big.gif,https://kultura-doma.ru/public/src/images/gallery/catalog/6a58ecb608567_big.jpg,null,null,null,null,null,фарфор,100% фарфор,null,null,null,1181-1240,https://kultura-doma.ru/product/chasha-korall-1181-size-27-sm,other,master_catalog
812,KD-PD-9796,Шахматы,серебряный,32х32 см,https://kultura-doma.ru/public/src/images/gallery/catalog/6a5f830409cde_big.jpg,https://kultura-doma.ru/public/src/images/gallery/catalog/68de5ff9ae7aa_big.gif,https://kultura-doma.ru/public/src/images/gallery/catalog/6a5f830663033_big.jpg,32 см,32 см,null,null,null,"латунь, акрил",null,null,null,null,156,https://kultura-doma.ru/product/shahmaty,other,master_catalog
813,KD-PD-7546,Ширма Зимние Забавы,черный,160х150 см,https://kultura-doma.ru/public/src/images/gallery/catalog/68877eb409e44_big.jpg,https://kultura-doma.ru/public/src/images/gallery/catalog/69c50134504ac_big.jpg,https://kultura-doma.ru/public/src/images/gallery/catalog/69c5013590351_big.jpg,160 см,150 см,null,null,null,"масляные краски, льняное масло, перламутр, сусальное золото",null,null,null,null,603,https://kultura-doma.ru/product/shirma-zimnie-zabavy,other,master_catalog
814,KD-PD-7545,Ширма Мечты,желтый,160х180 см,https://kultura-doma.ru/public/src/images/gallery/catalog/69c50202df550_big.jpg,null,null,160 см,180 см,null,null,null,дерево,null,null,null,null,602,https://kultura-doma.ru/product/shirma-mechty,other,master_catalog
815,KD-PD-7580,Шкатулка Балерина,белый,9х13 см,https://kultura-doma.ru/public/src/images/gallery/catalog/686e89a0d779b_big.jpg,https://kultura-doma.ru/public/src/images/gallery/catalog/686e899ff3f71_big.jpg,https://kultura-doma.ru/public/src/images/gallery/catalog/686e899f08426_big.jpg,9 см,13 см,null,null,null,фарфор,100% фарфор,null,null,null,129,https://kultura-doma.ru/product/shkatulka-balerina,other,master_catalog
816,KD-PD-7582,Шкатулка Балерина,белый,7х8 см,https://kultura-doma.ru/public/src/images/gallery/catalog/69e089cc474c5_big.jpg,https://kultura-doma.ru/public/src/images/gallery/catalog/69e089cc9620f_big.jpg,null,7 см,8 см,null,null,null,фарфор,100% фарфор,null,null,null,131,https://kultura-doma.ru/product/shkatulka-balerina-131,other,master_catalog
817,KD-PD-7583,Шкатулка Балерина,белый,7х8 см,https://kultura-doma.ru/public/src/images/gallery/catalog/686e89b97bf40_big.jpg,https://kultura-doma.ru/public/src/images/gallery/catalog/686e89b816433_big.jpg,https://kultura-doma.ru/public/src/images/gallery/catalog/686e89bbc0fe0_big.jpg,7 см,8 см,null,null,null,фарфор,100% фарфор,null,null,null,132,https://kultura-doma.ru/product/shkatulka-balerina-132,other,master_catalog
818,KD-PD-9467,Шкатулка Пасха,белый,null,https://kultura-doma.ru/public/src/images/gallery/catalog/6a47b4703a380_big.jpg,https://kultura-doma.ru/public/src/images/gallery/catalog/69ba9bc6842e0_big.jpg,https://kultura-doma.ru/public/src/images/gallery/catalog/6a47b47078451_big.jpg,null,null,null,null,null,фарфор,100% фарфор,null,null,null,894,https://kultura-doma.ru/product/shkatulka-pasha,other,master_catalog
819,KD-PD-9638,Шкатулка Пасха,белый,null,https://kultura-doma.ru/public/src/images/gallery/catalog/69ce1fb494247_big.jpg,https://kultura-doma.ru/public/src/images/gallery/catalog/69ce1fb56c5e2_big.jpg,https://kultura-doma.ru/public/src/images/gallery/catalog/69ce1fb4d3f43_big.jpg,null,null,null,null,null,фарфор,100% фарфор,null,null,null,899,https://kultura-doma.ru/product/shkatulka-pasha-899,other,master_catalog
820,KD-PD-10668,Шкатулка фарфоровая Пионы Надежда,белый,9х13 см,https://kultura-doma.ru/public/src/images/gallery/catalog/6936a5dfea10e_big.jpg,https://kultura-doma.ru/public/src/images/gallery/catalog/6936a5e04721e_big.jpg,null,9 см,13 см,null,null,null,фарфор,100% фарфор,null,null,null,1289,https://kultura-doma.ru/product/shkatulka-balerina-1289,other,master_catalog
821,KD-PD-8463,Яйцо сувенирное Ландыши,белый,null,https://kultura-doma.ru/public/src/images/gallery/catalog/686e8b2055479_big.jpg,https://kultura-doma.ru/public/src/images/gallery/catalog/686e8b1eeb40f_big.jpg,https://kultura-doma.ru/public/src/images/gallery/catalog/686e8b2132eaa_big.jpg,null,null,null,null,null,фарфор,100% фарфор,null,null,null,870,https://kultura-doma.ru/product/yayco-suvenirnoe-landyshi-870,other,master_catalog
822,KD-PD-8871,Яйцо сувенирное Ландыши,белый,null,https://kultura-doma.ru/public/src/images/gallery/catalog/686e89fddbb6b_big.jpg,https://kultura-doma.ru/public/src/images/gallery/catalog/686e89fbbf534_big.jpg,https://kultura-doma.ru/public/src/images/gallery/catalog/686e89fc780e4_big.jpg,null,null,null,null,null,фарфор,100% фарфор,null,null,null,863,https://kultura-doma.ru/product/yayco-suvenirnoe-landyshi,other,master_catalog
823,KD-PD-8872,Яйцо сувенирное Ландыши,белый,null,https://kultura-doma.ru/public/src/images/gallery/catalog/686e8a03ba790_big.jpg,https://kultura-doma.ru/public/src/images/gallery/catalog/69de4d41bc374_big.jpg,https://kultura-doma.ru/public/src/images/gallery/catalog/686e8a02d515f_big.jpg,null,null,null,null,null,фарфор,100% фарфор,null,null,null,864,https://kultura-doma.ru/product/yayco-suvenirnoe-landyshi-864,other,master_catalog
824,KD-PD-11616,Плейсмат Алая нить,белый,40х40 см,https://kultura-doma.ru/public/src/images/gallery/catalog/6a5758afe1452_big.jpg,https://kultura-doma.ru/public/src/images/gallery/catalog/698f3c1dcbbc9_big.jpg,https://kultura-doma.ru/public/src/images/gallery/catalog/698f3c1d796cb_big.jpg,40 см,40 см,null,null,null,сатин,100% сатин,null,Алая нить,null,1526,https://kultura-doma.ru/product/pleysmat-s-vyshivkoy-alaya-nit,placemat,master_catalog
825,KD-PD-11574,Чайная пара Алая нить,белый,null,https://kultura-doma.ru/public/src/images/gallery/catalog/6a394b18bc094_big.jpg,https://kultura-doma.ru/public/src/images/gallery/catalog/698f3be9a9db0_big.jpg,https://kultura-doma.ru/public/src/images/gallery/catalog/6a394b1916dc9_big.jpg,null,null,320 мл,null,"Кружка 1 шт, блюдце 1 шт",фарфор,100% фарфор,null,Алая нить,null,1528,https://kultura-doma.ru/product/chaynaya-para-alaya-nit,tea_pair,master_catalog
826,KD-PD-8242,Набор столовых приборов Александр,серебряный,null,https://kultura-doma.ru/public/src/images/gallery/catalog/6a57511b9cbbf_big.jpg,https://kultura-doma.ru/public/src/images/gallery/catalog/6a57511c37261_big.jpg,https://kultura-doma.ru/public/src/images/gallery/catalog/6a57511be1ee5_big.jpg,null,null,null,null,null,нержавеющая сталь 18/10,null,null,Александр,null,321,https://kultura-doma.ru/product/nabor-stolovyh-priborov-aleksandr,other,master_catalog
827,KD-PD-11521,Диффузор Черный бархат,null,null,https://kultura-doma.ru/public/src/images/gallery/catalog/6a101521b4575_big.jpg,https://kultura-doma.ru/public/src/images/gallery/catalog/69b16002123a4_big.png,null,null,null,130 мл,null,null,null,null,null,Бархат,Черный бархат,1655,https://kultura-doma.ru/product/diffuzor-chernyy-barhat,other,master_catalog
828,KD-PD-6851,Набор свечей Винный бархат,бордовый,35 см,https://kultura-doma.ru/public/src/images/gallery/catalog/69df98aaddf5c_big.jpg,https://kultura-doma.ru/public/src/images/gallery/catalog/69df98ab3cd3f_big.jpg,null,35 см,null,null,null,null,null,null,null,Бархат,null,99,https://kultura-doma.ru/product/nabor-svechey-vinnyy-barhat,candle,master_catalog
829,KD-PD-11526,Наполнитель для диффузора Черный бархат,null,null,https://kultura-doma.ru/public/src/images/gallery/catalog/6a47b86a65534_big.jpg,https://kultura-doma.ru/public/src/images/gallery/catalog/6a47b86ac75fd_big.jpg,https://kultura-doma.ru/public/src/images/gallery/catalog/6a47b86b24736_big.jpg,null,null,250 мл,null,null,null,null,null,Бархат,null,1801,https://kultura-doma.ru/product/napolnitel-dlya-diffuzora-chernyy-barhat,other,master_catalog
830,KD-PD-8653,Подушка декоративная Бархат,голубой,45х45 см,https://kssafonova.github.io/kd/images/imported-products/6a4374a2e1a5c_big.jpg,null,null,45 см,45 см,null,null,null,null,null,null,Бархат,null,430,https://kultura-doma.ru/product/podushka-dekorativnaya-barhat,decorative_pillow,master_catalog
831,KD-PD-8654,Подушка декоративная Бархат,коричневый,45х45 см,https://kssafonova.github.io/kd/images/imported-products/6a4374a48a665_big.jpg,null,null,45 см,45 см,null,null,null,null,null,null,Бархат,null,431,https://kultura-doma.ru/product/podushka-dekorativnaya-barhat-431,decorative_pillow,master_catalog
832,KD-PD-8655,Подушка декоративная Бархат,фиолетовый,45х45 см,https://kssafonova.github.io/kd/images/imported-products/6a4374a60ce15_big.jpg,null,null,45 см,45 см,null,null,null,null,null,null,Бархат,null,432,https://kultura-doma.ru/product/podushka-dekorativnaya-barhat-432,decorative_pillow,master_catalog
833,KD-PD-8735,Подушка декоративная Бархат,голубой,25х50 см,https://kssafonova.github.io/kd/images/imported-products/69e2342578461_big.jpg,https://kssafonova.github.io/kd/images/imported-products/69e234252cd2e_big.jpg,null,25 см,50 см,null,null,null,null,null,null,Бархат,null,1159,https://kultura-doma.ru/product/podushka-dekorativnaya-barhat-1159,decorative_pillow,master_catalog
834,KD-PD-8742,Подушка декоративная Бархат,null,18х60 см,https://kssafonova.github.io/kd/images/imported-products/6892054eb809e_big.jpg,https://kssafonova.github.io/kd/images/imported-products/686fc0bfd64b7_big.jpg,https://kssafonova.github.io/kd/images/imported-products/69e2341038203_big.jpg,18 см,60 см,null,null,null,null,null,null,Бархат,null,440,https://kultura-doma.ru/product/podushka-dekorativnaya-barhat-440,decorative_pillow,master_catalog
835,KD-PD-8742,Подушка декоративная Бархат: 18х55 см,null,18х55 см,https://kssafonova.github.io/kd/images/imported-products/6892054eb809e_big.jpg,https://kssafonova.github.io/kd/images/imported-products/686fc0bfd64b7_big.jpg,https://kssafonova.github.io/kd/images/imported-products/69e2341038203_big.jpg,18 см,55 см,null,null,null,null,null,null,Бархат,null,440-2048,https://kultura-doma.ru/product/podushka-dekorativnaya-barhat-440-size-18h55-sm,decorative_pillow,master_catalog
836,KD-PD-1027,Стёганое покрывало «Бархатный ритм»,Молочный,Евро 200×220 см,https://kssafonova.github.io/kd/images/imported-products/KD-PD-1027-MOL01.png,null,null,200 см,220 см,null,null,Покрывало 1 шт,Микровелюр,Внешняя часть: 100% микровелюр Наполнитель: 100% полиэфирное волокно,null,Бархат,null,7,https://kssafonova.github.io/kd/catalog/product/7/,storefront_sku,app_catalog
837,KD-PD-1027,Стёганое покрывало «Бархатный ритм»,Серо-синий,Евро 200×220 см,https://kssafonova.github.io/kd/images/imported-products/KD-PD-1027-PES01.png,null,null,200 см,220 см,null,null,Покрывало 1 шт,Микровелюр,Внешняя часть: 100% микровелюр Наполнитель: 100% полиэфирное волокно,null,Бархат,null,7,https://kssafonova.github.io/kd/catalog/product/7/,storefront_sku,app_catalog
838,KD-PD-1027,Стёганое покрывало «Бархатный ритм»,Молочный,Кинг сайз 220×240 см,https://kssafonova.github.io/kd/images/imported-products/KD-PD-1027-MOL01.png,null,null,220 см,240 см,null,null,Покрывало 1 шт,Микровелюр,Внешняя часть: 100% микровелюр Наполнитель: 100% полиэфирное волокно,null,Бархат,null,7,https://kssafonova.github.io/kd/catalog/product/7/,storefront_sku,app_catalog
839,KD-PD-1027,Стёганое покрывало «Бархатный ритм»,Серо-синий,Кинг сайз 220×240 см,https://kssafonova.github.io/kd/images/imported-products/KD-PD-1027-PES01.png,null,null,220 см,240 см,null,null,Покрывало 1 шт,Микровелюр,Внешняя часть: 100% микровелюр Наполнитель: 100% полиэфирное волокно,null,Бархат,null,7,https://kssafonova.github.io/kd/catalog/product/7/,storefront_sku,app_catalog
840,KD-PD-9415,Ваза для фруктов Весна,белый,"21х21х9,5 см",https://kultura-doma.ru/public/src/images/gallery/catalog/6a43756d2e4f2_big.jpg,https://kssafonova.github.io/kd/images/imported-products/68fb3b873b725_big.jpg,https://kultura-doma.ru/public/src/images/gallery/catalog/6a43756d7fc95_big.jpg,null,null,null,null,null,фарфор,100% фарфор,null,Весна,null,231,https://kultura-doma.ru/product/vaza-dlya-fruktov-vesna,vase,master_catalog
841,KD-PD-9418,Кружка Весна,белый,null,https://kssafonova.github.io/kd/images/imported-products/68ee0f7e2641d_big.jpg,https://kssafonova.github.io/kd/images/imported-products/68ee0f93954b5_big.jpg,https://kultura-doma.ru/public/src/images/gallery/catalog/6a4375855db76_big.jpg,null,null,350 мл,null,null,фарфор,100% фарфор,null,Весна,null,245,https://kultura-doma.ru/product/kruzhka-vesna,mug,master_catalog
842,KD-PD-8982,Плейсмат Весна,белый,45х65 см,https://kultura-doma.ru/public/src/images/gallery/catalog/69f2193eec4fd_big.jpg,https://kultura-doma.ru/public/src/images/gallery/catalog/69f2193c7b4a5_big.jpg,https://kultura-doma.ru/public/src/images/gallery/catalog/69f2193d7b5ef_big.jpg,45 см,65 см,null,null,null,сатин,100% сатин,null,Весна,null,561,https://kultura-doma.ru/product/pleysmat-vesna,placemat,master_catalog
843,KD-PD-8983,Плейсмат Весна,зеленый,45х45 см,https://kultura-doma.ru/public/src/images/gallery/catalog/69f21947d5ab9_big.jpg,https://kultura-doma.ru/public/src/images/gallery/catalog/69f2194651ed2_big.jpg,https://kultura-doma.ru/public/src/images/gallery/catalog/69f21944646fb_big.jpg,45 см,45 см,null,null,null,сатин,100% сатин,null,Весна,null,562,https://kultura-doma.ru/product/pleysmat-vesna-562,placemat,master_catalog
844,KD-PD-8984,Салфетка Весна,белый,45х45 см,https://kultura-doma.ru/public/src/images/gallery/catalog/6a43c7c4384df_big.jpg,https://kssafonova.github.io/kd/images/imported-products/68b0382c609d3_big.png,https://kultura-doma.ru/public/src/images/gallery/catalog/6a43c7c4ae99c_big.jpg,45 см,45 см,null,null,null,сатин,100% сатин,null,Весна,null,576,https://kultura-doma.ru/product/salfetka-vesna,napkin,master_catalog
845,KD-PD-9975,Свеча Весна,белый,"25,5 см",https://kssafonova.github.io/kd/images/imported-products/69df5f56592b1_big.jpg,https://kssafonova.github.io/kd/images/imported-products/69b95ac02a5d5_big.jpg,null,"25,5 см",null,null,null,null,соевый воск,null,null,Весна,Весна,1244,https://kultura-doma.ru/product/svecha-vesna-1244,candle,master_catalog
846,KD-PD-8985,Скатерть Весна,белый,180х250 см,https://kssafonova.github.io/kd/images/imported-products/6a5756073f700_big.jpg,https://kssafonova.github.io/kd/images/imported-products/68ef6af8d5df1_big.jpg,https://kssafonova.github.io/kd/images/imported-products/68b040117f548_big.jpg,180 см,250 см,null,null,null,сатин,100% сатин,null,Весна,null,593,https://kultura-doma.ru/product/skatert-vesna,tablecloth,master_catalog
847,KD-PD-8986,Скатерть Весна: 180х350 см,белый,180х350 см,https://kssafonova.github.io/kd/images/imported-products/6a5756073f700_big.jpg,https://kssafonova.github.io/kd/images/imported-products/68ef6af8d5df1_big.jpg,https://kssafonova.github.io/kd/images/imported-products/68b040117f548_big.jpg,180 см,350 см,null,null,null,сатин,100% сатин,null,Весна,null,593-619,https://kultura-doma.ru/product/skatert-vesna-size-180h350-sm,tablecloth,master_catalog
848,KD-PD-11573,Тарелка для яиц Пасхальная Весна,белый,null,https://kultura-doma.ru/public/src/images/gallery/catalog/69f06b8246187_big.jpg,https://kssafonova.github.io/kd/images/imported-products/69a6f113bb358_big.jpg,null,null,null,null,null,null,фарфор,100% фарфор,null,Весна,null,1648,https://kultura-doma.ru/product/tarelka-dlya-yaic-pashal-naya-vesna,other,master_catalog
849,KD-PD-9416,Тарелка закусочная Весна,белый,23 см,https://kultura-doma.ru/public/src/images/gallery/catalog/6a43757500ab8_big.jpg,https://kultura-doma.ru/public/src/images/gallery/catalog/6a43757392be9_big.jpg,https://kultura-doma.ru/public/src/images/gallery/catalog/6a437575b95e7_big.jpg,null,null,null,23 см,Тарелка 1 шт,фарфор,100% фарфор,null,Весна,null,332,https://kultura-doma.ru/product/tarelka-zakusochnaya-vesna,snack_plate,master_catalog
850,KD-PD-9417,Тарелка обеденная Весна,белый,27 см,https://kultura-doma.ru/public/src/images/gallery/catalog/6a43757d69bf8_big.jpg,https://kultura-doma.ru/public/src/images/gallery/catalog/6a43757e29529_big.jpg,https://kultura-doma.ru/public/src/images/gallery/catalog/6a43757dac52e_big.jpg,null,null,null,27 см,Тарелка 1 шт,фарфор,100% фарфор,null,Весна,null,13,https://kultura-doma.ru/product/tarelka-obedennaya-vesna,dinner_plate,master_catalog
851,KD-PD-12278,Блюдо овальное Голубые цветы,белый,30.2х20.7х3 см,https://kultura-doma.ru/public/src/images/gallery/catalog/6a3a77bcbe809_big.jpg,https://kultura-doma.ru/public/src/images/gallery/catalog/6a14165916f2c_big.jpg,https://kultura-doma.ru/public/src/images/gallery/catalog/6a3a77bc6ce68_big.jpg,null,null,null,null,null,фарфор,100% фарфор,null,Голубые цветы,null,1797,https://kultura-doma.ru/product/blyudo-oval-noe-golubye-cvety,serving_dish,master_catalog
852,KD-PD-12135,Дорожка Голубые цветы,голубой,165х45 см,https://kultura-doma.ru/public/src/images/gallery/catalog/6a26d39c9364a_big.jpg,https://kultura-doma.ru/public/src/images/gallery/catalog/6a0c57125fb48_big.jpg,https://kultura-doma.ru/public/src/images/gallery/catalog/6a0c5712c7b4e_big.jpg,165 см,45 см,null,null,null,лён,100% лен,null,Голубые цветы,null,1765,https://kultura-doma.ru/product/dorozhka-golubye-cvety,table_runner,master_catalog
853,KD-PD-11718,Комплект постельного белья Наследие,голубой,Евро (200х220 см),https://kultura-doma.ru/public/src/images/gallery/catalog/6a1eeda008393_big.jpg,https://kultura-doma.ru/public/src/images/gallery/catalog/6a328c9108fea_big.jpg,https://kultura-doma.ru/public/src/images/gallery/catalog/6a0c5666d3759_big.jpg,200 см,220 см,null,null,null,сатин,100% сатин,null,Голубые цветы,null,1763,https://kultura-doma.ru/product/komplekt-postel-nogo-bel-ya-nasledie,bedding_set,master_catalog
854,KD-PD-11719,Комплект постельного белья Наследие: Кинг-сайз,голубой,Кинг-сайз (220х240 см),https://kultura-doma.ru/public/src/images/gallery/catalog/6a1eeda008393_big.jpg,https://kultura-doma.ru/public/src/images/gallery/catalog/6a328c9108fea_big.jpg,https://kultura-doma.ru/public/src/images/gallery/catalog/6a0c5666d3759_big.jpg,220 см,240 см,null,null,null,сатин,100% сатин,null,Голубые цветы,null,1763-2513,https://kultura-doma.ru/product/komplekt-postel-nogo-bel-ya-nasledie-size-kingsayz-2513,bedding_set,master_catalog
855,KD-PD-11720,Комплект постельного белья Наследие: Семейный,голубой,Семейный (145х200 см х 2 шт),https://kultura-doma.ru/public/src/images/gallery/catalog/6a1eeda008393_big.jpg,https://kultura-doma.ru/public/src/images/gallery/catalog/6a328c9108fea_big.jpg,https://kultura-doma.ru/public/src/images/gallery/catalog/6a0c5666d3759_big.jpg,145 см,200 см,null,null,null,сатин,100% сатин,null,Голубые цветы,null,1763-2194,https://kultura-doma.ru/product/komplekt-postel-nogo-bel-ya-nasledie-size-semeynyy,bedding_set,master_catalog
856,KD-PD-11721,Комплект постельного белья Небесный,голубой,Евро (200х220 см),https://kultura-doma.ru/public/src/images/gallery/catalog/6a1eed82e6244_big.jpg,https://kultura-doma.ru/public/src/images/gallery/catalog/6a3507e073ed9_big.jpg,https://kultura-doma.ru/public/src/images/gallery/catalog/6a0c550a6033b_big.jpg,200 см,220 см,null,null,null,сатин,100% сатин,null,Голубые цветы,null,1761,https://kultura-doma.ru/product/komplekt-postel-nogo-bel-ya-nebesnyy,bedding_set,master_catalog
857,KD-PD-11722,Комплект постельного белья Небесный: Кинг-сайз,голубой,Кинг-сайз (220х240 см),https://kultura-doma.ru/public/src/images/gallery/catalog/6a1eed82e6244_big.jpg,https://kultura-doma.ru/public/src/images/gallery/catalog/6a3507e073ed9_big.jpg,https://kultura-doma.ru/public/src/images/gallery/catalog/6a0c550a6033b_big.jpg,220 см,240 см,null,null,null,сатин,100% сатин,null,Голубые цветы,null,1761-2511,https://kultura-doma.ru/product/komplekt-postel-nogo-bel-ya-nebesnyy-size-kingsayz-2511,bedding_set,master_catalog
858,KD-PD-11723,Комплект постельного белья Небесный: Семейный,голубой,Семейный (145х200 см х 2 шт),https://kultura-doma.ru/public/src/images/gallery/catalog/6a1eed82e6244_big.jpg,https://kultura-doma.ru/public/src/images/gallery/catalog/6a3507e073ed9_big.jpg,https://kultura-doma.ru/public/src/images/gallery/catalog/6a0c550a6033b_big.jpg,145 см,200 см,null,null,null,сатин,100% сатин,null,Голубые цветы,null,1761-2190,https://kultura-doma.ru/product/komplekt-postel-nogo-bel-ya-nebesnyy-size-semeynyy,bedding_set,master_catalog
859,KD-PD-12271,Кофейная пара Голубые цветы,белый,null,https://kultura-doma.ru/public/src/images/gallery/catalog/6a394bb0161cb_big.jpg,https://kultura-doma.ru/public/src/images/gallery/catalog/6a1406a9ca98f_big.jpg,https://kultura-doma.ru/public/src/images/gallery/catalog/6a394bb056e31_big.jpg,null,null,100 мл,null,"Чашка 1 шт, блюдце 1 шт",фарфор,100% фарфор,null,Голубые цветы,null,1790,https://kultura-doma.ru/product/kofeynaya-para-golubye-cvety,coffee_pair,master_catalog
860,KD-PD-11976,Набор Наволочек Наследие,голубой,70х70 см,https://kultura-doma.ru/public/src/images/gallery/catalog/6a26d3976976f_big.jpg,https://kultura-doma.ru/public/src/images/gallery/catalog/6a0c57a90e324_big.jpg,https://kultura-doma.ru/public/src/images/gallery/catalog/6a26d397b693e_big.jpg,70 см,70 см,null,null,null,сатин,100% сатин,null,Голубые цветы,null,1764,https://kultura-doma.ru/product/nabor-navolochek-nasledie,pillowcase_set,master_catalog
861,KD-PD-12251,Набор наволочек Небесный,голубой,70х70 см,https://kultura-doma.ru/public/src/images/gallery/catalog/6a574f1c345cc_big.jpg,https://kultura-doma.ru/public/src/images/gallery/catalog/6a0c55b30cd3a_big.jpg,https://kultura-doma.ru/public/src/images/gallery/catalog/6a574f1c83b32_big.jpg,70 см,70 см,null,null,null,сатин,100% сатин,null,Голубые цветы,null,1762,https://kultura-doma.ru/product/nabor-navolochek-nebesnyy,pillowcase_set,master_catalog
862,KD-PD-11894,Плейсмат Голубые цветы,голубой,null,https://kultura-doma.ru/public/src/images/gallery/catalog/6a14117a3db77_big.jpg,https://kultura-doma.ru/public/src/images/gallery/catalog/6a141a62829a4_big.jpg,https://kultura-doma.ru/public/src/images/gallery/catalog/6a141a66321b0_big.jpg,null,null,null,null,null,лён,100% лен,null,Голубые цветы,null,1814,https://kultura-doma.ru/product/pleysmat-golubye-cvety,placemat,master_catalog
863,KD-PD-12243,Подушка декоративная Геометрия льна,бежевый,45х45 см,https://kultura-doma.ru/public/src/images/gallery/catalog/6a479d3219bfd_big.jpg,https://kultura-doma.ru/public/src/images/gallery/catalog/6a1066e8c4f5f_big.jpg,null,45 см,45 см,null,null,null,null,null,null,Голубые цветы,null,1777,https://kultura-doma.ru/product/podushka-dekorativnaya-geometriya-l-na,decorative_pillow,master_catalog
864,KD-PD-12239,Подушка декоративная Наследие,бежевый,45х45 см,https://kultura-doma.ru/public/src/images/gallery/catalog/6a479d5c89a3e_big.jpg,https://kultura-doma.ru/public/src/images/gallery/catalog/6a1066cb8259a_big.jpg,https://kultura-doma.ru/public/src/images/gallery/catalog/6a106583843f3_big.jpg,45 см,45 см,null,null,null,null,null,null,Голубые цветы,null,1778,https://kultura-doma.ru/product/podushka-dekorativnaya-nasledie,decorative_pillow,master_catalog
865,KD-PD-12276,Салатник большой Голубые цветы,белый,null,https://kultura-doma.ru/public/src/images/gallery/catalog/6a3a861a17992_big.jpg,https://kultura-doma.ru/public/src/images/gallery/catalog/6a14124d68599_big.jpg,https://kultura-doma.ru/public/src/images/gallery/catalog/6a14125deb8f7_big.jpg,null,null,null,null,Салатник 1 шт,фарфор,100% фарфор,null,Голубые цветы,null,1795,https://kultura-doma.ru/product/salatnik-bol-shoy-golubye-cvety,salad_bowl,master_catalog
866,KD-PD-12277,Салатник порционный Голубые цветы,белый,null,https://kultura-doma.ru/public/src/images/gallery/catalog/6a3a861622e35_big.jpg,https://kultura-doma.ru/public/src/images/gallery/catalog/6a14142f1406d_big.jpg,https://kultura-doma.ru/public/src/images/gallery/catalog/6a3a86165ff53_big.jpg,null,null,null,null,Салатник 1 шт,фарфор,100% фарфор,null,Голубые цветы,null,1796,https://kultura-doma.ru/product/salatnik-porcionnyy-golubye-cvety,salad_bowl,master_catalog
867,KD-PD-12273,Сахарница Голубые цветы,белый,null,https://kultura-doma.ru/public/src/images/gallery/catalog/6a394bb3dd1f1_big.jpg,https://kultura-doma.ru/public/src/images/gallery/catalog/6a14054a11f94_big.jpg,https://kultura-doma.ru/public/src/images/gallery/catalog/6a394bb4731fa_big.jpg,null,null,null,null,Сахарница 1 шт,фарфор,100% фарфор,null,Голубые цветы,null,1792,https://kultura-doma.ru/product/saharnica-golubye-cvety,sugar_bowl,master_catalog
868,KD-PD-11877,Скатерть Голубые цветы,зеленый,180х250 см,https://kultura-doma.ru/public/src/images/gallery/catalog/6a3014bde0824_big.jpg,https://kultura-doma.ru/public/src/images/gallery/catalog/6a0c360a1f641_big.jpg,https://kultura-doma.ru/public/src/images/gallery/catalog/6a0c50432a6ba_big.JPG,180 см,250 см,null,null,null,сатин,100% сатин,null,Голубые цветы,null,1759,https://kultura-doma.ru/product/skatert-golubye-cvety-1759,tablecloth,master_catalog
869,KD-PD-11977,Скатерть Голубые цветы,зеленый,170x200 см,https://kultura-doma.ru/public/src/images/gallery/catalog/6a3014ebb1a0f_big.jpg,https://kultura-doma.ru/public/src/images/gallery/catalog/6a1058f8998f0_big.jpg,https://kultura-doma.ru/public/src/images/gallery/catalog/6a0c50587d701_big.JPG,170 см,200 см,null,null,null,сатин,100% сатин,null,Голубые цветы,null,1760,https://kultura-doma.ru/product/skatert-golubye-cvety-1760,tablecloth,master_catalog
870,KD-PD-11878,Скатерть Голубые цветы: 180х350 см,зеленый,180х350 см,https://kultura-doma.ru/public/src/images/gallery/catalog/6a3014bde0824_big.jpg,https://kultura-doma.ru/public/src/images/gallery/catalog/6a0c360a1f641_big.jpg,https://kultura-doma.ru/public/src/images/gallery/catalog/6a0c50432a6ba_big.JPG,180 см,350 см,null,null,null,сатин,100% сатин,null,Голубые цветы,null,1759-2197,https://kultura-doma.ru/product/skatert-golubye-cvety-1759-size-180h350-sm,tablecloth,master_catalog
871,KD-PD-12275,Тарелка десертная Голубые цветы,белый,null,https://kultura-doma.ru/public/src/images/gallery/catalog/6a3a7393e8eb6_big.jpg,https://kultura-doma.ru/public/src/images/gallery/catalog/6a140e5794a7a_big.jpg,https://kultura-doma.ru/public/src/images/gallery/catalog/6a3a7393493db_big.jpg,null,null,null,null,Тарелка 1 шт,фарфор,100% фарфор,null,Голубые цветы,null,1794,https://kultura-doma.ru/product/tarelka-desertnaya-golubye-cvety,dessert_plate,master_catalog
872,KD-PD-12274,Тарелка обеденная Голубые цветы,белый,null,https://kultura-doma.ru/public/src/images/gallery/catalog/6a3a73974eae2_big.jpg,https://kultura-doma.ru/public/src/images/gallery/catalog/6a140d5ec73c9_big.jpg,https://kultura-doma.ru/public/src/images/gallery/catalog/6a3a73965c879_big.jpg,null,null,null,null,Тарелка 1 шт,фарфор,100% фарфор,null,Голубые цветы,null,1793,https://kultura-doma.ru/product/tarelka-obedennaya-golubye-cvety,dinner_plate,master_catalog
873,KD-PD-12270,Чайная пара Голубые цветы,белый,null,https://kultura-doma.ru/public/src/images/gallery/catalog/6a394bad34588_big.jpg,https://kultura-doma.ru/public/src/images/gallery/catalog/6a106c851a18e_big.jpg,https://kultura-doma.ru/public/src/images/gallery/catalog/6a394baca426c_big.jpg,null,null,250 мл,null,"Кружка 1 шт, блюдце 1 шт",фарфор,100% фарфор,null,Голубые цветы,null,1789,https://kultura-doma.ru/product/chaynaya-para-golubye-cvety,tea_pair,master_catalog
874,KD-PD-12272,Чайник Голубые цветы,белый,null,https://kultura-doma.ru/public/src/images/gallery/catalog/6a394bb273d1c_big.jpg,https://kultura-doma.ru/public/src/images/gallery/catalog/6a106fcace792_big.jpg,https://kultura-doma.ru/public/src/images/gallery/catalog/6a394bb1ea300_big.jpg,null,null,950 мл,null,Чайник 1 шт,фарфор,100% фарфор,null,Голубые цветы,null,1791,https://kultura-doma.ru/product/chaynik-golubye-cvety,teapot,master_catalog
875,KD-PD-10944,Блюдо Дияф,белый,32 см,https://kultura-doma.ru/public/src/images/gallery/catalog/698deddc79da9_big.JPG,https://kultura-doma.ru/public/src/images/gallery/catalog/69957c89b3bd1_big.jpg,https://kultura-doma.ru/public/src/images/gallery/catalog/6a3a77b382e86_big.jpg,null,null,null,null,null,фарфор,100% фарфор,null,Дияф,null,1518,https://kultura-doma.ru/product/blyudo-diyaf,serving_dish,master_catalog
876,KD-PD-11006,Дорожка Дияф,белый,50х120 см,https://kultura-doma.ru/public/src/images/gallery/catalog/69f218d992ea2_big.jpg,https://kultura-doma.ru/public/src/images/gallery/catalog/699870769f441_big.jpg,https://kultura-doma.ru/public/src/images/gallery/catalog/69f218da1257e_big.jpg,50 см,120 см,null,null,null,null,null,null,Дияф,null,1521,https://kultura-doma.ru/product/dorozhka-diyaf,table_runner,master_catalog
877,KD-PD-10945,Пиала Дияф,белый,null,https://kultura-doma.ru/public/src/images/gallery/catalog/698decfd8e311_big.jpg,https://kultura-doma.ru/public/src/images/gallery/catalog/69957c9858c8e_big.jpg,https://kultura-doma.ru/public/src/images/gallery/catalog/698decfec4771_big.jpg,null,null,370 мл,null,null,фарфор,100% фарфор,null,Дияф,null,1517,https://kultura-doma.ru/product/piala-diyaf,bowl,master_catalog
878,KD-PD-10590,Плейсмат Дияф,белый,43х43 см,https://kultura-doma.ru/public/src/images/gallery/catalog/698deb44c83a5_big.jpg,https://kultura-doma.ru/public/src/images/gallery/catalog/69987030b2a3a_big.jpg,https://kultura-doma.ru/public/src/images/gallery/catalog/6a575aa6d71d1_big.jpg,43 см,43 см,null,null,null,сатин,100% сатин,null,Дияф,null,1520,https://kultura-doma.ru/product/pleysmat-diyaf,placemat,master_catalog
879,KD-PD-10591,Салфетка Дияф,белый,45х45 см,https://kultura-doma.ru/public/src/images/gallery/catalog/6a428351b8c77_big.jpg,https://kultura-doma.ru/public/src/images/gallery/catalog/6998705aca8c4_big.jpg,null,45 см,45 см,null,null,null,сатин,100% сатин,null,Дияф,null,1519,https://kultura-doma.ru/product/salfetka-diyaf,napkin,master_catalog
880,KD-PD-10950,Сахарница Дияф,белый,null,https://kultura-doma.ru/public/src/images/gallery/catalog/698ded3fbd8f9_big.jpg,https://kultura-doma.ru/public/src/images/gallery/catalog/69957d2971cb4_big.jpg,https://kultura-doma.ru/public/src/images/gallery/catalog/698ded3d8218d_big.jpg,null,null,300 мл,null,Сахарница 1 шт,фарфор,100% фарфор,null,Дияф,null,1516,https://kultura-doma.ru/product/saharnica-diyaf,sugar_bowl,master_catalog
881,KD-PD-10459,Скатерть Дияф,белый,180х250 см,https://kultura-doma.ru/public/src/images/gallery/catalog/6a5756979a0b7_big.jpg,https://kultura-doma.ru/public/src/images/gallery/catalog/69b7abf483873_big.jpg,null,180 см,250 см,null,null,null,сатин,100% сатин,null,Дияф,null,1703,https://kultura-doma.ru/product/skatert-s-vyshivkoy-diyaf,tablecloth,master_catalog
882,KD-PD-11002,Скатерть Дияф: 180х350 см,белый,180х350 см,https://kultura-doma.ru/public/src/images/gallery/catalog/6a5756979a0b7_big.jpg,https://kultura-doma.ru/public/src/images/gallery/catalog/69b7abf483873_big.jpg,null,180 см,350 см,null,null,null,сатин,100% сатин,null,Дияф,null,1703-1903,https://kultura-doma.ru/product/skatert-s-vyshivkoy-diyaf-size-180h350-sm,tablecloth,master_catalog
883,KD-PD-10946,Тарелка десертная Дияф,белый,21 см,https://kultura-doma.ru/public/src/images/gallery/catalog/698def311a152_big.jpg,https://kultura-doma.ru/public/src/images/gallery/catalog/69957c72b8f17_big.jpg,https://kultura-doma.ru/public/src/images/gallery/catalog/69a7f03f7ee5c_big.png,null,null,null,21 см,Тарелка 1 шт,фарфор,100% фарфор,null,Дияф,null,1515,https://kultura-doma.ru/product/tarelka-desertnaya-diyaf,dessert_plate,master_catalog
884,KD-PD-10947,Тарелка закусочная Дияф,белый,24 см,https://kultura-doma.ru/public/src/images/gallery/catalog/698dee47b2fe4_big.jpg,https://kultura-doma.ru/public/src/images/gallery/catalog/69957c5766b60_big.jpg,https://kultura-doma.ru/public/src/images/gallery/catalog/6a3a737f960ac_big.jpg,null,null,null,24 см,Тарелка 1 шт,фарфор,100% фарфор,null,Дияф,null,1514,https://kultura-doma.ru/product/tarelka-zakusochnaya-diyaf,snack_plate,master_catalog
885,KD-PD-10948,Тарелка обеденная Дияф,белый,27 см,https://kultura-doma.ru/public/src/images/gallery/catalog/69957ba4317d2_big.jpg,https://kultura-doma.ru/public/src/images/gallery/catalog/69957bb9932aa_big.jpg,https://kultura-doma.ru/public/src/images/gallery/catalog/6a3a737c3a8c3_big.jpg,null,null,null,27 см,Тарелка 1 шт,фарфор,100% фарфор,null,Дияф,null,1513,https://kultura-doma.ru/product/tarelka-obedennaya-diyaf,dinner_plate,master_catalog
886,KD-PD-10951,Чайная пара Дияф,белый,null,https://kultura-doma.ru/public/src/images/gallery/catalog/698dee8e5df80_big.jpg,https://kultura-doma.ru/public/src/images/gallery/catalog/69957d1fd8941_big.jpg,https://kultura-doma.ru/public/src/images/gallery/catalog/698deeb89326e_big.jpg,null,null,250 мл,null,"Кружка 1 шт, блюдце 1 шт",фарфор,100% фарфор,null,Дияф,null,1512,https://kultura-doma.ru/product/chaynaya-para-diyaf,tea_pair,master_catalog
887,KD-PD-10949,Чайник заварочный Дияф,белый,null,https://kultura-doma.ru/public/src/images/gallery/catalog/6a394b019545c_big.jpg,https://kultura-doma.ru/public/src/images/gallery/catalog/69957d12b40cb_big.jpg,https://kultura-doma.ru/public/src/images/gallery/catalog/698deed78a015_big.jpg,null,null,650 мл,null,Чайник 1 шт,фарфор,100% фарфор,null,Дияф,null,1511,https://kultura-doma.ru/product/chaynik-zavarochnyy-diyaf,teapot,master_catalog
888,KD-PD-10285,Кольцо Дрёмица,коричневый,54х40х22 мм,https://kultura-doma.ru/public/src/images/gallery/catalog/68da38cd4484b_big.jpg,https://kultura-doma.ru/public/src/images/gallery/catalog/68ecc01d66547_big.jpg,https://kultura-doma.ru/public/src/images/gallery/catalog/6a46791d545b0_big.jpg,null,null,null,null,null,дуб,null,null,Дрёмица,null,1233,https://kultura-doma.ru/product/kol-co-dremica,napkin,master_catalog
889,KD-PD-10286,Кольцо Дрёмица,коричневый,54х40х22 мм,https://kultura-doma.ru/public/src/images/gallery/catalog/68da38e112301_big.jpg,https://kultura-doma.ru/public/src/images/gallery/catalog/68ecbbfd9a7c5_big.jpg,https://kultura-doma.ru/public/src/images/gallery/catalog/6a4679327f508_big.jpg,null,null,null,null,null,дуб,null,null,Дрёмица,null,1234,https://kultura-doma.ru/product/kol-co-dremica-1234,napkin,master_catalog
890,KD-PD-10287,Менажница Дрёмица,null,17х30 см,https://kultura-doma.ru/public/src/images/gallery/catalog/68da38fa3c974_big.jpg,https://kultura-doma.ru/public/src/images/gallery/catalog/68f8dd754708a_big.jpg,https://kultura-doma.ru/public/src/images/gallery/catalog/69f06b4dc03fa_big.jpg,17 см,30 см,null,null,null,дуб,null,null,Дрёмица,null,1235,https://kultura-doma.ru/product/menazhnica-dremica,other,master_catalog
891,KD-PD-10127,Поднос Дрёмица,коричневый,480х310х45 см,https://kultura-doma.ru/public/src/images/gallery/catalog/68da59cb6d26a_big.jpg,https://kultura-doma.ru/public/src/images/gallery/catalog/68fa41494a61c_big.jpg,https://kultura-doma.ru/public/src/images/gallery/catalog/68da599ca6ac0_big.jpg,480 см,310 см,null,null,null,"американский орех, металл",null,null,Дрёмица,null,1243,https://kultura-doma.ru/product/podnos-dremica-1243,other,master_catalog
892,KD-PD-10128,Поднос Дрёмица,коричневый,280х280х45 см,https://kultura-doma.ru/public/src/images/gallery/catalog/68da58d312aee_big.jpg,https://kultura-doma.ru/public/src/images/gallery/catalog/68fa3d6a1d51c_big.jpg,https://kultura-doma.ru/public/src/images/gallery/catalog/68da59af4f7e0_big.jpg,280 см,280 см,null,null,null,"американский орех, металл",null,null,Дрёмица,null,1242,https://kultura-doma.ru/product/podnos-dremica,other,master_catalog
893,KD-PD-10283,Подставка для салфеток Дрёмица,коричневый,null,https://kultura-doma.ru/public/src/images/gallery/catalog/68da390e4614a_big.jpg,https://kultura-doma.ru/public/src/images/gallery/catalog/68ecc502bdb94_big.jpg,https://kultura-doma.ru/public/src/images/gallery/catalog/6a5f81704d30a_big.jpg,null,null,null,null,null,"дерево, металл",null,null,Дрёмица,null,1236,https://kultura-doma.ru/product/podstavka-dlya-salfetok-dremica,napkin,master_catalog
894,KD-PD-10284,Подставка-менажница Дрёмица,null,null,https://kultura-doma.ru/public/src/images/gallery/catalog/69f06b63e0eac_big.jpg,https://kultura-doma.ru/public/src/images/gallery/catalog/68ecc79f1d5e2_big.jpg,null,null,null,null,null,null,дуб,null,null,Дрёмица,null,1241,https://kultura-doma.ru/product/podstavka-menazhnica-dremica,other,master_catalog
895,KD-PD-10411,Дорожка Жар-птица,белый,50х180 см,https://kultura-doma.ru/public/src/images/gallery/catalog/69f1d16a6263e_big.jpg,https://kultura-doma.ru/public/src/images/gallery/catalog/68e65dd44635f_big.jpg,null,50 см,180 см,null,null,null,null,null,null,Жар-птица,null,1267,https://kultura-doma.ru/product/dorozhka-zhar-ptica,table_runner,master_catalog
896,KD-PD-10178,Ковер Жар-птица,null,150х200 см,https://kultura-doma.ru/public/src/images/gallery/catalog/6a50bb991f970_big.jpg,https://kultura-doma.ru/public/src/images/gallery/catalog/696f900850d22_big.jpg,https://kultura-doma.ru/public/src/images/gallery/catalog/6a50bb99888c2_big.jpg,null,null,null,null,null,натуральная шерсть,null,null,Жар-птица,null,1266,https://kultura-doma.ru/product/kover-zhar-ptica,rug,master_catalog
897,KD-PD-10374,Комплект постельного белья Жар-птица,белый,Кинг-сайз (220х240 см),https://kultura-doma.ru/public/src/images/gallery/catalog/69b3cde6c50d3_big.jpg,https://kultura-doma.ru/public/src/images/gallery/catalog/6a301288340ea_big.jpg,https://kultura-doma.ru/public/src/images/gallery/catalog/6a301287e3819_big.jpg,220 см,240 см,null,null,null,null,null,null,Жар-птица,null,1669,https://kultura-doma.ru/product/komplekt-postel-nogo-bel-ya-zharptica,bedding_set,master_catalog
898,KD-PD-10256,Кружка Жар-птица,null,null,https://kultura-doma.ru/public/src/images/gallery/catalog/68ee0feabb4b9_big.png,https://kultura-doma.ru/public/src/images/gallery/catalog/68e7755479b1d_big.jpg,https://kultura-doma.ru/public/src/images/gallery/catalog/68ee0fea193ed_big.png,null,null,450 мл,null,null,null,null,null,Жар-птица,null,1264,https://kultura-doma.ru/product/kruzhka-zhar-ptica,mug,master_catalog
899,KD-PD-10579,Плейсмат Жар-птица,белый,40х50 см,https://kultura-doma.ru/public/src/images/gallery/catalog/69f1d17c5a9c1_big.jpg,https://kultura-doma.ru/public/src/images/gallery/catalog/68e65d052c107_big.jpg,null,40 см,50 см,null,null,null,лён,100% лен,null,Жар-птица,null,1263,https://kultura-doma.ru/product/pleysmat-zhar-ptica,placemat,master_catalog
900,KD-PD-10595,Подушка декоративная Жар-птица,бежевый,40х40 см,https://kultura-doma.ru/public/src/images/gallery/catalog/6a05e8f392e1b_big.jpg,https://kultura-doma.ru/public/src/images/gallery/catalog/68e7a70f770f7_big.jpg,https://kultura-doma.ru/public/src/images/gallery/catalog/68e7a710db0d0_big.jpg,40 см,40 см,null,null,null,null,null,null,Жар-птица,null,1262,https://kultura-doma.ru/product/podushka-dekorativnaya-zhar-ptica-1262,decorative_pillow,master_catalog
901,KD-PD-10596,Подушка декоративная Жар-птица,бежевый,18х60 см,https://kultura-doma.ru/public/src/images/gallery/catalog/69f1d1802c449_big.jpg,https://kultura-doma.ru/public/src/images/gallery/catalog/693fdb0547880_big.jpg,https://kultura-doma.ru/public/src/images/gallery/catalog/693fdb0ec7a56_big.jpg,18 см,60 см,null,null,null,null,null,null,Жар-птица,null,1261,https://kultura-doma.ru/product/podushka-dekorativnaya-zhar-ptica,decorative_pillow,master_catalog
902,KD-PD-10563,Салфетка Жар-птица,белый,45х45 см,https://kultura-doma.ru/public/src/images/gallery/catalog/6a43d2ae09776_big.jpg,https://kultura-doma.ru/public/src/images/gallery/catalog/68e65c0309862_big.jpg,null,45 см,45 см,null,null,null,лён,100% лен,null,Жар-птица,null,1260,https://kultura-doma.ru/product/salfetka-zhar-ptica,napkin,master_catalog
903,KD-PD-11405,Свеча с ароматом Древо жизни Жар-птица,белый,10 см,https://kultura-doma.ru/public/src/images/gallery/catalog/6a5f7f739b7a1_big.jpg,https://kultura-doma.ru/public/src/images/gallery/catalog/69ca6e5c7afbf_big.jpg,https://kultura-doma.ru/public/src/images/gallery/catalog/6978bca98d11e_big.jpg,10 см,null,null,null,null,воск кокосовый,null,null,Жар-птица,с ароматом Древо жизни Жар-птица,1499,https://kultura-doma.ru/product/aromasvecha-zharptica-v-farforovom-podsvechnike-drevo-zhizni-1499,candle,master_catalog
904,KD-PD-11381,Свеча с ароматом Сандал и Шалфей Жар-птица,белый,10 см,https://kultura-doma.ru/public/src/images/gallery/catalog/6978bc918b851_big.jpg,https://kultura-doma.ru/public/src/images/gallery/catalog/69ca6e73dc686_big.jpg,https://kultura-doma.ru/public/src/images/gallery/catalog/6978bc91dddf6_big.jpg,10 см,null,null,null,null,воск кокосовый,null,null,Жар-птица,с ароматом Сандал и Шалфей Жар-птица,1500,https://kultura-doma.ru/product/svecha-zharptica,candle,master_catalog
905,KD-PD-10255,Тарелка десертная Жар-птица,белый,null,https://kultura-doma.ru/public/src/images/gallery/catalog/6a2034e6d7d40_big.jpg,https://kultura-doma.ru/public/src/images/gallery/catalog/68e65b1d6f3e5_big.jpg,null,null,null,null,null,Тарелка 1 шт,костяной фарфор,100% костяной фарфор,null,Жар-птица,null,1259,https://kultura-doma.ru/product/tarelka-desertnaya-zhar-ptica,dessert_plate,master_catalog
906,KD-PD-10254,Чайная пара Жар-птица,null,null,https://kultura-doma.ru/public/src/images/gallery/catalog/6a2034e4b2241_big.jpg,https://kultura-doma.ru/public/src/images/gallery/catalog/68e774cfc2fb9_big.jpg,https://kultura-doma.ru/public/src/images/gallery/catalog/6a2034e501385_big.jpg,null,null,250 мл,null,"Кружка 1 шт, блюдце 1 шт",null,null,null,Жар-птица,null,1257,https://kultura-doma.ru/product/chaynaya-para-zhar-ptica,tea_pair,master_catalog
907,KD-PD-9779,Ваза для фруктов Классика,белый,"21х21х9,5 см",https://kultura-doma.ru/public/src/images/gallery/catalog/6a3d1bd1e8ab1_big.jpg,https://kultura-doma.ru/public/src/images/gallery/catalog/68f5f1ca91ee0_big.png,https://kultura-doma.ru/public/src/images/gallery/catalog/6a3d1bd2426f4_big.jpg,null,null,null,null,null,фарфор,100% фарфор,null,Классика,null,233,https://kultura-doma.ru/product/vaza-dlya-fruktov-klassika,vase,master_catalog
908,KD-PD-9447,Коврик для ванной Классика,белый,50х80 см,https://kultura-doma.ru/public/src/images/gallery/catalog/6a42300a1e980_big.jpg,https://kultura-doma.ru/public/src/images/gallery/catalog/6a42300d2e894_big.jpg,https://kultura-doma.ru/public/src/images/gallery/catalog/6a42300de5b99_big.jpg,50 см,80 см,null,null,null,махровая ткань,null,null,Классика,null,726,https://kultura-doma.ru/product/kovrik-dlya-vannoy-klassika,other,master_catalog
909,KD-PD-9448,Коврик для ванной Классика,коричневый,50х80 см,https://kultura-doma.ru/public/src/images/gallery/catalog/6891ec66b568b_big.jpg,https://kultura-doma.ru/public/src/images/gallery/catalog/6a3a869e65bcf_big.jpg,https://kultura-doma.ru/public/src/images/gallery/catalog/6a3a869f5393f_big.jpg,50 см,80 см,null,null,null,махровая ткань,null,null,Классика,null,727,https://kultura-doma.ru/product/kovrik-dlya-vannoy-klassika-727,other,master_catalog
910,KD-PD-9449,Коврик для ванной Классика,черный,50х80 см,https://kultura-doma.ru/public/src/images/gallery/catalog/6a3a8b00b3187_big.jpg,https://kultura-doma.ru/public/src/images/gallery/catalog/6a3a8b00f18cf_big.jpg,https://kultura-doma.ru/public/src/images/gallery/catalog/6a3a8b0139b87_big.jpg,50 см,80 см,null,null,null,махровая ткань,null,null,Классика,null,730,https://kultura-doma.ru/product/kovrik-dlya-vannoy-klassika-730,other,master_catalog
911,KD-PD-9450,Коврик для ванной Классика,серый,50х80 см,https://kultura-doma.ru/public/src/images/gallery/catalog/6a3a8acf59373_big.jpg,https://kultura-doma.ru/public/src/images/gallery/catalog/6a3a8ad05ed3f_big.jpg,https://kultura-doma.ru/public/src/images/gallery/catalog/6a3a8acfcb2b4_big.jpg,50 см,80 см,null,null,null,махровая ткань,null,null,Классика,null,729,https://kultura-doma.ru/product/kovrik-dlya-vannoy-klassika-729,other,master_catalog
912,KD-PD-9451,Коврик для ванной Классика,бежевый,50х80 см,https://kultura-doma.ru/public/src/images/gallery/catalog/6a3a880b2c89d_big.jpg,https://kultura-doma.ru/public/src/images/gallery/catalog/6a3a880ad37e2_big.jpg,https://kultura-doma.ru/public/src/images/gallery/catalog/6a3a880b846cf_big.jpg,50 см,80 см,null,null,null,махровая ткань,null,null,Классика,null,728,https://kultura-doma.ru/product/kovrik-dlya-vannoy-klassika-728,other,master_catalog
913,KD-PD-9774,Кольца для салфеток Классика,белый,"5,5х2,5х3 см",https://kultura-doma.ru/public/src/images/gallery/catalog/6a4679002e327_big.jpg,https://kultura-doma.ru/public/src/images/gallery/catalog/6a4678ffe5768_big.jpg,https://kultura-doma.ru/public/src/images/gallery/catalog/6a467900755b0_big.jpg,"5,5 см","2,5 см",null,null,null,фарфор,100% фарфор,null,Классика,null,552,https://kultura-doma.ru/product/kol-ca-dlya-salfetok-klassika,napkin,master_catalog
914,KD-PD-5040,Комплект постельного белья Классика,айвори,Кинг-сайз (220х240 см),https://kultura-doma.ru/public/src/images/gallery/catalog/6a35264b92e7a_big.jpg,https://kultura-doma.ru/public/src/images/gallery/catalog/6a35264b0436d_big.jpg,https://kultura-doma.ru/public/src/images/gallery/catalog/6a35264b3ea82_big.jpg,220 см,240 см,null,null,null,сатин,100% сатин,null,Классика,null,1680,https://kultura-doma.ru/product/komplekt-postel-nogo-bel-ya-klassika,bedding_set,master_catalog
915,KD-PD-5040,Комплект постельного белья Классика: Евро,айвори,Евро (200х220 см),https://kultura-doma.ru/public/src/images/gallery/catalog/6a35264b92e7a_big.jpg,https://kultura-doma.ru/public/src/images/gallery/catalog/6a35264b0436d_big.jpg,https://kultura-doma.ru/public/src/images/gallery/catalog/6a35264b3ea82_big.jpg,200 см,220 см,null,null,null,сатин,100% сатин,null,Классика,null,1680-2480,https://kultura-doma.ru/product/komplekt-postel-nogo-bel-ya-klassika-size-evro,bedding_set,master_catalog
916,KD-PD-10561,Набор наволочек Классика,белый,50х70 см,https://kultura-doma.ru/public/src/images/gallery/catalog/69661b8fe2ba7_big.jpg,https://kultura-doma.ru/public/src/images/gallery/catalog/69bbc5cf96f28_big.jpg,https://kultura-doma.ru/public/src/images/gallery/catalog/69661b8f8a271_big.jpg,50 см,70 см,null,null,null,сатин,100% сатин,null,Классика,null,1480,https://kultura-doma.ru/product/klmplekt-navolochek-klassika-70h70-belyy,pillowcase_set,master_catalog
917,KD-PD-10755,Набор наволочек Классика,айвори,50х70 см,https://kultura-doma.ru/public/src/images/gallery/catalog/6a26902c7a0c8_big.jpg,https://kultura-doma.ru/public/src/images/gallery/catalog/69bd629f5a30c_big.jpg,https://kultura-doma.ru/public/src/images/gallery/catalog/69bd629ee6496_big.jpg,50 см,70 см,null,null,null,сатин,100% сатин,null,Классика,null,1371,https://kultura-doma.ru/product/navolochka-klassika-1371,pillowcase_set,master_catalog
918,KD-PD-10756,Набор наволочек Классика,бежевый,50х70 см,https://kultura-doma.ru/public/src/images/gallery/catalog/6a38ed17c6fba_big.jpg,https://kultura-doma.ru/public/src/images/gallery/catalog/6a38ed181c152_big.jpg,https://kultura-doma.ru/public/src/images/gallery/catalog/6a38ed1863ce0_big.jpg,50 см,70 см,null,null,null,сатин,100% сатин,null,Классика,null,1856,https://kultura-doma.ru/product/nabor-navolochek-klassika-1856,pillowcase_set,master_catalog
919,KD-PD-10758,Набор наволочек Классика,розовый,50х70 см,https://kultura-doma.ru/public/src/images/gallery/catalog/6a2963fa0bb06_big.jpg,https://kultura-doma.ru/public/src/images/gallery/catalog/69bbc5e9e8e92_big.jpg,https://kultura-doma.ru/public/src/images/gallery/catalog/6a2963fa4c8d2_big.jpg,50 см,70 см,null,null,null,сатин,100% сатин,null,Классика,null,1372,https://kultura-doma.ru/product/nabor-navolochek-klassika,pillowcase_set,master_catalog
920,KD-PD-10761,Набор наволочек Классика,синий,50х70 см,https://kultura-doma.ru/public/src/images/gallery/catalog/6936c7af00dc1_big.jpg,https://kultura-doma.ru/public/src/images/gallery/catalog/69bd61cede79e_big.jpg,https://kultura-doma.ru/public/src/images/gallery/catalog/6936c7af82b47_big.jpg,50 см,70 см,null,null,null,сатин,100% сатин,null,Классика,null,1373,https://kultura-doma.ru/product/nabor-navolochek-klassika-1373,pillowcase_set,master_catalog
921,KD-PD-10764,Набор наволочек Классика,серый,50х70 см,https://kultura-doma.ru/public/src/images/gallery/catalog/696618d19f0dc_big.jpg,https://kultura-doma.ru/public/src/images/gallery/catalog/69bd622164c4b_big.jpg,https://kultura-doma.ru/public/src/images/gallery/catalog/69bd62255389d_big.jpg,50 см,70 см,null,null,null,сатин,100% сатин,null,Классика,null,1482,https://kultura-doma.ru/product/komplekt-navolochek-klassika-50h70-platinovyy,pillowcase_set,master_catalog
922,KD-PD-11951,Набор наволочек Классика,розовый,50х70 см,https://kultura-doma.ru/public/src/images/gallery/catalog/6a5743cb836cf_big.jpg,https://kultura-doma.ru/public/src/images/gallery/catalog/6a5743cbc7f26_big.jpg,null,50 см,70 см,null,null,null,сатин,100% сатин,null,Классика,null,1835,https://kultura-doma.ru/product/nabor-navolochek-klassika-1835,pillowcase_set,master_catalog
923,KD-PD-11953,Набор наволочек Классика,голубой,70х70 см,https://kultura-doma.ru/public/src/images/gallery/catalog/6a2963ee74ce4_big.jpg,null,null,70 см,70 см,null,null,null,сатин,100% сатин,null,Классика,null,1830,https://kultura-doma.ru/product/nabor-navolochek-klassika-1830,pillowcase_set,master_catalog
924,KD-PD-11955,Набор наволочек Классика,розовый,50х70 см,https://kultura-doma.ru/public/src/images/gallery/catalog/6a2964056b8e5_big.jpg,https://kultura-doma.ru/public/src/images/gallery/catalog/6a296405a4d8b_big.jpg,https://kultura-doma.ru/public/src/images/gallery/catalog/6a296405ecb73_big.jpg,50 см,70 см,null,null,null,сатин,100% сатин,null,Классика,null,1848,https://kultura-doma.ru/product/nabor-navolochek-klassika-1848,pillowcase_set,master_catalog
925,KD-PD-11957,Набор наволочек Классика,белый,50х70 см,https://kultura-doma.ru/public/src/images/gallery/catalog/6a2963ebb914e_big.jpg,https://kultura-doma.ru/public/src/images/gallery/catalog/6a2963ec035d1_big.jpg,https://kultura-doma.ru/public/src/images/gallery/catalog/6a2963ec3eb59_big.jpg,50 см,70 см,null,null,null,тенсель,100% тенсель,null,Классика,null,1865,https://kultura-doma.ru/product/nabor-navolochek-klassika-1865,pillowcase_set,master_catalog
926,KD-PD-11961,Набор наволочек Классика,розовый,50х70 см,https://kultura-doma.ru/public/src/images/gallery/catalog/6a29640aa93a3_big.jpg,https://kultura-doma.ru/public/src/images/gallery/catalog/6a29640cd9615_big.jpg,https://kultura-doma.ru/public/src/images/gallery/catalog/6a29640ec1c41_big.jpg,50 см,70 см,null,null,null,тенсель,100% тенсель,null,Классика,null,1872,https://kultura-doma.ru/product/nabor-navolochek-klassika-1872,pillowcase_set,master_catalog
927,KD-PD-11963,Набор наволочек Классика,зеленый,50х70 см,https://kultura-doma.ru/public/src/images/gallery/catalog/6a2963f22bb13_big.jpg,https://kultura-doma.ru/public/src/images/gallery/catalog/6a2963f64980b_big.jpg,https://kultura-doma.ru/public/src/images/gallery/catalog/6a2963f40f5ad_big.jpg,50 см,70 см,null,null,null,тенсель,100% тенсель,null,Классика,null,1876,https://kultura-doma.ru/product/nabor-navolochek-klassika-1876,pillowcase_set,master_catalog
928,KD-PD-12090,Набор наволочек Классика,зеленый,50х70 см,https://kultura-doma.ru/public/src/images/gallery/catalog/6a29642dc026e_big.jpg,https://kultura-doma.ru/public/src/images/gallery/catalog/6a29642e0f860_big.jpg,https://kultura-doma.ru/public/src/images/gallery/catalog/6a29642e512f1_big.jpg,50 см,70 см,null,null,null,сатин,100% сатин,null,Классика,null,1860,https://kultura-doma.ru/product/navolochki-klassika,pillowcase_set,master_catalog
929,KD-PD-12092,Набор наволочек Классика,экрю,50х70 см,https://kultura-doma.ru/public/src/images/gallery/catalog/6a29643bac83f_big.jpg,https://kultura-doma.ru/public/src/images/gallery/catalog/6a29643db436f_big.jpg,https://kultura-doma.ru/public/src/images/gallery/catalog/6a29643fcd653_big.jpg,50 см,70 см,null,null,null,сатин,100% сатин,null,Классика,null,1863,https://kultura-doma.ru/product/navolochki-klassika-1863,pillowcase_set,master_catalog
930,KD-PD-12094,Набор наволочек Классика,синий,50х70 см,https://kultura-doma.ru/public/src/images/gallery/catalog/6a296431b1a04_big.jpg,https://kultura-doma.ru/public/src/images/gallery/catalog/6a2964339e1c8_big.jpg,https://kultura-doma.ru/public/src/images/gallery/catalog/6a296435903c8_big.jpg,50 см,70 см,null,null,null,тенсель,100% тенсель,null,Классика,null,1880,https://kultura-doma.ru/product/navolochki-klassika-1880,pillowcase_set,master_catalog
931,KD-PD-12312,Набор наволочек Классика,экрю,50х70 см,https://kultura-doma.ru/public/src/images/gallery/catalog/6a296420a73de_big.jpg,https://kultura-doma.ru/public/src/images/gallery/catalog/6a296422bb34d_big.jpg,https://kultura-doma.ru/public/src/images/gallery/catalog/6a296424a7860_big.jpg,50 см,70 см,null,null,null,тенсель,100% тенсель,null,Классика,null,1881,https://kultura-doma.ru/product/nabor-navolochek-klassika-1881,pillowcase_set,master_catalog
932,KD-PD-10562,Набор наволочек Классика: 50х90 см,белый,50х90 см,https://kultura-doma.ru/public/src/images/gallery/catalog/69661b8fe2ba7_big.jpg,https://kultura-doma.ru/public/src/images/gallery/catalog/69bbc5cf96f28_big.jpg,https://kultura-doma.ru/public/src/images/gallery/catalog/69661b8f8a271_big.jpg,50 см,90 см,null,null,null,сатин,100% сатин,null,Классика,null,1480-1916,https://kultura-doma.ru/product/klmplekt-navolochek-klassika-70h70-belyy-size-50h90-sm,pillowcase_set,master_catalog
933,KD-PD-10757,Набор наволочек Классика: 50х90 см,айвори,50х90 см,https://kultura-doma.ru/public/src/images/gallery/catalog/6a26902c7a0c8_big.jpg,https://kultura-doma.ru/public/src/images/gallery/catalog/69bd629f5a30c_big.jpg,https://kultura-doma.ru/public/src/images/gallery/catalog/69bd629ee6496_big.jpg,50 см,90 см,null,null,null,сатин,100% сатин,null,Классика,null,1371-1512,https://kultura-doma.ru/product/navolochka-klassika-1371-size-50h90-sm,pillowcase_set,master_catalog
934,KD-PD-10757,Набор наволочек Классика: 50х90 см,бежевый,50х90 см,https://kultura-doma.ru/public/src/images/gallery/catalog/6a38ed17c6fba_big.jpg,https://kultura-doma.ru/public/src/images/gallery/catalog/6a38ed181c152_big.jpg,https://kultura-doma.ru/public/src/images/gallery/catalog/6a38ed1863ce0_big.jpg,50 см,90 см,null,null,null,сатин,100% сатин,null,Классика,null,1856-2319,https://kultura-doma.ru/product/nabor-navolochek-klassika-1856-size-50h90-sm,pillowcase_set,master_catalog
935,KD-PD-10760,Набор наволочек Классика: 50х90 см,розовый,50х90 см,https://kultura-doma.ru/public/src/images/gallery/catalog/6a2963fa0bb06_big.jpg,https://kultura-doma.ru/public/src/images/gallery/catalog/69bbc5e9e8e92_big.jpg,https://kultura-doma.ru/public/src/images/gallery/catalog/6a2963fa4c8d2_big.jpg,50 см,90 см,null,null,null,сатин,100% сатин,null,Классика,null,1372-1515,https://kultura-doma.ru/product/nabor-navolochek-klassika-size-50h90-sm,pillowcase_set,master_catalog
936,KD-PD-10763,Набор наволочек Классика: 50х90 см,синий,50х90 см,https://kultura-doma.ru/public/src/images/gallery/catalog/6936c7af00dc1_big.jpg,https://kultura-doma.ru/public/src/images/gallery/catalog/69bd61cede79e_big.jpg,https://kultura-doma.ru/public/src/images/gallery/catalog/6936c7af82b47_big.jpg,50 см,90 см,null,null,null,сатин,100% сатин,null,Классика,null,1373-1920,https://kultura-doma.ru/product/nabor-navolochek-klassika-1373-size-50h90-sm,pillowcase_set,master_catalog
937,KD-PD-10766,Набор наволочек Классика: 50х90 см,серый,50х90 см,https://kultura-doma.ru/public/src/images/gallery/catalog/696618d19f0dc_big.jpg,https://kultura-doma.ru/public/src/images/gallery/catalog/69bd622164c4b_big.jpg,https://kultura-doma.ru/public/src/images/gallery/catalog/69bd62255389d_big.jpg,50 см,90 см,null,null,null,сатин,100% сатин,null,Классика,null,1482-1921,https://kultura-doma.ru/product/komplekt-navolochek-klassika-50h70-platinovyy-size-50h90-sm,pillowcase_set,master_catalog
938,KD-PD-10561,Набор наволочек Классика: 70х70 см,белый,70х70 см,https://kultura-doma.ru/public/src/images/gallery/catalog/69661b8fe2ba7_big.jpg,https://kultura-doma.ru/public/src/images/gallery/catalog/69bbc5cf96f28_big.jpg,https://kultura-doma.ru/public/src/images/gallery/catalog/69661b8f8a271_big.jpg,70 см,70 см,null,null,null,сатин,100% сатин,null,Классика,null,1480-1915,https://kultura-doma.ru/product/klmplekt-navolochek-klassika-70h70-belyy-size-70h70-sm,pillowcase_set,master_catalog
939,KD-PD-10756,Набор наволочек Классика: 70х70 см,айвори,70х70 см,https://kultura-doma.ru/public/src/images/gallery/catalog/6a26902c7a0c8_big.jpg,https://kultura-doma.ru/public/src/images/gallery/catalog/69bd629f5a30c_big.jpg,https://kultura-doma.ru/public/src/images/gallery/catalog/69bd629ee6496_big.jpg,70 см,70 см,null,null,null,сатин,100% сатин,null,Классика,null,1371-1513,https://kultura-doma.ru/product/navolochka-klassika-1371-size-70h70-sm,pillowcase_set,master_catalog
940,KD-PD-10756,Набор наволочек Классика: 70х70 см,бежевый,70х70 см,https://kultura-doma.ru/public/src/images/gallery/catalog/6a38ed17c6fba_big.jpg,https://kultura-doma.ru/public/src/images/gallery/catalog/6a38ed181c152_big.jpg,https://kultura-doma.ru/public/src/images/gallery/catalog/6a38ed1863ce0_big.jpg,70 см,70 см,null,null,null,сатин,100% сатин,null,Классика,null,1856-2318,https://kultura-doma.ru/product/nabor-navolochek-klassika-1856-size-70h70-sm,pillowcase_set,master_catalog
941,KD-PD-10759,Набор наволочек Классика: 70х70 см,розовый,70х70 см,https://kultura-doma.ru/public/src/images/gallery/catalog/6a2963fa0bb06_big.jpg,https://kultura-doma.ru/public/src/images/gallery/catalog/69bbc5e9e8e92_big.jpg,https://kultura-doma.ru/public/src/images/gallery/catalog/6a2963fa4c8d2_big.jpg,70 см,70 см,null,null,null,сатин,100% сатин,null,Классика,null,1372-1516,https://kultura-doma.ru/product/nabor-navolochek-klassika-size-70h70-sm,pillowcase_set,master_catalog
942,KD-PD-10762,Набор наволочек Классика: 70х70 см,синий,70х70 см,https://kultura-doma.ru/public/src/images/gallery/catalog/6936c7af00dc1_big.jpg,https://kultura-doma.ru/public/src/images/gallery/catalog/69bd61cede79e_big.jpg,https://kultura-doma.ru/public/src/images/gallery/catalog/6936c7af82b47_big.jpg,70 см,70 см,null,null,null,сатин,100% сатин,null,Классика,null,1373-1918,https://kultura-doma.ru/product/nabor-navolochek-klassika-1373-size-70h70-sm,pillowcase_set,master_catalog
943,KD-PD-10765,Набор наволочек Классика: 70х70 см,серый,70х70 см,https://kultura-doma.ru/public/src/images/gallery/catalog/696618d19f0dc_big.jpg,https://kultura-doma.ru/public/src/images/gallery/catalog/69bd622164c4b_big.jpg,https://kultura-doma.ru/public/src/images/gallery/catalog/69bd62255389d_big.jpg,70 см,70 см,null,null,null,сатин,100% сатин,null,Классика,null,1482-1919,https://kultura-doma.ru/product/komplekt-navolochek-klassika-50h70-platinovyy-size-70h70-sm,pillowcase_set,master_catalog
944,KD-PD-11952,Набор наволочек Классика: 70х70 см,розовый,70х70 см,https://kultura-doma.ru/public/src/images/gallery/catalog/6a5743cb836cf_big.jpg,https://kultura-doma.ru/public/src/images/gallery/catalog/6a5743cbc7f26_big.jpg,null,70 см,70 см,null,null,null,сатин,100% сатин,null,Классика,null,1835-2267,https://kultura-doma.ru/product/nabor-navolochek-klassika-1835-size-70h70-sm,pillowcase_set,master_catalog
945,KD-PD-11956,Набор наволочек Классика: 70х70 см,розовый,70х70 см,https://kultura-doma.ru/public/src/images/gallery/catalog/6a2964056b8e5_big.jpg,https://kultura-doma.ru/public/src/images/gallery/catalog/6a296405a4d8b_big.jpg,https://kultura-doma.ru/public/src/images/gallery/catalog/6a296405ecb73_big.jpg,70 см,70 см,null,null,null,сатин,100% сатин,null,Классика,null,1848-2295,https://kultura-doma.ru/product/nabor-navolochek-klassika-1848-size-70h70-sm,pillowcase_set,master_catalog
946,KD-PD-11958,Набор наволочек Классика: 70х70 см,белый,70х70 см,https://kultura-doma.ru/public/src/images/gallery/catalog/6a2963ebb914e_big.jpg,https://kultura-doma.ru/public/src/images/gallery/catalog/6a2963ec035d1_big.jpg,https://kultura-doma.ru/public/src/images/gallery/catalog/6a2963ec3eb59_big.jpg,70 см,70 см,null,null,null,тенсель,100% тенсель,null,Классика,null,1865-2336,https://kultura-doma.ru/product/nabor-navolochek-klassika-1865-size-70h70-sm,pillowcase_set,master_catalog
947,KD-PD-11960,Набор наволочек Классика: 70х70 см,экрю,70х70 см,https://kultura-doma.ru/public/src/images/gallery/catalog/6a296420a73de_big.jpg,https://kultura-doma.ru/public/src/images/gallery/catalog/6a296422bb34d_big.jpg,https://kultura-doma.ru/public/src/images/gallery/catalog/6a296424a7860_big.jpg,70 см,70 см,null,null,null,тенсель,100% тенсель,null,Классика,null,1881-2365,https://kultura-doma.ru/product/nabor-navolochek-klassika-1881-size-70h70-sm,pillowcase_set,master_catalog
948,KD-PD-11962,Набор наволочек Классика: 70х70 см,розовый,70х70 см,https://kultura-doma.ru/public/src/images/gallery/catalog/6a29640aa93a3_big.jpg,https://kultura-doma.ru/public/src/images/gallery/catalog/6a29640cd9615_big.jpg,https://kultura-doma.ru/public/src/images/gallery/catalog/6a29640ec1c41_big.jpg,70 см,70 см,null,null,null,тенсель,100% тенсель,null,Классика,null,1872-2349,https://kultura-doma.ru/product/nabor-navolochek-klassika-1872-size-70h70-sm,pillowcase_set,master_catalog
949,KD-PD-11964,Набор наволочек Классика: 70х70 см,зеленый,70х70 см,https://kultura-doma.ru/public/src/images/gallery/catalog/6a2963f22bb13_big.jpg,https://kultura-doma.ru/public/src/images/gallery/catalog/6a2963f64980b_big.jpg,https://kultura-doma.ru/public/src/images/gallery/catalog/6a2963f40f5ad_big.jpg,70 см,70 см,null,null,null,тенсель,100% тенсель,null,Классика,null,1876-2357,https://kultura-doma.ru/product/nabor-navolochek-klassika-1876-size-70h70-sm,pillowcase_set,master_catalog
950,KD-PD-12091,Набор наволочек Классика: 70х70 см,зеленый,70х70 см,https://kultura-doma.ru/public/src/images/gallery/catalog/6a29642dc026e_big.jpg,https://kultura-doma.ru/public/src/images/gallery/catalog/6a29642e0f860_big.jpg,https://kultura-doma.ru/public/src/images/gallery/catalog/6a29642e512f1_big.jpg,70 см,70 см,null,null,null,сатин,100% сатин,null,Классика,null,1860-2326,https://kultura-doma.ru/product/navolochki-klassika-size-70h70-sm,pillowcase_set,master_catalog
951,KD-PD-12093,Набор наволочек Классика: 70х70 см,экрю,70х70 см,https://kultura-doma.ru/public/src/images/gallery/catalog/6a29643bac83f_big.jpg,https://kultura-doma.ru/public/src/images/gallery/catalog/6a29643db436f_big.jpg,https://kultura-doma.ru/public/src/images/gallery/catalog/6a29643fcd653_big.jpg,70 см,70 см,null,null,null,сатин,100% сатин,null,Классика,null,1863-2331,https://kultura-doma.ru/product/navolochki-klassika-1863-size-70h70-sm,pillowcase_set,master_catalog
952,KD-PD-12095,Набор наволочек Классика: 70х70 см,синий,70х70 см,https://kultura-doma.ru/public/src/images/gallery/catalog/6a296431b1a04_big.jpg,https://kultura-doma.ru/public/src/images/gallery/catalog/6a2964339e1c8_big.jpg,https://kultura-doma.ru/public/src/images/gallery/catalog/6a296435903c8_big.jpg,70 см,70 см,null,null,null,тенсель,100% тенсель,null,Классика,null,1880-2363,https://kultura-doma.ru/product/navolochki-klassika-1880-size-70h70-sm,pillowcase_set,master_catalog
953,KD-PD-9773,Перечница Классика,белый,null,https://kultura-doma.ru/public/src/images/gallery/catalog/69f06b554dcc2_big.jpg,https://kultura-doma.ru/public/src/images/gallery/catalog/69f06b55c0267_big.jpg,https://kultura-doma.ru/public/src/images/gallery/catalog/69f06b5585d99_big.jpg,null,null,50 мл,null,null,фарфор,100% фарфор,null,Классика,null,290,https://kultura-doma.ru/product/perechnica-klassika,other,master_catalog
954,KD-PD-11675,Пододеяльник Классика,белый,145х200 см,https://kultura-doma.ru/public/src/images/gallery/catalog/6a29646c80fee_big.jpg,https://kultura-doma.ru/public/src/images/gallery/catalog/6a29646c3cf77_big.jpg,null,145 см,200 см,null,null,null,тенсель,100% тенсель,null,Классика,null,1864,https://kultura-doma.ru/product/pododeyal-nik-klassika-1864,other,master_catalog
955,KD-PD-11680,Пододеяльник Классика,экрю,145х200 см,https://kultura-doma.ru/public/src/images/gallery/catalog/6a29646682f0e_big.jpg,https://kultura-doma.ru/public/src/images/gallery/catalog/6a2964648cebf_big.jpg,null,145 см,200 см,null,null,null,тенсель,100% тенсель,null,Классика,null,1866,https://kultura-doma.ru/product/pododeyal-nik-klassika-1866,other,master_catalog
956,KD-PD-11681,Пододеяльник Классика,розовый,145х200 см,https://kultura-doma.ru/public/src/images/gallery/catalog/6a29647bbed8e_big.jpg,https://kultura-doma.ru/public/src/images/gallery/catalog/6a296479890d9_big.jpg,null,145 см,200 см,null,null,null,тенсель,100% тенсель,null,Классика,null,1869,https://kultura-doma.ru/product/pododeyal-nik-klassika-1869,other,master_catalog
957,KD-PD-11681,Пододеяльник Классика,розовый,null,https://kultura-doma.ru/public/src/images/gallery/catalog/6a29647bbed8e_big.jpg,https://kultura-doma.ru/public/src/images/gallery/catalog/6a296479890d9_big.jpg,null,null,null,null,null,null,тенсель,100% тенсель,null,Классика,null,1869-2342,https://kultura-doma.ru/product/pododeyal-nik-klassika-1869-size-200h220,other,master_catalog
958,KD-PD-11684,Пододеяльник Классика,зеленый,145х200 см,https://kultura-doma.ru/public/src/images/gallery/catalog/6a2964735fc0c_big.jpg,https://kultura-doma.ru/public/src/images/gallery/catalog/6a2964731a0d2_big.jpg,null,145 см,200 см,null,null,null,тенсель,100% тенсель,null,Классика,null,1873,https://kultura-doma.ru/product/pododeyal-nik-klassika-1873,other,master_catalog
959,KD-PD-11684,Пододеяльник Классика,зеленый,null,https://kultura-doma.ru/public/src/images/gallery/catalog/6a2964735fc0c_big.jpg,https://kultura-doma.ru/public/src/images/gallery/catalog/6a2964731a0d2_big.jpg,null,null,null,null,null,null,тенсель,100% тенсель,null,Классика,null,1873-2350,https://kultura-doma.ru/product/pododeyal-nik-klassika-1873-size-200h220,other,master_catalog
960,KD-PD-11689,Пододеяльник Классика,розовый,145х200 см,https://kultura-doma.ru/public/src/images/gallery/catalog/6a26da0cb80a3_big.jpg,https://kultura-doma.ru/public/src/images/gallery/catalog/6a26da0c64233_big.jpg,null,145 см,200 см,null,null,null,сатин,100% сатин,null,Классика,null,1834,https://kultura-doma.ru/product/pododeyal-nik-klassika-1834,other,master_catalog
961,KD-PD-11690,Пододеяльник Классика,голубой,145х200 см,https://kultura-doma.ru/public/src/images/gallery/catalog/6a296453b9ff6_big.jpg,https://kultura-doma.ru/public/src/images/gallery/catalog/6a2964518d2ef_big.jpg,null,145 см,200 см,null,null,null,сатин,100% сатин,null,Классика,null,1845,https://kultura-doma.ru/product/pododeyal-nik-klassika-1845,other,master_catalog
962,KD-PD-11693,Пододеяльник Классика,розовый,145х200 см,https://kultura-doma.ru/public/src/images/gallery/catalog/6a29648382d34_big.jpg,https://kultura-doma.ru/public/src/images/gallery/catalog/6a296480110bc_big.jpg,null,145 см,200 см,null,null,null,сатин,100% сатин,null,Классика,null,1836,https://kultura-doma.ru/product/pododeyal-nik-klassika-1836,other,master_catalog
963,KD-PD-12098,Пододеяльник Классика,серый,145х200 см,https://kultura-doma.ru/public/src/images/gallery/catalog/6a29648da84a2_big.jpg,https://kultura-doma.ru/public/src/images/gallery/catalog/6a29648d5a683_big.jpg,null,145 см,200 см,null,null,null,сатин,100% сатин,null,Классика,null,1843,https://kultura-doma.ru/product/pododeyal-nik-klassika-1843,other,master_catalog
964,KD-PD-12100,Пододеяльник Классика,синий,160х220 см,https://kultura-doma.ru/public/src/images/gallery/catalog/6a296491def58_big.jpg,https://kultura-doma.ru/public/src/images/gallery/catalog/6a2964919a81e_big.jpg,null,160 см,220 см,null,null,null,сатин,100% сатин,null,Классика,null,1849,https://kultura-doma.ru/product/pododeyal-nik-klassika-1849,other,master_catalog
965,KD-PD-12102,Пододеяльник Классика,экрю,145х200 см,https://kultura-doma.ru/public/src/images/gallery/catalog/6a2964489ce41_big.jpg,https://kultura-doma.ru/public/src/images/gallery/catalog/6a29644852c23_big.jpg,null,145 см,200 см,null,null,null,сатин,100% сатин,null,Классика,null,1850,https://kultura-doma.ru/product/pododeyal-nik-klassika-1850,other,master_catalog
966,KD-PD-12104,Пододеяльник Классика,розовый,145х200 см,https://kultura-doma.ru/public/src/images/gallery/catalog/6a2964715efaf_big.jpg,https://kultura-doma.ru/public/src/images/gallery/catalog/6a296470bf02a_big.jpg,https://kultura-doma.ru/public/src/images/gallery/catalog/6a296471e6f74_big.jpg,145 см,200 см,null,null,null,сатин,100% сатин,null,Классика,null,1851,https://kultura-doma.ru/product/pododeyal-nik-klassika-1851,other,master_catalog
967,KD-PD-12108,Пододеяльник Классика,зеленый,200х210 см,https://kultura-doma.ru/public/src/images/gallery/catalog/6a296455526ce_big.jpg,https://kultura-doma.ru/public/src/images/gallery/catalog/6a2964558f47f_big.jpg,https://kultura-doma.ru/public/src/images/gallery/catalog/6a296455caeb8_big.jpg,200 см,210 см,null,null,null,сатин,100% сатин,null,Классика,null,1882,https://kultura-doma.ru/product/pododeyal-nik-klassika-1882,other,master_catalog
968,KD-PD-12111,Пододеяльник Классика,синий,145х200 см,https://kultura-doma.ru/public/src/images/gallery/catalog/6a29645e66bb1_big.jpg,https://kultura-doma.ru/public/src/images/gallery/catalog/6a29645c8d5c9_big.jpg,null,145 см,200 см,null,null,null,тенсель,100% тенсель,null,Классика,null,1877,https://kultura-doma.ru/product/pododeyal-nik-klassika-1877,other,master_catalog
969,KD-PD-12114,Пододеяльник Классика,белый,145х200 см,https://kultura-doma.ru/public/src/images/gallery/catalog/6a29644c58896_big.jpg,https://kultura-doma.ru/public/src/images/gallery/catalog/6a29644a10a02_big.jpg,https://kultura-doma.ru/public/src/images/gallery/catalog/6a29644a4c736_big.jpg,145 см,200 см,null,null,null,сатин,100% сатин,null,Классика,null,1844,https://kultura-doma.ru/product/pododeyal-nik-klassika-1844,other,master_catalog
970,KD-PD-12114,Пододеяльник Классика,белый,null,https://kultura-doma.ru/public/src/images/gallery/catalog/6a29644c58896_big.jpg,https://kultura-doma.ru/public/src/images/gallery/catalog/6a29644a10a02_big.jpg,https://kultura-doma.ru/public/src/images/gallery/catalog/6a29644a4c736_big.jpg,null,null,null,null,null,сатин,100% сатин,null,Классика,null,1844-2284,https://kultura-doma.ru/product/pododeyal-nik-klassika-1844-size-145h200,other,master_catalog
971,KD-PD-12100,Пододеяльник Классика: 145х200 см,синий,145х200 см,https://kultura-doma.ru/public/src/images/gallery/catalog/6a296491def58_big.jpg,https://kultura-doma.ru/public/src/images/gallery/catalog/6a2964919a81e_big.jpg,null,145 см,200 см,null,null,null,сатин,100% сатин,null,Классика,null,1849-2381,https://kultura-doma.ru/product/pododeyal-nik-klassika-1849-size-145h200-sm,other,master_catalog
972,KD-PD-10962,Пододеяльник Классика: 160х220 см,белый,160х220 см,https://kultura-doma.ru/public/src/images/gallery/catalog/6a29644c58896_big.jpg,https://kultura-doma.ru/public/src/images/gallery/catalog/6a29644a10a02_big.jpg,https://kultura-doma.ru/public/src/images/gallery/catalog/6a29644a4c736_big.jpg,160 см,220 см,null,null,null,сатин,100% сатин,null,Классика,null,1844-2367,https://kultura-doma.ru/product/pododeyal-nik-klassika-1844-size-160h220-sm,other,master_catalog
973,KD-PD-10963,Пододеяльник Классика: 160х220 см,экрю,160х220 см,https://kultura-doma.ru/public/src/images/gallery/catalog/6a2964489ce41_big.jpg,https://kultura-doma.ru/public/src/images/gallery/catalog/6a29644852c23_big.jpg,null,160 см,220 см,null,null,null,сатин,100% сатин,null,Классика,null,1850-2374,https://kultura-doma.ru/product/pododeyal-nik-klassika-1850-size-160h220-sm,other,master_catalog
974,KD-PD-10965,Пододеяльник Классика: 160х220 см,серый,160х220 см,https://kultura-doma.ru/public/src/images/gallery/catalog/6a29648da84a2_big.jpg,https://kultura-doma.ru/public/src/images/gallery/catalog/6a29648d5a683_big.jpg,null,160 см,220 см,null,null,null,сатин,100% сатин,null,Классика,null,1843-2372,https://kultura-doma.ru/product/pododeyal-nik-klassika-1843-size-160h220-sm,other,master_catalog
975,KD-PD-12097,Пододеяльник Классика: 200х210 см,серый,200х210 см,https://kultura-doma.ru/public/src/images/gallery/catalog/6a29648da84a2_big.jpg,https://kultura-doma.ru/public/src/images/gallery/catalog/6a29648d5a683_big.jpg,null,200 см,210 см,null,null,null,сатин,100% сатин,null,Классика,null,1843-2373,https://kultura-doma.ru/product/pododeyal-nik-klassika-1843-size-200h210-sm,other,master_catalog
976,KD-PD-12099,Пододеяльник Классика: 200х210 см,синий,200х210 см,https://kultura-doma.ru/public/src/images/gallery/catalog/6a296491def58_big.jpg,https://kultura-doma.ru/public/src/images/gallery/catalog/6a2964919a81e_big.jpg,null,200 см,210 см,null,null,null,сатин,100% сатин,null,Классика,null,1849-2384,https://kultura-doma.ru/product/pododeyal-nik-klassika-1849-size-200h210-sm,other,master_catalog
977,KD-PD-12101,Пододеяльник Классика: 200х210 см,экрю,200х210 см,https://kultura-doma.ru/public/src/images/gallery/catalog/6a2964489ce41_big.jpg,https://kultura-doma.ru/public/src/images/gallery/catalog/6a29644852c23_big.jpg,null,200 см,210 см,null,null,null,сатин,100% сатин,null,Классика,null,1850-2382,https://kultura-doma.ru/product/pododeyal-nik-klassika-1850-size-200h210-sm,other,master_catalog
978,KD-PD-12110,Пододеяльник Классика: 200х210 см,синий,200х210 см,https://kultura-doma.ru/public/src/images/gallery/catalog/6a29645e66bb1_big.jpg,https://kultura-doma.ru/public/src/images/gallery/catalog/6a29645c8d5c9_big.jpg,null,200 см,210 см,null,null,null,тенсель,100% тенсель,null,Классика,null,1877-2390,https://kultura-doma.ru/product/pododeyal-nik-klassika-1877-size-200h210-sm,other,master_catalog
979,KD-PD-12113,Пододеяльник Классика: 200х210 см,белый,200х210 см,https://kultura-doma.ru/public/src/images/gallery/catalog/6a29644c58896_big.jpg,https://kultura-doma.ru/public/src/images/gallery/catalog/6a29644a10a02_big.jpg,https://kultura-doma.ru/public/src/images/gallery/catalog/6a29644a4c736_big.jpg,200 см,210 см,null,null,null,сатин,100% сатин,null,Классика,null,1844-2368,https://kultura-doma.ru/product/pododeyal-nik-klassika-1844-size-200h210-sm,other,master_catalog
980,KD-PD-11675,Пододеяльник Классика: 200х220 см,белый,200х220 см,https://kultura-doma.ru/public/src/images/gallery/catalog/6a29646c80fee_big.jpg,https://kultura-doma.ru/public/src/images/gallery/catalog/6a29646c3cf77_big.jpg,null,200 см,220 см,null,null,null,тенсель,100% тенсель,null,Классика,null,1864-2332,https://kultura-doma.ru/product/pododeyal-nik-klassika-1864-size-200h220-sm,other,master_catalog
981,KD-PD-11678,Пододеяльник Классика: 200х220 см,экрю,200х220 см,https://kultura-doma.ru/public/src/images/gallery/catalog/6a29646682f0e_big.jpg,https://kultura-doma.ru/public/src/images/gallery/catalog/6a2964648cebf_big.jpg,null,200 см,220 см,null,null,null,тенсель,100% тенсель,null,Классика,null,1866-2380,https://kultura-doma.ru/product/pododeyal-nik-klassika-1866-size-200h220-sm,other,master_catalog
982,KD-PD-11681,Пододеяльник Классика: 200х220 см,розовый,200х220 см,https://kultura-doma.ru/public/src/images/gallery/catalog/6a29647bbed8e_big.jpg,https://kultura-doma.ru/public/src/images/gallery/catalog/6a296479890d9_big.jpg,null,200 см,220 см,null,null,null,тенсель,100% тенсель,null,Классика,null,1869-2379,https://kultura-doma.ru/product/pododeyal-nik-klassika-1869-size-200h220-sm,other,master_catalog
983,KD-PD-11684,Пододеяльник Классика: 200х220 см,зеленый,200х220 см,https://kultura-doma.ru/public/src/images/gallery/catalog/6a2964735fc0c_big.jpg,https://kultura-doma.ru/public/src/images/gallery/catalog/6a2964731a0d2_big.jpg,null,200 см,220 см,null,null,null,тенсель,100% тенсель,null,Классика,null,1873-2376,https://kultura-doma.ru/product/pododeyal-nik-klassika-1873-size-200h220-sm,other,master_catalog
984,KD-PD-11687,Пододеяльник Классика: 200х220 см,розовый,200х220 см,https://kultura-doma.ru/public/src/images/gallery/catalog/6a26da0cb80a3_big.jpg,https://kultura-doma.ru/public/src/images/gallery/catalog/6a26da0c64233_big.jpg,null,200 см,220 см,null,null,null,сатин,100% сатин,null,Классика,null,1834-2378,https://kultura-doma.ru/product/pododeyal-nik-klassika-1834-size-200h220-sm,other,master_catalog
985,KD-PD-11690,Пододеяльник Классика: 200х220 см,голубой,200х220 см,https://kultura-doma.ru/public/src/images/gallery/catalog/6a296453b9ff6_big.jpg,https://kultura-doma.ru/public/src/images/gallery/catalog/6a2964518d2ef_big.jpg,null,200 см,220 см,null,null,null,сатин,100% сатин,null,Классика,null,1845-2370,https://kultura-doma.ru/product/pododeyal-nik-klassika-1845-size-200h220-sm,other,master_catalog
986,KD-PD-11693,Пододеяльник Классика: 200х220 см,розовый,200х220 см,https://kultura-doma.ru/public/src/images/gallery/catalog/6a29648382d34_big.jpg,https://kultura-doma.ru/public/src/images/gallery/catalog/6a296480110bc_big.jpg,null,200 см,220 см,null,null,null,сатин,100% сатин,null,Классика,null,1836-2271,https://kultura-doma.ru/product/pododeyal-nik-klassika-1836-size-200h220-sm,other,master_catalog
987,KD-PD-12103,Пододеяльник Классика: 200х220 см,розовый,200х220 см,https://kultura-doma.ru/public/src/images/gallery/catalog/6a2964715efaf_big.jpg,https://kultura-doma.ru/public/src/images/gallery/catalog/6a296470bf02a_big.jpg,https://kultura-doma.ru/public/src/images/gallery/catalog/6a296471e6f74_big.jpg,200 см,220 см,null,null,null,сатин,100% сатин,null,Классика,null,1851-2371,https://kultura-doma.ru/product/pododeyal-nik-klassika-1851-size-200h220-sm,other,master_catalog
988,KD-PD-11676,Пододеяльник Классика: 220х240 см,белый,220х240 см,https://kultura-doma.ru/public/src/images/gallery/catalog/6a29646c80fee_big.jpg,https://kultura-doma.ru/public/src/images/gallery/catalog/6a29646c3cf77_big.jpg,null,220 см,240 см,null,null,null,тенсель,100% тенсель,null,Классика,null,1864-2334,https://kultura-doma.ru/product/pododeyal-nik-klassika-1864-size-220h240-sm,other,master_catalog
989,KD-PD-9375,Подсвечник Ангел Классика,белый,null,https://kultura-doma.ru/public/src/images/gallery/catalog/686e8b72494f0_big.jpg,https://kultura-doma.ru/public/src/images/gallery/catalog/686e8b7159c9e_big.jpg,null,null,null,null,null,null,фарфор,100% фарфор,null,Классика,null,880,https://kultura-doma.ru/product/podsvechnik-angel-klassika,candle,master_catalog
990,KD-PD-9543,Подставка для яйца Классика,белый,"1,5х5,5 см",https://kultura-doma.ru/public/src/images/gallery/catalog/6a58ec1a5e60b_big.jpg,https://kultura-doma.ru/public/src/images/gallery/catalog/69b96bf557dd4_big.jpg,null,"1,5 см","5,5 см",null,null,null,фарфор,100% фарфор,null,Классика,null,283,https://kultura-doma.ru/product/podstavka-dlya-yayca-klassika,other,master_catalog
991,KD-PD-9487,Полотенце Классика,белый,50х90 см,https://kultura-doma.ru/public/src/images/gallery/catalog/6a5f84751331b_big.jpg,https://kultura-doma.ru/public/src/images/gallery/catalog/6a5f8474154a8_big.jpg,https://kultura-doma.ru/public/src/images/gallery/catalog/6a5f84756ef27_big.jpg,50 см,90 см,null,null,null,махровая ткань,null,null,Классика,null,714,https://kultura-doma.ru/product/polotence-klassika,other,master_catalog
992,KD-PD-9488,Полотенце Классика,серый,50х90 см,https://kultura-doma.ru/public/src/images/gallery/catalog/6a5f849352e6c_big.jpg,https://kultura-doma.ru/public/src/images/gallery/catalog/6a5f84928c775_big.jpg,https://kultura-doma.ru/public/src/images/gallery/catalog/6a5f8493bc6be_big.jpg,50 см,90 см,null,null,null,махровая ткань,null,null,Классика,null,715,https://kultura-doma.ru/product/polotence-klassika-715,other,master_catalog
993,KD-PD-9489,Полотенце Классика: 70х140 см,белый,70х140 см,https://kultura-doma.ru/public/src/images/gallery/catalog/6a5f84751331b_big.jpg,https://kultura-doma.ru/public/src/images/gallery/catalog/6a5f8474154a8_big.jpg,https://kultura-doma.ru/public/src/images/gallery/catalog/6a5f84756ef27_big.jpg,70 см,140 см,null,null,null,махровая ткань,null,null,Классика,null,714-793,https://kultura-doma.ru/product/polotence-klassika-size-70h140-sm,other,master_catalog
994,KD-PD-9490,Полотенце Классика: 70х140 см,серый,70х140 см,https://kultura-doma.ru/public/src/images/gallery/catalog/6a5f849352e6c_big.jpg,https://kultura-doma.ru/public/src/images/gallery/catalog/6a5f84928c775_big.jpg,https://kultura-doma.ru/public/src/images/gallery/catalog/6a5f8493bc6be_big.jpg,70 см,140 см,null,null,null,махровая ткань,null,null,Классика,null,715-794,https://kultura-doma.ru/product/polotence-klassika-715-size-70h140-sm,other,master_catalog
995,KD-PD-10325,Простыня на резинке Классика,белый,180х200х40 см,https://kultura-doma.ru/public/src/images/gallery/catalog/6a26d3f874971_big.jpg,https://kultura-doma.ru/public/src/images/gallery/catalog/6a26d3f837804_big.jpg,null,180 см,200 см,null,null,null,сатин,100% сатин,null,Классика,null,1854,https://kultura-doma.ru/product/prostynya-na-rezinke-klassika-1854,other,master_catalog
996,KD-PD-10326,Простыня на резинке Классика,белый,160х200х40 см,https://kultura-doma.ru/public/src/images/gallery/catalog/6a3900b8df84a_big.jpg,https://kultura-doma.ru/public/src/images/gallery/catalog/69c13b5715162_big.jpg,https://kultura-doma.ru/public/src/images/gallery/catalog/69c13b683c810_big.jpg,160 см,200 см,null,null,null,сатин,100% сатин,null,Классика,null,1491,https://kultura-doma.ru/product/prostynya-na-rezinke-klassika-200h200h40-sm-belaya,other,master_catalog
997,KD-PD-10327,Простыня на резинке Классика,бежевый,null,https://kultura-doma.ru/public/src/images/gallery/catalog/6a26d4560eebc_big.jpg,https://kultura-doma.ru/public/src/images/gallery/catalog/6a26d455c0450_big.jpg,null,null,null,null,null,null,сатин,100% сатин,null,Классика,null,1855,https://kultura-doma.ru/product/prostynya-na-rezinke-klassika-1855,other,master_catalog
998,KD-PD-10329,Простыня на резинке Классика,сливочный,160х200х40 см,https://kultura-doma.ru/public/src/images/gallery/catalog/6a3900d3c9719_big.jpg,https://kultura-doma.ru/public/src/images/gallery/catalog/6a3900d37d39f_big.jpg,null,160 см,200 см,null,null,null,сатин,100% сатин,null,Классика,null,1492,https://kultura-doma.ru/product/prostynya-na-rezinke-klassika-200h200h40-sm-slivochnyy,other,master_catalog
999,KD-PD-10330,Простыня на резинке Классика,бежевый,160х200х40 см,https://kultura-doma.ru/public/src/images/gallery/catalog/6a3900e638048_big.jpg,https://kultura-doma.ru/public/src/images/gallery/catalog/6a3900e460ca2_big.jpg,https://kultura-doma.ru/public/src/images/gallery/catalog/6a3900e6be1af_big.jpg,160 см,200 см,null,null,null,сатин,100% сатин,null,Классика,null,1712,https://kultura-doma.ru/product/prostynya-na-rezinke-klassika,other,master_catalog
1000,KD-PD-10335,Простыня на резинке Классика,синий,160х200х40 см,https://kultura-doma.ru/public/src/images/gallery/catalog/6a391a5ee32d4_big.jpg,https://kultura-doma.ru/public/src/images/gallery/catalog/69c13b2678582_big.jpg,https://kultura-doma.ru/public/src/images/gallery/catalog/6a391a5e2d611_big.jpg,160 см,200 см,null,null,null,сатин,100% сатин,null,Классика,null,1493,https://kultura-doma.ru/product/prostynya-na-rezinke-klassika-200h200h40-sm-temnosiniy,other,master_catalog
1001,KD-PD-10336,Простыня на резинке Классика,серый,null,https://kultura-doma.ru/public/src/images/gallery/catalog/6a3900cd318f0_big.jpg,https://kultura-doma.ru/public/src/images/gallery/catalog/6a3900cbde0de_big.jpg,null,null,null,null,null,null,сатин,100% сатин,null,Классика,null,1494-2303,https://kultura-doma.ru/product/prostynya-na-rezinke-klassika-200h200h40-sm-platinovyy-size-200h160h40-sm,other,master_catalog
1002,KD-PD-10337,Простыня на резинке Классика,серый,null,https://kultura-doma.ru/public/src/images/gallery/catalog/6a3900cd318f0_big.jpg,https://kultura-doma.ru/public/src/images/gallery/catalog/6a3900cbde0de_big.jpg,null,null,null,null,null,null,сатин,100% сатин,null,Классика,null,1494-2304,https://kultura-doma.ru/product/prostynya-na-rezinke-klassika-200h200h40-sm-platinovyy-size-200h180h40-sm,other,master_catalog
1003,KD-PD-10338,Простыня на резинке Классика,серый,160х200х40 см,https://kultura-doma.ru/public/src/images/gallery/catalog/6a3900cd318f0_big.jpg,https://kultura-doma.ru/public/src/images/gallery/catalog/6a3900cbde0de_big.jpg,null,160 см,200 см,null,null,null,сатин,100% сатин,null,Классика,null,1494,https://kultura-doma.ru/product/prostynya-na-rezinke-klassika-200h200h40-sm-platinovyy,other,master_catalog
1004,KD-PD-11727,Простыня на резинке Классика,розовый,160х200х40 см,https://kultura-doma.ru/public/src/images/gallery/catalog/6a390134a8f96_big.jpg,https://kultura-doma.ru/public/src/images/gallery/catalog/6a390133908c9_big.jpg,null,160 см,200 см,null,null,null,сатин,100% сатин,null,Классика,null,1842,https://kultura-doma.ru/product/prostynya-na-rezinke-klassika-1842,other,master_catalog
1005,KD-PD-11731,Простыня на резинке Классика,голубой,160х200х40 см,https://kultura-doma.ru/public/src/images/gallery/catalog/6a39015278123_big.jpg,https://kultura-doma.ru/public/src/images/gallery/catalog/6a39015152eb3_big.jpg,null,160 см,200 см,null,null,null,сатин,100% сатин,null,Классика,null,1847,https://kultura-doma.ru/product/prostynya-na-rezinke-klassika-1847,other,master_catalog
1006,KD-PD-11735,Простыня на резинке Классика,розовый,160х200х40 см,https://kultura-doma.ru/public/src/images/gallery/catalog/6a39014864613_big.jpg,https://kultura-doma.ru/public/src/images/gallery/catalog/6a390148ec625_big.jpg,https://kultura-doma.ru/public/src/images/gallery/catalog/6a39014b9a68c_big.jpg,160 см,200 см,null,null,null,сатин,100% сатин,null,Классика,null,1838,https://kultura-doma.ru/product/prostynya-na-rezinke-klassika-1838,other,master_catalog
1007,KD-PD-11739,Простыня на резинке Классика,белый,200х200х40 см,https://kultura-doma.ru/public/src/images/gallery/catalog/6a5742b7a962f_big.jpg,https://kultura-doma.ru/public/src/images/gallery/catalog/6a5742b6d219c_big.jpg,https://kultura-doma.ru/public/src/images/gallery/catalog/6a5742b84b1a5_big.jpg,200 см,200 см,null,null,null,тенсель,100% тенсель,null,Классика,null,1853,https://kultura-doma.ru/product/prostynya-na-rezinke-klassika-1853,other,master_catalog
1008,KD-PD-11743,Простыня на резинке Классика,розовый,160х200х40 см,https://kultura-doma.ru/public/src/images/gallery/catalog/6a39014064bc1_big.jpg,https://kultura-doma.ru/public/src/images/gallery/catalog/6a39013d75f1b_big.jpg,null,160 см,200 см,null,null,null,тенсель,100% тенсель,null,Классика,null,1871,https://kultura-doma.ru/product/prostynya-na-rezinke-klassika-1871,other,master_catalog
1009,KD-PD-11747,Простыня на резинке Классика,зеленый,160х200х40 см,https://kultura-doma.ru/public/src/images/gallery/catalog/6a39013a7f07d_big.jpg,https://kultura-doma.ru/public/src/images/gallery/catalog/6a39013a334b5_big.jpg,null,160 см,200 см,null,null,null,тенсель,100% тенсель,null,Классика,null,1875,https://kultura-doma.ru/product/prostynya-na-rezinke-klassika-1875,other,master_catalog
1010,KD-PD-12063,Простыня на резинке Классика,зеленый,200х200х40 см,https://kultura-doma.ru/public/src/images/gallery/catalog/6a39266f54acc_big.jpg,https://kultura-doma.ru/public/src/images/gallery/catalog/6a39266f00822_big.jpg,null,200 см,200 см,null,null,null,сатин,100% сатин,null,Классика,null,1859,https://kultura-doma.ru/product/prostynya-klassika-1859,other,master_catalog
1011,KD-PD-12066,Простыня на резинке Классика,экрю,200х200х40 см,https://kultura-doma.ru/public/src/images/gallery/catalog/6a39016ebd783_big.jpg,https://kultura-doma.ru/public/src/images/gallery/catalog/6a39016c02083_big.jpg,null,200 см,200 см,null,null,null,сатин,100% сатин,null,Классика,null,1862,https://kultura-doma.ru/product/prostynya-klassika-1862,other,master_catalog
1012,KD-PD-12068,Простыня на резинке Классика,синий,160х200х40 см,https://kultura-doma.ru/public/src/images/gallery/catalog/6a3921fd64b0a_big.jpg,https://kultura-doma.ru/public/src/images/gallery/catalog/6a3921fabc99b_big.jpg,null,160 см,200 см,null,null,null,тенсель,100% тенсель,null,Классика,null,1879,https://kultura-doma.ru/product/prostynya-klassika-1879,other,master_catalog
1013,KD-PD-12215,Простыня на резинке Классика,коричневый,160х200х40 см,https://kultura-doma.ru/public/src/images/gallery/catalog/6a3901053b084_big.jpg,https://kultura-doma.ru/public/src/images/gallery/catalog/6a390102c2d91_big.jpg,null,160 см,200 см,null,null,null,тенсель,100% тенсель,null,Классика,null,1868,https://kultura-doma.ru/product/prostynya-klassika-1868,other,master_catalog
1014,KD-PD-11740,Простыня на резинке Классика: 160х200х40 см,белый,160х200х40 см,https://kultura-doma.ru/public/src/images/gallery/catalog/6a5742b7a962f_big.jpg,https://kultura-doma.ru/public/src/images/gallery/catalog/6a5742b6d219c_big.jpg,https://kultura-doma.ru/public/src/images/gallery/catalog/6a5742b84b1a5_big.jpg,160 см,200 см,null,null,null,тенсель,100% тенсель,null,Классика,null,1853-2562,https://kultura-doma.ru/product/prostynya-na-rezinke-klassika-1853-size-160h200h40-sm,other,master_catalog
1015,KD-PD-10325,Простыня на резинке Классика: 180х200х40 см,белый,180х200х40 см,https://kultura-doma.ru/public/src/images/gallery/catalog/6a3900b8df84a_big.jpg,https://kultura-doma.ru/public/src/images/gallery/catalog/69c13b5715162_big.jpg,https://kultura-doma.ru/public/src/images/gallery/catalog/69c13b683c810_big.jpg,180 см,200 см,null,null,null,сатин,100% сатин,null,Классика,null,1491-1625,https://kultura-doma.ru/product/prostynya-na-rezinke-klassika-200h200h40-sm-belaya-size-180h200h40,other,master_catalog
1016,KD-PD-10328,Простыня на резинке Классика: 180х200х40 см,сливочный,180х200х40 см,https://kultura-doma.ru/public/src/images/gallery/catalog/6a3900d3c9719_big.jpg,https://kultura-doma.ru/public/src/images/gallery/catalog/6a3900d37d39f_big.jpg,null,180 см,200 см,null,null,null,сатин,100% сатин,null,Классика,null,1492-1628,https://kultura-doma.ru/product/prostynya-na-rezinke-klassika-200h200h40-sm-slivochnyy-size-180h200h40,other,master_catalog
1017,KD-PD-10331,Простыня на резинке Классика: 180х200х40 см,бежевый,180х200х40 см,https://kultura-doma.ru/public/src/images/gallery/catalog/6a3900e638048_big.jpg,https://kultura-doma.ru/public/src/images/gallery/catalog/6a3900e460ca2_big.jpg,https://kultura-doma.ru/public/src/images/gallery/catalog/6a3900e6be1af_big.jpg,180 см,200 см,null,null,null,сатин,100% сатин,null,Классика,null,1712-1943,https://kultura-doma.ru/product/prostynya-na-rezinke-klassika-size-180h200h40,other,master_catalog
1018,KD-PD-10334,Простыня на резинке Классика: 180х200х40 см,синий,180х200х40 см,https://kultura-doma.ru/public/src/images/gallery/catalog/6a391a5ee32d4_big.jpg,https://kultura-doma.ru/public/src/images/gallery/catalog/69c13b2678582_big.jpg,https://kultura-doma.ru/public/src/images/gallery/catalog/6a391a5e2d611_big.jpg,180 см,200 см,null,null,null,сатин,100% сатин,null,Классика,null,1493-1631,https://kultura-doma.ru/product/prostynya-na-rezinke-klassika-200h200h40-sm-temnosiniy-size-180h200h40,other,master_catalog
1019,KD-PD-10337,Простыня на резинке Классика: 180х200х40 см,серый,180х200х40 см,https://kultura-doma.ru/public/src/images/gallery/catalog/6a3900cd318f0_big.jpg,https://kultura-doma.ru/public/src/images/gallery/catalog/6a3900cbde0de_big.jpg,null,180 см,200 см,null,null,null,сатин,100% сатин,null,Классика,null,1494-1634,https://kultura-doma.ru/product/prostynya-na-rezinke-klassika-200h200h40-sm-platinovyy-size-180h200h40,other,master_catalog
1020,KD-PD-11726,Простыня на резинке Классика: 180х200х40 см,розовый,180х200х40 см,https://kultura-doma.ru/public/src/images/gallery/catalog/6a390134a8f96_big.jpg,https://kultura-doma.ru/public/src/images/gallery/catalog/6a390133908c9_big.jpg,null,180 см,200 см,null,null,null,сатин,100% сатин,null,Классика,null,1842-2280,https://kultura-doma.ru/product/prostynya-na-rezinke-klassika-1842-size-180h200h40-sm,other,master_catalog
1021,KD-PD-11730,Простыня на резинке Классика: 180х200х40 см,голубой,180х200х40 см,https://kultura-doma.ru/public/src/images/gallery/catalog/6a39015278123_big.jpg,https://kultura-doma.ru/public/src/images/gallery/catalog/6a39015152eb3_big.jpg,null,180 см,200 см,null,null,null,сатин,100% сатин,null,Классика,null,1847-2291,https://kultura-doma.ru/product/prostynya-na-rezinke-klassika-1847-size-180h200h40-sm,other,master_catalog
1022,KD-PD-11734,Простыня на резинке Классика: 180х200х40 см,розовый,180х200х40 см,https://kultura-doma.ru/public/src/images/gallery/catalog/6a39014864613_big.jpg,https://kultura-doma.ru/public/src/images/gallery/catalog/6a390148ec625_big.jpg,https://kultura-doma.ru/public/src/images/gallery/catalog/6a39014b9a68c_big.jpg,180 см,200 см,null,null,null,сатин,100% сатин,null,Классика,null,1838-2388,https://kultura-doma.ru/product/prostynya-na-rezinke-klassika-1838-size-180h200h40-sm,other,master_catalog
1023,KD-PD-11738,Простыня на резинке Классика: 180х200х40 см,белый,180х200х40 см,https://kultura-doma.ru/public/src/images/gallery/catalog/6a5742b7a962f_big.jpg,https://kultura-doma.ru/public/src/images/gallery/catalog/6a5742b6d219c_big.jpg,https://kultura-doma.ru/public/src/images/gallery/catalog/6a5742b84b1a5_big.jpg,180 см,200 см,null,null,null,тенсель,100% тенсель,null,Классика,null,1853-2557,https://kultura-doma.ru/product/prostynya-na-rezinke-klassika-1853-size-180h200h40-sm,other,master_catalog
1024,KD-PD-11742,Простыня на резинке Классика: 180х200х40 см,розовый,180х200х40 см,https://kultura-doma.ru/public/src/images/gallery/catalog/6a39014064bc1_big.jpg,https://kultura-doma.ru/public/src/images/gallery/catalog/6a39013d75f1b_big.jpg,null,180 см,200 см,null,null,null,тенсель,100% тенсель,null,Классика,null,1871-2555,https://kultura-doma.ru/product/prostynya-na-rezinke-klassika-1871-size-180h200h40-sm,other,master_catalog
1025,KD-PD-11746,Простыня на резинке Классика: 180х200х40 см,зеленый,180х200х40 см,https://kultura-doma.ru/public/src/images/gallery/catalog/6a39013a7f07d_big.jpg,https://kultura-doma.ru/public/src/images/gallery/catalog/6a39013a334b5_big.jpg,null,180 см,200 см,null,null,null,тенсель,100% тенсель,null,Классика,null,1875-2385,https://kultura-doma.ru/product/prostynya-na-rezinke-klassika-1875-size-180h200h40-sm,other,master_catalog
1026,KD-PD-12062,Простыня на резинке Классика: 180х200х40 см,зеленый,180х200х40 см,https://kultura-doma.ru/public/src/images/gallery/catalog/6a39266f54acc_big.jpg,https://kultura-doma.ru/public/src/images/gallery/catalog/6a39266f00822_big.jpg,null,180 см,200 см,null,null,null,сатин,100% сатин,null,Классика,null,1859-2573,https://kultura-doma.ru/product/prostynya-klassika-1859-size-180h200h40-sm,other,master_catalog
1027,KD-PD-12065,Простыня на резинке Классика: 180х200х40 см,экрю,180х200х40 см,https://kultura-doma.ru/public/src/images/gallery/catalog/6a39016ebd783_big.jpg,https://kultura-doma.ru/public/src/images/gallery/catalog/6a39016c02083_big.jpg,null,180 см,200 см,null,null,null,сатин,100% сатин,null,Классика,null,1862-2574,https://kultura-doma.ru/product/prostynya-klassika-1862-size-180h200h40-sm,other,master_catalog
1028,KD-PD-12067,Простыня на резинке Классика: 180х200х40 см,синий,180х200х40 см,https://kultura-doma.ru/public/src/images/gallery/catalog/6a3921fd64b0a_big.jpg,https://kultura-doma.ru/public/src/images/gallery/catalog/6a3921fabc99b_big.jpg,null,180 см,200 см,null,null,null,тенсель,100% тенсель,null,Классика,null,1879-2571,https://kultura-doma.ru/product/prostynya-klassika-1879-size-180h200h40-sm,other,master_catalog
1029,KD-PD-12214,Простыня на резинке Классика: 180х200х40 см,коричневый,180х200х40 см,https://kultura-doma.ru/public/src/images/gallery/catalog/6a3901053b084_big.jpg,https://kultura-doma.ru/public/src/images/gallery/catalog/6a390102c2d91_big.jpg,null,180 см,200 см,null,null,null,тенсель,100% тенсель,null,Классика,null,1868-2553,https://kultura-doma.ru/product/prostynya-klassika-1868-size-180h200h40-sm,other,master_catalog
1030,KD-PD-10326,Простыня на резинке Классика: 200х200х40 см,белый,200х200х40 см,https://kultura-doma.ru/public/src/images/gallery/catalog/6a3900b8df84a_big.jpg,https://kultura-doma.ru/public/src/images/gallery/catalog/69c13b5715162_big.jpg,https://kultura-doma.ru/public/src/images/gallery/catalog/69c13b683c810_big.jpg,200 см,200 см,null,null,null,сатин,100% сатин,null,Классика,null,1491-1624,https://kultura-doma.ru/product/prostynya-na-rezinke-klassika-200h200h40-sm-belaya-size-200h200h40,other,master_catalog
1031,KD-PD-10329,Простыня на резинке Классика: 200х200х40 см,сливочный,200х200х40 см,https://kultura-doma.ru/public/src/images/gallery/catalog/6a3900d3c9719_big.jpg,https://kultura-doma.ru/public/src/images/gallery/catalog/6a3900d37d39f_big.jpg,null,200 см,200 см,null,null,null,сатин,100% сатин,null,Классика,null,1492-1627,https://kultura-doma.ru/product/prostynya-na-rezinke-klassika-200h200h40-sm-slivochnyy-size-200h200h40,other,master_catalog
1032,KD-PD-10332,Простыня на резинке Классика: 200х200х40 см,бежевый,200х200х40 см,https://kultura-doma.ru/public/src/images/gallery/catalog/6a3900e638048_big.jpg,https://kultura-doma.ru/public/src/images/gallery/catalog/6a3900e460ca2_big.jpg,https://kultura-doma.ru/public/src/images/gallery/catalog/6a3900e6be1af_big.jpg,200 см,200 см,null,null,null,сатин,100% сатин,null,Классика,null,1712-1944,https://kultura-doma.ru/product/prostynya-na-rezinke-klassika-size-200h200h40,other,master_catalog
1033,KD-PD-10335,Простыня на резинке Классика: 200х200х40 см,синий,200х200х40 см,https://kultura-doma.ru/public/src/images/gallery/catalog/6a391a5ee32d4_big.jpg,https://kultura-doma.ru/public/src/images/gallery/catalog/69c13b2678582_big.jpg,https://kultura-doma.ru/public/src/images/gallery/catalog/6a391a5e2d611_big.jpg,200 см,200 см,null,null,null,сатин,100% сатин,null,Классика,null,1493-1630,https://kultura-doma.ru/product/prostynya-na-rezinke-klassika-200h200h40-sm-temnosiniy-size-200h200h40,other,master_catalog
1034,KD-PD-10338,Простыня на резинке Классика: 200х200х40 см,серый,200х200х40 см,https://kultura-doma.ru/public/src/images/gallery/catalog/6a3900cd318f0_big.jpg,https://kultura-doma.ru/public/src/images/gallery/catalog/6a3900cbde0de_big.jpg,null,200 см,200 см,null,null,null,сатин,100% сатин,null,Классика,null,1494-1633,https://kultura-doma.ru/product/prostynya-na-rezinke-klassika-200h200h40-sm-platinovyy-size-200h200h40,other,master_catalog
1035,KD-PD-11727,Простыня на резинке Классика: 200х200х40 см,розовый,200х200х40 см,https://kultura-doma.ru/public/src/images/gallery/catalog/6a390134a8f96_big.jpg,https://kultura-doma.ru/public/src/images/gallery/catalog/6a390133908c9_big.jpg,null,200 см,200 см,null,null,null,сатин,100% сатин,null,Классика,null,1842-2278,https://kultura-doma.ru/product/prostynya-na-rezinke-klassika-1842-size-200h200h40-sm,other,master_catalog
1036,KD-PD-11731,Простыня на резинке Классика: 200х200х40 см,голубой,200х200х40 см,https://kultura-doma.ru/public/src/images/gallery/catalog/6a39015278123_big.jpg,https://kultura-doma.ru/public/src/images/gallery/catalog/6a39015152eb3_big.jpg,null,200 см,200 см,null,null,null,сатин,100% сатин,null,Классика,null,1847-2289,https://kultura-doma.ru/product/prostynya-na-rezinke-klassika-1847-size-200h200h40-sm,other,master_catalog
1037,KD-PD-11735,Простыня на резинке Классика: 200х200х40 см,розовый,200х200х40 см,https://kultura-doma.ru/public/src/images/gallery/catalog/6a39014864613_big.jpg,https://kultura-doma.ru/public/src/images/gallery/catalog/6a390148ec625_big.jpg,https://kultura-doma.ru/public/src/images/gallery/catalog/6a39014b9a68c_big.jpg,200 см,200 см,null,null,null,сатин,100% сатин,null,Классика,null,1838-2274,https://kultura-doma.ru/product/prostynya-na-rezinke-klassika-1838-size-200h200h40-sm,other,master_catalog
1038,KD-PD-11743,Простыня на резинке Классика: 200х200х40 см,розовый,200х200х40 см,https://kultura-doma.ru/public/src/images/gallery/catalog/6a39014064bc1_big.jpg,https://kultura-doma.ru/public/src/images/gallery/catalog/6a39013d75f1b_big.jpg,null,200 см,200 см,null,null,null,тенсель,100% тенсель,null,Классика,null,1871-2387,https://kultura-doma.ru/product/prostynya-na-rezinke-klassika-1871-size-200h200h40-sm,other,master_catalog
1039,KD-PD-11747,Простыня на резинке Классика: 200х200х40 см,зеленый,200х200х40 см,https://kultura-doma.ru/public/src/images/gallery/catalog/6a39013a7f07d_big.jpg,https://kultura-doma.ru/public/src/images/gallery/catalog/6a39013a334b5_big.jpg,null,200 см,200 см,null,null,null,тенсель,100% тенсель,null,Классика,null,1875-2353,https://kultura-doma.ru/product/prostynya-na-rezinke-klassika-1875-size-200h200h40-sm,other,master_catalog
1040,KD-PD-12068,Простыня на резинке Классика: 200х200х40 см,синий,200х200х40 см,https://kultura-doma.ru/public/src/images/gallery/catalog/6a3921fd64b0a_big.jpg,https://kultura-doma.ru/public/src/images/gallery/catalog/6a3921fabc99b_big.jpg,null,200 см,200 см,null,null,null,тенсель,100% тенсель,null,Классика,null,1879-2359,https://kultura-doma.ru/product/prostynya-klassika-1879-size-200h200h40-sm,other,master_catalog
1041,KD-PD-12215,Простыня на резинке Классика: 200х200х40 см,коричневый,200х200х40 см,https://kultura-doma.ru/public/src/images/gallery/catalog/6a3901053b084_big.jpg,https://kultura-doma.ru/public/src/images/gallery/catalog/6a390102c2d91_big.jpg,null,200 см,200 см,null,null,null,тенсель,100% тенсель,null,Классика,null,1868-2339,https://kultura-doma.ru/product/prostynya-klassika-1868-size-200h200h40-sm,other,master_catalog
1042,KD-PD-10339,Простыня свободная Классика,белый,240х270 см,https://kultura-doma.ru/public/src/images/gallery/catalog/69c27fd986af0_big.jpg,https://kultura-doma.ru/public/src/images/gallery/catalog/69c2826bf37ea_big.jpg,https://kultura-doma.ru/public/src/images/gallery/catalog/69c27fe310d5d_big.jpg,240 см,270 см,null,null,null,сатин,100% сатин,null,Классика,null,1475,https://kultura-doma.ru/product/prostynya-klassika-240h270sm-belaya,other,master_catalog
1043,KD-PD-10340,Простыня свободная Классика,сливочный,240х270 см,https://kultura-doma.ru/public/src/images/gallery/catalog/69c27fb30c565_big.jpg,https://kultura-doma.ru/public/src/images/gallery/catalog/69c2820b30663_big.jpg,https://kultura-doma.ru/public/src/images/gallery/catalog/69c27f9ec3201_big.jpg,240 см,270 см,null,null,null,сатин,100% сатин,null,Классика,null,1476,https://kultura-doma.ru/product/prostynya-klassika-240h270sm-slivochnyy,other,master_catalog
1044,KD-PD-10341,Простыня свободная Классика,бежевый,240х270 см,https://kultura-doma.ru/public/src/images/gallery/catalog/6a3900c8d9e42_big.jpg,https://kultura-doma.ru/public/src/images/gallery/catalog/6a3900c5e611a_big.jpg,null,240 см,270 см,null,null,null,сатин,100% сатин,null,Классика,null,1715,https://kultura-doma.ru/product/prostynya-svobodnaya-klassika,other,master_catalog
1045,KD-PD-10342,Простыня свободная Классика,синий,240х270 см,https://kultura-doma.ru/public/src/images/gallery/catalog/69c27f867b680_big.jpg,https://kultura-doma.ru/public/src/images/gallery/catalog/69c27bfe5d413_big.jpg,https://kultura-doma.ru/public/src/images/gallery/catalog/69c27bfd99663_big.jpg,240 см,270 см,null,null,null,сатин,100% сатин,null,Классика,null,1477,https://kultura-doma.ru/product/prostynya-klassika-240h270sm-temnosiniy,other,master_catalog
1046,KD-PD-10343,Простыня свободная Классика,серый,240х270 см,https://kultura-doma.ru/public/src/images/gallery/catalog/69c28ef464e7a_big.jpg,https://kultura-doma.ru/public/src/images/gallery/catalog/69c27c9c6d021_big.jpg,https://kultura-doma.ru/public/src/images/gallery/catalog/696a55f76cde7_big.jpg,240 см,270 см,null,null,null,сатин,100% сатин,null,Классика,null,1478,https://kultura-doma.ru/product/prostynya-klassika-240h270sm-platinovyy,other,master_catalog
1047,KD-PD-11725,Простыня свободная Классика,розовый,240х270 см,https://kultura-doma.ru/public/src/images/gallery/catalog/6a55eafe78654_big.jpg,https://kultura-doma.ru/public/src/images/gallery/catalog/6a55eafeb2ea4_big.jpg,null,240 см,270 см,null,null,null,сатин,100% сатин,null,Классика,null,1833,https://kultura-doma.ru/product/prostynya-svobodnaya-klassika-1833,other,master_catalog
1048,KD-PD-11729,Простыня свободная Классика,голубой,240х270 см,https://kultura-doma.ru/public/src/images/gallery/catalog/6a39019e0d996_big.jpg,https://kultura-doma.ru/public/src/images/gallery/catalog/6a39019da3cea_big.jpg,null,240 см,270 см,null,null,null,сатин,100% сатин,null,Классика,null,1846,https://kultura-doma.ru/product/prostynya-klassika,other,master_catalog
1049,KD-PD-11733,Простыня свободная Классика,розовый,240х270 см,https://kultura-doma.ru/public/src/images/gallery/catalog/6a39019b5da2d_big.jpg,https://kultura-doma.ru/public/src/images/gallery/catalog/6a39019aea705_big.jpg,null,240 см,270 см,null,null,null,сатин,100% сатин,null,Классика,null,1837,https://kultura-doma.ru/product/prostynya-svobodnaya-klassika-1837,other,master_catalog
1050,KD-PD-11737,Простыня свободная Классика,белый,240х270 см,https://kultura-doma.ru/public/src/images/gallery/catalog/6a3901841e2a8_big.jpg,https://kultura-doma.ru/public/src/images/gallery/catalog/6a3901848da3d_big.jpg,null,240 см,270 см,null,null,null,тенсель,100% тенсель,null,Классика,null,1852,https://kultura-doma.ru/product/prostynya-na-rezinke-klassika-1852,other,master_catalog
1051,KD-PD-11741,Простыня свободная Классика,розовый,240х270 см,https://kultura-doma.ru/public/src/images/gallery/catalog/6a39019774547_big.jpg,https://kultura-doma.ru/public/src/images/gallery/catalog/6a3901949fd14_big.jpg,null,240 см,270 см,null,null,null,тенсель,100% тенсель,null,Классика,null,1870,https://kultura-doma.ru/product/prostynya-svobodnaya-klassika-1870,other,master_catalog
1052,KD-PD-11745,Простыня свободная Классика,зеленый,240х270 см,https://kultura-doma.ru/public/src/images/gallery/catalog/6a390190d9e0a_big.jpg,https://kultura-doma.ru/public/src/images/gallery/catalog/6a39019065673_big.jpg,null,240 см,270 см,null,null,null,тенсель,100% тенсель,null,Классика,null,1874,https://kultura-doma.ru/product/prostynya-svobodnaya-klassika-1874,other,master_catalog
1053,KD-PD-12061,Простыня свободная Классика,зеленый,240х270 см,https://kultura-doma.ru/public/src/images/gallery/catalog/6a3901811f98d_big.jpg,https://kultura-doma.ru/public/src/images/gallery/catalog/6a390180b8664_big.jpg,null,240 см,270 см,null,null,null,сатин,100% сатин,null,Классика,null,1858,https://kultura-doma.ru/product/prostynya-klassika-1858,other,master_catalog
1054,KD-PD-12064,Простыня свободная Классика,экрю,240х270 см,https://kultura-doma.ru/public/src/images/gallery/catalog/6a39017b05208_big.jpg,https://kultura-doma.ru/public/src/images/gallery/catalog/6a390177f1607_big.jpg,null,240 см,270 см,null,null,null,сатин,100% сатин,null,Классика,null,1861,https://kultura-doma.ru/product/prostynya-klassika-1861,other,master_catalog
1055,KD-PD-12213,Простыня свободная Классика,экрю,240х270 см,https://kultura-doma.ru/public/src/images/gallery/catalog/6a390165b2a89_big.jpg,https://kultura-doma.ru/public/src/images/gallery/catalog/6a390162d7138_big.jpg,null,240 см,270 см,null,null,null,тенсель,100% тенсель,null,Классика,null,1867,https://kultura-doma.ru/product/prostynya-klassika-1867,other,master_catalog
1056,KD-PD-12223,Простыня свободная Классика,синий,240х270 см,https://kultura-doma.ru/public/src/images/gallery/catalog/6a39015baeb7f_big.jpg,https://kultura-doma.ru/public/src/images/gallery/catalog/6a390159373a9_big.jpg,null,240 см,270 см,null,null,null,тенсель,100% тенсель,null,Классика,null,1878,https://kultura-doma.ru/product/prostynya-svobodnaya-klassika-1878,other,master_catalog
1057,KD-PD-9778,Розетка Классика,белый,null,https://kultura-doma.ru/public/src/images/gallery/catalog/69f06b66884d7_big.jpg,https://kultura-doma.ru/public/src/images/gallery/catalog/69f06b65afaaf_big.jpg,https://kultura-doma.ru/public/src/images/gallery/catalog/69f06b66ca87f_big.jpg,null,null,80 мл,null,null,фарфор,100% фарфор,null,Классика,null,294,https://kultura-doma.ru/product/rozetka-klassika,other,master_catalog
1058,KD-PD-11880,Салфетка Классика,белый,43х43 см,https://kultura-doma.ru/public/src/images/gallery/catalog/6a3e88d8eb88f_big.jpg,https://kultura-doma.ru/public/src/images/gallery/catalog/6a13f95db949a_big.jpg,https://kultura-doma.ru/public/src/images/gallery/catalog/6a13f8d6b78dc_big.jpg,43 см,43 см,null,null,null,сатин,100% сатин,null,Классика,null,1775,https://kultura-doma.ru/product/salfetka-klassika-1775,napkin,master_catalog
1059,KD-PD-11881,Салфетка Классика,белый,43х43 см,https://kultura-doma.ru/public/src/images/gallery/catalog/6a3e876d834b0_big.jpg,https://kultura-doma.ru/public/src/images/gallery/catalog/6a13f50b81f61_big.jpg,https://kultura-doma.ru/public/src/images/gallery/catalog/6a13f50a75dcd_big.jpg,43 см,43 см,null,null,null,сатин,100% сатин,null,Классика,null,1774,https://kultura-doma.ru/product/salfetka-klassika-1774,napkin,master_catalog
1060,KD-PD-12029,Салфетка Классика,белый,43х43 см,https://kultura-doma.ru/public/src/images/gallery/catalog/6a3e85fbc4ee4_big.jpg,https://kultura-doma.ru/public/src/images/gallery/catalog/6a13f45e13076_big.jpg,https://kultura-doma.ru/public/src/images/gallery/catalog/6a13f41e0901c_big.jpg,43 см,43 см,null,null,null,сатин,100% сатин,null,Классика,null,1773,https://kultura-doma.ru/product/salfetka-klassika-1773,napkin,master_catalog
1061,KD-PD-12033,Салфетка Классика,белый,43х43 см,https://kultura-doma.ru/public/src/images/gallery/catalog/6a3e82314f592_big.jpg,https://kultura-doma.ru/public/src/images/gallery/catalog/6a0c725bd149b_big.jpg,https://kultura-doma.ru/public/src/images/gallery/catalog/6a0c725c15490_big.jpg,43 см,43 см,null,null,null,хлопок,null,null,Классика,null,1772,https://kultura-doma.ru/product/salfetka-klassika-1772,napkin,master_catalog
1062,KD-PD-7727,Салфетка Классика,бордовый,45х45 см,https://kultura-doma.ru/public/src/images/gallery/catalog/6a82c483573c9_big.jpg,https://kultura-doma.ru/public/src/images/gallery/catalog/68f09ec1f3b10_big.jpg,https://kultura-doma.ru/public/src/images/gallery/catalog/6a82c482dd694_big.jpg,45 см,45 см,null,null,null,сатин,100% сатин,null,Классика,null,573,https://kultura-doma.ru/product/salfetka-klassika,napkin,master_catalog
1063,KD-PD-8511,Салфетка Классика,белый,45х45 см,https://kultura-doma.ru/public/src/images/gallery/catalog/6a7f13077c4bf_big.jpg,https://kultura-doma.ru/public/src/images/gallery/catalog/68f0ab78cac44_big.jpg,https://kultura-doma.ru/public/src/images/gallery/catalog/6a7f1307e234f_big.jpg,45 см,45 см,null,null,null,лён,100% лен,null,Классика,null,574,https://kultura-doma.ru/product/salfetka-klassika-574,napkin,master_catalog
1064,KD-PD-9775,Салфетница Классика,белый,null,https://kultura-doma.ru/public/src/images/gallery/catalog/69f06b7546e46_big.jpg,https://kultura-doma.ru/public/src/images/gallery/catalog/69f06b758ac49_big.jpg,https://kultura-doma.ru/public/src/images/gallery/catalog/69f06b75c6f9b_big.jpg,null,null,null,null,null,фарфор,100% фарфор,null,Классика,null,291,https://kultura-doma.ru/product/salfetnica-klassika,napkin,master_catalog
1065,KD-PD-9979,Свеча Классика,зеленый,"25,5 см",https://kultura-doma.ru/public/src/images/gallery/catalog/69df5f59e36f0_big.jpg,https://kultura-doma.ru/public/src/images/gallery/catalog/69ba96c648e78_big.jpg,null,"25,5 см",null,null,null,null,соевый воск,null,null,Классика,Классика,1630,https://kultura-doma.ru/product/svecha-stolovaya-25-5-sm-1630,candle,master_catalog
1066,KD-PD-9980,Свеча Классика,белый,"25,5 см",https://kultura-doma.ru/public/src/images/gallery/catalog/69df5f5ac40ca_big.jpg,https://kultura-doma.ru/public/src/images/gallery/catalog/69ca22570ee5b_big.jpg,null,"25,5 см",null,null,null,null,null,null,null,Классика,Классика,1619,https://kultura-doma.ru/product/svecha-stolovaya,candle,master_catalog
1067,KD-PD-9981,Свеча Классика,желтый,"25,5 см",https://kultura-doma.ru/public/src/images/gallery/catalog/69df5f5bd89fd_big.jpg,https://kultura-doma.ru/public/src/images/gallery/catalog/69b962fc50f0b_big.jpg,null,"25,5 см",null,null,null,null,null,null,null,Классика,Классика,1629,https://kultura-doma.ru/product/svecha-stolovaya-25-5-sm,candle,master_catalog
1068,KD-PD-10994,Скатерть Классика,зеленый,180х180 см,https://kultura-doma.ru/public/src/images/gallery/catalog/69a98185bed02_big.png,https://kultura-doma.ru/public/src/images/gallery/catalog/69a9819e60862_big.png,https://kultura-doma.ru/public/src/images/gallery/catalog/69a9819407781_big.png,180 см,180 см,null,null,null,сатин,100% сатин,null,Классика,null,1653,https://kultura-doma.ru/product/skatert-klassika-1653,tablecloth,master_catalog
1069,KD-PD-11862,Скатерть Классика,зеленый,180х250 см,https://kultura-doma.ru/public/src/images/gallery/catalog/6a0c6d253953b_big.JPG,https://kultura-doma.ru/public/src/images/gallery/catalog/6a0c6b3fb9d5e_big.jpg,https://kultura-doma.ru/public/src/images/gallery/catalog/6a3014c18c7be_big.jpg,180 см,250 см,null,null,null,сатин,100% сатин,null,Классика,null,1766,https://kultura-doma.ru/product/skatert-klassika-1766,tablecloth,master_catalog
1070,KD-PD-11865,Скатерть Классика,синий,180х250 см,https://kultura-doma.ru/public/src/images/gallery/catalog/6a0c6d5f27ecc_big.JPG,https://kultura-doma.ru/public/src/images/gallery/catalog/6a0c6dde2429c_big.jpg,https://kultura-doma.ru/public/src/images/gallery/catalog/6a3014e8f1649_big.jpg,180 см,250 см,null,null,null,сатин,100% сатин,null,Классика,null,1767,https://kultura-doma.ru/product/skatert-klassika-1767,tablecloth,master_catalog
1071,KD-PD-12027,Скатерть Классика,белый,170x200 см,https://kultura-doma.ru/public/src/images/gallery/catalog/6a3014ed07d32_big.jpg,https://kultura-doma.ru/public/src/images/gallery/catalog/6a106b2ce8f4f_big.jpg,null,170 см,200 см,null,null,null,сатин,100% сатин,null,Классика,null,1771,https://kultura-doma.ru/product/skatert-klassika-1771,tablecloth,master_catalog
1072,KD-PD-12028,Скатерть Классика,белый,200х200 см,https://kultura-doma.ru/public/src/images/gallery/catalog/6a3014ea6035f_big.jpg,https://kultura-doma.ru/public/src/images/gallery/catalog/6a106b2498916_big.jpg,null,200 см,200 см,null,null,null,сатин,100% сатин,null,Классика,null,1770,https://kultura-doma.ru/product/skatert-klassika-1770,tablecloth,master_catalog
1073,KD-PD-7724,Скатерть Классика,красный,180х180 см,https://kultura-doma.ru/public/src/images/gallery/catalog/6a5756f4aa7f1_big.jpg,https://kultura-doma.ru/public/src/images/gallery/catalog/68ef6acf16818_big.jpg,https://kultura-doma.ru/public/src/images/gallery/catalog/68b0405817b50_big.jpg,180 см,180 см,null,null,null,сатин,100% сатин,null,Классика,null,591,https://kultura-doma.ru/product/skatert-klassika,tablecloth,master_catalog
1074,KD-PD-7731,Скатерть Классика,белый,180х180 см,https://kultura-doma.ru/public/src/images/gallery/catalog/6a3014db1b153_big.jpg,https://kultura-doma.ru/public/src/images/gallery/catalog/68ef6ee15c932_big.jpg,https://kultura-doma.ru/public/src/images/gallery/catalog/6a3014dadda65_big.jpg,180 см,180 см,null,null,null,сатин,100% сатин,null,Классика,null,1217,https://kultura-doma.ru/product/skatert-klassika-1217,tablecloth,master_catalog
1075,KD-PD-10993,Скатерть Классика: 180х250 см,зеленый,180х250 см,https://kultura-doma.ru/public/src/images/gallery/catalog/69a98185bed02_big.png,https://kultura-doma.ru/public/src/images/gallery/catalog/69a9819e60862_big.png,https://kultura-doma.ru/public/src/images/gallery/catalog/69a9819407781_big.png,180 см,250 см,null,null,null,сатин,100% сатин,null,Классика,null,1653-2129,https://kultura-doma.ru/product/skatert-klassika-1653-size-180h250-sm,tablecloth,master_catalog
1076,KD-PD-7725,Скатерть Классика: 180х250 см,красный,180х250 см,https://kultura-doma.ru/public/src/images/gallery/catalog/6a5756f4aa7f1_big.jpg,https://kultura-doma.ru/public/src/images/gallery/catalog/68ef6acf16818_big.jpg,https://kultura-doma.ru/public/src/images/gallery/catalog/68b0405817b50_big.jpg,180 см,250 см,null,null,null,сатин,100% сатин,null,Классика,null,591-615,https://kultura-doma.ru/product/skatert-klassika-size-180h250-sm,tablecloth,master_catalog
1077,KD-PD-7731,Скатерть Классика: 180х250 см,белый,180х250 см,https://kultura-doma.ru/public/src/images/gallery/catalog/6a3014db1b153_big.jpg,https://kultura-doma.ru/public/src/images/gallery/catalog/68ef6ee15c932_big.jpg,https://kultura-doma.ru/public/src/images/gallery/catalog/6a3014dadda65_big.jpg,180 см,250 см,null,null,null,сатин,100% сатин,null,Классика,null,1217-1287,https://kultura-doma.ru/product/skatert-klassika-1217-size-180h250-sm,tablecloth,master_catalog
1078,KD-PD-10994,Скатерть Классика: 180х350 см,зеленый,180х350 см,https://kultura-doma.ru/public/src/images/gallery/catalog/69a98185bed02_big.png,https://kultura-doma.ru/public/src/images/gallery/catalog/69a9819e60862_big.png,https://kultura-doma.ru/public/src/images/gallery/catalog/69a9819407781_big.png,180 см,350 см,null,null,null,сатин,100% сатин,null,Классика,null,1653-2130,https://kultura-doma.ru/product/skatert-klassika-1653-size-180h350-sm,tablecloth,master_catalog
1079,KD-PD-11862,Скатерть Классика: 180х350 см,зеленый,180х350 см,https://kultura-doma.ru/public/src/images/gallery/catalog/6a0c6d253953b_big.JPG,https://kultura-doma.ru/public/src/images/gallery/catalog/6a0c6b3fb9d5e_big.jpg,https://kultura-doma.ru/public/src/images/gallery/catalog/6a3014c18c7be_big.jpg,180 см,350 см,null,null,null,сатин,100% сатин,null,Классика,null,1766-2198,https://kultura-doma.ru/product/skatert-klassika-1766-size-180h350-sm,tablecloth,master_catalog
1080,KD-PD-11865,Скатерть Классика: 180х350 см,синий,180х350 см,https://kultura-doma.ru/public/src/images/gallery/catalog/6a0c6d5f27ecc_big.JPG,https://kultura-doma.ru/public/src/images/gallery/catalog/6a0c6dde2429c_big.jpg,https://kultura-doma.ru/public/src/images/gallery/catalog/6a3014e8f1649_big.jpg,180 см,350 см,null,null,null,сатин,100% сатин,null,Классика,null,1767-2200,https://kultura-doma.ru/product/skatert-klassika-1767-size-180h350-sm,tablecloth,master_catalog
1081,KD-PD-7726,Скатерть Классика: 180х350 см,красный,180х350 см,https://kultura-doma.ru/public/src/images/gallery/catalog/6a5756f4aa7f1_big.jpg,https://kultura-doma.ru/public/src/images/gallery/catalog/68ef6acf16818_big.jpg,https://kultura-doma.ru/public/src/images/gallery/catalog/68b0405817b50_big.jpg,180 см,350 см,null,null,null,сатин,100% сатин,null,Классика,null,591-616,https://kultura-doma.ru/product/skatert-klassika-size-180h350-sm,tablecloth,master_catalog
1082,KD-PD-7732,Скатерть Классика: 180х350 см,белый,180х350 см,https://kultura-doma.ru/public/src/images/gallery/catalog/6a3014db1b153_big.jpg,https://kultura-doma.ru/public/src/images/gallery/catalog/68ef6ee15c932_big.jpg,https://kultura-doma.ru/public/src/images/gallery/catalog/6a3014dadda65_big.jpg,180 см,350 см,null,null,null,сатин,100% сатин,null,Классика,null,1217-1291,https://kultura-doma.ru/product/skatert-klassika-1217-size-180h350-sm,tablecloth,master_catalog
1083,KD-PD-9772,Солонка Классика,белый,null,https://kultura-doma.ru/public/src/images/gallery/catalog/69f06b76dd9f3_big.jpg,https://kultura-doma.ru/public/src/images/gallery/catalog/69f06b775dc85_big.jpg,https://kultura-doma.ru/public/src/images/gallery/catalog/69f06b77261e6_big.jpg,null,null,50 мл,null,null,фарфор,100% фарфор,null,Классика,null,289,https://kultura-doma.ru/product/solonka-klassika,other,master_catalog
1084,KD-PD-9776,Соусник Классика,белый,120х70 см,https://kultura-doma.ru/public/src/images/gallery/catalog/69f06b7ac72b5_big.jpg,https://kultura-doma.ru/public/src/images/gallery/catalog/69f06b7a93853_big.jpg,https://kultura-doma.ru/public/src/images/gallery/catalog/69f06b7a5dc97_big.jpg,120 см,70 см,150 мл,null,null,фарфор,100% фарфор,null,Классика,null,292,https://kultura-doma.ru/product/sousnik-klassika,other,master_catalog
1085,KD-PD-7369,Тапочки женские Классика,розовый,38/39,https://kultura-doma.ru/public/src/images/gallery/catalog/69cfc2bcc7a84_big.jpg,https://kultura-doma.ru/public/src/images/gallery/catalog/69cfc2bc4a50f_big.jpg,https://kultura-doma.ru/public/src/images/gallery/catalog/69cfc2bc8a5dc_big.jpg,null,null,null,null,null,натуральная кожа,null,null,Классика,null,1140,https://kultura-doma.ru/product/tapochki-zhenskie-klassika,other,master_catalog
1086,KD-PD-7370,Тапочки женские Классика,бежевый,40/41,https://kultura-doma.ru/public/src/images/gallery/catalog/69cfc2b921828_big.jpg,https://kultura-doma.ru/public/src/images/gallery/catalog/69cfc2b9e646b_big.jpg,https://kultura-doma.ru/public/src/images/gallery/catalog/69cfc2b8d862d_big.jpg,null,null,null,null,null,натуральная кожа,null,null,Классика,null,1141,https://kultura-doma.ru/product/tapochki-zhenskie-klassika-1141,other,master_catalog
1087,KD-PD-11229,Тапочки женские Классика: 36/37,бежевый,36/37,https://kultura-doma.ru/public/src/images/gallery/catalog/69cfc2b921828_big.jpg,https://kultura-doma.ru/public/src/images/gallery/catalog/69cfc2b9e646b_big.jpg,https://kultura-doma.ru/public/src/images/gallery/catalog/69cfc2b8d862d_big.jpg,null,null,null,null,null,натуральная кожа,null,null,Классика,null,1141-2019,https://kultura-doma.ru/product/tapochki-zhenskie-klassika-1141-size-36-37,other,master_catalog
1088,KD-PD-11230,Тапочки женские Классика: 36/37,розовый,36/37,https://kultura-doma.ru/public/src/images/gallery/catalog/69cfc2bcc7a84_big.jpg,https://kultura-doma.ru/public/src/images/gallery/catalog/69cfc2bc4a50f_big.jpg,https://kultura-doma.ru/public/src/images/gallery/catalog/69cfc2bc8a5dc_big.jpg,null,null,null,null,null,натуральная кожа,null,null,Классика,null,1140-2018,https://kultura-doma.ru/product/tapochki-zhenskie-klassika-size-36-37,other,master_catalog
1089,KD-PD-7367,Тапочки женские Классика: 38/39,бежевый,38/39,https://kultura-doma.ru/public/src/images/gallery/catalog/69cfc2b921828_big.jpg,https://kultura-doma.ru/public/src/images/gallery/catalog/69cfc2b9e646b_big.jpg,https://kultura-doma.ru/public/src/images/gallery/catalog/69cfc2b8d862d_big.jpg,null,null,null,null,null,натуральная кожа,null,null,Классика,null,1141-1067,https://kultura-doma.ru/product/tapochki-zhenskie-klassika-1141-size-38-39,other,master_catalog
1090,KD-PD-7368,Тапочки женские Классика: 40/41,розовый,40/41,https://kultura-doma.ru/public/src/images/gallery/catalog/69cfc2bcc7a84_big.jpg,https://kultura-doma.ru/public/src/images/gallery/catalog/69cfc2bc4a50f_big.jpg,https://kultura-doma.ru/public/src/images/gallery/catalog/69cfc2bc8a5dc_big.jpg,null,null,null,null,null,натуральная кожа,null,null,Классика,null,1140-1068,https://kultura-doma.ru/product/tapochki-zhenskie-klassika-size-40-41,other,master_catalog
1091,KD-PD-7364,Тапочки мужские Классика,синий,41/42,https://kultura-doma.ru/public/src/images/gallery/catalog/688743610497f_big.jpg,https://kultura-doma.ru/public/src/images/gallery/catalog/68878b5503aeb_big.jpg,https://kultura-doma.ru/public/src/images/gallery/catalog/69cfc2c3c6ec0_big.jpg,null,null,null,null,null,натуральная кожа,null,null,Классика,null,1143,https://kultura-doma.ru/product/tapochki-muzhskie-klassika-1143,other,master_catalog
1092,KD-PD-7366,Тапочки мужские Классика,коричневый,41/42,https://kultura-doma.ru/public/src/images/gallery/catalog/69cfc2c2318d5_big.jpg,https://kultura-doma.ru/public/src/images/gallery/catalog/69cfc2c1e4a96_big.jpg,https://kultura-doma.ru/public/src/images/gallery/catalog/69cfc2c275f64_big.jpg,null,null,null,null,null,натуральная кожа,null,null,Классика,null,1142,https://kultura-doma.ru/product/tapochki-muzhskie-klassika,other,master_catalog
1093,KD-PD-7363,Тапочки мужские Классика: 43/44,коричневый,43/44,https://kultura-doma.ru/public/src/images/gallery/catalog/69cfc2c2318d5_big.jpg,https://kultura-doma.ru/public/src/images/gallery/catalog/69cfc2c1e4a96_big.jpg,https://kultura-doma.ru/public/src/images/gallery/catalog/69cfc2c275f64_big.jpg,null,null,null,null,null,натуральная кожа,null,null,Классика,null,1142-1071,https://kultura-doma.ru/product/tapochki-muzhskie-klassika-size-43-44,other,master_catalog
1094,KD-PD-7365,Тапочки мужские Классика: 43/44,синий,43/44,https://kultura-doma.ru/public/src/images/gallery/catalog/688743610497f_big.jpg,https://kultura-doma.ru/public/src/images/gallery/catalog/68878b5503aeb_big.jpg,https://kultura-doma.ru/public/src/images/gallery/catalog/69cfc2c3c6ec0_big.jpg,null,null,null,null,null,натуральная кожа,null,null,Классика,null,1143-1072,https://kultura-doma.ru/product/tapochki-muzhskie-klassika-1143-size-43-44,other,master_catalog
1095,KD-PD-11228,Тапочки мужские Классика: 45/46,коричневый,45/46,https://kultura-doma.ru/public/src/images/gallery/catalog/69cfc2c2318d5_big.jpg,https://kultura-doma.ru/public/src/images/gallery/catalog/69cfc2c1e4a96_big.jpg,https://kultura-doma.ru/public/src/images/gallery/catalog/69cfc2c275f64_big.jpg,null,null,null,null,null,натуральная кожа,null,null,Классика,null,1142-2020,https://kultura-doma.ru/product/tapochki-muzhskie-klassika-size-45-46,other,master_catalog
1096,KD-PD-11231,Тапочки универсальные Классика,бежевый,45/46,https://kultura-doma.ru/public/src/images/gallery/catalog/69cfcc4cf1833_big.jpg,https://kultura-doma.ru/public/src/images/gallery/catalog/69a7ecf91bdae_big.jpg,https://kultura-doma.ru/public/src/images/gallery/catalog/69cfc2ae6be96_big.jpg,null,null,null,null,null,натуральная кожа,null,null,Классика,null,1649,https://kultura-doma.ru/product/tapochki-universal-nye-klassika,other,master_catalog
1097,KD-PD-11231,Тапочки универсальные Классика: 36/37,бежевый,36/37,https://kultura-doma.ru/public/src/images/gallery/catalog/69cfcc4cf1833_big.jpg,https://kultura-doma.ru/public/src/images/gallery/catalog/69a7ecf91bdae_big.jpg,https://kultura-doma.ru/public/src/images/gallery/catalog/69cfc2ae6be96_big.jpg,null,null,null,null,null,натуральная кожа,null,null,Классика,null,1649-1763,https://kultura-doma.ru/product/tapochki-universal-nye-klassika-size-36-37,other,master_catalog
1098,KD-PD-11232,Тапочки универсальные Классика: 38/39,бежевый,38/39,https://kultura-doma.ru/public/src/images/gallery/catalog/69cfcc4cf1833_big.jpg,https://kultura-doma.ru/public/src/images/gallery/catalog/69a7ecf91bdae_big.jpg,https://kultura-doma.ru/public/src/images/gallery/catalog/69cfc2ae6be96_big.jpg,null,null,null,null,null,натуральная кожа,null,null,Классика,null,1649-1764,https://kultura-doma.ru/product/tapochki-universal-nye-klassika-size-38-39,other,master_catalog
1099,KD-PD-11233,Тапочки универсальные Классика: 40/41,бежевый,40/41,https://kultura-doma.ru/public/src/images/gallery/catalog/69cfcc4cf1833_big.jpg,https://kultura-doma.ru/public/src/images/gallery/catalog/69a7ecf91bdae_big.jpg,https://kultura-doma.ru/public/src/images/gallery/catalog/69cfc2ae6be96_big.jpg,null,null,null,null,null,натуральная кожа,null,null,Классика,null,1649-1765,https://kultura-doma.ru/product/tapochki-universal-nye-klassika-size-40-41,other,master_catalog
1100,KD-PD-11234,Тапочки универсальные Классика: 41/42,бежевый,41/42,https://kultura-doma.ru/public/src/images/gallery/catalog/69cfcc4cf1833_big.jpg,https://kultura-doma.ru/public/src/images/gallery/catalog/69a7ecf91bdae_big.jpg,https://kultura-doma.ru/public/src/images/gallery/catalog/69cfc2ae6be96_big.jpg,null,null,null,null,null,натуральная кожа,null,null,Классика,null,1649-2017,https://kultura-doma.ru/product/tapochki-universal-nye-klassika-size-41-42,other,master_catalog
1101,KD-PD-11235,Тапочки универсальные Классика: 42/43,бежевый,42/43,https://kultura-doma.ru/public/src/images/gallery/catalog/69cfcc4cf1833_big.jpg,https://kultura-doma.ru/public/src/images/gallery/catalog/69a7ecf91bdae_big.jpg,https://kultura-doma.ru/public/src/images/gallery/catalog/69cfc2ae6be96_big.jpg,null,null,null,null,null,натуральная кожа,null,null,Классика,null,1649-2016,https://kultura-doma.ru/product/tapochki-universal-nye-klassika-size-42-43,other,master_catalog
1102,KD-PD-11236,Тапочки универсальные Классика: 43/44,бежевый,43/44,https://kultura-doma.ru/public/src/images/gallery/catalog/69cfcc4cf1833_big.jpg,https://kultura-doma.ru/public/src/images/gallery/catalog/69a7ecf91bdae_big.jpg,https://kultura-doma.ru/public/src/images/gallery/catalog/69cfc2ae6be96_big.jpg,null,null,null,null,null,натуральная кожа,null,null,Классика,null,1649-2015,https://kultura-doma.ru/product/tapochki-universal-nye-klassika-size-43-44,other,master_catalog
1103,KD-PD-9376,Тарелка для яиц Классика,белый,null,https://kultura-doma.ru/public/src/images/gallery/catalog/69f06b811adce_big.jpg,null,null,null,null,null,null,null,фарфор,100% фарфор,null,Классика,null,279,https://kultura-doma.ru/product/tarelka-dlya-yaic-klassika,other,master_catalog
1104,KD-PD-10933,Чайная пара Краса ненаглядная,белый,null,https://kultura-doma.ru/public/src/images/gallery/catalog/6a394b4453cd6_big.jpg,https://kultura-doma.ru/public/src/images/gallery/catalog/691c61f773a36_big.jpg,https://kultura-doma.ru/public/src/images/gallery/catalog/6a394b4419abb_big.jpg,null,null,250 мл,null,"Кружка 1 шт, блюдце 1 шт",фарфор,100% фарфор,null,Краса ненаглядная,null,1335,https://kultura-doma.ru/product/chaynaya-para-koni-1335,tea_pair,master_catalog
1105,KD-PD-2000,Декоративная подушка «Ледяные узоры»,Белый,50×50 см,https://kssafonova.github.io/kd/images/imported-products/KD-PD-2000-WHITE01.png,null,null,50 см,50 см,null,null,Декоративная подушка 1 шт,Хлопок,"Внешняя часть: 100% хлопок, наполнитель: 100% пух",Декоративный орнамент «Ледяные узоры»,Ледяные узоры,null,2000,https://kssafonova.github.io/kd/catalog/product/2000/,storefront_sku,app_catalog
1106,KD-PD-2000,Декоративная подушка «Ледяные узоры»,Ледяной голубой,50×50 см,https://kssafonova.github.io/kd/images/imported-products/KD-PD-2000-BLUE01.png,null,null,50 см,50 см,null,null,Декоративная подушка 1 шт,Хлопок,"Внешняя часть: 100% хлопок, наполнитель: 100% пух",Декоративный орнамент «Ледяные узоры»,Ледяные узоры,null,2000,https://kssafonova.github.io/kd/catalog/product/2000/,storefront_sku,app_catalog
1107,KD-PD-2000,Декоративная подушка «Ледяные узоры»,Ночной синий,50×50 см,https://kssafonova.github.io/kd/images/imported-products/KD-PD-2000-DARK01.png,null,null,50 см,50 см,null,null,Декоративная подушка 1 шт,Хлопок,"Внешняя часть: 100% хлопок, наполнитель: 100% пух",Декоративный орнамент «Ледяные узоры»,Ледяные узоры,null,2000,https://kssafonova.github.io/kd/catalog/product/2000/,storefront_sku,app_catalog
1108,KD-PD-2003,Плед «Ледяные узоры»,Ледяной голубой,140×200 см,https://kssafonova.github.io/kd/images/imported-products/KD-PD-2003-BLUE01.png,https://kssafonova.github.io/kd/images/imported-products/KD-PD-2003-BLUE02.png,null,140 см,200 см,null,null,Плед 1 шт,Шерсть и хлопок,"70% шерсть, 30% хлопок",Жаккардовый орнамент,Ледяные узоры,null,2003,https://kssafonova.github.io/kd/catalog/product/2003/,storefront_sku,app_catalog
1109,KD-PD-2010,Салатник «Ледяные узоры»,Белый,24 см,https://kssafonova.github.io/kd/images/imported-products/KD-PD-2010-WHITE01.png,null,null,null,null,null,24 см,Салатник 1 шт,Фарфор,100% костяной фарфор,Рельефный орнамент «Ледяные узоры»,Ледяные узоры,null,2010,https://kssafonova.github.io/kd/catalog/product/2010/,storefront_sku,app_catalog
1110,KD-PD-2010,Салатник «Ледяные узоры»,Ночной синий,24 см,https://kssafonova.github.io/kd/images/imported-products/KD-PD-2010-DARK01.png,null,null,null,null,null,24 см,Салатник 1 шт,Фарфор,100% костяной фарфор,Деколь с орнаментом «Ледяные узоры»,Ледяные узоры,null,2010,https://kssafonova.github.io/kd/catalog/product/2010/,storefront_sku,app_catalog
1111,KD-PD-2001,Тарелка «Ледяные узоры»,Белый,23 см,https://kssafonova.github.io/kd/images/imported-products/KD-PD-2001-WHITE01.png,null,null,null,null,null,23 см,Тарелка 1 шт,Фарфор,100% костяной фарфор,Рельефный орнамент «Ледяные узоры»,Ледяные узоры,null,2001,https://kssafonova.github.io/kd/catalog/product/2001/,storefront_sku,app_catalog
1112,KD-PD-2001,Тарелка «Ледяные узоры»,Ночной синий,23 см,https://kssafonova.github.io/kd/images/imported-products/KD-PD-2001-DARK01.png,null,null,null,null,null,23 см,Тарелка 1 шт,Фарфор,100% костяной фарфор,Деколь с орнаментом «Ледяные узоры»,Ледяные узоры,null,2001,https://kssafonova.github.io/kd/catalog/product/2001/,storefront_sku,app_catalog
1113,KD-PD-2004,Чайная пара «Ледяные узоры»,Белый,250 мл,https://kssafonova.github.io/kd/images/imported-products/KD-PD-2004-WHITE01.png,null,null,null,null,null,15 см,"Чашка 1 шт, блюдце 1 шт",Фарфор,100% костяной фарфор,Рельефный орнамент «Ледяные узоры»,Ледяные узоры,null,2004,https://kssafonova.github.io/kd/catalog/product/2004/,storefront_sku,app_catalog
1114,KD-PD-1024,Комплект постельного белья «Лунная сказка»,Ночной синий,Евро 200×220 см,https://kssafonova.github.io/kd/images/imported-products/KD-PD-1024-DARK01.png,https://kssafonova.github.io/kd/images/imported-products/KD-PD-1024-DARK02.png,null,200 см,220 см,null,null,"Наволочка 2 шт, Простынь 1 шт, Пододеяльник 1 шт",Шелк,100% Сатин,Вышивка,Лунная сказка,null,4,https://kssafonova.github.io/kd/catalog/product/4/,storefront_sku,app_catalog
1115,KD-PD-1024,Комплект постельного белья «Лунная сказка»,Ночной синий,Кинг сайз 220×240 см,https://kssafonova.github.io/kd/images/imported-products/KD-PD-1024-DARK01.png,https://kssafonova.github.io/kd/images/imported-products/KD-PD-1024-DARK02.png,null,220 см,240 см,null,null,"Наволочка 2 шт, Простынь 1 шт, Пододеяльник 1 шт",Шелк,100% Сатин,Вышивка,Лунная сказка,null,4,https://kssafonova.github.io/kd/catalog/product/4/,storefront_sku,app_catalog
1116,KD-PD-1024,Комплект постельного белья «Лунная сказка»,Ночной синий,Полуторный 140×220 см,https://kssafonova.github.io/kd/images/imported-products/KD-PD-1024-DARK01.png,https://kssafonova.github.io/kd/images/imported-products/KD-PD-1024-DARK02.png,null,140 см,220 см,null,null,"Наволочка 2 шт, Простынь 1 шт, Пододеяльник 1 шт",Шелк,100% Сатин,Вышивка,Лунная сказка,null,4,https://kssafonova.github.io/kd/catalog/product/4/,storefront_sku,app_catalog
1117,KD-PD-1025,Тарелка «Лунная сказка»,Ночной синий,23 см,https://kssafonova.github.io/kd/images/imported-products/moon-plate.png,null,null,null,null,null,23 см,null,Фарфор,100% костяной фарфор,Рисунок,Лунная сказка,null,5,https://kssafonova.github.io/kd/catalog/product/5/,storefront_sku,app_catalog
1118,KD-PD-1030,Чайная пара «Лунная сказка»,Ночной синий,250 мл,https://kssafonova.github.io/kd/images/imported-products/time-tea-pair.png,null,null,null,null,null,15 см,"Кружка 1 шт, Блюдце 1 шт",Фарфор,100% костяной фарфор,Рисунок,Лунная сказка,null,10,https://kssafonova.github.io/kd/catalog/product/10/,storefront_sku,app_catalog
1119,KD-PD-5709,Комплект постельного белья Лунный сад,голубой,Полуторный (145х200 см),https://kultura-doma.ru/public/src/images/gallery/catalog/6a328bf6997cb_big.jpg,https://kultura-doma.ru/public/src/images/gallery/catalog/6a328bf609763_big.jpg,https://kultura-doma.ru/public/src/images/gallery/catalog/6a328bf6450f3_big.jpg,145 см,200 см,null,null,null,тенсель,100% тенсель,null,Лунный сад,null,1697,https://kultura-doma.ru/product/komplekt-postel-nogo-bel-ya-lunnyy-sad,bedding_set,master_catalog
1120,KD-PD-5710,Комплект постельного белья Лунный сад: Евро,голубой,Евро (200х220 см),https://kultura-doma.ru/public/src/images/gallery/catalog/6a328bf6997cb_big.jpg,https://kultura-doma.ru/public/src/images/gallery/catalog/6a328bf609763_big.jpg,https://kultura-doma.ru/public/src/images/gallery/catalog/6a328bf6450f3_big.jpg,200 см,220 см,null,null,null,тенсель,100% тенсель,null,Лунный сад,null,1697-2500,https://kultura-doma.ru/product/komplekt-postel-nogo-bel-ya-lunnyy-sad-size-evro,bedding_set,master_catalog
1121,KD-PD-5712,Комплект постельного белья Лунный сад: Кинг-сайз,голубой,Кинг-сайз (220х240 см),https://kultura-doma.ru/public/src/images/gallery/catalog/6a328bf6997cb_big.jpg,https://kultura-doma.ru/public/src/images/gallery/catalog/6a328bf609763_big.jpg,https://kultura-doma.ru/public/src/images/gallery/catalog/6a328bf6450f3_big.jpg,220 см,240 см,null,null,null,тенсель,100% тенсель,null,Лунный сад,null,1697-2501,https://kultura-doma.ru/product/komplekt-postel-nogo-bel-ya-lunnyy-sad-size-kingsayz,bedding_set,master_catalog
1122,KD-PD-5711,Комплект постельного белья Лунный сад: Семейный,голубой,Семейный (145х200 см х 2 шт),https://kultura-doma.ru/public/src/images/gallery/catalog/6a328bf6997cb_big.jpg,https://kultura-doma.ru/public/src/images/gallery/catalog/6a328bf609763_big.jpg,https://kultura-doma.ru/public/src/images/gallery/catalog/6a328bf6450f3_big.jpg,145 см,200 см,null,null,null,тенсель,100% тенсель,null,Лунный сад,null,1697-1888,https://kultura-doma.ru/product/komplekt-postel-nogo-bel-ya-lunnyy-sad-size-duet,bedding_set,master_catalog
1123,KD-PD-8967,Дорожка Многоцвет,белый,50х180 см,https://kultura-doma.ru/public/src/images/gallery/catalog/69f218cd67e4a_big.jpg,https://kssafonova.github.io/kd/images/imported-products/68b028406ce99_big.jpg,null,50 см,180 см,null,null,null,null,null,null,Многоцвет,null,530,https://kultura-doma.ru/product/dorozhka-mnogocvet-530,table_runner,master_catalog
1124,KD-PD-8969,Дорожка Многоцвет,белый,60х350 см,https://kssafonova.github.io/kd/images/imported-products/686e82a933b94_big.jpg,https://kssafonova.github.io/kd/images/imported-products/68b029c44caee_big.jpg,https://kssafonova.github.io/kd/images/imported-products/686e82a8c63f6_big.jpg,60 см,350 см,null,null,null,сатин,100% сатин,null,Многоцвет,null,531,https://kultura-doma.ru/product/dorozhka-mnogocvet-531,table_runner,master_catalog
1125,KD-PD-9856,Дорожка Многоцвет: 50х250 см,белый,50х250 см,https://kultura-doma.ru/public/src/images/gallery/catalog/69f218cd67e4a_big.jpg,https://kssafonova.github.io/kd/images/imported-products/68b028406ce99_big.jpg,null,50 см,250 см,null,null,null,null,null,null,Многоцвет,null,530-2145,https://kultura-doma.ru/product/dorozhka-mnogocvet-530-size-50h250-sm,table_runner,master_catalog
1126,KD-PD-8969,Дорожка Многоцвет: 60х350 см,белый,60х350 см,https://kultura-doma.ru/public/src/images/gallery/catalog/69f218cd67e4a_big.jpg,https://kssafonova.github.io/kd/images/imported-products/68b028406ce99_big.jpg,null,60 см,350 см,null,null,null,null,null,null,Многоцвет,null,530-1013,https://kultura-doma.ru/product/dorozhka-mnogocvet-530-size-60h350-sm,table_runner,master_catalog
1127,KD-PD-8977,Конверт для столовых приборов Многоцветы,белый,12х23 см,https://kultura-doma.ru/public/src/images/gallery/catalog/6a46789a02f21_big.jpg,https://kultura-doma.ru/public/src/images/gallery/catalog/68b5843370a11_big.jpg,null,12 см,23 см,null,null,null,сатин,100% сатин,null,Многоцвет,null,549,https://kultura-doma.ru/product/konvert-mnogocvet,other,master_catalog
1128,KD-PD-10052,Молочник Многоцвет,белый,null,https://kultura-doma.ru/public/src/images/gallery/catalog/69271ad8932fc_big.jpg,https://kultura-doma.ru/public/src/images/gallery/catalog/68ecb831929b8_big.jpg,https://kultura-doma.ru/public/src/images/gallery/catalog/69f06b540b8c1_big.jpg,null,null,300 мл,null,Молочник 1 шт,фарфор,100% фарфор,null,Многоцвет,null,1240,https://kultura-doma.ru/product/molochnik-mnogocvet,milk_jug,master_catalog
1129,KD-PD-10051,Сахарница Многоцвет,белый,null,https://kultura-doma.ru/public/src/images/gallery/catalog/69271b10219a9_big.jpg,https://kultura-doma.ru/public/src/images/gallery/catalog/68ecb7c510f86_big.jpg,https://kultura-doma.ru/public/src/images/gallery/catalog/6a394ba767092_big.jpg,null,null,300 мл,null,Сахарница 1 шт,фарфор,100% фарфор,null,Многоцвет,null,1239,https://kultura-doma.ru/product/saharnica-mnogocvet,sugar_bowl,master_catalog
1130,KD-PD-9976,Свеча Многоцветы,белый,"25,5 см",https://kssafonova.github.io/kd/images/imported-products/69df5f57970e0_big.jpg,https://kssafonova.github.io/kd/images/imported-products/69b95afad6980_big.jpg,null,"25,5 см",null,null,null,null,соевый воск,null,null,Многоцвет,Многоцветы,1245,https://kultura-doma.ru/product/svecha-mnogocvety-1245,candle,master_catalog
1131,KD-PD-7227,Скатерть Многоцвет,белый,180х180 см,https://kssafonova.github.io/kd/images/imported-products/6a0abbf14fafb_big.jpg,https://kssafonova.github.io/kd/images/imported-products/6a0abbf175562_big.jpg,https://kssafonova.github.io/kd/images/imported-products/6a0abbf162bb6_big.jpg,180 см,180 см,null,null,null,сатин,100% сатин,null,Многоцвет,null,1751,https://kultura-doma.ru/product/skatert-mnogocvet-1751,tablecloth,master_catalog
1132,KD-PD-7221,Скатерть Многоцвет: 180х250 см,белый,180х250 см,https://kssafonova.github.io/kd/images/imported-products/6a0abbf14fafb_big.jpg,https://kssafonova.github.io/kd/images/imported-products/6a0abbf175562_big.jpg,https://kssafonova.github.io/kd/images/imported-products/6a0abbf162bb6_big.jpg,180 см,250 см,null,null,null,сатин,100% сатин,null,Многоцвет,null,1751-2161,https://kultura-doma.ru/product/skatert-mnogocvet-1751-size-180h250-sm,tablecloth,master_catalog
1133,KD-PD-7224,Скатерть Многоцвет: 180х350 см,белый,180х350 см,https://kssafonova.github.io/kd/images/imported-products/6a0abbf14fafb_big.jpg,https://kssafonova.github.io/kd/images/imported-products/6a0abbf175562_big.jpg,https://kssafonova.github.io/kd/images/imported-products/6a0abbf162bb6_big.jpg,180 см,350 см,null,null,null,сатин,100% сатин,null,Многоцвет,null,1751-2163,https://kultura-doma.ru/product/skatert-mnogocvet-1751-size-180h350-sm,tablecloth,master_catalog
1134,KD-PD-10050,Чайная пара Многоцвет,белый,null,https://kultura-doma.ru/public/src/images/gallery/catalog/68f6461dc1d3d_big.jpg,https://kultura-doma.ru/public/src/images/gallery/catalog/68ecb54865f3c_big.jpg,https://kultura-doma.ru/public/src/images/gallery/catalog/6a394b41a342b_big.jpg,null,null,250 мл,null,"Кружка 1 шт, блюдце 1 шт",фарфор,100% фарфор,null,Многоцвет,null,1237,https://kultura-doma.ru/product/chaynaya-para-mnogocvet,tea_pair,master_catalog
1135,KD-PD-10414,Дорожка с кисточками Мокоши,белый,50х180 см,https://kultura-doma.ru/public/src/images/gallery/catalog/69f218c75fc49_big.jpg,https://kssafonova.github.io/kd/images/imported-products/694173f643ab4_big.jpg,null,50 см,180 см,null,null,null,лён,100% лен,null,Мокоши,null,1369,https://kultura-doma.ru/product/dorozhka-mokoshi,table_runner,master_catalog
1136,KD-PD-10396,Комплект постельного белья с вышивкой Мокоши,белый,Полуторный (145х200 см),https://kultura-doma.ru/public/src/images/gallery/catalog/69b3c3324b26a_big.jpg,https://kultura-doma.ru/public/src/images/gallery/catalog/6a328c24848cf_big.jpg,https://kultura-doma.ru/public/src/images/gallery/catalog/6a328c2353759_big.jpg,145 см,200 см,null,null,null,null,null,Вышивка,Мокоши,null,1666,https://kultura-doma.ru/product/komplekt-postel-nogo-bel-ya-s-vyshivkoy-mokoshi,bedding_set,master_catalog
1137,KD-PD-10396,Комплект постельного белья с вышивкой Мокоши: Евро,белый,Евро (200х220 см),https://kultura-doma.ru/public/src/images/gallery/catalog/69b3c3324b26a_big.jpg,https://kultura-doma.ru/public/src/images/gallery/catalog/6a328c24848cf_big.jpg,https://kultura-doma.ru/public/src/images/gallery/catalog/6a328c2353759_big.jpg,200 см,220 см,null,null,null,null,null,Вышивка,Мокоши,null,1666-2505,https://kultura-doma.ru/product/komplekt-postel-nogo-bel-ya-s-vyshivkoy-mokoshi-size-evro-2505,bedding_set,master_catalog
1138,KD-PD-10397,Комплект постельного белья с вышивкой Мокоши: Кинг-сайз,белый,Кинг-сайз (220х240 см),https://kultura-doma.ru/public/src/images/gallery/catalog/69b3c3324b26a_big.jpg,https://kultura-doma.ru/public/src/images/gallery/catalog/6a328c24848cf_big.jpg,https://kultura-doma.ru/public/src/images/gallery/catalog/6a328c2353759_big.jpg,220 см,240 см,null,null,null,null,null,Вышивка,Мокоши,null,1666-2425,https://kultura-doma.ru/product/komplekt-postel-nogo-bel-ya-s-vyshivkoy-mokoshi-size-kingsayz,bedding_set,master_catalog
1139,KD-PD-10398,Комплект постельного белья с вышивкой Мокоши: Семейный,белый,Семейный (145х200 см х 2 шт),https://kultura-doma.ru/public/src/images/gallery/catalog/69b3c3324b26a_big.jpg,https://kultura-doma.ru/public/src/images/gallery/catalog/6a328c24848cf_big.jpg,https://kultura-doma.ru/public/src/images/gallery/catalog/6a328c2353759_big.jpg,145 см,200 см,null,null,null,null,null,Вышивка,Мокоши,null,1666-2427,https://kultura-doma.ru/product/komplekt-postel-nogo-bel-ya-s-vyshivkoy-mokoshi-size-semeynyy,bedding_set,master_catalog
1140,KD-PD-10932,Кофейная пара Мокоши,белый,null,https://kssafonova.github.io/kd/images/imported-products/69441f32012f2_big.jpg,https://kssafonova.github.io/kd/images/imported-products/69417a5df2b89_big.jpg,https://kssafonova.github.io/kd/images/imported-products/69441f337c0e5_big.jpg,null,null,75 мл,null,"Чашка 1 шт, блюдце 1 шт",фарфор,100% фарфор,null,Мокоши,null,1328,https://kultura-doma.ru/product/kofeynaya-para-mokoshi,coffee_pair,master_catalog
1141,KD-PD-10587,Плейсмат Мокоши,белый,40х50 см,https://kultura-doma.ru/public/src/images/gallery/catalog/69f219228e2f7_big.jpg,https://kssafonova.github.io/kd/images/imported-products/694173bbd1f6f_big.jpg,null,40 см,50 см,null,null,null,сатин,100% сатин,null,Мокоши,null,1354,https://kultura-doma.ru/product/pleysmat-mokoshi,placemat,master_catalog
1142,KD-PD-11033,Подушка декоративная Алатырь,бежевый,40х40 см,https://kultura-doma.ru/public/src/images/gallery/catalog/69e233fdc6992_big.jpg,https://kultura-doma.ru/public/src/images/gallery/catalog/6970ef63e0880_big.jpg,https://kultura-doma.ru/public/src/images/gallery/catalog/6970ef64b64eb_big.jpg,40 см,40 см,null,null,null,null,null,null,Мокоши,null,1437,https://kultura-doma.ru/product/podushka-dekorativnaya-alatyr,decorative_pillow,master_catalog
1143,KD-PD-11034,Подушка декоративная Мокоши,бежевый,40х40 см,https://kultura-doma.ru/public/src/images/gallery/catalog/69e234045d0a5_big.jpg,https://kultura-doma.ru/public/src/images/gallery/catalog/6970efe62285b_big.jpg,null,40 см,40 см,null,null,null,null,null,null,Мокоши,null,1438,https://kultura-doma.ru/product/podushka-dekorativnaya-mokoshi,decorative_pillow,master_catalog
1144,KD-PD-10567,Салфетка Мокоши,белый,45х45 см,https://kultura-doma.ru/public/src/images/gallery/catalog/69f2194d979a2_big.jpg,https://kssafonova.github.io/kd/images/imported-products/694173df49b51_big.jpg,null,45 см,45 см,null,null,null,сатин,100% сатин,null,Мокоши,null,1352,https://kultura-doma.ru/product/salfetka-mokoshi,napkin,master_catalog
1145,KD-PD-10450,Скатерть Мокоши,белый,180х180 см,https://kultura-doma.ru/public/src/images/gallery/catalog/6a3015125e4e0_big.jpg,https://kssafonova.github.io/kd/images/imported-products/694173ce4c040_big.jpg,null,180 см,180 см,null,null,null,сатин,100% сатин,null,Мокоши,null,1368,https://kultura-doma.ru/product/skatert-mokoshi,tablecloth,master_catalog
1146,KD-PD-10451,Скатерть Мокоши: 180х250 см,белый,180х250 см,https://kultura-doma.ru/public/src/images/gallery/catalog/6a3015125e4e0_big.jpg,https://kssafonova.github.io/kd/images/imported-products/694173ce4c040_big.jpg,null,180 см,250 см,null,null,null,сатин,100% сатин,null,Мокоши,null,1368-2164,https://kultura-doma.ru/product/skatert-mokoshi-size-180h250-sm,tablecloth,master_catalog
1147,KD-PD-10931,Тарелка десертная Мокоши,белый,19 см,https://kssafonova.github.io/kd/images/imported-products/694150e829683_big.jpg,https://kssafonova.github.io/kd/images/imported-products/6941765b6745a_big.jpg,https://kssafonova.github.io/kd/images/imported-products/6941765cf2adb_big.jpg,null,null,null,19 см,Тарелка 1 шт,фарфор,100% фарфор,null,Мокоши,null,1329,https://kultura-doma.ru/product/tarelka-desertnaya-mokoshi,dessert_plate,master_catalog
1148,KD-PD-10930,Чайная пара Мокоши,белый,null,https://kssafonova.github.io/kd/images/imported-products/694151510f837_big.jpg,https://kssafonova.github.io/kd/images/imported-products/69417699838e2_big.jpg,https://kssafonova.github.io/kd/images/imported-products/6941514ed8ad6_big.jpg,null,null,250 мл,null,"Кружка 1 шт, блюдце 1 шт",фарфор,100% фарфор,null,Мокоши,null,1330,https://kultura-doma.ru/product/chaynaya-para-mokoshi,tea_pair,master_catalog
1149,KD-PD-10412,Дорожка Нити времени,синий,50х180 см,https://kultura-doma.ru/public/src/images/gallery/catalog/69f1d16b97b10_big.jpg,https://kultura-doma.ru/public/src/images/gallery/catalog/68e678cb78600_big.jpg,null,50 см,180 см,null,null,null,сатин,100% сатин,null,Нити времени,null,1276,https://kultura-doma.ru/product/dorozhka-niti-vremeni,table_runner,master_catalog
1150,KD-PD-11307,Ковер Нити Времени,разноцветный,150х200 см,https://kultura-doma.ru/public/src/images/gallery/catalog/6a4d00cdbf2a1_big.jpg,https://kultura-doma.ru/public/src/images/gallery/catalog/6a1826d554831_big.jpg,https://kultura-doma.ru/public/src/images/gallery/catalog/6a1826d81f8b7_big.jpg,null,null,null,null,null,шерсть,null,null,Нити времени,null,1746,https://kultura-doma.ru/product/kover-niti-vremeni-1746,rug,master_catalog
1151,KD-PD-10376,Комплект постельного белья Нити времени,голубой,Кинг-сайз (220х240 см),https://kssafonova.github.io/kd/images/imported-products/69b3ce622cf37_big.jpg,https://kultura-doma.ru/public/src/images/gallery/catalog/6a301296b0873_big.jpg,https://kultura-doma.ru/public/src/images/gallery/catalog/6a301296ec6aa_big.jpg,220 см,240 см,null,null,null,null,null,null,Нити времени,null,1672,https://kultura-doma.ru/product/komplekt-postel-nogo-bel-ya-niti-vremeni,bedding_set,master_catalog
1152,KD-PD-10263,Кружка Нити времени,null,null,https://kultura-doma.ru/public/src/images/gallery/catalog/68efaf6f5d4d9_big.jpg,https://kultura-doma.ru/public/src/images/gallery/catalog/68ee105cb8a67_big.jpg,null,null,null,450 мл,null,null,null,null,null,Нити времени,null,1287,https://kultura-doma.ru/product/kruzhka-niti-vremeni,mug,master_catalog
1153,KD-PD-10580,Плейсмат Нити времени,синий,38х47 см,https://kultura-doma.ru/public/src/images/gallery/catalog/6a3d12c459adc_big.jpg,https://kultura-doma.ru/public/src/images/gallery/catalog/68e6767806b54_big.jpg,null,38 см,47 см,null,null,null,сатин,100% сатин,null,Нити времени,null,1273,https://kultura-doma.ru/product/pleysmat-niti-vremeni,placemat,master_catalog
1154,KD-PD-10599,Подушка декоративная Нити времени,голубой,45х45 см,https://kultura-doma.ru/public/src/images/gallery/catalog/69e5d18433139_big.jpg,https://kultura-doma.ru/public/src/images/gallery/catalog/68e669d46c745_big.jpg,https://kultura-doma.ru/public/src/images/gallery/catalog/68e61cd4aadc6_big.jpg,45 см,45 см,null,null,null,null,null,null,Нити времени,null,1272,https://kultura-doma.ru/product/podushka-dekorativnaya-niti-vremeni,decorative_pillow,master_catalog
1155,KD-PD-10600,Подушка декоративная Нити времени,бежевый,30х90 см,https://kultura-doma.ru/public/src/images/gallery/catalog/69e5d0198bf5b_big.jpg,https://kultura-doma.ru/public/src/images/gallery/catalog/693fda2571356_big.jpg,https://kultura-doma.ru/public/src/images/gallery/catalog/693fda1f70c58_big.jpg,30 см,90 см,null,null,null,null,null,null,Нити времени,null,1355,https://kultura-doma.ru/product/podushka-dekorativnaya-niti-vremeni-1355,decorative_pillow,master_catalog
1156,KD-PD-10564,Салфетка Нити времени,белый,45х45 см,https://kultura-doma.ru/public/src/images/gallery/catalog/6a43d36ad614e_big.jpg,https://kultura-doma.ru/public/src/images/gallery/catalog/68e6763f9c9ed_big.jpg,null,45 см,45 см,null,null,null,сатин,100% сатин,null,Нити времени,null,1271,https://kultura-doma.ru/product/salfetka-niti-vremeni,napkin,master_catalog
1157,KD-PD-11406,Свеча с ароматом Копченая клюква Нити Времени,белый,10 см,https://kultura-doma.ru/public/src/images/gallery/catalog/6a5f7f938779f_big.jpg,https://kultura-doma.ru/public/src/images/gallery/catalog/69ca6ee2f0434_big.jpg,null,10 см,null,null,null,null,воск кокосовый,null,null,Нити времени,с ароматом Копченая клюква Нити Времени,1501,https://kultura-doma.ru/product/aromasvecha-niti-vremeni-v-farforovom-podsvechnike-kopchenaya-klyukva-1501,candle,master_catalog
1158,KD-PD-11407,Свеча с ароматом Сладкий табак Нити Времени,белый,10 см,https://kultura-doma.ru/public/src/images/gallery/catalog/6a5f80c780c98_big.jpg,https://kultura-doma.ru/public/src/images/gallery/catalog/69ca7245235eb_big.jpg,null,10 см,null,null,null,null,воск кокосовый,null,null,Нити времени,с ароматом Сладкий табак Нити Времени,1502,https://kultura-doma.ru/product/aromasvecha-niti-vremeni-v-farforovom-podsvechnike-sladkiy-tabak-1502,candle,master_catalog
1159,KD-PD-10262,Тарелка десертная Нити времени,синий,null,https://kultura-doma.ru/public/src/images/gallery/catalog/68f21aab5a5cf_big.jpg,https://kultura-doma.ru/public/src/images/gallery/catalog/68e675cf04624_big.jpg,null,null,null,null,null,Тарелка 1 шт,костяной фарфор,100% костяной фарфор,null,Нити времени,null,1270,https://kultura-doma.ru/product/tarelka-desertnaya-niti-vremeni,dessert_plate,master_catalog
1160,KD-PD-10261,Чайная пара Нити времени,синий,null,https://kultura-doma.ru/public/src/images/gallery/catalog/6a5f82bc133aa_big.jpg,https://kultura-doma.ru/public/src/images/gallery/catalog/68e7620299d06_big.jpg,https://kultura-doma.ru/public/src/images/gallery/catalog/6a5f82bc53c6d_big.jpg,null,null,250 мл,null,"Кружка 1 шт, блюдце 1 шт",костяной фарфор,100% костяной фарфор,null,Нити времени,null,1268,https://kultura-doma.ru/product/chaynaya-para-niti-vremeni,tea_pair,master_catalog
1161,KD-PD-11096,Комплект постельного белья Обереги,синий,Полуторный (145х200 см),https://kultura-doma.ru/public/src/images/gallery/catalog/6a34f7959c901_big.jpg,https://kultura-doma.ru/public/src/images/gallery/catalog/6a34f799c3bc3_big.jpg,https://kultura-doma.ru/public/src/images/gallery/catalog/6a34f79a31280_big.jpg,145 см,200 см,null,null,null,тенсель,100% тенсель,null,Обереги,null,1684,https://kultura-doma.ru/product/komplekt-postel-nogo-bel-ya-oberegi,bedding_set,master_catalog
1162,KD-PD-11095,Комплект постельного белья Обереги: Евро,синий,Евро (200х220 см),https://kultura-doma.ru/public/src/images/gallery/catalog/6a34f7959c901_big.jpg,https://kultura-doma.ru/public/src/images/gallery/catalog/6a34f799c3bc3_big.jpg,https://kultura-doma.ru/public/src/images/gallery/catalog/6a34f79a31280_big.jpg,200 см,220 см,null,null,null,тенсель,100% тенсель,null,Обереги,null,1684-2508,https://kultura-doma.ru/product/komplekt-postel-nogo-bel-ya-oberegi-size-evro-2508,bedding_set,master_catalog
1163,KD-PD-11096,Комплект постельного белья Обереги: Кинг-сайз,синий,Кинг-сайз (220х240 см),https://kultura-doma.ru/public/src/images/gallery/catalog/6a34f7959c901_big.jpg,https://kultura-doma.ru/public/src/images/gallery/catalog/6a34f799c3bc3_big.jpg,https://kultura-doma.ru/public/src/images/gallery/catalog/6a34f79a31280_big.jpg,220 см,240 см,null,null,null,тенсель,100% тенсель,null,Обереги,null,1684-2433,https://kultura-doma.ru/product/komplekt-postel-nogo-bel-ya-oberegi-size-kingsayz,bedding_set,master_catalog
1164,KD-PD-11097,Комплект постельного белья Обереги: Семейный,синий,Семейный (145х200 см х 2 шт),https://kultura-doma.ru/public/src/images/gallery/catalog/6a34f7959c901_big.jpg,https://kultura-doma.ru/public/src/images/gallery/catalog/6a34f799c3bc3_big.jpg,https://kultura-doma.ru/public/src/images/gallery/catalog/6a34f79a31280_big.jpg,145 см,200 см,null,null,null,тенсель,100% тенсель,null,Обереги,null,1684-2434,https://kultura-doma.ru/product/komplekt-postel-nogo-bel-ya-oberegi-size-semeynyy,bedding_set,master_catalog
1165,KD-PD-10586,Плейсмат Обереги,белый,43х43 см,https://kultura-doma.ru/public/src/images/gallery/catalog/6a575b0f807d4_big.jpg,https://kultura-doma.ru/public/src/images/gallery/catalog/694411c3b3746_big.jpg,null,43 см,43 см,null,null,null,сатин,100% сатин,null,Обереги,null,1353,https://kultura-doma.ru/product/pleysmat-oberegi,placemat,master_catalog
1166,KD-PD-10891,Салатник порционный Обереги,белый,"16,5х16,5 см",https://kultura-doma.ru/public/src/images/gallery/catalog/6a3a860b34a67_big.jpg,https://kultura-doma.ru/public/src/images/gallery/catalog/6a3a860c48663_big.jpg,https://kultura-doma.ru/public/src/images/gallery/catalog/6a3a860b7b411_big.jpg,null,null,600 мл,null,Салатник 1 шт,фарфор,100% фарфор,null,Обереги,null,1427,https://kultura-doma.ru/product/salatnik-porcionnyy-oberegi,salad_bowl,master_catalog
1167,KD-PD-10566,Салфетка Обереги,белый,45х45 см,https://kultura-doma.ru/public/src/images/gallery/catalog/6a4285ec3ef3f_big.jpg,https://kultura-doma.ru/public/src/images/gallery/catalog/694412084096e_big.jpg,null,45 см,45 см,null,null,null,сатин,100% сатин,null,Обереги,null,1351,https://kultura-doma.ru/product/salfetka-oberegi,napkin,master_catalog
1168,KD-PD-10885,Сахарница Обереги,белый,null,https://kultura-doma.ru/public/src/images/gallery/catalog/6a394b1351c0b_big.jpg,https://kultura-doma.ru/public/src/images/gallery/catalog/698073676c1eb_big.jpg,https://kultura-doma.ru/public/src/images/gallery/catalog/6a394b1394cb5_big.jpg,null,null,300 мл,null,Сахарница 1 шт,фарфор,100% фарфор,null,Обереги,null,1498,https://kultura-doma.ru/product/saharnica-oberegi,sugar_bowl,master_catalog
1169,KD-PD-10448,Скатерть с вышивкой Обереги,белый,180х180 см,https://kultura-doma.ru/public/src/images/gallery/catalog/697b7b278ca62_big.jpg,https://kultura-doma.ru/public/src/images/gallery/catalog/697b54f0beae9_big.jpg,null,180 см,180 см,null,null,null,сатин,100% сатин,Вышивка,Обереги,null,1422,https://kultura-doma.ru/product/skatert-s-vyshivkoy-oberegi-pryamougol-naya,tablecloth,master_catalog
1170,KD-PD-10448,Скатерть с вышивкой Обереги: 180х250 см,белый,180х250 см,https://kultura-doma.ru/public/src/images/gallery/catalog/697b7b278ca62_big.jpg,https://kultura-doma.ru/public/src/images/gallery/catalog/697b54f0beae9_big.jpg,null,180 см,250 см,null,null,null,сатин,100% сатин,Вышивка,Обереги,null,1422-1566,https://kultura-doma.ru/product/skatert-s-vyshivkoy-oberegi-pryamougol-naya-size-180h250,tablecloth,master_catalog
1171,KD-PD-10890,Тарелка закусочная Обереги,белый,24 см,https://kultura-doma.ru/public/src/images/gallery/catalog/6a3a738f873f3_big.jpg,https://kultura-doma.ru/public/src/images/gallery/catalog/6a3a7390460ac_big.jpg,https://kultura-doma.ru/public/src/images/gallery/catalog/6a3a738fc3d4d_big.jpg,null,null,null,24 см,Тарелка 1 шт,фарфор,100% фарфор,null,Обереги,null,1426,https://kultura-doma.ru/product/tarelka-zakusochnaya-oberegi,snack_plate,master_catalog
1172,KD-PD-10889,Тарелка обеденная Обереги,белый,27 см,https://kultura-doma.ru/public/src/images/gallery/catalog/6a3a738cb6fe5_big.jpg,https://kultura-doma.ru/public/src/images/gallery/catalog/6a3a738d99e9f_big.jpg,https://kultura-doma.ru/public/src/images/gallery/catalog/6a3a738d16f28_big.jpg,null,null,null,27 см,Тарелка 1 шт,фарфор,100% фарфор,null,Обереги,null,1425,https://kultura-doma.ru/product/tarelka-obedennaya-oberegi,dinner_plate,master_catalog
1173,KD-PD-10886,Чайная пара Обереги,белый,null,https://kultura-doma.ru/public/src/images/gallery/catalog/6a394b0da729e_big.jpg,https://kultura-doma.ru/public/src/images/gallery/catalog/694a4e0107ae4_big.jpg,https://kultura-doma.ru/public/src/images/gallery/catalog/6a394b0de4c27_big.jpg,null,null,250 мл,null,"Кружка 1 шт, блюдце 1 шт",фарфор,100% фарфор,null,Обереги,null,1428,https://kultura-doma.ru/product/chaynaya-para-oberegi,tea_pair,master_catalog
1174,KD-PD-10884,Чайник Обереги,белый,null,https://kultura-doma.ru/public/src/images/gallery/catalog/6a394b10a0bce_big.jpg,https://kultura-doma.ru/public/src/images/gallery/catalog/6a394b1176f00_big.jpg,https://kultura-doma.ru/public/src/images/gallery/catalog/6a394b10df19e_big.jpg,null,null,650 мл,null,Чайник 1 шт,фарфор,100% фарфор,null,Обереги,null,1497,https://kultura-doma.ru/product/chaynik-oberegi,teapot,master_catalog
1175,KD-PD-11419,Блюдо овальное Овация,белый,"36х25,5 см",https://kultura-doma.ru/public/src/images/gallery/catalog/6a3a77ab1a012_big.jpg,null,null,null,null,null,null,null,фарфор,100% фарфор,null,Овация / Символы,null,1536,https://kultura-doma.ru/product/blyudo-oval-noe-ovaciya,serving_dish,master_catalog
1176,KD-PD-11515,Бульонная пара Овация,белый,null,https://kultura-doma.ru/public/src/images/gallery/catalog/69f06b33637de_big.jpg,https://kultura-doma.ru/public/src/images/gallery/catalog/6993088ca14e7_big.jpg,null,null,null,400 мл,null,null,фарфор,100% фарфор,null,Овация / Символы,null,1541,https://kultura-doma.ru/product/bul-onnaya-para-ovaciya,soup_pair,master_catalog
1177,KD-PD-11516,Кофейная пара Овация,белый,null,https://kultura-doma.ru/public/src/images/gallery/catalog/6a394af98ba5b_big.jpg,https://kssafonova.github.io/kd/images/imported-products/699308df21c8f_big.jpg,https://kssafonova.github.io/kd/images/imported-products/69930fcc7d471_big.png,null,null,120 мл,null,"Чашка 1 шт, блюдце 1 шт",фарфор,100% фарфор,null,Овация / Символы,null,1539,https://kultura-doma.ru/product/kofeynaya-para-ovaciya,coffee_pair,master_catalog
1178,KD-PD-11431,Кружка Овация,белый,null,https://kssafonova.github.io/kd/images/imported-products/6a394affdcfc4_big.jpg,https://kssafonova.github.io/kd/images/imported-products/6993065ce7e66_big.jpg,null,null,null,350 мл,null,null,фарфор,100% фарфор,null,Овация / Символы,null,1545,https://kultura-doma.ru/product/kruzhka-ovaciya,mug,master_catalog
1179,KD-PD-11429,Молочник Овация,белый,null,https://kultura-doma.ru/public/src/images/gallery/catalog/6a394afd5391f_big.jpg,https://kssafonova.github.io/kd/images/imported-products/699306866add5_big.jpg,null,null,null,160 мл,null,Молочник 1 шт,фарфор,100% фарфор,null,Овация / Символы,null,1543,https://kultura-doma.ru/product/molochnik-ovaciya,milk_jug,master_catalog
1180,KD-PD-11414,Подставка для яйца Овация,белый,null,https://kultura-doma.ru/public/src/images/gallery/catalog/69f06b5f40d15_big.jpg,https://kssafonova.github.io/kd/images/imported-products/69958a2e7df55_big.jpg,https://kultura-doma.ru/public/src/images/gallery/catalog/69f06b5f8f39b_big.jpg,null,null,null,null,null,фарфор,100% фарфор,null,Овация / Символы,null,1531,https://kultura-doma.ru/product/podstavka-dlya-yayca-ovaciya,other,master_catalog
1181,KD-PD-11421,Салатник Овация,белый,21 см,https://kultura-doma.ru/public/src/images/gallery/catalog/6a3a861013057_big.jpg,null,null,null,null,null,21 см,Салатник 1 шт,фарфор,100% фарфор,null,Овация / Символы,null,1538,https://kultura-doma.ru/product/salatnik-ovaciya,salad_bowl,master_catalog
1182,KD-PD-11420,Салатник порционный Овация,белый,16 см,https://kultura-doma.ru/public/src/images/gallery/catalog/6a3a8620ea07f_big.jpg,https://kssafonova.github.io/kd/images/imported-products/69958bb93c88e_big.jpg,null,null,null,null,16 см,Салатник 1 шт,фарфор,100% фарфор,null,Овация / Символы,null,1537,https://kultura-doma.ru/product/salatnik-porcionnyy-ovaciya,salad_bowl,master_catalog
1183,KD-PD-11430,Сахарница Овация,белый,null,https://kultura-doma.ru/public/src/images/gallery/catalog/6a394afe9c244_big.jpg,https://kssafonova.github.io/kd/images/imported-products/6993066f183f9_big.jpg,null,null,null,240 мл,null,Сахарница 1 шт,фарфор,100% фарфор,null,Овация / Символы,null,1544,https://kultura-doma.ru/product/saharnica-ovaciya,sugar_bowl,master_catalog
1184,KD-PD-11418,Тарелка глубокая Овация,белый,26 см,https://kssafonova.github.io/kd/images/imported-products/69cfcf5d94387_big.jpg,https://kssafonova.github.io/kd/images/imported-products/69958b5f30941_big.jpg,null,null,null,null,26 см,Тарелка 1 шт,фарфор,100% фарфор,null,Овация / Символы,null,1535,https://kultura-doma.ru/product/tarelka-glubokaya-ovaciya,deep_plate,master_catalog
1185,KD-PD-11415,Тарелка десертная Овация,белый,"18,5 см",https://kssafonova.github.io/kd/images/imported-products/69a59fe31bc63_big.jpg,https://kssafonova.github.io/kd/images/imported-products/699309e079356_big.jpg,https://kultura-doma.ru/public/src/images/gallery/catalog/6a3a732a78977_big.jpg,null,null,null,"18,5 см",Тарелка 1 шт,фарфор,100% фарфор,null,Овация / Символы,null,1532,https://kultura-doma.ru/product/tarelka-desertnaya-ovaciya,dessert_plate,master_catalog
1186,KD-PD-11416,Тарелка закусочная Овация,белый,"23,5 см",https://kssafonova.github.io/kd/images/imported-products/69a59ff7219ee_big.jpg,https://kssafonova.github.io/kd/images/imported-products/699309973b5c7_big.jpg,https://kultura-doma.ru/public/src/images/gallery/catalog/6a3a73220661d_big.jpg,null,null,null,"23,5 см",Тарелка 1 шт,фарфор,100% фарфор,null,Овация / Символы,null,1533,https://kultura-doma.ru/product/tarelka-zakusochnaya-ovaciya,snack_plate,master_catalog
1187,KD-PD-11417,Тарелка обеденная Овация,белый,"26,5 см",https://kssafonova.github.io/kd/images/imported-products/69cfd1dbd8788_big.jpg,https://kssafonova.github.io/kd/images/imported-products/69cfd06a0b47c_big.jpg,null,null,null,null,"26,5 см",Тарелка 1 шт,фарфор,100% фарфор,null,Овация / Символы,null,1534,https://kultura-doma.ru/product/tarelka-obedennaya-ovaciya,dinner_plate,master_catalog
1188,KD-PD-11514,Чайная пара Овация,белый,null,https://kultura-doma.ru/public/src/images/gallery/catalog/6a394afacf9ef_big.jpg,https://kssafonova.github.io/kd/images/imported-products/699308d3be25c_big.jpg,null,null,null,350 мл,null,"Кружка 1 шт, блюдце 1 шт",фарфор,100% фарфор,null,Овация / Символы,null,1540,https://kultura-doma.ru/product/chaynaya-para-ovaciya,tea_pair,master_catalog
1189,KD-PD-11428,Чайник Овация,белый,null,https://kultura-doma.ru/public/src/images/gallery/catalog/6a394afc1ae84_big.jpg,https://kssafonova.github.io/kd/images/imported-products/699306910d923_big.jpg,null,null,null,990 мл,null,Чайник 1 шт,фарфор,100% фарфор,null,Овация / Символы,null,1542,https://kultura-doma.ru/product/chaynik-ovaciya,teapot,master_catalog
1190,KD-PD-11086,Гетры Оренбургский узор,айвори,null,https://kultura-doma.ru/public/src/images/gallery/catalog/6a5e31d12e681_big.jpg,https://kultura-doma.ru/public/src/images/gallery/catalog/6a5e31d1aedf2_big.jpg,https://kultura-doma.ru/public/src/images/gallery/catalog/6a5e31d169f16_big.jpg,null,null,null,null,null,"40% пух, 40% па, 30% пан","40% пух, 40% па, 30% пан",null,Оренбургские узоры,null,1569,https://kultura-doma.ru/product/getry-yagodnoe-kruzhevo,other,master_catalog
1191,KD-PD-11087,Гетры Оренбургский узор,черный,null,https://kultura-doma.ru/public/src/images/gallery/catalog/6a5e333f42766_big.jpg,https://kultura-doma.ru/public/src/images/gallery/catalog/6a5e333eea96f_big.jpg,null,null,null,null,null,null,"40% пух, 40% па, 30% пан","40% пух, 40% па, 30% пан",null,Оренбургские узоры,null,1570,https://kultura-doma.ru/product/getry-yagodnoe-kruzhevo-1570,other,master_catalog
1192,KD-PD-11084,Носки Оренбургский узор,белый,null,https://kultura-doma.ru/public/src/images/gallery/catalog/6a5e3379d16ef_big.jpg,https://kultura-doma.ru/public/src/images/gallery/catalog/6a5e3379812de_big.jpg,null,null,null,null,null,null,"40% пух, 40% па, 30% пан","40% пух, 40% па, 30% пан",null,Оренбургские узоры,null,1571,https://kultura-doma.ru/product/noski-nezhnost-kruzheva,other,master_catalog
1193,KD-PD-11085,Носки Оренбургский узор,черный,null,https://kultura-doma.ru/public/src/images/gallery/catalog/6a5e33b8d5fe3_big.jpg,https://kultura-doma.ru/public/src/images/gallery/catalog/6a5e33b881ee6_big.jpg,null,null,null,null,null,null,"40% пух, 40% па, 30% пан","40% пух, 40% па, 30% пан",null,Оренбургские узоры,null,1572,https://kultura-doma.ru/product/noski-nezhnost-kruzheva-1572,other,master_catalog
1194,KD-PD-10841,Плед Пушица,бежевый,150х200 см,https://kultura-doma.ru/public/src/images/gallery/catalog/690caa6e3be4a_big.jpg,https://kultura-doma.ru/public/src/images/gallery/catalog/69e0fb2e06f8b_big.jpg,https://kultura-doma.ru/public/src/images/gallery/catalog/6a33f5f6906e2_big.jpg,null,null,null,null,null,null,null,null,Оренбургские узоры,null,1290,https://kultura-doma.ru/product/pled-pushica-1290,throw,master_catalog
1195,KD-PD-10842,Плед Пушица,голубой,150х200 см,https://kultura-doma.ru/public/src/images/gallery/catalog/690ca7e8a1da2_big.jpg,https://kultura-doma.ru/public/src/images/gallery/catalog/691b2da8124c1_big.jpg,https://kultura-doma.ru/public/src/images/gallery/catalog/6a33f5f86c928_big.jpg,null,null,null,null,null,null,null,null,Оренбургские узоры,null,1291,https://kultura-doma.ru/product/pled-pushica-1291,throw,master_catalog
1196,KD-PD-10844,Плед Пушица,розовый,150х200 см,https://kultura-doma.ru/public/src/images/gallery/catalog/690c4a39b0066_big.jpg,https://kultura-doma.ru/public/src/images/gallery/catalog/69e0faf756f78_big.jpg,https://kultura-doma.ru/public/src/images/gallery/catalog/6a33f5f14a97d_big.jpg,null,null,null,null,null,null,null,null,Оренбургские узоры,null,1292,https://kultura-doma.ru/product/pled-pushica-1292,throw,master_catalog
1197,KD-PD-8124,Плед Пушица,экрю,150х200 см,https://kultura-doma.ru/public/src/images/gallery/catalog/69e0fef714064_big.jpg,https://kultura-doma.ru/public/src/images/gallery/catalog/691b2e78edf93_big.jpg,https://kultura-doma.ru/public/src/images/gallery/catalog/6a33f5f4de1c8_big.jpg,null,null,null,null,null,null,null,null,Оренбургские узоры,null,448,https://kultura-doma.ru/product/pled-pushica,throw,master_catalog
1198,KD-PD-10786,Подушка декоративная Пушица,экрю,45х45 см,https://kultura-doma.ru/public/src/images/gallery/catalog/6a5f32cbe9c39_big.jpg,https://kultura-doma.ru/public/src/images/gallery/catalog/691b2ec29cf5f_big.jpg,https://kultura-doma.ru/public/src/images/gallery/catalog/6a5f32cb8eec4_big.jpg,45 см,45 см,null,null,null,null,null,null,Оренбургские узоры,null,1293,https://kultura-doma.ru/product/podushka-dekorativnaya-pushica,decorative_pillow,master_catalog
1199,KD-PD-10787,Подушка декоративная Пушица,голубой,45х45 см,https://kultura-doma.ru/public/src/images/gallery/catalog/6a5f322580c1f_big.jpg,https://kultura-doma.ru/public/src/images/gallery/catalog/691b2effe84ad_big.jpg,https://kultura-doma.ru/public/src/images/gallery/catalog/6a5f322538408_big.jpg,45 см,45 см,null,null,null,null,null,null,Оренбургские узоры,null,1295,https://kultura-doma.ru/product/podushka-dekorativnaya-pushica-1295,decorative_pillow,master_catalog
1200,KD-PD-10788,Подушка декоративная Пушица,бежевый,45х45 см,https://kultura-doma.ru/public/src/images/gallery/catalog/6a06bfda73687_big.jpg,https://kultura-doma.ru/public/src/images/gallery/catalog/691b30c11c860_big.jpg,https://kultura-doma.ru/public/src/images/gallery/catalog/6a5f327e12e2a_big.jpg,45 см,45 см,null,null,null,null,null,null,Оренбургские узоры,null,1296,https://kultura-doma.ru/product/podushka-dekorativnaya-pushica-1296,decorative_pillow,master_catalog
1201,KD-PD-10789,Подушка декоративная Пушица,розовый,45х45 см,https://kultura-doma.ru/public/src/images/gallery/catalog/6a5f329c43e35_big.jpg,https://kultura-doma.ru/public/src/images/gallery/catalog/691b2ed8ad532_big.jpg,https://kultura-doma.ru/public/src/images/gallery/catalog/6a5f329bdfebe_big.jpg,45 см,45 см,null,null,null,null,null,null,Оренбургские узоры,null,1294,https://kultura-doma.ru/product/podushka-dekorativnaya-pushica-1294,decorative_pillow,master_catalog
1202,KD-PD-7947,Блюдо Петербург,белый,"36,5х25х2 см",https://kssafonova.github.io/kd/images/imported-products/687e4847be118_big.jpg,https://kssafonova.github.io/kd/images/imported-products/6a3a77d0d7e33_big.jpg,null,null,null,null,null,null,костяной фарфор,100% костяной фарфор,null,Петербург,null,16,https://kultura-doma.ru/product/blyudo-peterburg,serving_dish,master_catalog
1203,KD-PD-8312,Дорожка Петербург,белый,165х45 см,https://kultura-doma.ru/public/src/images/gallery/catalog/69f218cb89b24_big.jpg,https://kssafonova.github.io/kd/images/imported-products/68ef707de05e1_big.jpg,https://kultura-doma.ru/public/src/images/gallery/catalog/69f218cc7016f_big.jpg,165 см,45 см,null,null,null,сатин,100% сатин,null,Петербург,null,529,https://kultura-doma.ru/product/dorozhka-peterburg,table_runner,master_catalog
1204,KD-PD-7941,Кружка Петербург,белый,null,https://kssafonova.github.io/kd/images/imported-products/68ee0faf95812_big.png,https://kssafonova.github.io/kd/images/imported-products/6a394b4a57a59_big.jpg,https://kssafonova.github.io/kd/images/imported-products/6a394b4fb19ed_big.jpg,null,null,450 мл,null,null,костяной фарфор,100% костяной фарфор,null,Петербург,null,240,https://kultura-doma.ru/product/kruzhka-peterburg,mug,master_catalog
1205,KD-PD-7942,Салатник Петербург,белый,null,https://kssafonova.github.io/kd/images/imported-products/6a3a860480fbd_big.jpg,https://kssafonova.github.io/kd/images/imported-products/6a3a860210338_big.jpg,https://kssafonova.github.io/kd/images/imported-products/6a3a8604bf092_big.jpg,null,null,null,null,Салатник 1 шт,костяной фарфор,100% костяной фарфор,null,Петербург,null,296,https://kultura-doma.ru/product/salatnik-peterburg,salad_bowl,master_catalog
1206,KD-PD-7943,Салатник Петербург,белый,"20х20х6,9 см",https://kssafonova.github.io/kd/images/imported-products/6a3a862a73d29_big.jpg,https://kssafonova.github.io/kd/images/imported-products/696f991311735_big.png,https://kssafonova.github.io/kd/images/imported-products/6a3a862ac250b_big.jpg,null,null,null,null,Салатник 1 шт,костяной фарфор,100% костяной фарфор,null,Петербург,null,297,https://kultura-doma.ru/product/salatnik-peterburg-297,salad_bowl,master_catalog
1207,KD-PD-7242,Салфетки Петербург,белый,45х45 см,https://kultura-doma.ru/public/src/images/gallery/catalog/69f2194fe62aa_big.jpg,https://kssafonova.github.io/kd/images/imported-products/68f09ca5731f1_big.jpg,null,45 см,45 см,null,null,null,сатин,100% сатин,null,Петербург,null,572,https://kultura-doma.ru/product/dorozhka-peterburg-572,napkin,master_catalog
1208,KD-PD-7938,Сахарница Петербург,белый,null,https://kssafonova.github.io/kd/images/imported-products/6a394b88d86f5_big.jpg,https://kssafonova.github.io/kd/images/imported-products/6a394b886643a_big.jpg,https://kssafonova.github.io/kd/images/imported-products/6a394b89200e7_big.jpg,null,null,400 мл,null,Сахарница 1 шт,костяной фарфор,100% костяной фарфор,null,Петербург,null,303,https://kultura-doma.ru/product/saharnica-peterburg,sugar_bowl,master_catalog
1209,KD-PD-8256,Скатерть Петербург,белый,180х350 см,https://kultura-doma.ru/public/src/images/gallery/catalog/6a3014d061811_big.jpg,https://kssafonova.github.io/kd/images/imported-products/69f21bfa598aa_big.jpg,https://kultura-doma.ru/public/src/images/gallery/catalog/6a3014d14b4d9_big.jpg,180 см,350 см,null,null,null,сатин,100% сатин,null,Петербург,null,1752,https://kultura-doma.ru/product/skatert-peterburg-1752,tablecloth,master_catalog
1210,KD-PD-9446,Скатерть Петербург,белый,180х250 см,https://kultura-doma.ru/public/src/images/gallery/catalog/6a5757932b2a8_big.jpg,https://kssafonova.github.io/kd/images/imported-products/68ef6b3203862_big.jpg,https://kultura-doma.ru/public/src/images/gallery/catalog/6a575793c96d8_big.jpg,180 см,250 см,null,null,null,сатин,100% сатин,null,Петербург,null,599,https://kultura-doma.ru/product/skatert-peterburg,tablecloth,master_catalog
1211,KD-PD-7939,Сливочник Петербург,белый,13х8х10 см,https://kssafonova.github.io/kd/images/imported-products/6a632cffe8804_big.jpg,https://kssafonova.github.io/kd/images/imported-products/6a632cff1c511_big.jpg,https://kssafonova.github.io/kd/images/imported-products/6a632d0037bdb_big.jpg,null,null,300 мл,null,Молочник 1 шт,костяной фарфор,100% костяной фарфор,null,Петербург,null,269,https://kultura-doma.ru/product/slivochnik-peterburg,milk_jug,master_catalog
1212,KD-PD-7944,Тарелка Петербург,белый,20х20х1 см,https://kssafonova.github.io/kd/images/imported-products/6a06d7497fe35_big.jpg,https://kssafonova.github.io/kd/images/imported-products/6a3a73674e96f_big.jpg,https://kssafonova.github.io/kd/images/imported-products/6a3a736b78a29_big.jpg,20 см,20 см,null,null,null,костяной фарфор,100% костяной фарфор,null,Петербург,null,326,https://kultura-doma.ru/product/tarelka-peterburg,other,master_catalog
1213,KD-PD-7945,Тарелка Петербург,белый,23х23х1 см,https://kssafonova.github.io/kd/images/imported-products/6a3a7375cad18_big.jpg,https://kssafonova.github.io/kd/images/imported-products/6a3a737368c41_big.jpg,https://kssafonova.github.io/kd/images/imported-products/6a3a737639cdd_big.jpg,23 см,23 см,null,null,null,костяной фарфор,100% костяной фарфор,null,Петербург,null,1156,https://kultura-doma.ru/product/tarelka-peterburg-1156,other,master_catalog
1214,KD-PD-7946,Тарелка Петербург,белый,27х27х2 см,https://kssafonova.github.io/kd/images/imported-products/6a3a735d86be1_big.jpg,https://kssafonova.github.io/kd/images/imported-products/6a3a735baf71c_big.jpg,https://kssafonova.github.io/kd/images/imported-products/6a3a735dcb381_big.jpg,27 см,27 см,null,null,null,костяной фарфор,100% костяной фарфор,null,Петербург,null,1891,https://kultura-doma.ru/product/tarelka-peterburg-1891,other,master_catalog
1215,KD-PD-7940,Чайная пара Петербург,белый,null,https://kssafonova.github.io/kd/images/imported-products/6a394ba34f611_big.jpg,https://kssafonova.github.io/kd/images/imported-products/6a394ba3081b0_big.jpg,https://kssafonova.github.io/kd/images/imported-products/6a394ba3a1f76_big.jpg,null,null,260 мл,null,"Кружка 1 шт, блюдце 1 шт",костяной фарфор,100% костяной фарфор,null,Петербург,null,340,https://kultura-doma.ru/product/chaynaya-para-peterburg,tea_pair,master_catalog
1216,KD-PD-7937,Чайник Петербург,белый,null,https://kssafonova.github.io/kd/images/imported-products/6a394f8eb12f9_big.jpg,https://kssafonova.github.io/kd/images/imported-products/6a394f8a58a79_big.jpg,https://kssafonova.github.io/kd/images/imported-products/6a394f8f0440d_big.jpg,null,null,1100 мл,null,Чайник 1 шт,костяной фарфор,100% костяной фарфор,null,Петербург,null,337,https://kultura-doma.ru/product/chaynik-peterburg,teapot,master_catalog
1217,KD-PD-8304,Ваза для фруктов Росы,белый,null,https://kultura-doma.ru/public/src/images/gallery/catalog/6a394b79adbcb_big.jpg,https://kultura-doma.ru/public/src/images/gallery/catalog/6a394b7967521_big.jpg,https://kultura-doma.ru/public/src/images/gallery/catalog/6a394b792f0bf_big.jpg,null,null,null,null,null,хрусталь,100% хрусталь,null,Росы,null,262,https://kultura-doma.ru/product/vaza-dlya-fruktov-rosy,vase,master_catalog
1218,KD-PD-8309,Ваза Росы,null,null,https://kultura-doma.ru/public/src/images/gallery/catalog/6a0d5af0daeeb_big.jpg,https://kultura-doma.ru/public/src/images/gallery/catalog/6a0d5af0914dc_big.jpg,https://kultura-doma.ru/public/src/images/gallery/catalog/6a0d5af047e3b_big.jpg,null,null,null,null,null,хрусталь,100% хрусталь,null,Росы,null,737,https://kultura-doma.ru/product/vaza-rosy-737,vase,master_catalog
1219,KD-PD-8310,Ваза Росы,null,null,https://kultura-doma.ru/public/src/images/gallery/catalog/6a0d5aedec7d8_big.jpg,https://kultura-doma.ru/public/src/images/gallery/catalog/6a0d5aecaa874_big.jpg,https://kultura-doma.ru/public/src/images/gallery/catalog/6a0d5aed724ba_big.jpg,null,null,null,null,null,хрусталь,100% хрусталь,null,Росы,null,736,https://kultura-doma.ru/product/vaza-rosy-736,vase,master_catalog
1220,KD-PD-8311,Ваза Росы,null,null,https://kultura-doma.ru/public/src/images/gallery/catalog/6a0d5ae44dba0_big.jpg,https://kultura-doma.ru/public/src/images/gallery/catalog/6a0d5ae4056c1_big.jpg,null,null,null,null,null,null,хрусталь,100% хрусталь,null,Росы,null,1210,https://kultura-doma.ru/product/vaza-rosy,vase,master_catalog
1221,KD-PD-8694,Ваза Росы,null,null,https://kultura-doma.ru/public/src/images/gallery/catalog/6a0d5aded8de0_big.jpg,https://kultura-doma.ru/public/src/images/gallery/catalog/6a0d5ade5575c_big.jpg,https://kultura-doma.ru/public/src/images/gallery/catalog/6a0d5ade947ff_big.jpg,null,null,null,null,null,хрусталь,100% хрусталь,null,Росы,null,486,https://kultura-doma.ru/product/vaza-rosy-486,vase,master_catalog
1222,KD-PD-9756,Ваза Росы,null,null,https://kultura-doma.ru/public/src/images/gallery/catalog/68c9324b17f49_big.jpg,https://kultura-doma.ru/public/src/images/gallery/catalog/68fa1e390239f_big.jpg,null,null,null,null,null,null,хрусталь,100% хрусталь,null,Росы,null,524,https://kultura-doma.ru/product/vaza-rosy-524,vase,master_catalog
1223,KD-PD-9757,Ваза Росы,null,null,https://kultura-doma.ru/public/src/images/gallery/catalog/68c938b5b9d76_big.jpg,https://kultura-doma.ru/public/src/images/gallery/catalog/68fb3f762ed6c_big.jpg,null,null,null,null,null,null,хрусталь,100% хрусталь,null,Росы,null,525,https://kultura-doma.ru/product/vaza-rosy-525,vase,master_catalog
1224,KD-PD-8693,Графин для вина Росы,null,null,https://kultura-doma.ru/public/src/images/gallery/catalog/6a3d191fdf48a_big.jpg,https://kultura-doma.ru/public/src/images/gallery/catalog/6a3d191f1e2ac_big.jpg,https://kultura-doma.ru/public/src/images/gallery/catalog/6a3d192026aa2_big.jpg,null,null,600 мл,null,null,хрусталь,100% хрусталь,null,Росы,null,237,https://kultura-doma.ru/product/grafin-dlya-vina-rosy,decanter,master_catalog
1225,KD-PD-8305,Графин Росы,null,null,https://kultura-doma.ru/public/src/images/gallery/catalog/6a50b242547b3_big.jpg,https://kultura-doma.ru/public/src/images/gallery/catalog/6a50b241b31d8_big.jpg,https://kultura-doma.ru/public/src/images/gallery/catalog/6a50b242a3578_big.jpg,null,null,1200 мл,null,null,хрусталь,100% хрусталь,null,Росы,null,234,https://kultura-doma.ru/product/grafin-rosy,decanter,master_catalog
1226,KD-PD-8306,Графин Росы,null,null,https://kultura-doma.ru/public/src/images/gallery/catalog/6a50b2910a733_big.jpg,https://kultura-doma.ru/public/src/images/gallery/catalog/6a50b2906b115_big.jpg,https://kultura-doma.ru/public/src/images/gallery/catalog/6a50b29152ac6_big.jpg,null,null,1000 мл,null,null,хрусталь,100% хрусталь,null,Росы,null,235,https://kultura-doma.ru/product/grafin-rosy-235,decanter,master_catalog
1227,KD-PD-8302,Конфетница Росы,белый,null,https://kultura-doma.ru/public/src/images/gallery/catalog/6a394b7486737_big.jpg,https://kultura-doma.ru/public/src/images/gallery/catalog/69ca63caaf1f6_big.jpg,https://kultura-doma.ru/public/src/images/gallery/catalog/6a394b74c4b2f_big.jpg,null,null,null,null,null,хрусталь,100% хрусталь,null,Росы,null,260,https://kultura-doma.ru/product/konfetnica-rosy,other,master_catalog
1228,KD-PD-8303,Конфетница Росы,белый,null,https://kultura-doma.ru/public/src/images/gallery/catalog/6a394b76bf1fd_big.jpg,https://kultura-doma.ru/public/src/images/gallery/catalog/69ca63b10d53e_big.jpg,https://kultura-doma.ru/public/src/images/gallery/catalog/6a394b770d0ec_big.jpg,null,null,null,null,null,хрусталь,100% хрусталь,null,Росы,null,261,https://kultura-doma.ru/product/konfetnica-rosy-261,other,master_catalog
1229,KD-PD-8690,Конфетница Росы,белый,null,https://kultura-doma.ru/public/src/images/gallery/catalog/6a394b7b72148_big.jpg,https://kultura-doma.ru/public/src/images/gallery/catalog/6a394b7b2d8ea_big.jpg,https://kultura-doma.ru/public/src/images/gallery/catalog/6a394b7bae880_big.jpg,null,null,null,null,null,хрусталь,100% хрусталь,null,Росы,null,264,https://kultura-doma.ru/product/konfetnica-rosy-264,other,master_catalog
1230,KD-PD-8691,Конфетница Росы,белый,null,https://kultura-doma.ru/public/src/images/gallery/catalog/6a394b7d5921f_big.jpg,https://kultura-doma.ru/public/src/images/gallery/catalog/6a394b7e14962_big.jpg,https://kultura-doma.ru/public/src/images/gallery/catalog/6a394b7d9384e_big.jpg,null,null,null,null,null,хрусталь,100% хрусталь,null,Росы,null,265,https://kultura-doma.ru/product/konfetnica-rosy-265,other,master_catalog
1231,KD-PD-8692,Конфетница Росы,белый,null,https://kultura-doma.ru/public/src/images/gallery/catalog/6a394b7f9df73_big.jpg,https://kultura-doma.ru/public/src/images/gallery/catalog/69ca622be309b_big.jpg,https://kultura-doma.ru/public/src/images/gallery/catalog/6a394b7fdbda4_big.jpg,null,null,null,null,null,хрусталь,100% хрусталь,null,Росы,null,266,https://kultura-doma.ru/product/konfetnica-rosy-266,other,master_catalog
1232,KD-PD-8307,Кувшин  Росы,null,null,https://kultura-doma.ru/public/src/images/gallery/catalog/6a50b2c578eb1_big.jpg,https://kultura-doma.ru/public/src/images/gallery/catalog/6a50b2c5380fb_big.jpg,https://kultura-doma.ru/public/src/images/gallery/catalog/6a50b2c5baf10_big.jpg,null,null,1200 мл,null,null,хрусталь,100% хрусталь,null,Росы,null,236,https://kultura-doma.ru/product/kuvshin-rosy,decanter,master_catalog
1233,KD-PD-8308,Менажница-салатник Росы,белый,"11,5x3,3 см",https://kultura-doma.ru/public/src/images/gallery/catalog/6a3a861488e76_big.jpg,https://kultura-doma.ru/public/src/images/gallery/catalog/6a3a86138e824_big.jpg,https://kultura-doma.ru/public/src/images/gallery/catalog/6a3a861442857_big.jpg,null,null,null,null,Салатник 1 шт,хрусталь,100% хрусталь,null,Росы,null,298,https://kultura-doma.ru/product/menazhnica-salatnik-rosy,salad_bowl,master_catalog
1234,KD-PD-8687,Набор бокалов для вина Росы,null,null,https://kultura-doma.ru/public/src/images/gallery/catalog/6878bae342991_big.jpg,https://kultura-doma.ru/public/src/images/gallery/catalog/6878bb3d97e62_big.jpg,https://kultura-doma.ru/public/src/images/gallery/catalog/6878bb6c921b3_big.jpg,null,null,200 мл,null,null,хрусталь,100% хрусталь,null,Росы,null,731,https://kultura-doma.ru/product/nabor-bokalov-dlya-vina-rosy,wine_glass_set,master_catalog
1235,KD-PD-8297,Набор бокалов для коньяка Росы,null,null,https://kultura-doma.ru/public/src/images/gallery/catalog/6a3a9d24d161f_big.jpg,https://kultura-doma.ru/public/src/images/gallery/catalog/6a3a9d23dd28c_big.jpg,https://kultura-doma.ru/public/src/images/gallery/catalog/6a3a9d24344e8_big.jpg,null,null,270 мл,null,null,хрусталь,100% хрусталь,null,Росы,null,228,https://kultura-doma.ru/product/nabor-bokalov-dlya-kon-yaka-rosy,wine_glass_set,master_catalog
1236,KD-PD-8689,Набор бокалов для шампанского Росы,null,null,https://kultura-doma.ru/public/src/images/gallery/catalog/6a3a902e9758f_big.jpg,https://kultura-doma.ru/public/src/images/gallery/catalog/6a3a902d7e078_big.jpg,https://kultura-doma.ru/public/src/images/gallery/catalog/6a3a902ddcd1f_big.jpg,null,null,195 мл,null,null,хрусталь,100% хрусталь,null,Росы,null,219,https://kultura-doma.ru/product/nabor-bokalov-dlya-shampanskogo-rosy,wine_glass_set,master_catalog
1237,KD-PD-12978,"Набор бокалов для шампанского Росы, 2 шт",null,null,https://kultura-doma.ru/public/src/images/gallery/catalog/6a6b65eaa8a91_big.jpg,https://kultura-doma.ru/public/src/images/gallery/catalog/6a6b69ff0469d_big.jpg,https://kultura-doma.ru/public/src/images/gallery/catalog/6a6b69ff1bc10_big.jpg,null,null,195 мл,null,null,хрусталь,100% хрусталь,null,Росы,null,1914,https://kultura-doma.ru/product/nabor-bokalov-dlya-shampanskogo-rosy-1914,wine_glass_set,master_catalog
1238,KD-PD-12970,"Набор бокалов для шампанского Росы, 4 шт",null,null,https://kultura-doma.ru/public/src/images/gallery/catalog/6a6b660aedb88_big.jpg,https://kultura-doma.ru/public/src/images/gallery/catalog/6a6b6a14e2507_big.jpg,https://kultura-doma.ru/public/src/images/gallery/catalog/6a6b6a1507c8c_big.jpg,null,null,195 мл,null,null,хрусталь,100% хрусталь,null,Росы,null,1915,https://kultura-doma.ru/product/nabor-bokalov-dlya-shampanskogo-rosy-1915,wine_glass_set,master_catalog
1239,KD-PD-8301,Набор стаканов  Росы,null,null,https://kultura-doma.ru/public/src/images/gallery/catalog/6a3d179732191_big.jpg,https://kultura-doma.ru/public/src/images/gallery/catalog/69b950241b3a6_big.jpg,null,null,null,350 мл,null,null,хрусталь,100% хрусталь,null,Росы,null,734,https://kultura-doma.ru/product/nabor-stakanov-rosy,glassware_set,master_catalog
1240,KD-PD-8299,Набор стаканов для виски Росы,null,null,https://kultura-doma.ru/public/src/images/gallery/catalog/6a3d1785d79ac_big.jpg,https://kultura-doma.ru/public/src/images/gallery/catalog/6a3d1784db463_big.jpg,https://kultura-doma.ru/public/src/images/gallery/catalog/6a3d1785209e4_big.jpg,null,null,250 мл,null,null,хрусталь,100% хрусталь,null,Росы,null,315,https://kultura-doma.ru/product/nabor-stakanov-dlya-viski-rosy,glassware_set,master_catalog
1241,KD-PD-8300,Набор стаканов для виски Росы,null,null,https://kultura-doma.ru/public/src/images/gallery/catalog/6a3d179574feb_big.jpg,https://kultura-doma.ru/public/src/images/gallery/catalog/6a3d17935a8a4_big.jpg,https://kultura-doma.ru/public/src/images/gallery/catalog/6a3d1794e35b6_big.jpg,null,null,330 мл,null,null,хрусталь,100% хрусталь,null,Росы,null,733,https://kultura-doma.ru/product/nabor-stakanov-dlya-viski-rosy-733,glassware_set,master_catalog
1242,KD-PD-12956,"Набор стаканов для виски Росы, 2 шт",null,null,https://kultura-doma.ru/public/src/images/gallery/catalog/6a6b65af13f6c_big.jpg,https://kultura-doma.ru/public/src/images/gallery/catalog/6a6b697c28905_big.jpg,https://kultura-doma.ru/public/src/images/gallery/catalog/6a6b697c4209b_big.jpg,null,null,250 мл,null,null,хрусталь,100% хрусталь,null,Росы,null,1912,https://kultura-doma.ru/product/nabor-stakanov-dlya-viski-rosy-1912,glassware_set,master_catalog
1243,KD-PD-12979,"Набор стаканов для виски Росы, 2 шт",null,null,https://kultura-doma.ru/public/src/images/gallery/catalog/6a6b65062f4dd_big.jpg,https://kultura-doma.ru/public/src/images/gallery/catalog/6a6b68bc6148d_big.jpg,https://kultura-doma.ru/public/src/images/gallery/catalog/6a6b68bc7dd49_big.jpg,null,null,330 мл,null,null,хрусталь,100% хрусталь,null,Росы,null,1910,https://kultura-doma.ru/product/nabor-stakanov-dlya-viski-rosy-1910,glassware_set,master_catalog
1244,KD-PD-12957,"Набор стаканов для виски Росы, 4 шт",null,null,https://kultura-doma.ru/public/src/images/gallery/catalog/6a6b65c787e71_big.jpg,https://kultura-doma.ru/public/src/images/gallery/catalog/6a6b695b628c7_big.jpg,https://kultura-doma.ru/public/src/images/gallery/catalog/6a6b695b7cc16_big.jpg,null,null,250 мл,null,null,хрусталь,100% хрусталь,null,Росы,null,1913,https://kultura-doma.ru/product/nabor-stakanov-dlya-viski-rosy-1913,glassware_set,master_catalog
1245,KD-PD-12972,"Набор стаканов для виски Росы, 4 шт",null,null,https://kultura-doma.ru/public/src/images/gallery/catalog/6a6b659481dd7_big.jpg,https://kultura-doma.ru/public/src/images/gallery/catalog/6a6b68d00a545_big.jpg,https://kultura-doma.ru/public/src/images/gallery/catalog/6a6b68d0270ae_big.jpg,null,null,330 мл,null,null,хрусталь,100% хрусталь,null,Росы,null,1911,https://kultura-doma.ru/product/nabor-stakanov-dlya-viski-rosy-1911,glassware_set,master_catalog
1246,KD-PD-8298,Набор стопок Росы,null,null,https://kultura-doma.ru/public/src/images/gallery/catalog/6a3d179169376_big.jpg,https://kultura-doma.ru/public/src/images/gallery/catalog/6a3d17905a12a_big.jpg,https://kultura-doma.ru/public/src/images/gallery/catalog/6a3d1790d8dff_big.jpg,null,null,50 мл,null,null,хрусталь,100% хрусталь,null,Росы,null,732,https://kultura-doma.ru/product/nabor-stopok-rosy,glassware_set,master_catalog
1247,KD-PD-8688,Набор фужеров Росы,null,null,https://kultura-doma.ru/public/src/images/gallery/catalog/6878b99e3d1be_big.jpg,https://kultura-doma.ru/public/src/images/gallery/catalog/6a3a90356c79b_big.jpg,https://kultura-doma.ru/public/src/images/gallery/catalog/6a3a90360004a_big.jpg,null,null,300 мл,null,null,хрусталь,100% хрусталь,null,Росы,null,218,https://kultura-doma.ru/product/nabor-fuzherov-rosy,wine_glass_set,master_catalog
1248,KD-PD-8752,Поднос Росы,null,33x21 см,https://kultura-doma.ru/public/src/images/gallery/catalog/6a0715976f32d_big.jpg,https://kultura-doma.ru/public/src/images/gallery/catalog/6a071596ed610_big.jpg,https://kultura-doma.ru/public/src/images/gallery/catalog/6a07159735b57_big.jpg,33 см,21 см,null,null,null,хрусталь,100% хрусталь,null,Росы,null,1212,https://kultura-doma.ru/product/podnos-rosy,other,master_catalog
1249,KD-PD-8695,Подсвечник Росы,белый,null,https://kultura-doma.ru/public/src/images/gallery/catalog/6a47b3e9acf68_big.jpg,https://kultura-doma.ru/public/src/images/gallery/catalog/6a47b3ea3eb76_big.jpg,https://kultura-doma.ru/public/src/images/gallery/catalog/6a47b3e96f03c_big.jpg,null,null,null,null,null,хрусталь,100% хрусталь,null,Росы,null,735,https://kultura-doma.ru/product/podsvechnik-rosy,candle,master_catalog
1250,KD-PD-12013,Стакан для виски Росы,null,null,https://kultura-doma.ru/public/src/images/gallery/catalog/6a3d179b8c65c_big.jpg,null,null,null,null,330 мл,null,null,хрусталь,100% хрусталь,null,Росы,null,1743,https://kultura-doma.ru/product/stakan-dlya-viski-rosy,glassware_set,master_catalog
1251,KD-PD-11896,Дорожка Чаепитие,синий,165х45 см,https://kultura-doma.ru/public/src/images/gallery/catalog/6a26d3a1d5c18_big.jpg,https://kultura-doma.ru/public/src/images/gallery/catalog/6a0c702147151_big.jpg,https://kultura-doma.ru/public/src/images/gallery/catalog/6a0c7021ac1e2_big.jpg,165 см,45 см,null,null,null,сатин,100% сатин,null,Стихи,null,1768,https://kultura-doma.ru/product/dorozhka-chaepitie,table_runner,master_catalog
1252,KD-PD-11669,Комплект постельного белья Тихий сон,белый,Кинг-сайз (220х240 см),https://kultura-doma.ru/public/src/images/gallery/catalog/69b3c0b4d7053_big.jpg,https://kultura-doma.ru/public/src/images/gallery/catalog/69b3c0b6315b9_big.jpg,https://kultura-doma.ru/public/src/images/gallery/catalog/69b3c0b66e229_big.jpg,220 см,240 см,null,null,null,сатин,100% сатин,null,Стихи,null,1664,https://kultura-doma.ru/product/komplekt-postel-nogo-bel-ya-tihiy-son,bedding_set,master_catalog
1253,KD-PD-11645,Салфетка Чаепитие,белый,42x42 см,https://kultura-doma.ru/public/src/images/gallery/catalog/69c10ade976d8_big.jpg,https://kultura-doma.ru/public/src/images/gallery/catalog/69c10a9d81c00_big.jpg,https://kultura-doma.ru/public/src/images/gallery/catalog/6a43d8445a362_big.jpg,42 см,42 см,null,null,null,сатин,100% сатин,null,Стихи,null,1710,https://kultura-doma.ru/product/salfetka-s-vyshivkoy-chaepitie,napkin,master_catalog
1254,KD-PD-12144,Салфетка Чаепитие,синий,43х43 см,https://kultura-doma.ru/public/src/images/gallery/catalog/6a3e899982fa4_big.jpg,https://kultura-doma.ru/public/src/images/gallery/catalog/6a1062ceb4ca5_big.jpg,https://kultura-doma.ru/public/src/images/gallery/catalog/6a10643a06528_big.jpg,43 см,43 см,null,null,null,сатин,100% сатин,null,Стихи,null,1769,https://kultura-doma.ru/product/salfetka-chaepitie,napkin,master_catalog
1255,KD-PD-11413,Чайная пара Чаепитие,белый,null,https://kultura-doma.ru/public/src/images/gallery/catalog/698f406cd7dbd_big.jpg,https://kultura-doma.ru/public/src/images/gallery/catalog/698f406d262f7_big.jpg,https://kultura-doma.ru/public/src/images/gallery/catalog/6a394b1ce0927_big.jpg,null,null,250 мл,null,"Кружка 1 шт, блюдце 1 шт",костяной фарфор,100% костяной фарфор,null,Стихи,null,1530,https://kultura-doma.ru/product/chaynaya-para-chaepitie,tea_pair,master_catalog
1256,KD-PD-10413,Дорожка Тайны острова Буян,голубой,50х180 см,https://kultura-doma.ru/public/src/images/gallery/catalog/69f1d16cb6e9a_big.jpg,https://kultura-doma.ru/public/src/images/gallery/catalog/68e67a853d969_big.jpg,null,50 см,180 см,null,null,null,сатин,100% сатин,null,Тайна острова Буяна,null,1285,https://kultura-doma.ru/product/dorozhka-tayny-ostrova-buyan,table_runner,master_catalog
1257,KD-PD-10375,Комплект постельного белья Тайна острова Буяна,голубой,Кинг-сайз (220х240 см),https://kultura-doma.ru/public/src/images/gallery/catalog/69b3ce485dc4b_big.jpg,https://kultura-doma.ru/public/src/images/gallery/catalog/6a3012b3dc349_big.jpg,https://kultura-doma.ru/public/src/images/gallery/catalog/6a3012b42c2d2_big.jpg,220 см,240 см,null,null,null,null,null,null,Тайна острова Буяна,null,1671,https://kultura-doma.ru/product/komplekt-postel-nogo-bel-ya-tayna-ostrova-buyana,bedding_set,master_catalog
1258,KD-PD-10260,Кружка Тайны острова Буяна,белый,null,https://kultura-doma.ru/public/src/images/gallery/catalog/68f65790028a8_big.jpg,https://kultura-doma.ru/public/src/images/gallery/catalog/68e75f9b8f17a_big.jpg,null,null,null,450 мл,null,null,костяной фарфор,100% костяной фарфор,null,Тайна острова Буяна,null,1284,https://kultura-doma.ru/product/kruzhka-tayny-ostrova-buyana,mug,master_catalog
1259,KD-PD-10581,Плейсмат Тайны острова Буяна,голубой,40х50 см,https://kultura-doma.ru/public/src/images/gallery/catalog/69f1d17ef31e6_big.jpg,https://kultura-doma.ru/public/src/images/gallery/catalog/68e67a439e4dc_big.jpg,null,40 см,50 см,null,null,null,сатин,100% сатин,null,Тайна острова Буяна,null,1283,https://kultura-doma.ru/product/pleysmat-tayny-ostrova-buyana,placemat,master_catalog
1260,KD-PD-10597,Подушка декоративная Тайна острова Буяна,бежевый,40х40 см,https://kultura-doma.ru/public/src/images/gallery/catalog/69e5d81fb0f8c_big.jpg,https://kultura-doma.ru/public/src/images/gallery/catalog/68e61c811c8da_big.jpg,null,40 см,40 см,null,null,null,null,null,null,Тайна острова Буяна,null,1281,https://kultura-doma.ru/product/podushka-dekorativnaya-tayny-ostrova-buyana,decorative_pillow,master_catalog
1261,KD-PD-10598,Подушка декоративная Тайны острова Буяна,голубой,30х90 см,https://kultura-doma.ru/public/src/images/gallery/catalog/69f1d18162bd5_big.jpg,https://kultura-doma.ru/public/src/images/gallery/catalog/68e762e4e5cb9_big.jpg,https://kultura-doma.ru/public/src/images/gallery/catalog/68e679fddbec3_big.jpg,30 см,90 см,null,null,null,бархат,null,null,Тайна острова Буяна,null,1282,https://kultura-doma.ru/product/podushka-dekorativnaya-tayny-ostrova-buyana-1282,decorative_pillow,master_catalog
1262,KD-PD-10565,Салфетка Тайны острова Буяна,белый,45х45 см,https://kultura-doma.ru/public/src/images/gallery/catalog/6a43d3f7abdc3_big.jpg,https://kultura-doma.ru/public/src/images/gallery/catalog/68e679881466c_big.jpg,null,45 см,45 см,null,null,null,сатин,100% сатин,null,Тайна острова Буяна,null,1280,https://kultura-doma.ru/product/salfetka-tayny-ostrova-buyana,napkin,master_catalog
1263,KD-PD-10981,Свеча с ароматом Древесный табак Тайны острова Буяна,белый,"12,5х16 см",https://kultura-doma.ru/public/src/images/gallery/catalog/6978c59a6fa8e_big.jpg,https://kultura-doma.ru/public/src/images/gallery/catalog/69ca2f7634eed_big.jpg,https://kultura-doma.ru/public/src/images/gallery/catalog/6a5f7fb56d316_big.jpg,null,null,null,null,null,воск кокосовый,null,null,Тайна острова Буяна,с ароматом Древесный табак Тайны острова Буяна,1456,https://kultura-doma.ru/product/aromasvecha-bogatyr-svetlyy-v-keramicheskom-podsvechnike-s-kryshkoy-aromat-drevesnyy-tabak,candle,master_catalog
1264,KD-PD-10980,Свеча с ароматом Уд Тайны острова Буяна,белый,11х16 см,https://kultura-doma.ru/public/src/images/gallery/catalog/6a5f809fd6922_big.jpg,https://kultura-doma.ru/public/src/images/gallery/catalog/69c2479438522_big.jpg,https://kultura-doma.ru/public/src/images/gallery/catalog/6a5f80a01d866_big.jpg,null,null,null,null,null,воск кокосовый,null,null,Тайна острова Буяна,с ароматом Уд Тайны острова Буяна,1455,https://kultura-doma.ru/product/aromasvecha-kupol-temnaya-v-keramicheskom-podsvechnike-s-kryshkoy-aromat-ud,candle,master_catalog
1265,KD-PD-10259,Тарелка десертная Тайны острова Буяна,белый,null,https://kultura-doma.ru/public/src/images/gallery/catalog/6a60949bd1bd9_big.jpg,https://kultura-doma.ru/public/src/images/gallery/catalog/68e6795f54b40_big.jpg,null,null,null,null,null,Тарелка 1 шт,фарфор,100% фарфор,null,Тайна острова Буяна,null,1279,https://kultura-doma.ru/product/tarelka-desertnaya-tayny-ostrova-buyana,dessert_plate,master_catalog
1266,KD-PD-10258,Чайная пара Тайны острова Буяна,белый,null,https://kultura-doma.ru/public/src/images/gallery/catalog/69007dfeb92de_big.jpg,https://kultura-doma.ru/public/src/images/gallery/catalog/68e75f7d4b1df_big.jpg,https://kultura-doma.ru/public/src/images/gallery/catalog/69007e00b292f_big.jpg,null,null,250 мл,null,"Кружка 1 шт, блюдце 1 шт",костяной фарфор,100% костяной фарфор,null,Тайна острова Буяна,null,1277,https://kultura-doma.ru/product/chaynaya-para-tayny-ostrova-buyana,tea_pair,master_catalog
1267,KD-PD-9718,Игра домино Текстура,бежевый,"19,5х19,5 см",https://kultura-doma.ru/public/src/images/gallery/catalog/6a4375aa6eaed_big.jpg,https://kultura-doma.ru/public/src/images/gallery/catalog/6a4375ab2355c_big.jpg,https://kultura-doma.ru/public/src/images/gallery/catalog/6a4375ac308d6_big.jpg,"19,5 см","19,5 см",null,null,null,натуральная кожа,null,null,Текстура,null,382,https://kultura-doma.ru/product/igra-domino-tekstura,other,master_catalog
1268,KD-PD-9719,Игра домино Текстура,черный,"19,5х19,5 см",https://kultura-doma.ru/public/src/images/gallery/catalog/6a4375af70c8c_big.jpg,https://kultura-doma.ru/public/src/images/gallery/catalog/6a4375af053ff_big.jpg,https://kultura-doma.ru/public/src/images/gallery/catalog/6a4375aea342c_big.jpg,"19,5 см","19,5 см",null,null,null,натуральная кожа,null,null,Текстура,null,383,https://kultura-doma.ru/product/igra-domino-tekstura-383,other,master_catalog
1269,KD-PD-8768,Игра крестики - нолики Текстура,черный,18х18 см,https://kultura-doma.ru/public/src/images/gallery/catalog/6a4374d62377f_big.jpg,https://kultura-doma.ru/public/src/images/gallery/catalog/6a4374d4b3831_big.jpg,https://kultura-doma.ru/public/src/images/gallery/catalog/6a4374d66f135_big.jpg,18 см,18 см,null,null,null,натуральная кожа,null,null,Текстура,null,378,https://kultura-doma.ru/product/igra-krestiki---noliki-tekstura,other,master_catalog
1270,KD-PD-8769,Игра крестики - нолики Текстура,бежевый,18х18 см,https://kultura-doma.ru/public/src/images/gallery/catalog/6a4374d911192_big.jpg,https://kultura-doma.ru/public/src/images/gallery/catalog/6a4374d88ca9d_big.jpg,https://kultura-doma.ru/public/src/images/gallery/catalog/6a4374da090e0_big.jpg,18 см,18 см,null,null,null,натуральная кожа,null,null,Текстура,null,379,https://kultura-doma.ru/product/igra-krestiki---noliki-tekstura-379,other,master_catalog
1271,KD-PD-8770,Игра шашки Текстура,черный,43х43 см,https://kultura-doma.ru/public/src/images/gallery/catalog/6a4374dca3f1b_big.jpg,https://kultura-doma.ru/public/src/images/gallery/catalog/6a4374dc0d590_big.jpg,https://kultura-doma.ru/public/src/images/gallery/catalog/6a4374dc5977b_big.jpg,43 см,43 см,null,null,null,натуральная кожа,null,null,Текстура,null,380,https://kultura-doma.ru/product/igra-shashki-tekstura,other,master_catalog
1272,KD-PD-8771,Игра шашки Текстура,бежевый,43х43 см,https://kultura-doma.ru/public/src/images/gallery/catalog/6a4374e02ae19_big.jpg,https://kultura-doma.ru/public/src/images/gallery/catalog/6a4374dfdefdc_big.jpg,https://kultura-doma.ru/public/src/images/gallery/catalog/6a4374e0c1c13_big.jpg,43 см,43 см,null,null,null,натуральная кожа,null,null,Текстура,null,381,https://kultura-doma.ru/product/igra-shashki-tekstura-381,other,master_catalog
1273,KD-PD-8783,Конверт для приборов Текстура,черный,26х7х6 см,https://kultura-doma.ru/public/src/images/gallery/catalog/6a43750a1391b_big.jpg,https://kultura-doma.ru/public/src/images/gallery/catalog/6a43750942cc3_big.jpg,https://kultura-doma.ru/public/src/images/gallery/catalog/6a43750a50eff_big.jpg,26 см,7 см,null,null,null,натуральная кожа,null,null,Текстура,null,545,https://kultura-doma.ru/product/konvert-dlya-priborov-tekstura,other,master_catalog
1274,KD-PD-8784,Конверт для приборов Текстура,коричневый,26х7х6 см,https://kultura-doma.ru/public/src/images/gallery/catalog/6a43750e0d50d_big.jpg,https://kultura-doma.ru/public/src/images/gallery/catalog/6a43750e45c84_big.jpg,https://kultura-doma.ru/public/src/images/gallery/catalog/6a4375108ef3d_big.jpg,26 см,7 см,null,null,null,натуральная кожа,null,null,Текстура,null,546,https://kultura-doma.ru/product/konvert-dlya-priborov-tekstura-546,other,master_catalog
1275,KD-PD-8785,Конверт для приборов Текстура,бежевый,26х7х6 см,https://kultura-doma.ru/public/src/images/gallery/catalog/6a4375131e136_big.jpg,https://kultura-doma.ru/public/src/images/gallery/catalog/6a43751395c28_big.jpg,https://kultura-doma.ru/public/src/images/gallery/catalog/6a4375135e92b_big.jpg,26 см,7 см,null,null,null,натуральная кожа,null,null,Текстура,null,547,https://kultura-doma.ru/product/konvert-dlya-priborov-tekstura-547,other,master_catalog
1276,KD-PD-8765,Корзина Текстура,коричневый,25х10х5 см,https://kultura-doma.ru/public/src/images/gallery/catalog/689209814dad6_big.jpg,https://kultura-doma.ru/public/src/images/gallery/catalog/68b99b6eca2ab_big.jpg,https://kultura-doma.ru/public/src/images/gallery/catalog/68b99b76b5837_big.jpg,25 см,10 см,null,null,null,натуральная кожа,null,null,Текстура,null,370,https://kultura-doma.ru/product/korzina-tekstura-370,other,master_catalog
1277,KD-PD-8766,Корзина Текстура,черный,18х18х43 см,https://kultura-doma.ru/public/src/images/gallery/catalog/6a4374d0b98ff_big.jpg,https://kultura-doma.ru/public/src/images/gallery/catalog/6a4374cf781d5_big.jpg,https://kultura-doma.ru/public/src/images/gallery/catalog/6a4374d102510_big.jpg,18 см,18 см,null,null,null,натуральная кожа,null,null,Текстура,null,371,https://kultura-doma.ru/product/korzina-tekstura-371,other,master_catalog
1278,KD-PD-8762,Набор для ванной Текстура,черный,"стакан для щеток 8х12 см, стакан для палочек 11,5х18 см, дозатор 19х9 см",https://kultura-doma.ru/public/src/images/gallery/catalog/6a47be3c1cd3e_big.jpg,https://kultura-doma.ru/public/src/images/gallery/catalog/6a47be3d37257_big.jpg,https://kultura-doma.ru/public/src/images/gallery/catalog/6a47be3c9bea0_big.jpg,8 см,12 см,null,null,null,натуральная кожа,null,null,Текстура,null,604,https://kultura-doma.ru/product/nabor-dlya-vannoy-tekstura,other,master_catalog
1279,KD-PD-8763,Набор для ванной Текстура,коричневый,null,https://kultura-doma.ru/public/src/images/gallery/catalog/6a4374c8b6e7c_big.jpg,https://kultura-doma.ru/public/src/images/gallery/catalog/6a4374c979742_big.jpg,https://kultura-doma.ru/public/src/images/gallery/catalog/6a4374c93ea6e_big.jpg,null,null,null,null,null,натуральная кожа,null,null,Текстура,null,605,https://kultura-doma.ru/product/nabor-dlya-vannoy-tekstura-605,other,master_catalog
1280,KD-PD-8772,Набор колец Текстура,черный,"5х5х4,5 см",https://kultura-doma.ru/public/src/images/gallery/catalog/6a4374e283cc8_big.jpg,https://kultura-doma.ru/public/src/images/gallery/catalog/6a4374e24ba9d_big.jpg,https://kultura-doma.ru/public/src/images/gallery/catalog/6a4374e2bd474_big.jpg,5 см,5 см,null,null,null,натуральная кожа,null,null,Текстура,null,542,https://kultura-doma.ru/product/nabor-kolec-tekstura,other,master_catalog
1281,KD-PD-8773,Набор колец Текстура,коричневый,"5х5х4,5 см",https://kultura-doma.ru/public/src/images/gallery/catalog/6a4374e4a6704_big.jpg,https://kultura-doma.ru/public/src/images/gallery/catalog/6a4374e4662f3_big.jpg,https://kultura-doma.ru/public/src/images/gallery/catalog/6a4374e4ed321_big.jpg,5 см,5 см,null,null,null,натуральная кожа,null,null,Текстура,null,543,https://kultura-doma.ru/product/nabor-kolec-tekstura-543,other,master_catalog
1282,KD-PD-8774,Набор колец Текстура,бежевый,"5х5х4,5 см",https://kultura-doma.ru/public/src/images/gallery/catalog/6a4374e79ac18_big.jpg,https://kultura-doma.ru/public/src/images/gallery/catalog/6a4374e6c71ab_big.jpg,https://kultura-doma.ru/public/src/images/gallery/catalog/6a4374e757d8a_big.jpg,5 см,5 см,null,null,null,натуральная кожа,null,null,Текстура,null,544,https://kultura-doma.ru/product/nabor-kolec-tekstura-544,other,master_catalog
1283,KD-PD-9713,Обложка для ежедневника Текстура,коричневый,15х21 см,https://kultura-doma.ru/public/src/images/gallery/catalog/6a43759554a63_big.jpg,https://kultura-doma.ru/public/src/images/gallery/catalog/6a437596a2438_big.jpg,https://kultura-doma.ru/public/src/images/gallery/catalog/6a4375948fca8_big.jpg,15 см,21 см,null,null,null,натуральная кожа,null,null,Текстура,null,885,https://kultura-doma.ru/product/oblozhka-dlya-ezhednevnika-tekstura,other,master_catalog
1284,KD-PD-8777,Плейсмат Текстура,черный,⌀30 см,https://kultura-doma.ru/public/src/images/gallery/catalog/6a4374f158e23_big.jpg,https://kultura-doma.ru/public/src/images/gallery/catalog/6a4374f0beb87_big.jpg,https://kultura-doma.ru/public/src/images/gallery/catalog/6a4374f1105ec_big.jpg,null,null,null,null,null,натуральная кожа,null,null,Текстура,null,553,https://kultura-doma.ru/product/pleysmat-tekstura,placemat,master_catalog
1285,KD-PD-8778,Плейсмат Текстура,коричневый,⌀30 см,https://kultura-doma.ru/public/src/images/gallery/catalog/6a4374f54239a_big.jpg,https://kultura-doma.ru/public/src/images/gallery/catalog/6a4374f4002a5_big.jpg,https://kultura-doma.ru/public/src/images/gallery/catalog/6a4374f616f88_big.jpg,null,null,null,null,null,натуральная кожа,null,null,Текстура,null,554,https://kultura-doma.ru/product/pleysmat-tekstura-554,placemat,master_catalog
1286,KD-PD-8779,Плейсмат Текстура,бежевый,⌀30 см,https://kultura-doma.ru/public/src/images/gallery/catalog/6a4374fa6a51e_big.jpg,https://kultura-doma.ru/public/src/images/gallery/catalog/6a4374f92306f_big.jpg,https://kultura-doma.ru/public/src/images/gallery/catalog/6a4374fb39b0a_big.jpg,null,null,null,null,null,натуральная кожа,null,null,Текстура,null,555,https://kultura-doma.ru/product/pleysmat-tekstura-555,placemat,master_catalog
1287,KD-PD-8780,Плейсмат Текстура,черный,40х30 см,https://kultura-doma.ru/public/src/images/gallery/catalog/6a4375002e178_big.jpg,https://kultura-doma.ru/public/src/images/gallery/catalog/6a4374fe0385d_big.jpg,https://kultura-doma.ru/public/src/images/gallery/catalog/6a4375008c5e4_big.jpg,40 см,30 см,null,null,null,натуральная кожа,null,null,Текстура,null,556,https://kultura-doma.ru/product/pleysmat-tekstura-556,placemat,master_catalog
1288,KD-PD-8781,Плейсмат Текстура,коричневый,40х30 см,https://kultura-doma.ru/public/src/images/gallery/catalog/6a4375051af66_big.jpg,https://kultura-doma.ru/public/src/images/gallery/catalog/6a437503503b1_big.jpg,https://kultura-doma.ru/public/src/images/gallery/catalog/6a4375055abeb_big.jpg,40 см,30 см,null,null,null,натуральная кожа,null,null,Текстура,null,557,https://kultura-doma.ru/product/pleysmat-tekstura-557,placemat,master_catalog
1289,KD-PD-8782,Плейсмат Текстура,бежевый,40х30 см,https://kultura-doma.ru/public/src/images/gallery/catalog/6a4375071abaa_big.jpg,https://kultura-doma.ru/public/src/images/gallery/catalog/68b042c128fdd_big.jpg,https://kultura-doma.ru/public/src/images/gallery/catalog/6a4375075ca19_big.jpg,40 см,30 см,null,null,null,натуральная кожа,null,null,Текстура,null,558,https://kultura-doma.ru/product/pleysmat-tekstura-558,placemat,master_catalog
1290,KD-PD-9711,Поднос Текстура,черный,null,https://kultura-doma.ru/public/src/images/gallery/catalog/6a58e99971c7c_big.jpg,null,null,null,null,null,null,null,натуральная кожа,null,null,Текстура,null,566,https://kultura-doma.ru/product/podnos-tekstura-566,other,master_catalog
1291,KD-PD-8776,Подставка под бокал Текстура,коричневый,null,https://kultura-doma.ru/public/src/images/gallery/catalog/6a4374ed2e7de_big.jpg,https://kultura-doma.ru/public/src/images/gallery/catalog/6a4374ec602a8_big.jpg,https://kultura-doma.ru/public/src/images/gallery/catalog/6a4374ece2ae6_big.jpg,null,null,null,null,null,натуральная кожа,null,null,Текстура,null,277,https://kultura-doma.ru/product/podstavka-pod-bokal-tekstura-277,wine_glass_set,master_catalog
1292,KD-PD-8758,Салфетница Текстура,черный,12х12х12 см,https://kultura-doma.ru/public/src/images/gallery/catalog/6a4374b928bc8_big.jpg,https://kultura-doma.ru/public/src/images/gallery/catalog/6a4374b8dde46_big.jpg,https://kultura-doma.ru/public/src/images/gallery/catalog/6a4374b96af6c_big.jpg,12 см,12 см,null,null,null,натуральная кожа,null,null,Текстура,null,272,https://kultura-doma.ru/product/salfetnica-tekstura,napkin,master_catalog
1293,KD-PD-8759,Салфетница Текстура,коричневый,12х12х12 см,https://kultura-doma.ru/public/src/images/gallery/catalog/6a4374bb5d537_big.jpg,https://kultura-doma.ru/public/src/images/gallery/catalog/6a4374bb235bf_big.jpg,https://kultura-doma.ru/public/src/images/gallery/catalog/6a4374bb9a097_big.jpg,12 см,12 см,null,null,null,натуральная кожа,null,null,Текстура,null,273,https://kultura-doma.ru/product/salfetnica-tekstura-273,napkin,master_catalog
1294,KD-PD-8761,Салфетница Текстура,коричневый,24х12х7 см,https://kultura-doma.ru/public/src/images/gallery/catalog/6a4374c22d68e_big.jpg,https://kultura-doma.ru/public/src/images/gallery/catalog/6a4374c131ff5_big.jpg,https://kultura-doma.ru/public/src/images/gallery/catalog/6a4374c1b2078_big.jpg,24 см,12 см,null,null,null,натуральная кожа,null,null,Текстура,null,275,https://kultura-doma.ru/product/salfetnica-tekstura-275,napkin,master_catalog
1295,KD-PD-9715,Хлебница Текстура,коричневый,null,https://kultura-doma.ru/public/src/images/gallery/catalog/6a43759f678c3_big.jpg,https://kultura-doma.ru/public/src/images/gallery/catalog/6a4375a010a13_big.jpg,https://kultura-doma.ru/public/src/images/gallery/catalog/6a43759fb990e_big.jpg,null,null,null,null,null,натуральная кожа,null,null,Текстура,null,286,https://kultura-doma.ru/product/hlebnica-tekstura,other,master_catalog
1296,KD-PD-9716,Хлебница Текстура,черный,null,https://kultura-doma.ru/public/src/images/gallery/catalog/6a4375a3b6e11_big.jpg,https://kultura-doma.ru/public/src/images/gallery/catalog/6a4375a44fa68_big.jpg,null,null,null,null,null,null,натуральная кожа,null,null,Текстура,null,287,https://kultura-doma.ru/product/hlebnica-tekstura-287,other,master_catalog
1297,KD-PD-9717,Хлебница Текстура,бежевый,null,https://kultura-doma.ru/public/src/images/gallery/catalog/6a4375a735af0_big.jpg,https://kultura-doma.ru/public/src/images/gallery/catalog/69c4fb62885bd_big.jpg,https://kultura-doma.ru/public/src/images/gallery/catalog/6a4375a8713df_big.jpg,null,null,null,null,null,натуральная кожа,null,null,Текстура,null,288,https://kultura-doma.ru/product/hlebnica-tekstura-288,other,master_catalog
1298,KD-PD-2519,Свеча Феникс,Белый / Золотой,10 см,null,null,null,10 см,null,null,null,null,null,Воск,null,Феникс,Дерево жизни,null,null,candle,storefront_manual
1299,KD-PD-2519,Свеча Феникс,Белый / Золотой,10 см,null,null,null,10 см,null,null,null,null,null,Воск,null,Феникс,Сандал и шалфей,null,null,candle,storefront_manual
1300,KD-PD-11436,Блюдо овальное Камея,белый,25х18 см,https://kultura-doma.ru/public/src/images/gallery/catalog/6a3a77a9a9ef4_big.jpg,https://kssafonova.github.io/kd/images/imported-products/69a575b5c5163_big.jpg,null,null,null,null,null,null,костяной фарфор,100% костяной фарфор,null,Эхо / Камея,null,1552,https://kultura-doma.ru/product/blyudo-oval-noe-kameya,serving_dish,master_catalog
1301,KD-PD-11437,Блюдо овальное Камея,белый,36х26 см,https://kultura-doma.ru/public/src/images/gallery/catalog/6a3a77a832033_big.jpg,https://kssafonova.github.io/kd/images/imported-products/69a575cbeca53_big.jpg,null,null,null,null,null,null,костяной фарфор,100% костяной фарфор,null,Эхо / Камея,null,1553,https://kultura-doma.ru/product/blyudo-oval-noe-kameya-1553,serving_dish,master_catalog
1302,KD-PD-11518,Кофейная пара Камея,белый,null,https://kultura-doma.ru/public/src/images/gallery/catalog/6a394af3ed506_big.jpg,https://kssafonova.github.io/kd/images/imported-products/6a15ad989a8a5_big.jpg,https://kultura-doma.ru/public/src/images/gallery/catalog/6a394af3a736d_big.jpg,null,null,90 мл,null,"Чашка 1 шт, блюдце 1 шт",костяной фарфор,100% костяной фарфор,null,Эхо / Камея,null,1557,https://kultura-doma.ru/product/kofeynaya-para-kameya,coffee_pair,master_catalog
1303,KD-PD-11442,Кружка Камея,белый,null,https://kultura-doma.ru/public/src/images/gallery/catalog/6a394aefe9f00_big.jpg,https://kssafonova.github.io/kd/images/imported-products/69a5787c5c475_big.jpg,null,null,null,350 мл,null,null,костяной фарфор,100% костяной фарфор,null,Эхо / Камея,null,1555,https://kultura-doma.ru/product/kruzhka-kameya,mug,master_catalog
1304,KD-PD-11441,Молочник Камея,белый,null,https://kultura-doma.ru/public/src/images/gallery/catalog/6a394aeea5edf_big.jpg,https://kssafonova.github.io/kd/images/imported-products/6a15ad53ba204_big.jpg,https://kssafonova.github.io/kd/images/imported-products/69a5765de48a1_big.jpg,null,null,130 мл,null,Молочник 1 шт,костяной фарфор,100% костяной фарфор,null,Эхо / Камея,null,1554,https://kultura-doma.ru/product/molochnik-kameya,milk_jug,master_catalog
1305,KD-PD-11449,Салатник Камея,белый,null,https://kultura-doma.ru/public/src/images/gallery/catalog/6a3a85f308820_big.jpg,https://kssafonova.github.io/kd/images/imported-products/69a5751851cd4_big.jpg,null,null,null,null,null,Салатник 1 шт,костяной фарфор,100% костяной фарфор,null,Эхо / Камея,null,1559,https://kultura-doma.ru/product/salatnik-kameya,salad_bowl,master_catalog
1306,KD-PD-11450,Салатник Камея,белый,20 см,https://kultura-doma.ru/public/src/images/gallery/catalog/6a3a861165ce4_big.jpg,https://kssafonova.github.io/kd/images/imported-products/6a15afd9285dd_big.jpg,null,null,null,null,20 см,Салатник 1 шт,костяной фарфор,100% костяной фарфор,null,Эхо / Камея,null,1560,https://kultura-doma.ru/product/salatnik-kameya-1560,salad_bowl,master_catalog
1307,KD-PD-11440,Сахарница Камея,белый,null,https://kultura-doma.ru/public/src/images/gallery/catalog/6a394af59a5dc_big.jpg,https://kssafonova.github.io/kd/images/imported-products/6a15aede2722f_big.jpg,null,null,null,null,null,Сахарница 1 шт,костяной фарфор,100% костяной фарфор,null,Эхо / Камея,null,1561,https://kultura-doma.ru/product/saharnica-kameya,sugar_bowl,master_catalog
1308,KD-PD-11448,Супница Камея,белый,"31х23,7х14 см",https://kultura-doma.ru/public/src/images/gallery/catalog/69f06b7fd6aff_big.jpg,https://kssafonova.github.io/kd/images/imported-products/6a15b01297ff6_big.jpg,https://kultura-doma.ru/public/src/images/gallery/catalog/69f06b801a49b_big.jpg,null,null,null,null,null,null,null,null,Эхо / Камея,null,1558,https://kultura-doma.ru/product/supnica-kameya,soup_tureen,master_catalog
1309,KD-PD-11435,Тарелка глубокая Камея,белый,23 см,https://kultura-doma.ru/public/src/images/gallery/catalog/6a3a7324b8aea_big.jpg,https://kssafonova.github.io/kd/images/imported-products/69a5769a92bc5_big.jpg,https://kultura-doma.ru/public/src/images/gallery/catalog/6a3a7324f2ff1_big.jpg,null,null,null,23 см,Тарелка 1 шт,костяной фарфор,100% костяной фарфор,null,Эхо / Камея,null,1565,https://kultura-doma.ru/product/tarelka-glubokaya-kameya,deep_plate,master_catalog
1310,KD-PD-11432,Тарелка десертная Камея,белый,"20,8 см",https://kultura-doma.ru/public/src/images/gallery/catalog/6a3a73285a37b_big.jpg,https://kssafonova.github.io/kd/images/imported-products/69a5772a9dbd2_big.jpg,null,null,null,null,"20,8 см",Тарелка 1 шт,костяной фарфор,100% костяной фарфор,null,Эхо / Камея,null,1562,https://kultura-doma.ru/product/tarelka-desertnaya-kameya,dessert_plate,master_catalog
1311,KD-PD-11447,Тарелка для супа Камея,белый,16х11х5 см,https://kultura-doma.ru/public/src/images/gallery/catalog/6a3a732cb2a24_big.jpg,https://kssafonova.github.io/kd/images/imported-products/6a15b0794dc81_big.jpg,https://kssafonova.github.io/kd/images/imported-products/699f0fd03a5c0_big.jpg,16 см,11 см,null,null,null,костяной фарфор,100% костяной фарфор,null,Эхо / Камея,null,1566,https://kultura-doma.ru/product/tarelka-dlya-supa,other,master_catalog
1312,KD-PD-11433,Тарелка закусочная Камея,белый,"23,5 см",https://kultura-doma.ru/public/src/images/gallery/catalog/6a3a739923911_big.jpg,https://kssafonova.github.io/kd/images/imported-products/69a576f26a902_big.jpg,null,null,null,null,"23,5 см",Тарелка 1 шт,костяной фарфор,100% костяной фарфор,null,Эхо / Камея,null,1563,https://kultura-doma.ru/product/tarelka-zakusochnaya-kameya,snack_plate,master_catalog
1313,KD-PD-11434,Тарелка обеденная Камея,белый,"26,6 см",https://kssafonova.github.io/kd/images/imported-products/6a06d76222d16_big.jpg,https://kssafonova.github.io/kd/images/imported-products/69a576c56bb35_big.jpg,null,null,null,null,"26,6 см",Тарелка 1 шт,костяной фарфор,100% костяной фарфор,null,Эхо / Камея,null,1564,https://kultura-doma.ru/product/tarelka-obedennaya-kameya,dinner_plate,master_catalog
1314,KD-PD-11517,Чайная пара Камея,белый,null,https://kultura-doma.ru/public/src/images/gallery/catalog/6a394af134502_big.jpg,https://kssafonova.github.io/kd/images/imported-products/69a5760b0ab4b_big.jpg,null,null,null,250 мл,null,"Кружка 1 шт, блюдце 1 шт",костяной фарфор,100% костяной фарфор,null,Эхо / Камея,null,1556,https://kultura-doma.ru/product/chaynaya-para-kameya,tea_pair,master_catalog
1315,KD-PD-11438,Чайник заварочный Камея,белый,null,https://kultura-doma.ru/public/src/images/gallery/catalog/6a50b12627f2e_big.jpg,https://kssafonova.github.io/kd/images/imported-products/699f11c473620_big.jpg,null,null,null,1800 мл,null,Чайник 1 шт,костяной фарфор,100% костяной фарфор,null,Эхо / Камея,null,1567,https://kultura-doma.ru/product/chaynik-zavarochnyy-kameya,teapot,master_catalog
1316,KD-PD-11439,Чайник заварочный Камея,белый,null,https://kultura-doma.ru/public/src/images/gallery/catalog/6a394af835e91_big.jpg,https://kssafonova.github.io/kd/images/imported-products/699d71e583d98_big.jpg,null,null,null,900 мл,null,Чайник 1 шт,костяной фарфор,100% костяной фарфор,null,Эхо / Камея,null,1568,https://kultura-doma.ru/product/chaynik-zavarochnyy-kameya-1568,teapot,master_catalog
1317,KD-PD-10244,Блюдо овальное Юрма,коричневый,"23х12,5 см",https://kultura-doma.ru/public/src/images/gallery/catalog/6a4375c18b6fa_big.jpg,null,null,null,null,null,null,null,керамика,100% керамика,null,Юрма,null,1397,https://kultura-doma.ru/product/blyudo-yurma-oval-noe-23sm,serving_dish,master_catalog
1318,KD-PD-10245,Блюдо овальное Юрма,коричневый,"26,5х12,5 см",https://kultura-doma.ru/public/src/images/gallery/catalog/6a4375c2c0b3b_big.jpg,null,null,null,null,null,null,null,керамика,100% керамика,null,Юрма,null,1398,https://kultura-doma.ru/product/blyudo-yurma-oval-noe-26sm,serving_dish,master_catalog
1319,KD-PD-10250,Кофейная пара Юрма,коричневый,null,https://kultura-doma.ru/public/src/images/gallery/catalog/6a4375ca15629_big.jpg,https://kultura-doma.ru/public/src/images/gallery/catalog/693c0854d2766_big.jpg,null,null,null,null,null,"Чашка 1 шт, блюдце 1 шт",керамика,100% керамика,null,Юрма,null,1403,https://kultura-doma.ru/product/kofeynaya-para-yurma,coffee_pair,master_catalog
1320,KD-PD-10248,Кружка Юрма,коричневый,null,https://kultura-doma.ru/public/src/images/gallery/catalog/6a4375c70e7d6_big.jpg,null,null,null,null,430 мл,null,null,керамика,100% керамика,null,Юрма,null,1401,https://kultura-doma.ru/product/kruzhka-yurma-430ml,mug,master_catalog
1321,KD-PD-10249,Кружка Юрма,коричневый,null,https://kultura-doma.ru/public/src/images/gallery/catalog/6a4375c8781cc_big.jpg,null,null,null,null,220 мл,null,null,керамика,100% керамика,null,Юрма,null,1402,https://kultura-doma.ru/product/kruzhka-yurma-220ml,mug,master_catalog
1322,KD-PD-10240,Салатник Юрма,коричневый,null,https://kultura-doma.ru/public/src/images/gallery/catalog/6a4375bbbc5cd_big.jpg,null,null,null,null,null,null,Салатник 1 шт,керамика,100% керамика,null,Юрма,null,1350,https://kultura-doma.ru/product/salatnik-yurma,salad_bowl,master_catalog
1323,KD-PD-10241,Салатник Юрма,коричневый,null,https://kultura-doma.ru/public/src/images/gallery/catalog/6a4375bd175c2_big.jpg,null,null,null,null,null,null,Салатник 1 шт,керамика,100% керамика,null,Юрма,null,1394,https://kultura-doma.ru/product/salatnik-yurma-14-5-sm,salad_bowl,master_catalog
1324,KD-PD-10242,Салатник Юрма,коричневый,null,https://kultura-doma.ru/public/src/images/gallery/catalog/6a4375be96ccf_big.jpg,null,null,null,null,null,null,Салатник 1 шт,керамика,100% керамика,null,Юрма,null,1395,https://kultura-doma.ru/product/salatnik-yurma-21-sm,salad_bowl,master_catalog
1325,KD-PD-10253,Стакан Юрма,null,null,https://kultura-doma.ru/public/src/images/gallery/catalog/6a4375cbcb262_big.jpg,null,null,null,null,150 мл,null,null,керамика,100% керамика,null,Юрма,null,1404,https://kultura-doma.ru/product/stakan-yurma-150ml,glassware_set,master_catalog
1326,KD-PD-10246,Тарелка ассиметричная Юрма,коричневый,null,https://kultura-doma.ru/public/src/images/gallery/catalog/6a4375c4362c0_big.jpg,null,null,null,null,null,null,null,керамика,100% керамика,null,Юрма,null,1399,https://kultura-doma.ru/product/tarelka-yurma-assimetrichnaya-18sm,other,master_catalog
1327,KD-PD-10247,Тарелка ассиметричная Юрма,коричневый,null,https://kultura-doma.ru/public/src/images/gallery/catalog/6a4375c5a4e71_big.jpg,https://kultura-doma.ru/public/src/images/gallery/catalog/693c089ec0134_big.jpg,null,null,null,null,null,null,керамика,100% керамика,null,Юрма,null,1400,https://kultura-doma.ru/product/tarelka-yurma-assimetrichnaya-15sm,other,master_catalog
1328,KD-PD-10243,Тарелка глубокая Юрма,коричневый,null,https://kultura-doma.ru/public/src/images/gallery/catalog/6a4375bff0e51_big.jpg,null,null,null,null,null,null,Тарелка 1 шт,керамика,100% керамика,null,Юрма,null,1396,https://kultura-doma.ru/product/tarelka-yurma-glubokaya-16sm,deep_plate,master_catalog
1329,KD-PD-10239,Тарелка закусочная Юрма,коричневый,22 см,https://kultura-doma.ru/public/src/images/gallery/catalog/6a4375ba7ddce_big.jpg,null,null,null,null,null,22 см,Тарелка 1 шт,керамика,100% керамика,null,Юрма,null,1349,https://kultura-doma.ru/product/tarelka-zakusochnaya-yurma,snack_plate,master_catalog
1330,KD-PD-10238,Тарелка обеденная Юрма,коричневый,"26,5 см",https://kultura-doma.ru/public/src/images/gallery/catalog/6a4375b9224e0_big.jpg,null,null,null,null,null,"26,5 см",Тарелка 1 шт,керамика,100% керамика,null,Юрма,null,1348,https://kultura-doma.ru/product/tarelka-obedennaya-yurma,dinner_plate,master_catalog
