offer_id,group_id,vendor_code,collection,product_name,product_url,product_type,constructor_role,mix_role,builder_domain,palette,style_tags,price,old_price,color,size,material,volume,availability_status,primary_image_url,all_image_urls
736,,УТ-00008310,,Ваза Росы,https://kultura-doma.ru/product/vaza-rosy-736,vase,atmosphere_or_drinks,,,,,17900,,,,хрусталь,,unknown_from_feed,https://kultura-doma.ru/public/src/images/gallery/catalog/6a0d5aedec7d8_big.jpg,https://kultura-doma.ru/public/src/images/gallery/catalog/6a0d5aedec7d8_big.jpg|https://kultura-doma.ru/public/src/images/gallery/catalog/6a0d5aecaa874_big.jpg|https://kultura-doma.ru/public/src/images/gallery/catalog/6a0d5aed724ba_big.jpg|https://kultura-doma.ru/public/src/images/gallery/catalog/6a0d5aed2f131_big.jpg
486,,УТ-00008694,,Ваза Росы,https://kultura-doma.ru/product/vaza-rosy-486,vase,atmosphere_or_drinks,,,,,20100,,,,хрусталь,,unknown_from_feed,https://kultura-doma.ru/public/src/images/gallery/catalog/6a0d5aded8de0_big.jpg,https://kultura-doma.ru/public/src/images/gallery/catalog/6a0d5aded8de0_big.jpg|https://kultura-doma.ru/public/src/images/gallery/catalog/6a0d5ade5575c_big.jpg|https://kultura-doma.ru/public/src/images/gallery/catalog/6a0d5ade947ff_big.jpg
524,,УТ-00009756,,Ваза Росы,https://kultura-doma.ru/product/vaza-rosy-524,vase,atmosphere_or_drinks,,,,,20100,,,,хрусталь,,unknown_from_feed,https://kultura-doma.ru/public/src/images/gallery/catalog/68c9324b17f49_big.jpg,https://kultura-doma.ru/public/src/images/gallery/catalog/68c9324b17f49_big.jpg|https://kultura-doma.ru/public/src/images/gallery/catalog/68fa1e390239f_big.jpg
525,,УТ-00009757,,Ваза Росы,https://kultura-doma.ru/product/vaza-rosy-525,vase,atmosphere_or_drinks,,,,,22400,,,,хрусталь,,unknown_from_feed,https://kultura-doma.ru/public/src/images/gallery/catalog/68c938b5b9d76_big.jpg,https://kultura-doma.ru/public/src/images/gallery/catalog/68c938b5b9d76_big.jpg|https://kultura-doma.ru/public/src/images/gallery/catalog/68fb3f762ed6c_big.jpg
737,,УТ-00008309,,Ваза Росы,https://kultura-doma.ru/product/vaza-rosy-737,vase,atmosphere_or_drinks,,,,,17900,,,,хрусталь,,unknown_from_feed,https://kultura-doma.ru/public/src/images/gallery/catalog/6a0d5af0daeeb_big.jpg,https://kultura-doma.ru/public/src/images/gallery/catalog/6a0d5af0daeeb_big.jpg|https://kultura-doma.ru/public/src/images/gallery/catalog/6a0d5af0914dc_big.jpg|https://kultura-doma.ru/public/src/images/gallery/catalog/6a0d5af047e3b_big.jpg
1210,,УТ-00008311,,Ваза Росы,https://kultura-doma.ru/product/vaza-rosy,vase,atmosphere_or_drinks,,,,,31200,,,,хрусталь,,unknown_from_feed,https://kultura-doma.ru/public/src/images/gallery/catalog/6a0d5ae44dba0_big.jpg,https://kultura-doma.ru/public/src/images/gallery/catalog/6a0d5ae44dba0_big.jpg|https://kultura-doma.ru/public/src/images/gallery/catalog/6a0d5ae4056c1_big.jpg
1431,1431,УТ-00010237,,Ваза Призма Лед,https://kultura-doma.ru/product/vaza-prizma-led,vase,atmosphere_or_drinks,,,,,85900,,,29 см,хрусталь,,unknown_from_feed,https://kultura-doma.ru/public/src/images/gallery/catalog/699587554d7d4_big.jpg,https://kultura-doma.ru/public/src/images/gallery/catalog/699587554d7d4_big.jpg|https://kultura-doma.ru/public/src/images/gallery/catalog/699570b0be92b_big.png|https://kultura-doma.ru/public/src/images/gallery/catalog/696f6711a4c5f_big.jpg|https://kultura-doma.ru/public/src/images/gallery/catalog/6a0d5ac3ec511_big.jpg
1209,,УТ-00010146,,Ваза Корона,https://kultura-doma.ru/product/vaza-korona,vase,atmosphere_or_drinks,,,,,17900,,,,хрусталь,,unknown_from_feed,https://kultura-doma.ru/public/src/images/gallery/catalog/6a0d5adcdbbdd_big.jpg,https://kultura-doma.ru/public/src/images/gallery/catalog/6a0d5adcdbbdd_big.jpg|https://kultura-doma.ru/public/src/images/gallery/catalog/69ca19c360490_big.jpg|https://kultura-doma.ru/public/src/images/gallery/catalog/6a0d5adc93c83_big.jpg
1254,,УТ-00010124,,Ваза Корона,https://kultura-doma.ru/product/vaza-korona-1254,vase,atmosphere_or_drinks,,,,,17900,,,,хрусталь,,unknown_from_feed,https://kultura-doma.ru/public/src/images/gallery/catalog/68dbc723a15f1_big.jpg,https://kultura-doma.ru/public/src/images/gallery/catalog/68dbc723a15f1_big.jpg|https://kultura-doma.ru/public/src/images/gallery/catalog/69ca1c6f57f60_big.jpg|https://kultura-doma.ru/public/src/images/gallery/catalog/6a0d5aeade5b4_big.jpg
1255,,УТ-00010147,,Ваза Корона,https://kultura-doma.ru/product/vaza-korona-1255,vase,atmosphere_or_drinks,,,,,17900,,,,хрусталь,,unknown_from_feed,https://kultura-doma.ru/public/src/images/gallery/catalog/6a0d5ae294a79_big.jpg,https://kultura-doma.ru/public/src/images/gallery/catalog/6a0d5ae294a79_big.jpg|https://kultura-doma.ru/public/src/images/gallery/catalog/69ca1aa1776fa_big.jpg|https://kultura-doma.ru/public/src/images/gallery/catalog/6a0d5ae24ab6b_big.jpg
1251,,УТ-00010115,,Ваза Хрустальный дворец,https://kultura-doma.ru/product/vaza-hrustal-nyy-dvorec,vase,atmosphere_or_drinks,,,,,17900,,,,хрусталь,,unknown_from_feed,https://kultura-doma.ru/public/src/images/gallery/catalog/6a0d5ae95c275_big.jpg,https://kultura-doma.ru/public/src/images/gallery/catalog/6a0d5ae95c275_big.jpg|https://kultura-doma.ru/public/src/images/gallery/catalog/69ca1b611cf78_big.jpg|https://kultura-doma.ru/public/src/images/gallery/catalog/6a0d5ae91608a_big.jpg
1253,,УТ-00010114,,Ваза Хрустальный дворец,https://kultura-doma.ru/product/vaza-hrustal-nyy-dvorec-1253,vase,atmosphere_or_drinks,,,,,17900,,,,хрусталь,,unknown_from_feed,https://kultura-doma.ru/public/src/images/gallery/catalog/6a0d5adac215c_big.jpg,https://kultura-doma.ru/public/src/images/gallery/catalog/6a0d5adac215c_big.jpg|https://kultura-doma.ru/public/src/images/gallery/catalog/69ca1b079d747_big.jpg|https://kultura-doma.ru/public/src/images/gallery/catalog/6a0d5ada6d809_big.jpg
1252,,УТ-00010148,,Ваза Хрустальный дворец,https://kultura-doma.ru/product/vaza-hrustal-nyy-dvorec-1252,vase,atmosphere_or_drinks,,,,,17900,,,,хрусталь,,unknown_from_feed,https://kultura-doma.ru/public/src/images/gallery/catalog/6a0d5ae0b6e06_big.jpg,https://kultura-doma.ru/public/src/images/gallery/catalog/6a0d5ae0b6e06_big.jpg|https://kultura-doma.ru/public/src/images/gallery/catalog/69ca1a4b5da61_big.jpg|https://kultura-doma.ru/public/src/images/gallery/catalog/6a0d5ae07bcc1_big.jpg
1614,,УТ-00011023,,Ваза Фуджи,https://kultura-doma.ru/product/vaza-fudzhi,vase,atmosphere_or_drinks,,,,,4990,,белый,,стекло,,unknown_from_feed,https://kultura-doma.ru/public/src/images/gallery/catalog/6a0d5b4440cf7_big.jpg,https://kultura-doma.ru/public/src/images/gallery/catalog/6a0d5b4440cf7_big.jpg|https://kultura-doma.ru/public/src/images/gallery/catalog/69a6ab18450e5_big.jpg|https://kultura-doma.ru/public/src/images/gallery/catalog/69a6ab2384f09_big.jpg
1624,,УТ-00011025,,Ваза Фуджи,https://kultura-doma.ru/product/vaza-fudzhi-1624,vase,atmosphere_or_drinks,,,,,12900,,белый,,стекло,,unknown_from_feed,https://kultura-doma.ru/public/src/images/gallery/catalog/6a609320248c7_big.jpg,https://kultura-doma.ru/public/src/images/gallery/catalog/6a609320248c7_big.jpg|https://kultura-doma.ru/public/src/images/gallery/catalog/69a6ab55d295b_big.jpg|https://kultura-doma.ru/public/src/images/gallery/catalog/69a6ab486790d_big.jpg
1625,,УТ-00011024,,Ваза Фуджи,https://kultura-doma.ru/product/vaza-fudzhi-1625,vase,atmosphere_or_drinks,,,,,5990,,белый,,стекло,,unknown_from_feed,https://kultura-doma.ru/public/src/images/gallery/catalog/6a0d5b4595afe_big.jpg,https://kultura-doma.ru/public/src/images/gallery/catalog/6a0d5b4595afe_big.jpg|https://kultura-doma.ru/public/src/images/gallery/catalog/69a6ab6b191a7_big.jpg|https://kultura-doma.ru/public/src/images/gallery/catalog/69a6ab77947fa_big.jpg
1550,1550,УТ-00011020,,Ваза Паскаль,https://kultura-doma.ru/product/vaza-paskal,vase,atmosphere_or_drinks,,,,,24900,,синий,36х23х39 см,стекло,,unknown_from_feed,https://kultura-doma.ru/public/src/images/gallery/catalog/6a0d5b3d445c5_big.jpg,https://kultura-doma.ru/public/src/images/gallery/catalog/6a0d5b3d445c5_big.jpg|https://kultura-doma.ru/public/src/images/gallery/catalog/6a0d5b3e03a32_big.jpg|https://kultura-doma.ru/public/src/images/gallery/catalog/6a0d5b3e7f39e_big.jpg
1551,1551,УТ-00011021,,Ваза Паскаль,https://kultura-doma.ru/product/vaza-paskal-1551,vase,atmosphere_or_drinks,,,,,17900,,желтый,3.5х23х30.5 см,стекло,,unknown_from_feed,https://kultura-doma.ru/public/src/images/gallery/catalog/6a0d5b4123311_big.jpg,https://kultura-doma.ru/public/src/images/gallery/catalog/6a0d5b4123311_big.jpg|https://kultura-doma.ru/public/src/images/gallery/catalog/6a0d5b408a6f8_big.jpg|https://kultura-doma.ru/public/src/images/gallery/catalog/6a0d5b40d2110_big.jpg|https://kultura-doma.ru/public/src/images/gallery/catalog/6a0d5b416ff9b_big.jpg
1551-1689,1551,УТ-00011022,,Ваза Паскаль: 36х23х39 см,https://kultura-doma.ru/product/vaza-paskal-1551-size-36h23h39-sm,vase,atmosphere_or_drinks,,,,,24900,,желтый,36х23х39 см,стекло,,unknown_from_feed,https://kultura-doma.ru/public/src/images/gallery/catalog/6a0d5b4123311_big.jpg,https://kultura-doma.ru/public/src/images/gallery/catalog/6a0d5b4123311_big.jpg|https://kultura-doma.ru/public/src/images/gallery/catalog/6a0d5b408a6f8_big.jpg|https://kultura-doma.ru/public/src/images/gallery/catalog/6a0d5b40d2110_big.jpg|https://kultura-doma.ru/public/src/images/gallery/catalog/6a0d5b416ff9b_big.jpg
1551-2027,1551,УТ-00011021,,Ваза Паскаль: 33х23х30 см,https://kultura-doma.ru/product/vaza-paskal-1551-size-33h23h30-sm,vase,atmosphere_or_drinks,,,,,17900,,желтый,33х23х30 см,стекло,,unknown_from_feed,https://kultura-doma.ru/public/src/images/gallery/catalog/6a0d5b4123311_big.jpg,https://kultura-doma.ru/public/src/images/gallery/catalog/6a0d5b4123311_big.jpg|https://kultura-doma.ru/public/src/images/gallery/catalog/6a0d5b408a6f8_big.jpg|https://kultura-doma.ru/public/src/images/gallery/catalog/6a0d5b40d2110_big.jpg|https://kultura-doma.ru/public/src/images/gallery/catalog/6a0d5b416ff9b_big.jpg
1256,1256,УТ-00010288,,Ваза Айсберг,https://kultura-doma.ru/product/vaza-aysberg,vase,atmosphere_or_drinks,,,,,14900,,белый,15 см,фарфор,,unknown_from_feed,https://kultura-doma.ru/public/src/images/gallery/catalog/6a0d5b3b35c53_big.jpg,https://kultura-doma.ru/public/src/images/gallery/catalog/6a0d5b3b35c53_big.jpg|https://kultura-doma.ru/public/src/images/gallery/catalog/68ecbb94f20dc_big.jpg|https://kultura-doma.ru/public/src/images/gallery/catalog/68ecbba698a58_big.jpg
1256-1416,1256,УТ-00010288,,Ваза Айсберг: 42 см,https://kultura-doma.ru/product/vaza-aysberg-size-4042-sm,vase,atmosphere_or_drinks,,,,,49900,,белый,42 см,фарфор,,unknown_from_feed,https://kultura-doma.ru/public/src/images/gallery/catalog/6a0d5b3b35c53_big.jpg,https://kultura-doma.ru/public/src/images/gallery/catalog/6a0d5b3b35c53_big.jpg|https://kultura-doma.ru/public/src/images/gallery/catalog/68ecbb94f20dc_big.jpg|https://kultura-doma.ru/public/src/images/gallery/catalog/68ecbba698a58_big.jpg
1256-1417,1256,УТ-00010289,,Ваза Айсберг: 32 см,https://kultura-doma.ru/product/vaza-aysberg-size-3032-sm,vase,atmosphere_or_drinks,,,,,34900,,белый,32 см,фарфор,,unknown_from_feed,https://kultura-doma.ru/public/src/images/gallery/catalog/6a0d5b3b35c53_big.jpg,https://kultura-doma.ru/public/src/images/gallery/catalog/6a0d5b3b35c53_big.jpg|https://kultura-doma.ru/public/src/images/gallery/catalog/68ecbb94f20dc_big.jpg|https://kultura-doma.ru/public/src/images/gallery/catalog/68ecbba698a58_big.jpg
1256-1418,1256,УТ-00010290,,Ваза Айсберг: 22 см,https://kultura-doma.ru/product/vaza-aysberg-size-2022-sm,vase,atmosphere_or_drinks,,,,,19900,,белый,22 см,фарфор,,unknown_from_feed,https://kultura-doma.ru/public/src/images/gallery/catalog/6a0d5b3b35c53_big.jpg,https://kultura-doma.ru/public/src/images/gallery/catalog/6a0d5b3b35c53_big.jpg|https://kultura-doma.ru/public/src/images/gallery/catalog/68ecbb94f20dc_big.jpg|https://kultura-doma.ru/public/src/images/gallery/catalog/68ecbba698a58_big.jpg
279,,УТ-00009376,,Тарелка для яиц Классика,https://kultura-doma.ru/product/tarelka-dlya-yaic-klassika,other,other,,,,,4990,,белый,,фарфор,,unknown_from_feed,https://kultura-doma.ru/public/src/images/gallery/catalog/69f06b811adce_big.jpg,https://kultura-doma.ru/public/src/images/gallery/catalog/69f06b811adce_big.jpg
1648,,УТ-00011573,,Тарелка для яиц Пасхальная Весна,https://kultura-doma.ru/product/tarelka-dlya-yaic-pashal-naya-vesna,other,other,,,,,7990,,белый,,фарфор,,unknown_from_feed,https://kultura-doma.ru/public/src/images/gallery/catalog/69f06b8246187_big.jpg,https://kultura-doma.ru/public/src/images/gallery/catalog/69f06b8246187_big.jpg|https://kultura-doma.ru/public/src/images/gallery/catalog/69a6f113bb358_big.jpg
738,,УТ-00008846,,Мешочек Кружево,https://kultura-doma.ru/product/meshochek-kruzhevo,other,other,,,,,1490,,белый,,кружево,,unknown_from_feed,https://kultura-doma.ru/public/src/images/gallery/catalog/69ba956d7e3a4_big.jpg,https://kultura-doma.ru/public/src/images/gallery/catalog/69ba956d7e3a4_big.jpg|https://kultura-doma.ru/public/src/images/gallery/catalog/6a58ee820ceb2_big.jpg
816,816,УТ-00009129,,Подставка для яиц Купель,https://kultura-doma.ru/product/podstavka-dlya-yaic-kupel,other,other,,,,,29900,,серебряный,9х4 см,латунь,,unknown_from_feed,https://kultura-doma.ru/public/src/images/gallery/catalog/69f0746e143a1_big.jpg,https://kultura-doma.ru/public/src/images/gallery/catalog/69f0746e143a1_big.jpg|https://kultura-doma.ru/public/src/images/gallery/catalog/69f0746cefd3d_big.jpg|https://kultura-doma.ru/public/src/images/gallery/catalog/69f0746e9c7fa_big.jpg|https://kultura-doma.ru/public/src/images/gallery/catalog/69f0746edbb7c_big.jpg
894,,УТ-00009467,,Шкатулка Пасха,https://kultura-doma.ru/product/shkatulka-pasha,other,other,,,,,29000,,белый,,фарфор,,unknown_from_feed,https://kultura-doma.ru/public/src/images/gallery/catalog/6a47b4703a380_big.jpg,https://kultura-doma.ru/public/src/images/gallery/catalog/6a47b4703a380_big.jpg|https://kultura-doma.ru/public/src/images/gallery/catalog/69ba9bc6842e0_big.jpg|https://kultura-doma.ru/public/src/images/gallery/catalog/6a47b47078451_big.jpg|https://kultura-doma.ru/public/src/images/gallery/catalog/6a47b470c5d8b_big.jpg
899,,УТ-00009638,,Шкатулка Пасха,https://kultura-doma.ru/product/shkatulka-pasha-899,other,other,,,,,29000,,белый,,фарфор,,unknown_from_feed,https://kultura-doma.ru/public/src/images/gallery/catalog/69ce1fb494247_big.jpg,https://kultura-doma.ru/public/src/images/gallery/catalog/69ce1fb494247_big.jpg|https://kultura-doma.ru/public/src/images/gallery/catalog/69ce1fb56c5e2_big.jpg|https://kultura-doma.ru/public/src/images/gallery/catalog/69ce1fb4d3f43_big.jpg|https://kultura-doma.ru/public/src/images/gallery/catalog/69ce1fb51cf39_big.jpg
448,448,УТ-00008124,Оренбургские узоры,Плед Пушица,https://kultura-doma.ru/product/pled-pushica,throw,bedroom_layer,bedroom_texture,bedroom|lifestyle,milk|blue|beige|pink|black,lace|tactile|soft,29900,,экрю,150х200 см,,,unknown_from_feed,https://kultura-doma.ru/public/src/images/gallery/catalog/69e0fef714064_big.jpg,https://kultura-doma.ru/public/src/images/gallery/catalog/69e0fef714064_big.jpg|https://kultura-doma.ru/public/src/images/gallery/catalog/691b2e78edf93_big.jpg|https://kultura-doma.ru/public/src/images/gallery/catalog/6a33f5f4de1c8_big.jpg
1290,1290,УТ-00010841,Оренбургские узоры,Плед Пушица,https://kultura-doma.ru/product/pled-pushica-1290,throw,bedroom_layer,bedroom_texture,bedroom|lifestyle,milk|blue|beige|pink|black,lace|tactile|soft,29900,,бежевый,150х200 см,,,unknown_from_feed,https://kultura-doma.ru/public/src/images/gallery/catalog/690caa6e3be4a_big.jpg,https://kultura-doma.ru/public/src/images/gallery/catalog/690caa6e3be4a_big.jpg|https://kultura-doma.ru/public/src/images/gallery/catalog/69e0fb2e06f8b_big.jpg|https://kultura-doma.ru/public/src/images/gallery/catalog/6a33f5f6906e2_big.jpg|https://kultura-doma.ru/public/src/images/gallery/catalog/69e0fb2c562d5_big.jpg|https://kultura-doma.ru/public/src/images/gallery/catalog/6915ed83cd6c9_big.jpg
1291,1291,УТ-00010842,Оренбургские узоры,Плед Пушица,https://kultura-doma.ru/product/pled-pushica-1291,throw,bedroom_layer,bedroom_texture,bedroom|lifestyle,milk|blue|beige|pink|black,lace|tactile|soft,29900,,голубой,150х200 см,,,unknown_from_feed,https://kultura-doma.ru/public/src/images/gallery/catalog/690ca7e8a1da2_big.jpg,https://kultura-doma.ru/public/src/images/gallery/catalog/690ca7e8a1da2_big.jpg|https://kultura-doma.ru/public/src/images/gallery/catalog/691b2da8124c1_big.jpg|https://kultura-doma.ru/public/src/images/gallery/catalog/6a33f5f86c928_big.jpg
1117,1117,УТ-00009868,,Блюдо овальное Ботаника,https://kultura-doma.ru/product/blyudo-botanika,serving_dish,serving_add_on,,,,,5990,,белый,36х25 см,фарфор,,unknown_from_feed,https://kultura-doma.ru/public/src/images/gallery/catalog/687df3c71c3c1_big.jpg,https://kultura-doma.ru/public/src/images/gallery/catalog/687df3c71c3c1_big.jpg|https://kultura-doma.ru/public/src/images/gallery/catalog/6a3a77c0173c2_big.jpg|https://kultura-doma.ru/public/src/images/gallery/catalog/6a3a77bf57834_big.jpg|https://kultura-doma.ru/public/src/images/gallery/catalog/6a3a77bfb0970_big.jpg
1118,,УТ-00009869,,Чайник заварочный Ботаника,https://kultura-doma.ru/product/chaynik-zavarochnyy-botanika,teapot,serving_add_on,,,,,3190,,белый,,фарфор,470 мл,unknown_from_feed,https://kultura-doma.ru/public/src/images/gallery/catalog/687a555616b91_big.jpg,https://kultura-doma.ru/public/src/images/gallery/catalog/687a555616b91_big.jpg|https://kultura-doma.ru/public/src/images/gallery/catalog/6a394ac0c37cf_big.jpg|https://kultura-doma.ru/public/src/images/gallery/catalog/6a394abfceb9c_big.jpg|https://kultura-doma.ru/public/src/images/gallery/catalog/6a394ac08d5a3_big.jpg|https://kultura-doma.ru/public/src/images/gallery/catalog/6a394ac054f45_big.jpg|https://kultura-doma.ru/public/src/images/gallery/catalog/6a394ac12430f_big.jpg
1119,,УТ-00009870,,Сахарница Ботаника,https://kultura-doma.ru/product/saharnica-botanika,sugar_bowl,serving_add_on,,,,,2090,,белый,,фарфор,380 мл,unknown_from_feed,https://kultura-doma.ru/public/src/images/gallery/catalog/687a56fed16bd_big.jpg,https://kultura-doma.ru/public/src/images/gallery/catalog/687a56fed16bd_big.jpg|https://kultura-doma.ru/public/src/images/gallery/catalog/6a394ac5bc22c_big.jpg|https://kultura-doma.ru/public/src/images/gallery/catalog/6a394ac5845bf_big.jpg|https://kultura-doma.ru/public/src/images/gallery/catalog/6a394ac4af97d_big.jpg
1120,1120,УТ-00009865,,Тарелка закусочная Ботаника,https://kultura-doma.ru/product/tarelka-zakusochnaya-botanika,snack_plate,individual_tableware,,,,,2390,,белый,24 см,фарфор,,unknown_from_feed,https://kultura-doma.ru/public/src/images/gallery/catalog/687a419246bb3_big.jpg,https://kultura-doma.ru/public/src/images/gallery/catalog/687a419246bb3_big.jpg|https://kultura-doma.ru/public/src/images/gallery/catalog/6a3a7333db7cd_big.jpg|https://kultura-doma.ru/public/src/images/gallery/catalog/6a3a7332592f3_big.jpg
1121,1121,УТ-00009866,,Тарелка обеденная Ботаника,https://kultura-doma.ru/product/tarelka-obedennaya-botanika,dinner_plate,individual_tableware,,,,,2990,,белый,27 см,фарфор,,unknown_from_feed,https://kultura-doma.ru/public/src/images/gallery/catalog/687a41dabc363_big.jpg,https://kultura-doma.ru/public/src/images/gallery/catalog/687a41dabc363_big.jpg|https://kultura-doma.ru/public/src/images/gallery/catalog/687a61a026106_big.jpg|https://kultura-doma.ru/public/src/images/gallery/catalog/687a619631217_big.jpg|https://kultura-doma.ru/public/src/images/gallery/catalog/6a3a732ed3040_big.jpg
1122,1122,УТ-00009867,,Тарелка суповая Ботаника,https://kultura-doma.ru/product/tarelka-supovaya-botanika,other,other,,,,,2390,,белый,22 см,фарфор,,unknown_from_feed,https://kultura-doma.ru/public/src/images/gallery/catalog/687a420825d16_big.jpg,https://kultura-doma.ru/public/src/images/gallery/catalog/687a420825d16_big.jpg|https://kultura-doma.ru/public/src/images/gallery/catalog/687a653f8019f_big.jpg|https://kultura-doma.ru/public/src/images/gallery/catalog/6a3a733a6bb24_big.jpg|https://kultura-doma.ru/public/src/images/gallery/catalog/6a3a733b8e2c3_big.jpg
1123,,УТ-00009993,,Салатник порционный Ботаника,https://kultura-doma.ru/product/salatnik-porcionnyy-botanika,salad_bowl,serving_add_on,,,,,2490,,белый,,фарфор,300 мл,unknown_from_feed,https://kultura-doma.ru/public/src/images/gallery/catalog/687df752c80f6_big.jpg,https://kultura-doma.ru/public/src/images/gallery/catalog/687df752c80f6_big.jpg|https://kultura-doma.ru/public/src/images/gallery/catalog/6a3a85f782366_big.jpg|https://kultura-doma.ru/public/src/images/gallery/catalog/6a3a85f6f3ff5_big.jpg
1124,,УТ-00009994,,Салатник большой Ботаника,https://kultura-doma.ru/product/salatnik-bol-shoy-botanika,salad_bowl,serving_add_on,,,,,4190,,белый,,фарфор,1000 мл,unknown_from_feed,https://kultura-doma.ru/public/src/images/gallery/catalog/687df77243fc0_big.jpg,https://kultura-doma.ru/public/src/images/gallery/catalog/687df77243fc0_big.jpg|https://kultura-doma.ru/public/src/images/gallery/catalog/6a50b02ecb33d_big.jpg|https://kultura-doma.ru/public/src/images/gallery/catalog/6a50b02e7c48a_big.jpg
1125,1125,УТ-00009864,,Тарелка десертная Ботаника,https://kultura-doma.ru/product/tarelka-desertnaya-botanika,dessert_plate,individual_tableware,,,,,2190,,белый,21 см,фарфор,,unknown_from_feed,https://kultura-doma.ru/public/src/images/gallery/catalog/687de6b08ffec_big.jpg,https://kultura-doma.ru/public/src/images/gallery/catalog/687de6b08ffec_big.jpg|https://kultura-doma.ru/public/src/images/gallery/catalog/6a3a733fd8f55_big.jpg|https://kultura-doma.ru/public/src/images/gallery/catalog/6a3a73403f17e_big.jpg|https://kultura-doma.ru/public/src/images/gallery/catalog/6a3a733f57e14_big.jpg
1218,,УТ-00009860,,Молочник Ботаника,https://kultura-doma.ru/product/molochnik-botanika,milk_jug,serving_add_on,,,,,1790,,белый,,фарфор,300 мл,unknown_from_feed,https://kultura-doma.ru/public/src/images/gallery/catalog/69f06b4fddb2d_big.jpg,https://kultura-doma.ru/public/src/images/gallery/catalog/69f06b4fddb2d_big.jpg|https://kultura-doma.ru/public/src/images/gallery/catalog/69f06b5111bf5_big.jpg|https://kultura-doma.ru/public/src/images/gallery/catalog/69f06b5039e01_big.jpg|https://kultura-doma.ru/public/src/images/gallery/catalog/69f06b507e3d7_big.jpg|https://kultura-doma.ru/public/src/images/gallery/catalog/69f06b5168d61_big.jpg|https://kultura-doma.ru/public/src/images/gallery/catalog/69f06b50c43db_big.jpg
1219,,УТ-00009861,,Чайная пара Ботаника,https://kultura-doma.ru/product/chaynaya-para-botanika,tea_pair,tea_or_coffee_service,,,,,1990,,белый,,фарфор,220 мл,unknown_from_feed,https://kultura-doma.ru/public/src/images/gallery/catalog/6a394acdf1514_big.jpg,https://kultura-doma.ru/public/src/images/gallery/catalog/6a394acdf1514_big.jpg|https://kultura-doma.ru/public/src/images/gallery/catalog/6a394acad8ef9_big.jpg|https://kultura-doma.ru/public/src/images/gallery/catalog/6a394ace31034_big.jpg|https://kultura-doma.ru/public/src/images/gallery/catalog/6a394ace5cfef_big.jpg|https://kultura-doma.ru/public/src/images/gallery/catalog/6a394acc61c72_big.jpg|https://kultura-doma.ru/public/src/images/gallery/catalog/6a394acf15ee0_big.jpg|https://kultura-doma.ru/public/src/images/gallery/catalog/6a394acead23a_big.jpg
1292,1292,УТ-00010844,Оренбургские узоры,Плед Пушица,https://kultura-doma.ru/product/pled-pushica-1292,throw,bedroom_layer,bedroom_texture,bedroom|lifestyle,milk|blue|beige|pink|black,lace|tactile|soft,29900,,розовый,150х200 см,,,unknown_from_feed,https://kultura-doma.ru/public/src/images/gallery/catalog/690c4a39b0066_big.jpg,https://kultura-doma.ru/public/src/images/gallery/catalog/690c4a39b0066_big.jpg|https://kultura-doma.ru/public/src/images/gallery/catalog/69e0faf756f78_big.jpg|https://kultura-doma.ru/public/src/images/gallery/catalog/6a33f5f14a97d_big.jpg|https://kultura-doma.ru/public/src/images/gallery/catalog/6915ee98808bc_big.jpg|https://kultura-doma.ru/public/src/images/gallery/catalog/69e0faf8a778d_big.jpg
282,282,УТ-00009542,,Подставка под яйцо Облачные фантазии,https://kultura-doma.ru/product/podstavka-pod-yayco-oblachnye-fantazii,other,other,,,,,1540,2200,желтый,"1,5х5,5 см",фарфор,,unknown_from_feed,https://kultura-doma.ru/public/src/images/gallery/catalog/6a58ec3c28aee_big.jpg,https://kultura-doma.ru/public/src/images/gallery/catalog/6a58ec3c28aee_big.jpg|https://kultura-doma.ru/public/src/images/gallery/catalog/6a58ec3b985fb_big.jpg
283,283,УТ-00009543,,Подставка для яйца Классика,https://kultura-doma.ru/product/podstavka-dlya-yayca-klassika,other,other,,,,,840,1200,белый,"1,5х5,5 см",фарфор,,unknown_from_feed,https://kultura-doma.ru/public/src/images/gallery/catalog/6a58ec1a5e60b_big.jpg,https://kultura-doma.ru/public/src/images/gallery/catalog/6a58ec1a5e60b_big.jpg|https://kultura-doma.ru/public/src/images/gallery/catalog/69b96bf557dd4_big.jpg
884,884,УТ-00009540,,Свеча Поле,https://kultura-doma.ru/product/svecha-pole,candle,atmosphere_or_drinks,,,,,990,,белый,6 см,,,unknown_from_feed,https://kultura-doma.ru/public/src/images/gallery/catalog/6a58ebf6e1099_big.jpg,https://kultura-doma.ru/public/src/images/gallery/catalog/6a58ebf6e1099_big.jpg|https://kultura-doma.ru/public/src/images/gallery/catalog/6a58ebf736cae_big.jpg|https://kultura-doma.ru/public/src/images/gallery/catalog/6a58ebf786137_big.jpg|https://kultura-doma.ru/public/src/images/gallery/catalog/6a58ebf7cf51c_big.jpg
1697,1697,УТ-00005709,,Комплект постельного белья Лунный сад,https://kultura-doma.ru/product/komplekt-postel-nogo-bel-ya-lunnyy-sad,bedding_set,bedroom_layer,,,,,14630,20900,голубой,Полуторный (145х200 см),тенсель,,unknown_from_feed,https://kultura-doma.ru/public/src/images/gallery/catalog/6a328bf6997cb_big.jpg,https://kultura-doma.ru/public/src/images/gallery/catalog/6a328bf6997cb_big.jpg|https://kultura-doma.ru/public/src/images/gallery/catalog/6a328bf609763_big.jpg|https://kultura-doma.ru/public/src/images/gallery/catalog/6a328bf6450f3_big.jpg|https://kultura-doma.ru/public/src/images/gallery/catalog/6a328bf88a173_big.jpg|https://kultura-doma.ru/public/src/images/gallery/catalog/6a328bf84dcbb_big.jpg|https://kultura-doma.ru/public/src/images/gallery/catalog/6a328bf745428_big.jpg|https://kultura-doma.ru/public/src/images/gallery/catalog/6a328bf6f39f0_big.jpg|https://kultura-doma.ru/public/src/images/gallery/catalog/6a328bf788314_big.jpg|https://kultura-doma.ru/public/src/images/gallery/catalog/6a328bf7c7969_big.jpg|https://kultura-doma.ru/public/src/images/gallery/catalog/6a328bf81257d_big.jpg
1697-1888,1697,УТ-00005711,,Комплект постельного белья Лунный сад: Семейный,https://kultura-doma.ru/product/komplekt-postel-nogo-bel-ya-lunnyy-sad-size-duet,bedding_set,bedroom_layer,,,,,22330,20900,голубой,Семейный (145х200 см х 2 шт),тенсель,,unknown_from_feed,https://kultura-doma.ru/public/src/images/gallery/catalog/6a328bf6997cb_big.jpg,https://kultura-doma.ru/public/src/images/gallery/catalog/6a328bf6997cb_big.jpg|https://kultura-doma.ru/public/src/images/gallery/catalog/6a328bf609763_big.jpg|https://kultura-doma.ru/public/src/images/gallery/catalog/6a328bf6450f3_big.jpg|https://kultura-doma.ru/public/src/images/gallery/catalog/6a328bf88a173_big.jpg|https://kultura-doma.ru/public/src/images/gallery/catalog/6a328bf84dcbb_big.jpg|https://kultura-doma.ru/public/src/images/gallery/catalog/6a328bf745428_big.jpg|https://kultura-doma.ru/public/src/images/gallery/catalog/6a328bf6f39f0_big.jpg|https://kultura-doma.ru/public/src/images/gallery/catalog/6a328bf788314_big.jpg|https://kultura-doma.ru/public/src/images/gallery/catalog/6a328bf7c7969_big.jpg|https://kultura-doma.ru/public/src/images/gallery/catalog/6a328bf81257d_big.jpg
1697-2500,1697,УТ-00005710,,Комплект постельного белья Лунный сад: Евро,https://kultura-doma.ru/product/komplekt-postel-nogo-bel-ya-lunnyy-sad-size-evro,bedding_set,bedroom_layer,,,,,18130,20900,голубой,Евро (200х220 см),тенсель,,unknown_from_feed,https://kultura-doma.ru/public/src/images/gallery/catalog/6a328bf6997cb_big.jpg,https://kultura-doma.ru/public/src/images/gallery/catalog/6a328bf6997cb_big.jpg|https://kultura-doma.ru/public/src/images/gallery/catalog/6a328bf609763_big.jpg|https://kultura-doma.ru/public/src/images/gallery/catalog/6a328bf6450f3_big.jpg|https://kultura-doma.ru/public/src/images/gallery/catalog/6a328bf88a173_big.jpg|https://kultura-doma.ru/public/src/images/gallery/catalog/6a328bf84dcbb_big.jpg|https://kultura-doma.ru/public/src/images/gallery/catalog/6a328bf745428_big.jpg|https://kultura-doma.ru/public/src/images/gallery/catalog/6a328bf6f39f0_big.jpg|https://kultura-doma.ru/public/src/images/gallery/catalog/6a328bf788314_big.jpg|https://kultura-doma.ru/public/src/images/gallery/catalog/6a328bf7c7969_big.jpg|https://kultura-doma.ru/public/src/images/gallery/catalog/6a328bf81257d_big.jpg
1697-2501,1697,УТ-00005712,,Комплект постельного белья Лунный сад: Кинг-сайз,https://kultura-doma.ru/product/komplekt-postel-nogo-bel-ya-lunnyy-sad-size-kingsayz,bedding_set,bedroom_layer,,,,,28900,20900,голубой,Кинг-сайз (220х240 см),тенсель,,unknown_from_feed,https://kultura-doma.ru/public/src/images/gallery/catalog/6a328bf6997cb_big.jpg,https://kultura-doma.ru/public/src/images/gallery/catalog/6a328bf6997cb_big.jpg|https://kultura-doma.ru/public/src/images/gallery/catalog/6a328bf609763_big.jpg|https://kultura-doma.ru/public/src/images/gallery/catalog/6a328bf6450f3_big.jpg|https://kultura-doma.ru/public/src/images/gallery/catalog/6a328bf88a173_big.jpg|https://kultura-doma.ru/public/src/images/gallery/catalog/6a328bf84dcbb_big.jpg|https://kultura-doma.ru/public/src/images/gallery/catalog/6a328bf745428_big.jpg|https://kultura-doma.ru/public/src/images/gallery/catalog/6a328bf6f39f0_big.jpg|https://kultura-doma.ru/public/src/images/gallery/catalog/6a328bf788314_big.jpg|https://kultura-doma.ru/public/src/images/gallery/catalog/6a328bf7c7969_big.jpg|https://kultura-doma.ru/public/src/images/gallery/catalog/6a328bf81257d_big.jpg
1131,1131,УТ-00005195,,Дом как маленькое государство,https://kultura-doma.ru/product/dom-kak-malen-koe-gosudarstvo,other,other,,,,,3500,,,200х260 см,,,unknown_from_feed,https://kultura-doma.ru/public/src/images/gallery/catalog/688251034eca9_big.jpg,https://kultura-doma.ru/public/src/images/gallery/catalog/688251034eca9_big.jpg|https://kultura-doma.ru/public/src/images/gallery/catalog/68822332dc30f_big.jpg|https://kultura-doma.ru/public/src/images/gallery/catalog/6882233156899_big.jpg|https://kultura-doma.ru/public/src/images/gallery/catalog/688223317f86b_big.jpg|https://kultura-doma.ru/public/src/images/gallery/catalog/68822331aaac0_big.jpg|https://kultura-doma.ru/public/src/images/gallery/catalog/68822331d209c_big.jpg
1132,1132,УТ-00005318,,Книга Дом как маленькое государство в подарочной коробке,https://kultura-doma.ru/product/kniga-dom-v-podarochnoy-korobke-osobennyy-podarok,other,other,,,,,5000,,красный,220х285х45 см,,,unknown_from_feed,https://kultura-doma.ru/public/src/images/gallery/catalog/68822335b3145_big.jpg,https://kultura-doma.ru/public/src/images/gallery/catalog/68822335b3145_big.jpg|https://kultura-doma.ru/public/src/images/gallery/catalog/6882233465938_big.jpg|https://kultura-doma.ru/public/src/images/gallery/catalog/68822335ed73f_big.jpg|https://kultura-doma.ru/public/src/images/gallery/catalog/688223362fddf_big.jpg
1133,1133,УТ-00005314,,Книга Дом как маленькое государство в подарочной коробке,https://kultura-doma.ru/product/kniga-dom-v-podarochnoy-korobke-pasha,other,other,,,,,5000,,голубой,220х285х45 см,,,unknown_from_feed,https://kultura-doma.ru/public/src/images/gallery/catalog/6882233738f62_big.jpg,https://kultura-doma.ru/public/src/images/gallery/catalog/6882233738f62_big.jpg|https://kultura-doma.ru/public/src/images/gallery/catalog/6882233882c7b_big.jpg|https://kultura-doma.ru/public/src/images/gallery/catalog/68822338021d4_big.jpg|https://kultura-doma.ru/public/src/images/gallery/catalog/6882233847047_big.jpg
1134,1134,УТ-00005316,,Книга Дом как маленькое государство в подарочной коробке,https://kultura-doma.ru/product/kniga-dom-v-podarochnoy-korobke-s-dnem-svad-by,other,other,,,,,5000,,бежевый,220х285х45 см,,,unknown_from_feed,https://kultura-doma.ru/public/src/images/gallery/catalog/6882233ab48fe_big.jpg,https://kultura-doma.ru/public/src/images/gallery/catalog/6882233ab48fe_big.jpg|https://kultura-doma.ru/public/src/images/gallery/catalog/68822339d4c32_big.jpg|https://kultura-doma.ru/public/src/images/gallery/catalog/6882233aeafce_big.jpg|https://kultura-doma.ru/public/src/images/gallery/catalog/6882233b2a62b_big.jpg
1137,1137,УТ-00005317,,Книга Дом как маленькое государство в подарочной коробке,https://kultura-doma.ru/product/kniga-dom-v-podarochnoy-korobke-s-novosel-em,other,other,,,,,5000,,оливковый,220х285х45 см,,,unknown_from_feed,https://kultura-doma.ru/public/src/images/gallery/catalog/6882233c0de6c_big.jpg,https://kultura-doma.ru/public/src/images/gallery/catalog/6882233c0de6c_big.jpg|https://kultura-doma.ru/public/src/images/gallery/catalog/6882233c978bc_big.jpg|https://kultura-doma.ru/public/src/images/gallery/catalog/6882233c3ec42_big.jpg|https://kultura-doma.ru/public/src/images/gallery/catalog/6882233c67517_big.jpg
1688,1688,УТ-00007907,,Комплект постельного белья Кардиналы в рябине,https://kultura-doma.ru/product/komplekt-postel-nogo-bel-ya-kardinaly-v-ryabine,bedding_set,bedroom_layer,,,,,16030,22900,белый,Евро (200х220 см),сатин,,unknown_from_feed,https://kultura-doma.ru/public/src/images/gallery/catalog/6a328ba98eb88_big.jpg,https://kultura-doma.ru/public/src/images/gallery/catalog/6a328ba98eb88_big.jpg|https://kultura-doma.ru/public/src/images/gallery/catalog/6a328bab2cf7c_big.jpg|https://kultura-doma.ru/public/src/images/gallery/catalog/6a328bab6bdeb_big.jpg|https://kultura-doma.ru/public/src/images/gallery/catalog/6a328baaea8b7_big.jpg|https://kultura-doma.ru/public/src/images/gallery/catalog/6a328ba9d3408_big.jpg|https://kultura-doma.ru/public/src/images/gallery/catalog/6a328baa19d5d_big.jpg|https://kultura-doma.ru/public/src/images/gallery/catalog/6a328baa5b63d_big.jpg|https://kultura-doma.ru/public/src/images/gallery/catalog/6a328baaa4340_big.jpg
1688-2456,1688,УТ-00007908,,Комплект постельного белья Кардиналы в рябине: Семейный,https://kultura-doma.ru/product/komplekt-postel-nogo-bel-ya-kardinaly-v-ryabine-size-semeynyy,bedding_set,bedroom_layer,,,,,19530,22900,белый,Семейный (145х200 см х 2 шт),сатин,,unknown_from_feed,https://kultura-doma.ru/public/src/images/gallery/catalog/6a328ba98eb88_big.jpg,https://kultura-doma.ru/public/src/images/gallery/catalog/6a328ba98eb88_big.jpg|https://kultura-doma.ru/public/src/images/gallery/catalog/6a328bab2cf7c_big.jpg|https://kultura-doma.ru/public/src/images/gallery/catalog/6a328bab6bdeb_big.jpg|https://kultura-doma.ru/public/src/images/gallery/catalog/6a328baaea8b7_big.jpg|https://kultura-doma.ru/public/src/images/gallery/catalog/6a328ba9d3408_big.jpg|https://kultura-doma.ru/public/src/images/gallery/catalog/6a328baa19d5d_big.jpg|https://kultura-doma.ru/public/src/images/gallery/catalog/6a328baa5b63d_big.jpg|https://kultura-doma.ru/public/src/images/gallery/catalog/6a328baaa4340_big.jpg
1688-2487,1688,УТ-00007909,,Комплект постельного белья Кардиналы в рябине: Кинг-сайз,https://kultura-doma.ru/product/komplekt-postel-nogo-bel-ya-kardinaly-v-ryabine-size-kingsayz,bedding_set,bedroom_layer,,,,,18130,22900,белый,Кинг-сайз (220х240 см),сатин,,unknown_from_feed,https://kultura-doma.ru/public/src/images/gallery/catalog/6a328ba98eb88_big.jpg,https://kultura-doma.ru/public/src/images/gallery/catalog/6a328ba98eb88_big.jpg|https://kultura-doma.ru/public/src/images/gallery/catalog/6a328bab2cf7c_big.jpg|https://kultura-doma.ru/public/src/images/gallery/catalog/6a328bab6bdeb_big.jpg|https://kultura-doma.ru/public/src/images/gallery/catalog/6a328baaea8b7_big.jpg|https://kultura-doma.ru/public/src/images/gallery/catalog/6a328ba9d3408_big.jpg|https://kultura-doma.ru/public/src/images/gallery/catalog/6a328baa19d5d_big.jpg|https://kultura-doma.ru/public/src/images/gallery/catalog/6a328baa5b63d_big.jpg|https://kultura-doma.ru/public/src/images/gallery/catalog/6a328baaa4340_big.jpg
321,,УТ-00008242,,Набор столовых приборов Александр,https://kultura-doma.ru/product/nabor-stolovyh-priborov-aleksandr,other,other,,,,,32900,,серебряный,,нержавеющая сталь 18/10,,unknown_from_feed,https://kultura-doma.ru/public/src/images/gallery/catalog/6a57511b9cbbf_big.jpg,https://kultura-doma.ru/public/src/images/gallery/catalog/6a57511b9cbbf_big.jpg|https://kultura-doma.ru/public/src/images/gallery/catalog/6a57511c37261_big.jpg|https://kultura-doma.ru/public/src/images/gallery/catalog/6a57511be1ee5_big.jpg|https://kultura-doma.ru/public/src/images/gallery/catalog/6a57511eace1d_big.jpg|https://kultura-doma.ru/public/src/images/gallery/catalog/6a57511f0db2e_big.jpg|https://kultura-doma.ru/public/src/images/gallery/catalog/6a57511fb9023_big.jpg|https://kultura-doma.ru/public/src/images/gallery/catalog/6a57511f6745b_big.jpg|https://kultura-doma.ru/public/src/images/gallery/catalog/6a57511c97415_big.jpg|https://kultura-doma.ru/public/src/images/gallery/catalog/6a57511d147ed_big.jpg|https://kultura-doma.ru/public/src/images/gallery/catalog/6a57511d8198e_big.jpg
322,,УТ-00008243,,Набор столовых приборов Петр,https://kultura-doma.ru/product/nabor-stolovyh-priborov-petr,other,other,,,,,20900,,серебряный,,нержавеющая сталь 18/10,,unknown_from_feed,https://kultura-doma.ru/public/src/images/gallery/catalog/6a3d1d63d385c_big.jpg,https://kultura-doma.ru/public/src/images/gallery/catalog/6a3d1d63d385c_big.jpg|https://kultura-doma.ru/public/src/images/gallery/catalog/6a3d1d63926e6_big.jpg|https://kultura-doma.ru/public/src/images/gallery/catalog/6a3d1d6419ad1_big.jpg
370,370,УТ-00008765,,Корзина Текстура,https://kultura-doma.ru/product/korzina-tekstura-370,other,other,,,,,8840,22100,коричневый,25х10х5 см,натуральная кожа,,unknown_from_feed,https://kultura-doma.ru/public/src/images/gallery/catalog/689209814dad6_big.jpg,https://kultura-doma.ru/public/src/images/gallery/catalog/689209814dad6_big.jpg|https://kultura-doma.ru/public/src/images/gallery/catalog/68b99b6eca2ab_big.jpg|https://kultura-doma.ru/public/src/images/gallery/catalog/68b99b76b5837_big.jpg
275,275,УТ-00008761,,Салфетница Текстура,https://kultura-doma.ru/product/salfetnica-tekstura-275,napkin,table_textile,,,,,5040,12600,коричневый,24х12х7 см,натуральная кожа,,unknown_from_feed,https://kultura-doma.ru/public/src/images/gallery/catalog/6a4374c22d68e_big.jpg,https://kultura-doma.ru/public/src/images/gallery/catalog/6a4374c22d68e_big.jpg|https://kultura-doma.ru/public/src/images/gallery/catalog/6a4374c131ff5_big.jpg|https://kultura-doma.ru/public/src/images/gallery/catalog/6a4374c1b2078_big.jpg|https://kultura-doma.ru/public/src/images/gallery/catalog/6a4374c267646_big.jpg|https://kultura-doma.ru/public/src/images/gallery/catalog/6a4374c17a732_big.jpg
272,272,УТ-00008758,,Салфетница Текстура,https://kultura-doma.ru/product/salfetnica-tekstura,napkin,table_textile,,,,,5040,12600,черный,12х12х12 см,натуральная кожа,,unknown_from_feed,https://kultura-doma.ru/public/src/images/gallery/catalog/6a4374b928bc8_big.jpg,https://kultura-doma.ru/public/src/images/gallery/catalog/6a4374b928bc8_big.jpg|https://kultura-doma.ru/public/src/images/gallery/catalog/6a4374b8dde46_big.jpg|https://kultura-doma.ru/public/src/images/gallery/catalog/6a4374b96af6c_big.jpg
273,273,УТ-00008759,,Салфетница Текстура,https://kultura-doma.ru/product/salfetnica-tekstura-273,napkin,table_textile,,,,,5040,12600,коричневый,12х12х12 см,натуральная кожа,,unknown_from_feed,https://kultura-doma.ru/public/src/images/gallery/catalog/6a4374bb5d537_big.jpg,https://kultura-doma.ru/public/src/images/gallery/catalog/6a4374bb5d537_big.jpg|https://kultura-doma.ru/public/src/images/gallery/catalog/6a4374bb235bf_big.jpg|https://kultura-doma.ru/public/src/images/gallery/catalog/6a4374bb9a097_big.jpg
286,,УТ-00009715,,Хлебница Текстура,https://kultura-doma.ru/product/hlebnica-tekstura,other,other,,,,,5000,12500,коричневый,,натуральная кожа,,unknown_from_feed,https://kultura-doma.ru/public/src/images/gallery/catalog/6a43759f678c3_big.jpg,https://kultura-doma.ru/public/src/images/gallery/catalog/6a43759f678c3_big.jpg|https://kultura-doma.ru/public/src/images/gallery/catalog/6a4375a010a13_big.jpg|https://kultura-doma.ru/public/src/images/gallery/catalog/6a43759fb990e_big.jpg|https://kultura-doma.ru/public/src/images/gallery/catalog/6a4375a066e5a_big.jpg
287,,УТ-00009716,,Хлебница Текстура,https://kultura-doma.ru/product/hlebnica-tekstura-287,other,other,,,,,5000,12500,черный,,натуральная кожа,,unknown_from_feed,https://kultura-doma.ru/public/src/images/gallery/catalog/6a4375a3b6e11_big.jpg,https://kultura-doma.ru/public/src/images/gallery/catalog/6a4375a3b6e11_big.jpg|https://kultura-doma.ru/public/src/images/gallery/catalog/6a4375a44fa68_big.jpg
288,,УТ-00009717,,Хлебница Текстура,https://kultura-doma.ru/product/hlebnica-tekstura-288,other,other,,,,,5000,12500,бежевый,,натуральная кожа,,unknown_from_feed,https://kultura-doma.ru/public/src/images/gallery/catalog/6a4375a735af0_big.jpg,https://kultura-doma.ru/public/src/images/gallery/catalog/6a4375a735af0_big.jpg|https://kultura-doma.ru/public/src/images/gallery/catalog/69c4fb62885bd_big.jpg|https://kultura-doma.ru/public/src/images/gallery/catalog/6a4375a8713df_big.jpg
371,371,УТ-00008766,,Корзина Текстура,https://kultura-doma.ru/product/korzina-tekstura-371,other,other,,,,,15960,39900,черный,18х18х43 см,натуральная кожа,,unknown_from_feed,https://kultura-doma.ru/public/src/images/gallery/catalog/6a4374d0b98ff_big.jpg,https://kultura-doma.ru/public/src/images/gallery/catalog/6a4374d0b98ff_big.jpg|https://kultura-doma.ru/public/src/images/gallery/catalog/6a4374cf781d5_big.jpg|https://kultura-doma.ru/public/src/images/gallery/catalog/6a4374d102510_big.jpg
277,,УТ-00008776,,Подставка под бокал Текстура,https://kultura-doma.ru/product/podstavka-pod-bokal-tekstura-277,wine_glass_set,atmosphere_or_drinks,,,,,596,1490,коричневый,,натуральная кожа,,unknown_from_feed,https://kultura-doma.ru/public/src/images/gallery/catalog/6a4374ed2e7de_big.jpg,https://kultura-doma.ru/public/src/images/gallery/catalog/6a4374ed2e7de_big.jpg|https://kultura-doma.ru/public/src/images/gallery/catalog/6a4374ec602a8_big.jpg|https://kultura-doma.ru/public/src/images/gallery/catalog/6a4374ece2ae6_big.jpg|https://kultura-doma.ru/public/src/images/gallery/catalog/6a4374eca3b69_big.jpg|https://kultura-doma.ru/public/src/images/gallery/catalog/6a4374ee65bcd_big.jpg
566,,УТ-00009711,,Поднос Текстура,https://kultura-doma.ru/product/podnos-tekstura-566,other,other,,,,,11800,29500,черный,,натуральная кожа,,unknown_from_feed,https://kultura-doma.ru/public/src/images/gallery/catalog/6a58e99971c7c_big.jpg,https://kultura-doma.ru/public/src/images/gallery/catalog/6a58e99971c7c_big.jpg
604,604,УТ-00008762,,Набор для ванной Текстура,https://kultura-doma.ru/product/nabor-dlya-vannoy-tekstura,other,other,,,,,18360,45900,черный,"стакан для щеток 8х12 см, стакан для палочек 11,5х18 см, дозатор 19х9 см",натуральная кожа,,unknown_from_feed,https://kultura-doma.ru/public/src/images/gallery/catalog/6a47be3c1cd3e_big.jpg,https://kultura-doma.ru/public/src/images/gallery/catalog/6a47be3c1cd3e_big.jpg|https://kultura-doma.ru/public/src/images/gallery/catalog/6a47be3d37257_big.jpg|https://kultura-doma.ru/public/src/images/gallery/catalog/6a47be3c9bea0_big.jpg|https://kultura-doma.ru/public/src/images/gallery/catalog/6a47be3bae3ba_big.jpg|https://kultura-doma.ru/public/src/images/gallery/catalog/6a47be3c5ed7b_big.jpg|https://kultura-doma.ru/public/src/images/gallery/catalog/6a47be3ce70f9_big.jpg
605,,УТ-00008763,,Набор для ванной Текстура,https://kultura-doma.ru/product/nabor-dlya-vannoy-tekstura-605,other,other,,,,,18360,45900,коричневый,,натуральная кожа,,unknown_from_feed,https://kultura-doma.ru/public/src/images/gallery/catalog/6a4374c8b6e7c_big.jpg,https://kultura-doma.ru/public/src/images/gallery/catalog/6a4374c8b6e7c_big.jpg|https://kultura-doma.ru/public/src/images/gallery/catalog/6a4374c979742_big.jpg|https://kultura-doma.ru/public/src/images/gallery/catalog/6a4374c93ea6e_big.jpg|https://kultura-doma.ru/public/src/images/gallery/catalog/6a4374c80c448_big.jpg|https://kultura-doma.ru/public/src/images/gallery/catalog/6a4374c8f2c13_big.jpg|https://kultura-doma.ru/public/src/images/gallery/catalog/6a4374c87e7e8_big.jpg
556,556,УТ-00008780,,Плейсмат Текстура,https://kultura-doma.ru/product/pleysmat-tekstura-556,placemat,table_textile,,,,,4280,10700,черный,40х30 см,натуральная кожа,,unknown_from_feed,https://kultura-doma.ru/public/src/images/gallery/catalog/6a4375002e178_big.jpg,https://kultura-doma.ru/public/src/images/gallery/catalog/6a4375002e178_big.jpg|https://kultura-doma.ru/public/src/images/gallery/catalog/6a4374fe0385d_big.jpg|https://kultura-doma.ru/public/src/images/gallery/catalog/6a4375008c5e4_big.jpg|https://kultura-doma.ru/public/src/images/gallery/catalog/6a4374fe8754b_big.jpg
557,557,УТ-00008781,,Плейсмат Текстура,https://kultura-doma.ru/product/pleysmat-tekstura-557,placemat,table_textile,,,,,4280,10700,коричневый,40х30 см,натуральная кожа,,unknown_from_feed,https://kultura-doma.ru/public/src/images/gallery/catalog/6a4375051af66_big.jpg,https://kultura-doma.ru/public/src/images/gallery/catalog/6a4375051af66_big.jpg|https://kultura-doma.ru/public/src/images/gallery/catalog/6a437503503b1_big.jpg|https://kultura-doma.ru/public/src/images/gallery/catalog/6a4375055abeb_big.jpg|https://kultura-doma.ru/public/src/images/gallery/catalog/6a4375048ef5c_big.jpg
558,558,УТ-00008782,,Плейсмат Текстура,https://kultura-doma.ru/product/pleysmat-tekstura-558,placemat,table_textile,,,,,4280,10700,бежевый,40х30 см,натуральная кожа,,unknown_from_feed,https://kultura-doma.ru/public/src/images/gallery/catalog/6a4375071abaa_big.jpg,https://kultura-doma.ru/public/src/images/gallery/catalog/6a4375071abaa_big.jpg|https://kultura-doma.ru/public/src/images/gallery/catalog/68b042c128fdd_big.jpg|https://kultura-doma.ru/public/src/images/gallery/catalog/6a4375075ca19_big.jpg
553,553,УТ-00008777,,Плейсмат Текстура,https://kultura-doma.ru/product/pleysmat-tekstura,placemat,table_textile,,,,,3960,9900,черный,⌀30 см,натуральная кожа,,unknown_from_feed,https://kultura-doma.ru/public/src/images/gallery/catalog/6a4374f158e23_big.jpg,https://kultura-doma.ru/public/src/images/gallery/catalog/6a4374f158e23_big.jpg|https://kultura-doma.ru/public/src/images/gallery/catalog/6a4374f0beb87_big.jpg|https://kultura-doma.ru/public/src/images/gallery/catalog/6a4374f1105ec_big.jpg
554,554,УТ-00008778,,Плейсмат Текстура,https://kultura-doma.ru/product/pleysmat-tekstura-554,placemat,table_textile,,,,,3960,9900,коричневый,⌀30 см,натуральная кожа,,unknown_from_feed,https://kultura-doma.ru/public/src/images/gallery/catalog/6a4374f54239a_big.jpg,https://kultura-doma.ru/public/src/images/gallery/catalog/6a4374f54239a_big.jpg|https://kultura-doma.ru/public/src/images/gallery/catalog/6a4374f4002a5_big.jpg|https://kultura-doma.ru/public/src/images/gallery/catalog/6a4374f616f88_big.jpg|https://kultura-doma.ru/public/src/images/gallery/catalog/6a4374f586d9e_big.jpg|https://kultura-doma.ru/public/src/images/gallery/catalog/6a4374f506e3c_big.jpg
555,555,УТ-00008779,,Плейсмат Текстура,https://kultura-doma.ru/product/pleysmat-tekstura-555,placemat,table_textile,,,,,3960,9900,бежевый,⌀30 см,натуральная кожа,,unknown_from_feed,https://kultura-doma.ru/public/src/images/gallery/catalog/6a4374fa6a51e_big.jpg,https://kultura-doma.ru/public/src/images/gallery/catalog/6a4374fa6a51e_big.jpg|https://kultura-doma.ru/public/src/images/gallery/catalog/6a4374f92306f_big.jpg|https://kultura-doma.ru/public/src/images/gallery/catalog/6a4374fb39b0a_big.jpg|https://kultura-doma.ru/public/src/images/gallery/catalog/6a4374face909_big.jpg|https://kultura-doma.ru/public/src/images/gallery/catalog/6a4374f968b3e_big.jpg
545,545,УТ-00008783,,Конверт для приборов Текстура,https://kultura-doma.ru/product/konvert-dlya-priborov-tekstura,other,other,,,,,1996,4990,черный,26х7х6 см,натуральная кожа,,unknown_from_feed,https://kultura-doma.ru/public/src/images/gallery/catalog/6a43750a1391b_big.jpg,https://kultura-doma.ru/public/src/images/gallery/catalog/6a43750a1391b_big.jpg|https://kultura-doma.ru/public/src/images/gallery/catalog/6a43750942cc3_big.jpg|https://kultura-doma.ru/public/src/images/gallery/catalog/6a43750a50eff_big.jpg|https://kultura-doma.ru/public/src/images/gallery/catalog/6a43750988f8e_big.jpg
546,546,УТ-00008784,,Конверт для приборов Текстура,https://kultura-doma.ru/product/konvert-dlya-priborov-tekstura-546,other,other,,,,,1996,4990,коричневый,26х7х6 см,натуральная кожа,,unknown_from_feed,https://kultura-doma.ru/public/src/images/gallery/catalog/6a43750e0d50d_big.jpg,https://kultura-doma.ru/public/src/images/gallery/catalog/6a43750e0d50d_big.jpg|https://kultura-doma.ru/public/src/images/gallery/catalog/6a43750e45c84_big.jpg|https://kultura-doma.ru/public/src/images/gallery/catalog/6a4375108ef3d_big.jpg|https://kultura-doma.ru/public/src/images/gallery/catalog/6a437510ca52f_big.jpg
547,547,УТ-00008785,,Конверт для приборов Текстура,https://kultura-doma.ru/product/konvert-dlya-priborov-tekstura-547,other,other,,,,,1996,4990,бежевый,26х7х6 см,натуральная кожа,,unknown_from_feed,https://kultura-doma.ru/public/src/images/gallery/catalog/6a4375131e136_big.jpg,https://kultura-doma.ru/public/src/images/gallery/catalog/6a4375131e136_big.jpg|https://kultura-doma.ru/public/src/images/gallery/catalog/6a43751395c28_big.jpg|https://kultura-doma.ru/public/src/images/gallery/catalog/6a4375135e92b_big.jpg|https://kultura-doma.ru/public/src/images/gallery/catalog/6a437513ea88e_big.jpg
542,542,УТ-00008772,,Набор колец Текстура,https://kultura-doma.ru/product/nabor-kolec-tekstura,other,other,,,,,3600,9000,черный,"5х5х4,5 см",натуральная кожа,,unknown_from_feed,https://kultura-doma.ru/public/src/images/gallery/catalog/6a4374e283cc8_big.jpg,https://kultura-doma.ru/public/src/images/gallery/catalog/6a4374e283cc8_big.jpg|https://kultura-doma.ru/public/src/images/gallery/catalog/6a4374e24ba9d_big.jpg|https://kultura-doma.ru/public/src/images/gallery/catalog/6a4374e2bd474_big.jpg|https://kultura-doma.ru/public/src/images/gallery/catalog/6a4374e30a54d_big.jpg
543,543,УТ-00008773,,Набор колец Текстура,https://kultura-doma.ru/product/nabor-kolec-tekstura-543,other,other,,,,,3600,9000,коричневый,"5х5х4,5 см",натуральная кожа,,unknown_from_feed,https://kultura-doma.ru/public/src/images/gallery/catalog/6a4374e4a6704_big.jpg,https://kultura-doma.ru/public/src/images/gallery/catalog/6a4374e4a6704_big.jpg|https://kultura-doma.ru/public/src/images/gallery/catalog/6a4374e4662f3_big.jpg|https://kultura-doma.ru/public/src/images/gallery/catalog/6a4374e4ed321_big.jpg|https://kultura-doma.ru/public/src/images/gallery/catalog/6a4374e53f742_big.jpg
544,544,УТ-00008774,,Набор колец Текстура,https://kultura-doma.ru/product/nabor-kolec-tekstura-544,other,other,,,,,3600,9000,бежевый,"5х5х4,5 см",натуральная кожа,,unknown_from_feed,https://kultura-doma.ru/public/src/images/gallery/catalog/6a4374e79ac18_big.jpg,https://kultura-doma.ru/public/src/images/gallery/catalog/6a4374e79ac18_big.jpg|https://kultura-doma.ru/public/src/images/gallery/catalog/6a4374e6c71ab_big.jpg|https://kultura-doma.ru/public/src/images/gallery/catalog/6a4374e757d8a_big.jpg
885,885,УТ-00009713,,Обложка для ежедневника Текстура,https://kultura-doma.ru/product/oblozhka-dlya-ezhednevnika-tekstura,other,other,,,,,2600,6500,коричневый,15х21 см,натуральная кожа,,unknown_from_feed,https://kultura-doma.ru/public/src/images/gallery/catalog/6a43759554a63_big.jpg,https://kultura-doma.ru/public/src/images/gallery/catalog/6a43759554a63_big.jpg|https://kultura-doma.ru/public/src/images/gallery/catalog/6a437596a2438_big.jpg|https://kultura-doma.ru/public/src/images/gallery/catalog/6a4375948fca8_big.jpg|https://kultura-doma.ru/public/src/images/gallery/catalog/6a4375960fe1c_big.jpg
378,378,УТ-00008768,,Игра крестики - нолики Текстура,https://kultura-doma.ru/product/igra-krestiki---noliki-tekstura,other,other,,,,,9000,22500,черный,18х18 см,натуральная кожа,,unknown_from_feed,https://kultura-doma.ru/public/src/images/gallery/catalog/6a4374d62377f_big.jpg,https://kultura-doma.ru/public/src/images/gallery/catalog/6a4374d62377f_big.jpg|https://kultura-doma.ru/public/src/images/gallery/catalog/6a4374d4b3831_big.jpg|https://kultura-doma.ru/public/src/images/gallery/catalog/6a4374d66f135_big.jpg|https://kultura-doma.ru/public/src/images/gallery/catalog/6a4374d5ae6ae_big.jpg|https://kultura-doma.ru/public/src/images/gallery/catalog/6a4374d5320e7_big.jpg
379,379,УТ-00008769,,Игра крестики - нолики Текстура,https://kultura-doma.ru/product/igra-krestiki---noliki-tekstura-379,other,other,,,,,9000,22500,бежевый,18х18 см,натуральная кожа,,unknown_from_feed,https://kultura-doma.ru/public/src/images/gallery/catalog/6a4374d911192_big.jpg,https://kultura-doma.ru/public/src/images/gallery/catalog/6a4374d911192_big.jpg|https://kultura-doma.ru/public/src/images/gallery/catalog/6a4374d88ca9d_big.jpg|https://kultura-doma.ru/public/src/images/gallery/catalog/6a4374da090e0_big.jpg|https://kultura-doma.ru/public/src/images/gallery/catalog/6a4374d957ed5_big.jpg|https://kultura-doma.ru/public/src/images/gallery/catalog/6a4374d9bb8ab_big.jpg
382,382,УТ-00009718,,Игра домино Текстура,https://kultura-doma.ru/product/igra-domino-tekstura,other,other,,,,,6200,15500,бежевый,"19,5х19,5 см",натуральная кожа,,unknown_from_feed,https://kultura-doma.ru/public/src/images/gallery/catalog/6a4375aa6eaed_big.jpg,https://kultura-doma.ru/public/src/images/gallery/catalog/6a4375aa6eaed_big.jpg|https://kultura-doma.ru/public/src/images/gallery/catalog/6a4375ab2355c_big.jpg|https://kultura-doma.ru/public/src/images/gallery/catalog/6a4375ac308d6_big.jpg
380,380,УТ-00008770,,Игра шашки Текстура,https://kultura-doma.ru/product/igra-shashki-tekstura,other,other,,,,,13000,32500,черный,43х43 см,натуральная кожа,,unknown_from_feed,https://kultura-doma.ru/public/src/images/gallery/catalog/6a4374dca3f1b_big.jpg,https://kultura-doma.ru/public/src/images/gallery/catalog/6a4374dca3f1b_big.jpg|https://kultura-doma.ru/public/src/images/gallery/catalog/6a4374dc0d590_big.jpg|https://kultura-doma.ru/public/src/images/gallery/catalog/6a4374dc5977b_big.jpg|https://kultura-doma.ru/public/src/images/gallery/catalog/6a4374dce6512_big.jpg|https://kultura-doma.ru/public/src/images/gallery/catalog/6a4374dbe4c31_big.jpg
383,383,УТ-00009719,,Игра домино Текстура,https://kultura-doma.ru/product/igra-domino-tekstura-383,other,other,,,,,6200,15500,черный,"19,5х19,5 см",натуральная кожа,,unknown_from_feed,https://kultura-doma.ru/public/src/images/gallery/catalog/6a4375af70c8c_big.jpg,https://kultura-doma.ru/public/src/images/gallery/catalog/6a4375af70c8c_big.jpg|https://kultura-doma.ru/public/src/images/gallery/catalog/6a4375af053ff_big.jpg|https://kultura-doma.ru/public/src/images/gallery/catalog/6a4375aea342c_big.jpg
381,381,УТ-00008771,,Игра шашки Текстура,https://kultura-doma.ru/product/igra-shashki-tekstura-381,other,other,,,,,13000,32500,бежевый,43х43 см,натуральная кожа,,unknown_from_feed,https://kultura-doma.ru/public/src/images/gallery/catalog/6a4374e02ae19_big.jpg,https://kultura-doma.ru/public/src/images/gallery/catalog/6a4374e02ae19_big.jpg|https://kultura-doma.ru/public/src/images/gallery/catalog/6a4374dfdefdc_big.jpg|https://kultura-doma.ru/public/src/images/gallery/catalog/6a4374e0c1c13_big.jpg|https://kultura-doma.ru/public/src/images/gallery/catalog/6a4374e06870b_big.jpg|https://kultura-doma.ru/public/src/images/gallery/catalog/6a4374df47f2c_big.jpg
202,202,УТ-00009726,,Блюдо овальное Русское поле,https://kultura-doma.ru/product/blyudo-russkoe-pole,serving_dish,serving_add_on,,,,,7990,,белый,36х25 см,фарфор,,unknown_from_feed,https://kultura-doma.ru/public/src/images/gallery/catalog/687e453c2fb85_big.jpg,https://kultura-doma.ru/public/src/images/gallery/catalog/687e453c2fb85_big.jpg|https://kultura-doma.ru/public/src/images/gallery/catalog/6a3a77c4382b5_big.jpg|https://kultura-doma.ru/public/src/images/gallery/catalog/68cd427bb58a4_big.jpg|https://kultura-doma.ru/public/src/images/gallery/catalog/6a3a77c623ebc_big.jpg
281,281,УТ-00009532,,Масленка Русское поле,https://kultura-doma.ru/product/maslenka-russkoe-pole,other,other,,,,,2390,,белый,11х17х8 см,фарфор,,unknown_from_feed,https://kultura-doma.ru/public/src/images/gallery/catalog/69f06b4b2470c_big.jpg,https://kultura-doma.ru/public/src/images/gallery/catalog/69f06b4b2470c_big.jpg|https://kultura-doma.ru/public/src/images/gallery/catalog/69f06b4ad1e60_big.jpg|https://kultura-doma.ru/public/src/images/gallery/catalog/69f06b4b6e2d8_big.jpg|https://kultura-doma.ru/public/src/images/gallery/catalog/69f06b4bac79c_big.jpg
299,299,УТ-00009727,,Салатник большой Русское поле,https://kultura-doma.ru/product/salatnik-bol-shoy-russkoe-pole,salad_bowl,serving_add_on,,,,,5590,,белый,23 см,фарфор,1000 мл,unknown_from_feed,https://kultura-doma.ru/public/src/images/gallery/catalog/69649b8075491_big.jpg,https://kultura-doma.ru/public/src/images/gallery/catalog/69649b8075491_big.jpg|https://kultura-doma.ru/public/src/images/gallery/catalog/6a50b0722ef33_big.jpg|https://kultura-doma.ru/public/src/images/gallery/catalog/6a50b071972b5_big.jpg|https://kultura-doma.ru/public/src/images/gallery/catalog/6a50b071e6563_big.jpg|https://kultura-doma.ru/public/src/images/gallery/catalog/6a50b0726c1e9_big.jpg|https://kultura-doma.ru/public/src/images/gallery/catalog/6a50b072b42b3_big.jpg
300,,УТ-00009728,,Салатник малый Русское поле,https://kultura-doma.ru/product/salatnik-malyy-russkoe-pole,salad_bowl,serving_add_on,,,,,2190,,белый,,фарфор,,unknown_from_feed,https://kultura-doma.ru/public/src/images/gallery/catalog/687e4554185a4_big.jpg,https://kultura-doma.ru/public/src/images/gallery/catalog/687e4554185a4_big.jpg|https://kultura-doma.ru/public/src/images/gallery/catalog/68cd42945f802_big.jpg|https://kultura-doma.ru/public/src/images/gallery/catalog/6a3a85fe5faa8_big.jpg
304,,УТ-00009533,,Сахарница Русское поле,https://kultura-doma.ru/product/saharnica-russkoe-pole,sugar_bowl,serving_add_on,,,,,3190,,белый,,фарфор,380 мл,unknown_from_feed,https://kultura-doma.ru/public/src/images/gallery/catalog/6a394ad11defd_big.jpg,https://kultura-doma.ru/public/src/images/gallery/catalog/6a394ad11defd_big.jpg|https://kultura-doma.ru/public/src/images/gallery/catalog/6a394ad09361b_big.jpg|https://kultura-doma.ru/public/src/images/gallery/catalog/6a394ad172bab_big.jpg
333,333,УТ-00009729,,Тарелка десертная Русское поле,https://kultura-doma.ru/product/tarelka-desertnaya-russkoe-pole,dessert_plate,individual_tableware,,,,,2190,,белый,19 см,фарфор,,unknown_from_feed,https://kultura-doma.ru/public/src/images/gallery/catalog/687e450b5bb94_big.jpg,https://kultura-doma.ru/public/src/images/gallery/catalog/687e450b5bb94_big.jpg|https://kultura-doma.ru/public/src/images/gallery/catalog/6a3a734e7cc14_big.jpg|https://kultura-doma.ru/public/src/images/gallery/catalog/68cd4217b101c_big.jpg|https://kultura-doma.ru/public/src/images/gallery/catalog/6a3a734bdcf43_big.jpg|https://kultura-doma.ru/public/src/images/gallery/catalog/6a3a734c2a23e_big.jpg|https://kultura-doma.ru/public/src/images/gallery/catalog/6a3a734c660a6_big.jpg
334,334,УТ-00009730,,Тарелка закусочная Русское поле,https://kultura-doma.ru/product/tarelka-zakusochnaya-russkoe-pole,snack_plate,individual_tableware,,,,,2390,,белый,23 см,фарфор,,unknown_from_feed,https://kultura-doma.ru/public/src/images/gallery/catalog/687e44f1943ec_big.jpg,https://kultura-doma.ru/public/src/images/gallery/catalog/687e44f1943ec_big.jpg|https://kultura-doma.ru/public/src/images/gallery/catalog/6a3a73531065d_big.jpg|https://kultura-doma.ru/public/src/images/gallery/catalog/68cd424b72f56_big.jpg
335,335,УТ-00009731,,Тарелка обеденная Русское поле,https://kultura-doma.ru/product/tarelka-obedennaya-russkoe-pole,dinner_plate,individual_tableware,,,,,2990,,белый,27 см,фарфор,,unknown_from_feed,https://kultura-doma.ru/public/src/images/gallery/catalog/687e452401bf4_big.jpg,https://kultura-doma.ru/public/src/images/gallery/catalog/687e452401bf4_big.jpg|https://kultura-doma.ru/public/src/images/gallery/catalog/6a3a7346d5f4b_big.jpg|https://kultura-doma.ru/public/src/images/gallery/catalog/68cd426a1827d_big.jpg|https://kultura-doma.ru/public/src/images/gallery/catalog/6a3a7344da1e3_big.jpg|https://kultura-doma.ru/public/src/images/gallery/catalog/6a3a7344933fa_big.jpg|https://kultura-doma.ru/public/src/images/gallery/catalog/6a3a73452030e_big.jpg
338,,УТ-00009534,,Чайник Русское поле,https://kultura-doma.ru/product/chaynik-russkoe-pole,teapot,serving_add_on,,,,,3190,,белый,,фарфор,470 мл,unknown_from_feed,https://kultura-doma.ru/public/src/images/gallery/catalog/6a394ad510f78_big.jpg,https://kultura-doma.ru/public/src/images/gallery/catalog/6a394ad510f78_big.jpg|https://kultura-doma.ru/public/src/images/gallery/catalog/6a394ad4b17d3_big.jpg|https://kultura-doma.ru/public/src/images/gallery/catalog/6a394ad56cf76_big.jpg
344,,УТ-00009535,,Чайная пара Русское поле,https://kultura-doma.ru/product/chaynaya-para-russkoe-pole,tea_pair,tea_or_coffee_service,,,,,1490,,белый,,фарфор,220 мл,unknown_from_feed,https://kultura-doma.ru/public/src/images/gallery/catalog/6a394ad7d8436_big.jpg,https://kultura-doma.ru/public/src/images/gallery/catalog/6a394ad7d8436_big.jpg|https://kultura-doma.ru/public/src/images/gallery/catalog/6a394ad78c176_big.jpg|https://kultura-doma.ru/public/src/images/gallery/catalog/6a394ad835311_big.jpg|https://kultura-doma.ru/public/src/images/gallery/catalog/6a394ad73270c_big.jpg
13,13,УТ-00009417,,Тарелка обеденная Весна,https://kultura-doma.ru/product/tarelka-obedennaya-vesna,dinner_plate,individual_tableware,,,,,1436,3590,белый,27 см,фарфор,,unknown_from_feed,https://kultura-doma.ru/public/src/images/gallery/catalog/6a43757d69bf8_big.jpg,https://kultura-doma.ru/public/src/images/gallery/catalog/6a43757d69bf8_big.jpg|https://kultura-doma.ru/public/src/images/gallery/catalog/6a43757e29529_big.jpg|https://kultura-doma.ru/public/src/images/gallery/catalog/6a43757dac52e_big.jpg
231,231,УТ-00009415,,Ваза для фруктов Весна,https://kultura-doma.ru/product/vaza-dlya-fruktov-vesna,vase,atmosphere_or_drinks,,,,,1436,3590,белый,"21х21х9,5 см",фарфор,,unknown_from_feed,https://kultura-doma.ru/public/src/images/gallery/catalog/6a43756d2e4f2_big.jpg,https://kultura-doma.ru/public/src/images/gallery/catalog/6a43756d2e4f2_big.jpg|https://kultura-doma.ru/public/src/images/gallery/catalog/68fb3b873b725_big.jpg|https://kultura-doma.ru/public/src/images/gallery/catalog/6a43756d7fc95_big.jpg
245,,УТ-00009418,,Кружка Весна,https://kultura-doma.ru/product/kruzhka-vesna,mug,other,,,,,596,1490,белый,,фарфор,350 мл,unknown_from_feed,https://kultura-doma.ru/public/src/images/gallery/catalog/68ee0f7e2641d_big.jpg,https://kultura-doma.ru/public/src/images/gallery/catalog/68ee0f7e2641d_big.jpg|https://kultura-doma.ru/public/src/images/gallery/catalog/68ee0f93954b5_big.jpg|https://kultura-doma.ru/public/src/images/gallery/catalog/6a4375855db76_big.jpg
332,332,УТ-00009416,,Тарелка закусочная Весна,https://kultura-doma.ru/product/tarelka-zakusochnaya-vesna,snack_plate,individual_tableware,,,,,1116,2790,белый,23 см,фарфор,,unknown_from_feed,https://kultura-doma.ru/public/src/images/gallery/catalog/6a43757500ab8_big.jpg,https://kultura-doma.ru/public/src/images/gallery/catalog/6a43757500ab8_big.jpg|https://kultura-doma.ru/public/src/images/gallery/catalog/6a43757392be9_big.jpg|https://kultura-doma.ru/public/src/images/gallery/catalog/6a437575b95e7_big.jpg|https://kultura-doma.ru/public/src/images/gallery/catalog/6a4375734b00f_big.jpg|https://kultura-doma.ru/public/src/images/gallery/catalog/6a437575482cc_big.jpg|https://kultura-doma.ru/public/src/images/gallery/catalog/6a4375730c333_big.jpg
1552,1552,УТ-00011436,Камея,Блюдо овальное Камея,https://kultura-doma.ru/product/blyudo-oval-noe-kameya,serving_dish,serving_add_on,classic_base,table,milk|white,classic|neutral|relief,2233,3190,белый,25х18 см,костяной фарфор,,unknown_from_feed,https://kultura-doma.ru/public/src/images/gallery/catalog/6a3a77a9a9ef4_big.jpg,https://kultura-doma.ru/public/src/images/gallery/catalog/6a3a77a9a9ef4_big.jpg|https://kultura-doma.ru/public/src/images/gallery/catalog/69a575b5c5163_big.jpg
1553,1553,УТ-00011437,Камея,Блюдо овальное Камея,https://kultura-doma.ru/product/blyudo-oval-noe-kameya-1553,serving_dish,serving_add_on,classic_base,table,milk|white,classic|neutral|relief,4473,6390,белый,36х26 см,костяной фарфор,,unknown_from_feed,https://kultura-doma.ru/public/src/images/gallery/catalog/6a3a77a832033_big.jpg,https://kultura-doma.ru/public/src/images/gallery/catalog/6a3a77a832033_big.jpg|https://kultura-doma.ru/public/src/images/gallery/catalog/69a575cbeca53_big.jpg
1554,,УТ-00011441,Камея,Молочник Камея,https://kultura-doma.ru/product/molochnik-kameya,milk_jug,serving_add_on,classic_base,table,milk|white,classic|neutral|relief,1673,2390,белый,,костяной фарфор,130 мл,unknown_from_feed,https://kultura-doma.ru/public/src/images/gallery/catalog/6a394aeea5edf_big.jpg,https://kultura-doma.ru/public/src/images/gallery/catalog/6a394aeea5edf_big.jpg|https://kultura-doma.ru/public/src/images/gallery/catalog/6a15ad53ba204_big.jpg|https://kultura-doma.ru/public/src/images/gallery/catalog/69a5765de48a1_big.jpg
1555,,УТ-00011442,Камея,Кружка Камея,https://kultura-doma.ru/product/kruzhka-kameya,mug,classic_base,classic_base,table,milk|white,classic|neutral|relief,1953,2790,белый,,костяной фарфор,350 мл,unknown_from_feed,https://kultura-doma.ru/public/src/images/gallery/catalog/6a394aefe9f00_big.jpg,https://kultura-doma.ru/public/src/images/gallery/catalog/6a394aefe9f00_big.jpg|https://kultura-doma.ru/public/src/images/gallery/catalog/69a5787c5c475_big.jpg
1556,,УТ-00011517,Камея,Чайная пара Камея,https://kultura-doma.ru/product/chaynaya-para-kameya,tea_pair,tea_or_coffee_service,classic_base,table,milk|white,classic|neutral|relief,2233,3190,белый,,костяной фарфор,250 мл,unknown_from_feed,https://kultura-doma.ru/public/src/images/gallery/catalog/6a394af134502_big.jpg,https://kultura-doma.ru/public/src/images/gallery/catalog/6a394af134502_big.jpg|https://kultura-doma.ru/public/src/images/gallery/catalog/69a5760b0ab4b_big.jpg
1557,,УТ-00011518,Камея,Кофейная пара Камея,https://kultura-doma.ru/product/kofeynaya-para-kameya,coffee_pair,tea_or_coffee_service,classic_base,table,milk|white,classic|neutral|relief,1673,2390,белый,,костяной фарфор,90 мл,unknown_from_feed,https://kultura-doma.ru/public/src/images/gallery/catalog/6a394af3ed506_big.jpg,https://kultura-doma.ru/public/src/images/gallery/catalog/6a394af3ed506_big.jpg|https://kultura-doma.ru/public/src/images/gallery/catalog/6a15ad989a8a5_big.jpg|https://kultura-doma.ru/public/src/images/gallery/catalog/6a394af3a736d_big.jpg|https://kultura-doma.ru/public/src/images/gallery/catalog/6a394af4453b5_big.jpg
1558,1558,УТ-00011448,Камея,Супница Камея,https://kultura-doma.ru/product/supnica-kameya,soup_tureen,serving_add_on,classic_base,table,milk|white,classic|neutral|relief,7273,10390,белый,"31х23,7х14 см",,,unknown_from_feed,https://kultura-doma.ru/public/src/images/gallery/catalog/69f06b7fd6aff_big.jpg,https://kultura-doma.ru/public/src/images/gallery/catalog/69f06b7fd6aff_big.jpg|https://kultura-doma.ru/public/src/images/gallery/catalog/6a15b01297ff6_big.jpg|https://kultura-doma.ru/public/src/images/gallery/catalog/69f06b801a49b_big.jpg
1559,,УТ-00011449,Камея,Салатник Камея,https://kultura-doma.ru/product/salatnik-kameya,salad_bowl,serving_add_on,classic_base,table,milk|white,classic|neutral|relief,903,1290,белый,,костяной фарфор,,unknown_from_feed,https://kultura-doma.ru/public/src/images/gallery/catalog/6a3a85f308820_big.jpg,https://kultura-doma.ru/public/src/images/gallery/catalog/6a3a85f308820_big.jpg|https://kultura-doma.ru/public/src/images/gallery/catalog/69a5751851cd4_big.jpg
1560,1560,УТ-00011450,Камея,Салатник Камея,https://kultura-doma.ru/product/salatnik-kameya-1560,salad_bowl,serving_add_on,classic_base,table,milk|white,classic|neutral|relief,3283,4690,белый,20 см,костяной фарфор,,unknown_from_feed,https://kultura-doma.ru/public/src/images/gallery/catalog/6a3a861165ce4_big.jpg,https://kultura-doma.ru/public/src/images/gallery/catalog/6a3a861165ce4_big.jpg|https://kultura-doma.ru/public/src/images/gallery/catalog/6a15afd9285dd_big.jpg
1561,,УТ-00011440,Камея,Сахарница Камея,https://kultura-doma.ru/product/saharnica-kameya,sugar_bowl,serving_add_on,classic_base,table,milk|white,classic|neutral|relief,2513,3590,белый,,костяной фарфор,,unknown_from_feed,https://kultura-doma.ru/public/src/images/gallery/catalog/6a394af59a5dc_big.jpg,https://kultura-doma.ru/public/src/images/gallery/catalog/6a394af59a5dc_big.jpg|https://kultura-doma.ru/public/src/images/gallery/catalog/6a15aede2722f_big.jpg
1562,1562,УТ-00011432,Камея,Тарелка десертная Камея,https://kultura-doma.ru/product/tarelka-desertnaya-kameya,dessert_plate,individual_tableware,classic_base,table,milk|white,classic|neutral|relief,1673,2390,белый,"20,8 см",костяной фарфор,,unknown_from_feed,https://kultura-doma.ru/public/src/images/gallery/catalog/6a3a73285a37b_big.jpg,https://kultura-doma.ru/public/src/images/gallery/catalog/6a3a73285a37b_big.jpg|https://kultura-doma.ru/public/src/images/gallery/catalog/69a5772a9dbd2_big.jpg
1563,1563,УТ-00011433,Камея,Тарелка закусочная Камея,https://kultura-doma.ru/product/tarelka-zakusochnaya-kameya,snack_plate,individual_tableware,classic_base,table,milk|white,classic|neutral|relief,2233,3190,белый,"23,5 см",костяной фарфор,,unknown_from_feed,https://kultura-doma.ru/public/src/images/gallery/catalog/6a3a739923911_big.jpg,https://kultura-doma.ru/public/src/images/gallery/catalog/6a3a739923911_big.jpg|https://kultura-doma.ru/public/src/images/gallery/catalog/69a576f26a902_big.jpg
1564,1564,УТ-00011434,Камея,Тарелка обеденная Камея,https://kultura-doma.ru/product/tarelka-obedennaya-kameya,dinner_plate,individual_tableware,classic_base,table,milk|white,classic|neutral|relief,2793,3990,белый,"26,6 см",костяной фарфор,,unknown_from_feed,https://kultura-doma.ru/public/src/images/gallery/catalog/6a06d76222d16_big.jpg,https://kultura-doma.ru/public/src/images/gallery/catalog/6a06d76222d16_big.jpg|https://kultura-doma.ru/public/src/images/gallery/catalog/69a576c56bb35_big.jpg
1567,,УТ-00011438,Камея,Чайник заварочный Камея,https://kultura-doma.ru/product/chaynik-zavarochnyy-kameya,teapot,serving_add_on,classic_base,table,milk|white,classic|neutral|relief,5593,7990,белый,,костяной фарфор,1800 мл,unknown_from_feed,https://kultura-doma.ru/public/src/images/gallery/catalog/6a50b12627f2e_big.jpg,https://kultura-doma.ru/public/src/images/gallery/catalog/6a50b12627f2e_big.jpg|https://kultura-doma.ru/public/src/images/gallery/catalog/699f11c473620_big.jpg
1568,,УТ-00011439,Камея,Чайник заварочный Камея,https://kultura-doma.ru/product/chaynik-zavarochnyy-kameya-1568,teapot,serving_add_on,classic_base,table,milk|white,classic|neutral|relief,4473,6390,белый,,костяной фарфор,900 мл,unknown_from_feed,https://kultura-doma.ru/public/src/images/gallery/catalog/6a394af835e91_big.jpg,https://kultura-doma.ru/public/src/images/gallery/catalog/6a394af835e91_big.jpg|https://kultura-doma.ru/public/src/images/gallery/catalog/699d71e583d98_big.jpg
1667,1667,УТ-00008745,,Комплект постельного белья Серебряный браслет,https://kultura-doma.ru/product/komplekt-postel-nogo-bel-ya-serebryanyy-braslet,bedding_set,bedroom_layer,,,,,12540,20900,белый,Полуторный (145х200 см),сатин,,unknown_from_feed,https://kultura-doma.ru/public/src/images/gallery/catalog/6a328b6664ae0_big.jpg,https://kultura-doma.ru/public/src/images/gallery/catalog/6a328b6664ae0_big.jpg|https://kultura-doma.ru/public/src/images/gallery/catalog/6a328b67939ad_big.jpg|https://kultura-doma.ru/public/src/images/gallery/catalog/6a328b67d9e59_big.jpg|https://kultura-doma.ru/public/src/images/gallery/catalog/6a328b661813e_big.jpg|https://kultura-doma.ru/public/src/images/gallery/catalog/6a328b66b0490_big.jpg|https://kultura-doma.ru/public/src/images/gallery/catalog/6a328b670924d_big.jpg|https://kultura-doma.ru/public/src/images/gallery/catalog/6a328b67553c1_big.jpg
1667-2449,1667,УТ-00008745,,Комплект постельного белья Серебряный браслет,https://kultura-doma.ru/product/komplekt-postel-nogo-bel-ya-serebryanyy-braslet-size-evro,bedding_set,bedroom_layer,,,,,16740,20900,белый,,сатин,,unknown_from_feed,https://kultura-doma.ru/public/src/images/gallery/catalog/6a328b6664ae0_big.jpg,https://kultura-doma.ru/public/src/images/gallery/catalog/6a328b6664ae0_big.jpg|https://kultura-doma.ru/public/src/images/gallery/catalog/6a328b67939ad_big.jpg|https://kultura-doma.ru/public/src/images/gallery/catalog/6a328b67d9e59_big.jpg|https://kultura-doma.ru/public/src/images/gallery/catalog/6a328b661813e_big.jpg|https://kultura-doma.ru/public/src/images/gallery/catalog/6a328b66b0490_big.jpg|https://kultura-doma.ru/public/src/images/gallery/catalog/6a328b670924d_big.jpg|https://kultura-doma.ru/public/src/images/gallery/catalog/6a328b67553c1_big.jpg
1667-2450,1667,УТ-00008747,,Комплект постельного белья Серебряный браслет: Кинг-сайз,https://kultura-doma.ru/product/komplekt-postel-nogo-bel-ya-serebryanyy-braslet-size-kingsayz,bedding_set,bedroom_layer,,,,,19140,20900,белый,Кинг-сайз (220х240 см),сатин,,unknown_from_feed,https://kultura-doma.ru/public/src/images/gallery/catalog/6a328b6664ae0_big.jpg,https://kultura-doma.ru/public/src/images/gallery/catalog/6a328b6664ae0_big.jpg|https://kultura-doma.ru/public/src/images/gallery/catalog/6a328b67939ad_big.jpg|https://kultura-doma.ru/public/src/images/gallery/catalog/6a328b67d9e59_big.jpg|https://kultura-doma.ru/public/src/images/gallery/catalog/6a328b661813e_big.jpg|https://kultura-doma.ru/public/src/images/gallery/catalog/6a328b66b0490_big.jpg|https://kultura-doma.ru/public/src/images/gallery/catalog/6a328b670924d_big.jpg|https://kultura-doma.ru/public/src/images/gallery/catalog/6a328b67553c1_big.jpg
1667-2452,1667,УТ-00008746,,Комплект постельного белья Серебряный браслет: Семейный,https://kultura-doma.ru/product/komplekt-postel-nogo-bel-ya-serebryanyy-braslet-size-semeynyy,bedding_set,bedroom_layer,,,,,20340,20900,белый,Семейный (145х200 см х 2 шт),сатин,,unknown_from_feed,https://kultura-doma.ru/public/src/images/gallery/catalog/6a328b6664ae0_big.jpg,https://kultura-doma.ru/public/src/images/gallery/catalog/6a328b6664ae0_big.jpg|https://kultura-doma.ru/public/src/images/gallery/catalog/6a328b67939ad_big.jpg|https://kultura-doma.ru/public/src/images/gallery/catalog/6a328b67d9e59_big.jpg|https://kultura-doma.ru/public/src/images/gallery/catalog/6a328b661813e_big.jpg|https://kultura-doma.ru/public/src/images/gallery/catalog/6a328b66b0490_big.jpg|https://kultura-doma.ru/public/src/images/gallery/catalog/6a328b670924d_big.jpg|https://kultura-doma.ru/public/src/images/gallery/catalog/6a328b67553c1_big.jpg
1667-2476,1667,УТ-00008745,,Комплект постельного белья Серебряный браслет: Евро,https://kultura-doma.ru/product/komplekt-postel-nogo-bel-ya-serebryanyy-braslet-size-evro-2476,bedding_set,bedroom_layer,,,,,16740,20900,белый,Евро (200х220 см),сатин,,unknown_from_feed,https://kultura-doma.ru/public/src/images/gallery/catalog/6a328b6664ae0_big.jpg,https://kultura-doma.ru/public/src/images/gallery/catalog/6a328b6664ae0_big.jpg|https://kultura-doma.ru/public/src/images/gallery/catalog/6a328b67939ad_big.jpg|https://kultura-doma.ru/public/src/images/gallery/catalog/6a328b67d9e59_big.jpg|https://kultura-doma.ru/public/src/images/gallery/catalog/6a328b661813e_big.jpg|https://kultura-doma.ru/public/src/images/gallery/catalog/6a328b66b0490_big.jpg|https://kultura-doma.ru/public/src/images/gallery/catalog/6a328b670924d_big.jpg|https://kultura-doma.ru/public/src/images/gallery/catalog/6a328b67553c1_big.jpg
1670,1670,УТ-00008750,,Комплект постельного белья Солнечные бусы,https://kultura-doma.ru/product/komplekt-postel-nogo-bel-ya-solnechnye-busy,bedding_set,bedroom_layer,,,,,12540,20900,белый,Полуторный (145х200 см),сатин,,unknown_from_feed,https://kultura-doma.ru/public/src/images/gallery/catalog/6a328b6c6f74e_big.jpg,https://kultura-doma.ru/public/src/images/gallery/catalog/6a328b6c6f74e_big.jpg|https://kultura-doma.ru/public/src/images/gallery/catalog/6a328b6db5db1_big.jpg|https://kultura-doma.ru/public/src/images/gallery/catalog/6a328b6e03ae2_big.jpg|https://kultura-doma.ru/public/src/images/gallery/catalog/6a328b6d72b3a_big.jpg|https://kultura-doma.ru/public/src/images/gallery/catalog/6a328b6cb4894_big.jpg|https://kultura-doma.ru/public/src/images/gallery/catalog/6a328b6cec761_big.jpg|https://kultura-doma.ru/public/src/images/gallery/catalog/6a328b6d3147e_big.jpg
1670-1802,1670,УТ-00008749,,Комплект постельного белья Солнечные бусы,https://kultura-doma.ru/product/komplekt-postel-nogo-bel-ya-solnechnye-busy-size-dvuspal-nyy-evro,bedding_set,bedroom_layer,,,,,16740,20900,белый,,сатин,,unknown_from_feed,https://kultura-doma.ru/public/src/images/gallery/catalog/6a328b6c6f74e_big.jpg,https://kultura-doma.ru/public/src/images/gallery/catalog/6a328b6c6f74e_big.jpg|https://kultura-doma.ru/public/src/images/gallery/catalog/6a328b6db5db1_big.jpg|https://kultura-doma.ru/public/src/images/gallery/catalog/6a328b6e03ae2_big.jpg|https://kultura-doma.ru/public/src/images/gallery/catalog/6a328b6d72b3a_big.jpg|https://kultura-doma.ru/public/src/images/gallery/catalog/6a328b6cb4894_big.jpg|https://kultura-doma.ru/public/src/images/gallery/catalog/6a328b6cec761_big.jpg|https://kultura-doma.ru/public/src/images/gallery/catalog/6a328b6d3147e_big.jpg
1670-2446,1670,УТ-00008751,,Комплект постельного белья Солнечные бусы: Кинг-сайз,https://kultura-doma.ru/product/komplekt-postel-nogo-bel-ya-solnechnye-busy-size-kingsayz,bedding_set,bedroom_layer,,,,,19140,20900,белый,Кинг-сайз (220х240 см),сатин,,unknown_from_feed,https://kultura-doma.ru/public/src/images/gallery/catalog/6a328b6c6f74e_big.jpg,https://kultura-doma.ru/public/src/images/gallery/catalog/6a328b6c6f74e_big.jpg|https://kultura-doma.ru/public/src/images/gallery/catalog/6a328b6db5db1_big.jpg|https://kultura-doma.ru/public/src/images/gallery/catalog/6a328b6e03ae2_big.jpg|https://kultura-doma.ru/public/src/images/gallery/catalog/6a328b6d72b3a_big.jpg|https://kultura-doma.ru/public/src/images/gallery/catalog/6a328b6cb4894_big.jpg|https://kultura-doma.ru/public/src/images/gallery/catalog/6a328b6cec761_big.jpg|https://kultura-doma.ru/public/src/images/gallery/catalog/6a328b6d3147e_big.jpg
1670-2448,1670,УТ-00008750,,Комплект постельного белья Солнечные бусы: Семейный,https://kultura-doma.ru/product/komplekt-postel-nogo-bel-ya-solnechnye-busy-size-semeynyy,bedding_set,bedroom_layer,,,,,20340,20900,белый,Семейный (145х200 см х 2 шт),сатин,,unknown_from_feed,https://kultura-doma.ru/public/src/images/gallery/catalog/6a328b6c6f74e_big.jpg,https://kultura-doma.ru/public/src/images/gallery/catalog/6a328b6c6f74e_big.jpg|https://kultura-doma.ru/public/src/images/gallery/catalog/6a328b6db5db1_big.jpg|https://kultura-doma.ru/public/src/images/gallery/catalog/6a328b6e03ae2_big.jpg|https://kultura-doma.ru/public/src/images/gallery/catalog/6a328b6d72b3a_big.jpg|https://kultura-doma.ru/public/src/images/gallery/catalog/6a328b6cb4894_big.jpg|https://kultura-doma.ru/public/src/images/gallery/catalog/6a328b6cec761_big.jpg|https://kultura-doma.ru/public/src/images/gallery/catalog/6a328b6d3147e_big.jpg
1670-2477,1670,УТ-00008749,,Комплект постельного белья Солнечные бусы: Евро,https://kultura-doma.ru/product/komplekt-postel-nogo-bel-ya-solnechnye-busy-size-evro,bedding_set,bedroom_layer,,,,,16740,20900,белый,Евро (200х220 см),сатин,,unknown_from_feed,https://kultura-doma.ru/public/src/images/gallery/catalog/6a328b6c6f74e_big.jpg,https://kultura-doma.ru/public/src/images/gallery/catalog/6a328b6c6f74e_big.jpg|https://kultura-doma.ru/public/src/images/gallery/catalog/6a328b6db5db1_big.jpg|https://kultura-doma.ru/public/src/images/gallery/catalog/6a328b6e03ae2_big.jpg|https://kultura-doma.ru/public/src/images/gallery/catalog/6a328b6d72b3a_big.jpg|https://kultura-doma.ru/public/src/images/gallery/catalog/6a328b6cb4894_big.jpg|https://kultura-doma.ru/public/src/images/gallery/catalog/6a328b6cec761_big.jpg|https://kultura-doma.ru/public/src/images/gallery/catalog/6a328b6d3147e_big.jpg
1673,1673,УТ-00008896,,Комплект постельного белья Яблоневый цвет,https://kultura-doma.ru/product/komplekt-postel-nogo-bel-ya-yablonevyy-cvet,bedding_set,bedroom_layer,,,,,16030,22900,зеленый,Полуторный (145х200 см),сатин,,unknown_from_feed,https://kultura-doma.ru/public/src/images/gallery/catalog/6a328b73a28c3_big.jpg,https://kultura-doma.ru/public/src/images/gallery/catalog/6a328b73a28c3_big.jpg|https://kultura-doma.ru/public/src/images/gallery/catalog/6a328b7301d31_big.jpg|https://kultura-doma.ru/public/src/images/gallery/catalog/6a328b733eee7_big.jpg|https://kultura-doma.ru/public/src/images/gallery/catalog/6a328b756fb2f_big.jpg|https://kultura-doma.ru/public/src/images/gallery/catalog/6a328b73f326c_big.jpg|https://kultura-doma.ru/public/src/images/gallery/catalog/6a328b74734ac_big.jpg|https://kultura-doma.ru/public/src/images/gallery/catalog/6a328b74b2b12_big.jpg|https://kultura-doma.ru/public/src/images/gallery/catalog/6a328b75394d7_big.jpg
1673-2454,1673,УТ-00008899,,Комплект постельного белья Яблоневый цвет: Кинг-сайз,https://kultura-doma.ru/product/komplekt-postel-nogo-bel-ya-yablonevyy-cvet-size-kingsayz,bedding_set,bedroom_layer,,,,,25130,22900,зеленый,Кинг-сайз (220х240 см),сатин,,unknown_from_feed,https://kultura-doma.ru/public/src/images/gallery/catalog/6a328b73a28c3_big.jpg,https://kultura-doma.ru/public/src/images/gallery/catalog/6a328b73a28c3_big.jpg|https://kultura-doma.ru/public/src/images/gallery/catalog/6a328b7301d31_big.jpg|https://kultura-doma.ru/public/src/images/gallery/catalog/6a328b733eee7_big.jpg|https://kultura-doma.ru/public/src/images/gallery/catalog/6a328b756fb2f_big.jpg|https://kultura-doma.ru/public/src/images/gallery/catalog/6a328b73f326c_big.jpg|https://kultura-doma.ru/public/src/images/gallery/catalog/6a328b74734ac_big.jpg|https://kultura-doma.ru/public/src/images/gallery/catalog/6a328b74b2b12_big.jpg|https://kultura-doma.ru/public/src/images/gallery/catalog/6a328b75394d7_big.jpg
1673-2455,1673,УТ-00008898,,Комплект постельного белья Яблоневый цвет: Семейный,https://kultura-doma.ru/product/komplekt-postel-nogo-bel-ya-yablonevyy-cvet-size-semeynyy,bedding_set,bedroom_layer,,,,,26530,22900,зеленый,Семейный (145х200 см х 2 шт),сатин,,unknown_from_feed,https://kultura-doma.ru/public/src/images/gallery/catalog/6a328b73a28c3_big.jpg,https://kultura-doma.ru/public/src/images/gallery/catalog/6a328b73a28c3_big.jpg|https://kultura-doma.ru/public/src/images/gallery/catalog/6a328b7301d31_big.jpg|https://kultura-doma.ru/public/src/images/gallery/catalog/6a328b733eee7_big.jpg|https://kultura-doma.ru/public/src/images/gallery/catalog/6a328b756fb2f_big.jpg|https://kultura-doma.ru/public/src/images/gallery/catalog/6a328b73f326c_big.jpg|https://kultura-doma.ru/public/src/images/gallery/catalog/6a328b74734ac_big.jpg|https://kultura-doma.ru/public/src/images/gallery/catalog/6a328b74b2b12_big.jpg|https://kultura-doma.ru/public/src/images/gallery/catalog/6a328b75394d7_big.jpg
1673-2478,1673,УТ-00008897,,Комплект постельного белья Яблоневый цвет: Евро,https://kultura-doma.ru/product/komplekt-postel-nogo-bel-ya-yablonevyy-cvet-size-evro,bedding_set,bedroom_layer,,,,,23030,22900,зеленый,Евро (200х220 см),сатин,,unknown_from_feed,https://kultura-doma.ru/public/src/images/gallery/catalog/6a328b73a28c3_big.jpg,https://kultura-doma.ru/public/src/images/gallery/catalog/6a328b73a28c3_big.jpg|https://kultura-doma.ru/public/src/images/gallery/catalog/6a328b7301d31_big.jpg|https://kultura-doma.ru/public/src/images/gallery/catalog/6a328b733eee7_big.jpg|https://kultura-doma.ru/public/src/images/gallery/catalog/6a328b756fb2f_big.jpg|https://kultura-doma.ru/public/src/images/gallery/catalog/6a328b73f326c_big.jpg|https://kultura-doma.ru/public/src/images/gallery/catalog/6a328b74734ac_big.jpg|https://kultura-doma.ru/public/src/images/gallery/catalog/6a328b74b2b12_big.jpg|https://kultura-doma.ru/public/src/images/gallery/catalog/6a328b75394d7_big.jpg
1674,1674,УТ-00009018,,Комплект постельного белья Кремовые сны,https://kultura-doma.ru/product/komplekt-postel-nogo-bel-ya-kremovye-sny,bedding_set,bedroom_layer,,,,,16030,22900,бежевый,Полуторный (145х200 см),сатин,,unknown_from_feed,https://kultura-doma.ru/public/src/images/gallery/catalog/6a3510290e0c3_big.jpg,https://kultura-doma.ru/public/src/images/gallery/catalog/6a3510290e0c3_big.jpg|https://kultura-doma.ru/public/src/images/gallery/catalog/6a35102a1b5b7_big.jpg|https://kultura-doma.ru/public/src/images/gallery/catalog/6a35102a5a5be_big.jpg|https://kultura-doma.ru/public/src/images/gallery/catalog/6a3510294ffdb_big.jpg|https://kultura-doma.ru/public/src/images/gallery/catalog/6a35102990337_big.jpg|https://kultura-doma.ru/public/src/images/gallery/catalog/6a351029c75e5_big.jpg
1674-2410,1674,УТ-00009019,,Комплект постельного белья Кремовые сны: Кинг-сайз,https://kultura-doma.ru/product/komplekt-postel-nogo-bel-ya-kremovye-sny-size-kingsayz,bedding_set,bedroom_layer,,,,,22140,22900,бежевый,Кинг-сайз (220х240 см),сатин,,unknown_from_feed,https://kultura-doma.ru/public/src/images/gallery/catalog/6a3510290e0c3_big.jpg,https://kultura-doma.ru/public/src/images/gallery/catalog/6a3510290e0c3_big.jpg|https://kultura-doma.ru/public/src/images/gallery/catalog/6a35102a1b5b7_big.jpg|https://kultura-doma.ru/public/src/images/gallery/catalog/6a35102a5a5be_big.jpg|https://kultura-doma.ru/public/src/images/gallery/catalog/6a3510294ffdb_big.jpg|https://kultura-doma.ru/public/src/images/gallery/catalog/6a35102990337_big.jpg|https://kultura-doma.ru/public/src/images/gallery/catalog/6a351029c75e5_big.jpg
1674-2413,1674,УТ-00009018,,Комплект постельного белья Кремовые сны: Семейный,https://kultura-doma.ru/product/komplekt-postel-nogo-bel-ya-kremovye-sny-size-semeynyy,bedding_set,bedroom_layer,,,,,27930,22900,бежевый,Семейный (145х200 см х 2 шт),сатин,,unknown_from_feed,https://kultura-doma.ru/public/src/images/gallery/catalog/6a3510290e0c3_big.jpg,https://kultura-doma.ru/public/src/images/gallery/catalog/6a3510290e0c3_big.jpg|https://kultura-doma.ru/public/src/images/gallery/catalog/6a35102a1b5b7_big.jpg|https://kultura-doma.ru/public/src/images/gallery/catalog/6a35102a5a5be_big.jpg|https://kultura-doma.ru/public/src/images/gallery/catalog/6a3510294ffdb_big.jpg|https://kultura-doma.ru/public/src/images/gallery/catalog/6a35102990337_big.jpg|https://kultura-doma.ru/public/src/images/gallery/catalog/6a351029c75e5_big.jpg
1674-2529,1674,УТ-00009017,,Комплект постельного белья Кремовые сны: Евро,https://kultura-doma.ru/product/komplekt-postel-nogo-bel-ya-kremovye-sny-size-evro,bedding_set,bedroom_layer,,,,,24430,22900,бежевый,Евро (200х220 см),сатин,,unknown_from_feed,https://kultura-doma.ru/public/src/images/gallery/catalog/6a3510290e0c3_big.jpg,https://kultura-doma.ru/public/src/images/gallery/catalog/6a3510290e0c3_big.jpg|https://kultura-doma.ru/public/src/images/gallery/catalog/6a35102a1b5b7_big.jpg|https://kultura-doma.ru/public/src/images/gallery/catalog/6a35102a5a5be_big.jpg|https://kultura-doma.ru/public/src/images/gallery/catalog/6a3510294ffdb_big.jpg|https://kultura-doma.ru/public/src/images/gallery/catalog/6a35102990337_big.jpg|https://kultura-doma.ru/public/src/images/gallery/catalog/6a351029c75e5_big.jpg
1425,1425,УТ-00010889,,Тарелка обеденная Обереги,https://kultura-doma.ru/product/tarelka-obedennaya-oberegi,dinner_plate,individual_tableware,,,,,2394,3990,белый,27 см,фарфор,,unknown_from_feed,https://kultura-doma.ru/public/src/images/gallery/catalog/6a3a738cb6fe5_big.jpg,https://kultura-doma.ru/public/src/images/gallery/catalog/6a3a738cb6fe5_big.jpg|https://kultura-doma.ru/public/src/images/gallery/catalog/6a3a738d99e9f_big.jpg|https://kultura-doma.ru/public/src/images/gallery/catalog/6a3a738d16f28_big.jpg|https://kultura-doma.ru/public/src/images/gallery/catalog/6a3a738d59275_big.jpg|https://kultura-doma.ru/public/src/images/gallery/catalog/6a3a738ddb2d9_big.jpg
1426,1426,УТ-00010890,,Тарелка закусочная Обереги,https://kultura-doma.ru/product/tarelka-zakusochnaya-oberegi,snack_plate,individual_tableware,,,,,1914,3190,белый,24 см,фарфор,,unknown_from_feed,https://kultura-doma.ru/public/src/images/gallery/catalog/6a3a738f873f3_big.jpg,https://kultura-doma.ru/public/src/images/gallery/catalog/6a3a738f873f3_big.jpg|https://kultura-doma.ru/public/src/images/gallery/catalog/6a3a7390460ac_big.jpg|https://kultura-doma.ru/public/src/images/gallery/catalog/6a3a738fc3d4d_big.jpg|https://kultura-doma.ru/public/src/images/gallery/catalog/6a3a73900a2d4_big.jpg|https://kultura-doma.ru/public/src/images/gallery/catalog/6a3a7390853c0_big.jpg
1427,1427,УТ-00010891,,Салатник порционный Обереги,https://kultura-doma.ru/product/salatnik-porcionnyy-oberegi,salad_bowl,serving_add_on,,,,,2394,3990,белый,"16,5х16,5 см",фарфор,600 мл,unknown_from_feed,https://kultura-doma.ru/public/src/images/gallery/catalog/6a3a860b34a67_big.jpg,https://kultura-doma.ru/public/src/images/gallery/catalog/6a3a860b34a67_big.jpg|https://kultura-doma.ru/public/src/images/gallery/catalog/6a3a860c48663_big.jpg|https://kultura-doma.ru/public/src/images/gallery/catalog/6a3a860b7b411_big.jpg|https://kultura-doma.ru/public/src/images/gallery/catalog/6a3a860bbb5bf_big.jpg|https://kultura-doma.ru/public/src/images/gallery/catalog/6a3a860c03962_big.jpg
1428,,УТ-00010886,,Чайная пара Обереги,https://kultura-doma.ru/product/chaynaya-para-oberegi,tea_pair,tea_or_coffee_service,,,,,2394,3990,белый,,фарфор,250 мл,unknown_from_feed,https://kultura-doma.ru/public/src/images/gallery/catalog/6a394b0da729e_big.jpg,https://kultura-doma.ru/public/src/images/gallery/catalog/6a394b0da729e_big.jpg|https://kultura-doma.ru/public/src/images/gallery/catalog/694a4e0107ae4_big.jpg|https://kultura-doma.ru/public/src/images/gallery/catalog/6a394b0de4c27_big.jpg|https://kultura-doma.ru/public/src/images/gallery/catalog/6a394b0f0b80b_big.jpg|https://kultura-doma.ru/public/src/images/gallery/catalog/6a394b0e301a7_big.jpg|https://kultura-doma.ru/public/src/images/gallery/catalog/6a394b0e7acea_big.jpg|https://kultura-doma.ru/public/src/images/gallery/catalog/6a394b0ebec6b_big.jpg
1497,,УТ-00010884,,Чайник Обереги,https://kultura-doma.ru/product/chaynik-oberegi,teapot,serving_add_on,,,,,2994,4990,белый,,фарфор,650 мл,unknown_from_feed,https://kultura-doma.ru/public/src/images/gallery/catalog/6a394b10a0bce_big.jpg,https://kultura-doma.ru/public/src/images/gallery/catalog/6a394b10a0bce_big.jpg|https://kultura-doma.ru/public/src/images/gallery/catalog/6a394b1176f00_big.jpg|https://kultura-doma.ru/public/src/images/gallery/catalog/6a394b10df19e_big.jpg|https://kultura-doma.ru/public/src/images/gallery/catalog/6a394b11326ce_big.jpg|https://kultura-doma.ru/public/src/images/gallery/catalog/6a394b11c073b_big.jpg
1498,,УТ-00010885,,Сахарница Обереги,https://kultura-doma.ru/product/saharnica-oberegi,sugar_bowl,serving_add_on,,,,,2094,3490,белый,,фарфор,300 мл,unknown_from_feed,https://kultura-doma.ru/public/src/images/gallery/catalog/6a394b1351c0b_big.jpg,https://kultura-doma.ru/public/src/images/gallery/catalog/6a394b1351c0b_big.jpg|https://kultura-doma.ru/public/src/images/gallery/catalog/698073676c1eb_big.jpg|https://kultura-doma.ru/public/src/images/gallery/catalog/6a394b1394cb5_big.jpg
1277,,УТ-00010258,Тайна острова Буяна,Чайная пара Тайны острова Буяна,https://kultura-doma.ru/product/chaynaya-para-tayny-ostrova-buyana,tea_pair,tea_or_coffee_service,statement_accent,table|bedroom|decor,blue|milk|gold,fairytale|folklore|statement,4290,,белый,,костяной фарфор,250 мл,unknown_from_feed,https://kultura-doma.ru/public/src/images/gallery/catalog/69007dfeb92de_big.jpg,https://kultura-doma.ru/public/src/images/gallery/catalog/69007dfeb92de_big.jpg|https://kultura-doma.ru/public/src/images/gallery/catalog/68e75f7d4b1df_big.jpg|https://kultura-doma.ru/public/src/images/gallery/catalog/69007e00b292f_big.jpg|https://kultura-doma.ru/public/src/images/gallery/catalog/69007e0263785_big.jpg
1279,,УТ-00010259,Тайна острова Буяна,Тарелка десертная Тайны острова Буяна,https://kultura-doma.ru/product/tarelka-desertnaya-tayny-ostrova-buyana,dessert_plate,individual_tableware,statement_accent,table|bedroom|decor,blue|milk|gold,fairytale|folklore|statement,2990,,белый,,фарфор,,unknown_from_feed,https://kultura-doma.ru/public/src/images/gallery/catalog/6a60949bd1bd9_big.jpg,https://kultura-doma.ru/public/src/images/gallery/catalog/6a60949bd1bd9_big.jpg|https://kultura-doma.ru/public/src/images/gallery/catalog/68e6795f54b40_big.jpg
1284,,УТ-00010260,Тайна острова Буяна,Кружка Тайны острова Буяна,https://kultura-doma.ru/product/kruzhka-tayny-ostrova-buyana,mug,statement_accent,statement_accent,table|bedroom|decor,blue|milk|gold,fairytale|folklore|statement,2990,,белый,,костяной фарфор,450 мл,unknown_from_feed,https://kultura-doma.ru/public/src/images/gallery/catalog/68f65790028a8_big.jpg,https://kultura-doma.ru/public/src/images/gallery/catalog/68f65790028a8_big.jpg|https://kultura-doma.ru/public/src/images/gallery/catalog/68e75f9b8f17a_big.jpg
1680,1680,УТ-00005040,,Комплект постельного белья Классика,https://kultura-doma.ru/product/komplekt-postel-nogo-bel-ya-klassika,bedding_set,bedroom_layer,,,,,17430,24900,айвори,Кинг-сайз (220х240 см),сатин,,unknown_from_feed,https://kultura-doma.ru/public/src/images/gallery/catalog/6a35264b92e7a_big.jpg,https://kultura-doma.ru/public/src/images/gallery/catalog/6a35264b92e7a_big.jpg|https://kultura-doma.ru/public/src/images/gallery/catalog/6a35264b0436d_big.jpg|https://kultura-doma.ru/public/src/images/gallery/catalog/6a35264b3ea82_big.jpg|https://kultura-doma.ru/public/src/images/gallery/catalog/6a35264bed141_big.jpg|https://kultura-doma.ru/public/src/images/gallery/catalog/6a35264c4123c_big.jpg|https://kultura-doma.ru/public/src/images/gallery/catalog/6a35264c7dd98_big.jpg|https://kultura-doma.ru/public/src/images/gallery/catalog/6a35264cc5807_big.jpg|https://kultura-doma.ru/public/src/images/gallery/catalog/6a35264d1da96_big.jpg|https://kultura-doma.ru/public/src/images/gallery/catalog/6a35264d585fa_big.jpg
1680-2480,1680,УТ-00005040,,Комплект постельного белья Классика: Евро,https://kultura-doma.ru/product/komplekt-postel-nogo-bel-ya-klassika-size-evro,bedding_set,bedroom_layer,,,,,21900,24900,айвори,Евро (200х220 см),сатин,,unknown_from_feed,https://kultura-doma.ru/public/src/images/gallery/catalog/6a35264b92e7a_big.jpg,https://kultura-doma.ru/public/src/images/gallery/catalog/6a35264b92e7a_big.jpg|https://kultura-doma.ru/public/src/images/gallery/catalog/6a35264b0436d_big.jpg|https://kultura-doma.ru/public/src/images/gallery/catalog/6a35264b3ea82_big.jpg|https://kultura-doma.ru/public/src/images/gallery/catalog/6a35264bed141_big.jpg|https://kultura-doma.ru/public/src/images/gallery/catalog/6a35264c4123c_big.jpg|https://kultura-doma.ru/public/src/images/gallery/catalog/6a35264c7dd98_big.jpg|https://kultura-doma.ru/public/src/images/gallery/catalog/6a35264cc5807_big.jpg|https://kultura-doma.ru/public/src/images/gallery/catalog/6a35264d1da96_big.jpg|https://kultura-doma.ru/public/src/images/gallery/catalog/6a35264d585fa_big.jpg
1264,,УТ-00010256,Жар-птица,Кружка Жар-птица,https://kultura-doma.ru/product/kruzhka-zhar-ptica,mug,statement_accent,statement_accent,table,milk|gold|red,fairytale|gold|statement,2990,,,,,450 мл,unknown_from_feed,https://kultura-doma.ru/public/src/images/gallery/catalog/68ee0feabb4b9_big.png,https://kultura-doma.ru/public/src/images/gallery/catalog/68ee0feabb4b9_big.png|https://kultura-doma.ru/public/src/images/gallery/catalog/68e7755479b1d_big.jpg|https://kultura-doma.ru/public/src/images/gallery/catalog/68ee0fea193ed_big.png
1686,1686,УТ-00005684,,Комплект постельного белья Плющ  после дождя,https://kultura-doma.ru/product/komplekt-postel-nogo-bel-ya-plyusch-posle-dozhdya,bedding_set,bedroom_layer,,,,,12530,17900,белый,Полуторный (145х200 см),сатин,,unknown_from_feed,https://kultura-doma.ru/public/src/images/gallery/catalog/6a328b90db56a_big.jpg,https://kultura-doma.ru/public/src/images/gallery/catalog/6a328b90db56a_big.jpg|https://kultura-doma.ru/public/src/images/gallery/catalog/6a328b9278aba_big.jpg|https://kultura-doma.ru/public/src/images/gallery/catalog/6a328b92c0862_big.jpg|https://kultura-doma.ru/public/src/images/gallery/catalog/6a328b92393b5_big.jpg|https://kultura-doma.ru/public/src/images/gallery/catalog/6a328b905e00c_big.jpg|https://kultura-doma.ru/public/src/images/gallery/catalog/6a328b909fd6c_big.jpg|https://kultura-doma.ru/public/src/images/gallery/catalog/6a328b91adcf4_big.jpg|https://kultura-doma.ru/public/src/images/gallery/catalog/6a328b91f3537_big.jpg
1686-1845,1686,УТ-00005686,,Комплект постельного белья Плющ  после дождя: Семейный,https://kultura-doma.ru/product/komplekt-postel-nogo-bel-ya-plyusch-posle-dozhdya-size-duet,bedding_set,bedroom_layer,,,,,19530,17900,белый,Семейный (145х200 см х 2 шт),сатин,,unknown_from_feed,https://kultura-doma.ru/public/src/images/gallery/catalog/6a328b90db56a_big.jpg,https://kultura-doma.ru/public/src/images/gallery/catalog/6a328b90db56a_big.jpg|https://kultura-doma.ru/public/src/images/gallery/catalog/6a328b9278aba_big.jpg|https://kultura-doma.ru/public/src/images/gallery/catalog/6a328b92c0862_big.jpg|https://kultura-doma.ru/public/src/images/gallery/catalog/6a328b92393b5_big.jpg|https://kultura-doma.ru/public/src/images/gallery/catalog/6a328b905e00c_big.jpg|https://kultura-doma.ru/public/src/images/gallery/catalog/6a328b909fd6c_big.jpg|https://kultura-doma.ru/public/src/images/gallery/catalog/6a328b91adcf4_big.jpg|https://kultura-doma.ru/public/src/images/gallery/catalog/6a328b91f3537_big.jpg
1686-2481,1686,УТ-00005685,,Комплект постельного белья Плющ  после дождя: Евро,https://kultura-doma.ru/product/komplekt-postel-nogo-bel-ya-plyusch-posle-dozhdya-size-evro,bedding_set,bedroom_layer,,,,,16030,17900,белый,Евро (200х220 см),сатин,,unknown_from_feed,https://kultura-doma.ru/public/src/images/gallery/catalog/6a328b90db56a_big.jpg,https://kultura-doma.ru/public/src/images/gallery/catalog/6a328b90db56a_big.jpg|https://kultura-doma.ru/public/src/images/gallery/catalog/6a328b9278aba_big.jpg|https://kultura-doma.ru/public/src/images/gallery/catalog/6a328b92c0862_big.jpg|https://kultura-doma.ru/public/src/images/gallery/catalog/6a328b92393b5_big.jpg|https://kultura-doma.ru/public/src/images/gallery/catalog/6a328b905e00c_big.jpg|https://kultura-doma.ru/public/src/images/gallery/catalog/6a328b909fd6c_big.jpg|https://kultura-doma.ru/public/src/images/gallery/catalog/6a328b91adcf4_big.jpg|https://kultura-doma.ru/public/src/images/gallery/catalog/6a328b91f3537_big.jpg
1686-2482,1686,УТ-00005687,,Комплект постельного белья Плющ  после дождя: Кинг-сайз,https://kultura-doma.ru/product/komplekt-postel-nogo-bel-ya-plyusch-posle-dozhdya-size-kingsayz,bedding_set,bedroom_layer,,,,,18130,17900,белый,Кинг-сайз (220х240 см),сатин,,unknown_from_feed,https://kultura-doma.ru/public/src/images/gallery/catalog/6a328b90db56a_big.jpg,https://kultura-doma.ru/public/src/images/gallery/catalog/6a328b90db56a_big.jpg|https://kultura-doma.ru/public/src/images/gallery/catalog/6a328b9278aba_big.jpg|https://kultura-doma.ru/public/src/images/gallery/catalog/6a328b92c0862_big.jpg|https://kultura-doma.ru/public/src/images/gallery/catalog/6a328b92393b5_big.jpg|https://kultura-doma.ru/public/src/images/gallery/catalog/6a328b905e00c_big.jpg|https://kultura-doma.ru/public/src/images/gallery/catalog/6a328b909fd6c_big.jpg|https://kultura-doma.ru/public/src/images/gallery/catalog/6a328b91adcf4_big.jpg|https://kultura-doma.ru/public/src/images/gallery/catalog/6a328b91f3537_big.jpg
1687,1687,УТ-00005699,,Комплект постельного белья Акварель,https://kultura-doma.ru/product/komplekt-postel-nogo-bel-ya-akvarel,bedding_set,bedroom_layer,,,,,20230,28900,розовый,Кинг-сайз (220х240 см),тенсель,,unknown_from_feed,https://kultura-doma.ru/public/src/images/gallery/catalog/6a328b9f72d32_big.jpg,https://kultura-doma.ru/public/src/images/gallery/catalog/6a328b9f72d32_big.jpg|https://kultura-doma.ru/public/src/images/gallery/catalog/6a328b9eb342f_big.jpg|https://kultura-doma.ru/public/src/images/gallery/catalog/6a328b9f07085_big.jpg|https://kultura-doma.ru/public/src/images/gallery/catalog/6a328b9e786be_big.jpg|https://kultura-doma.ru/public/src/images/gallery/catalog/6a328b9dbd8f3_big.jpg|https://kultura-doma.ru/public/src/images/gallery/catalog/6a328b9e0537a_big.jpg|https://kultura-doma.ru/public/src/images/gallery/catalog/6a328b9e3c86e_big.jpg|https://kultura-doma.ru/public/src/images/gallery/catalog/6a328ba0549b4_big.jpg|https://kultura-doma.ru/public/src/images/gallery/catalog/6a328ba10ecae_big.jpg
1687-1847,1687,УТ-00005699,,Комплект постельного белья Акварель: Полуторный,https://kultura-doma.ru/product/komplekt-postel-nogo-bel-ya-akvarel-size-polutornyy,bedding_set,bedroom_layer,,,,,14630,28900,розовый,Полуторный (145х200 см),тенсель,,unknown_from_feed,https://kultura-doma.ru/public/src/images/gallery/catalog/6a328b9f72d32_big.jpg,https://kultura-doma.ru/public/src/images/gallery/catalog/6a328b9f72d32_big.jpg|https://kultura-doma.ru/public/src/images/gallery/catalog/6a328b9eb342f_big.jpg|https://kultura-doma.ru/public/src/images/gallery/catalog/6a328b9f07085_big.jpg|https://kultura-doma.ru/public/src/images/gallery/catalog/6a328b9e786be_big.jpg|https://kultura-doma.ru/public/src/images/gallery/catalog/6a328b9dbd8f3_big.jpg|https://kultura-doma.ru/public/src/images/gallery/catalog/6a328b9e0537a_big.jpg|https://kultura-doma.ru/public/src/images/gallery/catalog/6a328b9e3c86e_big.jpg|https://kultura-doma.ru/public/src/images/gallery/catalog/6a328ba0549b4_big.jpg|https://kultura-doma.ru/public/src/images/gallery/catalog/6a328ba10ecae_big.jpg
1687-2483,1687,УТ-00005700,,Комплект постельного белья Акварель: Евро,https://kultura-doma.ru/product/komplekt-postel-nogo-bel-ya-akvarel-size-evro,bedding_set,bedroom_layer,,,,,18130,28900,розовый,Евро (200х220 см),тенсель,,unknown_from_feed,https://kultura-doma.ru/public/src/images/gallery/catalog/6a328b9f72d32_big.jpg,https://kultura-doma.ru/public/src/images/gallery/catalog/6a328b9f72d32_big.jpg|https://kultura-doma.ru/public/src/images/gallery/catalog/6a328b9eb342f_big.jpg|https://kultura-doma.ru/public/src/images/gallery/catalog/6a328b9f07085_big.jpg|https://kultura-doma.ru/public/src/images/gallery/catalog/6a328b9e786be_big.jpg|https://kultura-doma.ru/public/src/images/gallery/catalog/6a328b9dbd8f3_big.jpg|https://kultura-doma.ru/public/src/images/gallery/catalog/6a328b9e0537a_big.jpg|https://kultura-doma.ru/public/src/images/gallery/catalog/6a328b9e3c86e_big.jpg|https://kultura-doma.ru/public/src/images/gallery/catalog/6a328ba0549b4_big.jpg|https://kultura-doma.ru/public/src/images/gallery/catalog/6a328ba10ecae_big.jpg
1687-2484,1687,УТ-00005701,,Комплект постельного белья Акварель: Семейный,https://kultura-doma.ru/product/komplekt-postel-nogo-bel-ya-akvarel-size-semeynyy,bedding_set,bedroom_layer,,,,,31900,28900,розовый,Семейный (145х200 см х 2 шт),тенсель,,unknown_from_feed,https://kultura-doma.ru/public/src/images/gallery/catalog/6a328b9f72d32_big.jpg,https://kultura-doma.ru/public/src/images/gallery/catalog/6a328b9f72d32_big.jpg|https://kultura-doma.ru/public/src/images/gallery/catalog/6a328b9eb342f_big.jpg|https://kultura-doma.ru/public/src/images/gallery/catalog/6a328b9f07085_big.jpg|https://kultura-doma.ru/public/src/images/gallery/catalog/6a328b9e786be_big.jpg|https://kultura-doma.ru/public/src/images/gallery/catalog/6a328b9dbd8f3_big.jpg|https://kultura-doma.ru/public/src/images/gallery/catalog/6a328b9e0537a_big.jpg|https://kultura-doma.ru/public/src/images/gallery/catalog/6a328b9e3c86e_big.jpg|https://kultura-doma.ru/public/src/images/gallery/catalog/6a328ba0549b4_big.jpg|https://kultura-doma.ru/public/src/images/gallery/catalog/6a328ba10ecae_big.jpg
1693,1693,УТ-00005674,,Комплект постельного белья Белый жасмин,https://kultura-doma.ru/product/komplekt-postel-nogo-bel-ya-belyy-zhasmin-1693,bedding_set,bedroom_layer,,,,,12530,17900,бежевый,Полуторный (145х200 см),сатин,,unknown_from_feed,https://kultura-doma.ru/public/src/images/gallery/catalog/6a328bd33e6bf_big.jpg,https://kultura-doma.ru/public/src/images/gallery/catalog/6a328bd33e6bf_big.jpg|https://kultura-doma.ru/public/src/images/gallery/catalog/6a328bd44ccb4_big.jpg|https://kultura-doma.ru/public/src/images/gallery/catalog/6a328bd48bde8_big.jpg|https://kultura-doma.ru/public/src/images/gallery/catalog/6a328bd1e6f18_big.jpg|https://kultura-doma.ru/public/src/images/gallery/catalog/6a328bd275da4_big.jpg|https://kultura-doma.ru/public/src/images/gallery/catalog/6a328bd2efbf8_big.jpg|https://kultura-doma.ru/public/src/images/gallery/catalog/6a328bd388b08_big.jpg|https://kultura-doma.ru/public/src/images/gallery/catalog/6a328bd3c3476_big.jpg|https://kultura-doma.ru/public/src/images/gallery/catalog/6a328bd415dec_big.jpg|https://kultura-doma.ru/public/src/images/gallery/catalog/6a328bd2332b4_big.jpg
1693-1872,1693,УТ-00005676,,Комплект постельного белья Белый жасмин: Семейный,https://kultura-doma.ru/product/komplekt-postel-nogo-bel-ya-belyy-zhasmin-1693-size-duet,bedding_set,bedroom_layer,,,,,19530,17900,бежевый,Семейный (145х200 см х 2 шт),сатин,,unknown_from_feed,https://kultura-doma.ru/public/src/images/gallery/catalog/6a328bd33e6bf_big.jpg,https://kultura-doma.ru/public/src/images/gallery/catalog/6a328bd33e6bf_big.jpg|https://kultura-doma.ru/public/src/images/gallery/catalog/6a328bd44ccb4_big.jpg|https://kultura-doma.ru/public/src/images/gallery/catalog/6a328bd48bde8_big.jpg|https://kultura-doma.ru/public/src/images/gallery/catalog/6a328bd1e6f18_big.jpg|https://kultura-doma.ru/public/src/images/gallery/catalog/6a328bd275da4_big.jpg|https://kultura-doma.ru/public/src/images/gallery/catalog/6a328bd2efbf8_big.jpg|https://kultura-doma.ru/public/src/images/gallery/catalog/6a328bd388b08_big.jpg|https://kultura-doma.ru/public/src/images/gallery/catalog/6a328bd3c3476_big.jpg|https://kultura-doma.ru/public/src/images/gallery/catalog/6a328bd415dec_big.jpg|https://kultura-doma.ru/public/src/images/gallery/catalog/6a328bd2332b4_big.jpg
1693-2494,1693,УТ-00005675,,Комплект постельного белья Белый жасмин: Евро,https://kultura-doma.ru/product/komplekt-postel-nogo-bel-ya-belyy-zhasmin-1693-size-evro,bedding_set,bedroom_layer,,,,,16030,17900,бежевый,Евро (200х220 см),сатин,,unknown_from_feed,https://kultura-doma.ru/public/src/images/gallery/catalog/6a328bd33e6bf_big.jpg,https://kultura-doma.ru/public/src/images/gallery/catalog/6a328bd33e6bf_big.jpg|https://kultura-doma.ru/public/src/images/gallery/catalog/6a328bd44ccb4_big.jpg|https://kultura-doma.ru/public/src/images/gallery/catalog/6a328bd48bde8_big.jpg|https://kultura-doma.ru/public/src/images/gallery/catalog/6a328bd1e6f18_big.jpg|https://kultura-doma.ru/public/src/images/gallery/catalog/6a328bd275da4_big.jpg|https://kultura-doma.ru/public/src/images/gallery/catalog/6a328bd2efbf8_big.jpg|https://kultura-doma.ru/public/src/images/gallery/catalog/6a328bd388b08_big.jpg|https://kultura-doma.ru/public/src/images/gallery/catalog/6a328bd3c3476_big.jpg|https://kultura-doma.ru/public/src/images/gallery/catalog/6a328bd415dec_big.jpg|https://kultura-doma.ru/public/src/images/gallery/catalog/6a328bd2332b4_big.jpg
1693-2495,1693,УТ-00005677,,Комплект постельного белья Белый жасмин: Кинг-сайз,https://kultura-doma.ru/product/komplekt-postel-nogo-bel-ya-belyy-zhasmin-1693-size-kingsayz,bedding_set,bedroom_layer,,,,,25900,17900,бежевый,Кинг-сайз (220х240 см),сатин,,unknown_from_feed,https://kultura-doma.ru/public/src/images/gallery/catalog/6a328bd33e6bf_big.jpg,https://kultura-doma.ru/public/src/images/gallery/catalog/6a328bd33e6bf_big.jpg|https://kultura-doma.ru/public/src/images/gallery/catalog/6a328bd44ccb4_big.jpg|https://kultura-doma.ru/public/src/images/gallery/catalog/6a328bd48bde8_big.jpg|https://kultura-doma.ru/public/src/images/gallery/catalog/6a328bd1e6f18_big.jpg|https://kultura-doma.ru/public/src/images/gallery/catalog/6a328bd275da4_big.jpg|https://kultura-doma.ru/public/src/images/gallery/catalog/6a328bd2efbf8_big.jpg|https://kultura-doma.ru/public/src/images/gallery/catalog/6a328bd388b08_big.jpg|https://kultura-doma.ru/public/src/images/gallery/catalog/6a328bd3c3476_big.jpg|https://kultura-doma.ru/public/src/images/gallery/catalog/6a328bd415dec_big.jpg|https://kultura-doma.ru/public/src/images/gallery/catalog/6a328bd2332b4_big.jpg
329,329,УТ-00007953,,Тарелка Сказочный лес,https://kultura-doma.ru/product/tarelka-skazochnyy-les,other,other,,,,,7920,,белый,20х20х1 см,костяной фарфор,,unknown_from_feed,https://kultura-doma.ru/public/src/images/gallery/catalog/6a3a73aaa05e1_big.jpg,https://kultura-doma.ru/public/src/images/gallery/catalog/6a3a73aaa05e1_big.jpg|https://kultura-doma.ru/public/src/images/gallery/catalog/6a3a73a97a11c_big.jpg|https://kultura-doma.ru/public/src/images/gallery/catalog/6a3a73aaf32d6_big.jpg|https://kultura-doma.ru/public/src/images/gallery/catalog/6a3a73a8d0ae7_big.jpg|https://kultura-doma.ru/public/src/images/gallery/catalog/6a3a73aa5dc40_big.jpg
330,330,УТ-00007954,,Тарелка Сказочный лес,https://kultura-doma.ru/product/tarelka-skazochnyy-les-330,other,other,,,,,8800,,белый,23х23х1 см,костяной фарфор,,unknown_from_feed,https://kultura-doma.ru/public/src/images/gallery/catalog/6a3a73a3a739d_big.jpg,https://kultura-doma.ru/public/src/images/gallery/catalog/6a3a73a3a739d_big.jpg|https://kultura-doma.ru/public/src/images/gallery/catalog/6a3a73a1b9c92_big.jpg|https://kultura-doma.ru/public/src/images/gallery/catalog/6a3a73a436f74_big.jpg|https://kultura-doma.ru/public/src/images/gallery/catalog/6a3a73a2157b7_big.jpg|https://kultura-doma.ru/public/src/images/gallery/catalog/6a3a73a354d04_big.jpg|https://kultura-doma.ru/public/src/images/gallery/catalog/6a3a73a264b49_big.jpg
331,331,УТ-00007955,,Тарелка Сказочный лес,https://kultura-doma.ru/product/tarelka-skazochnyy-les-331,other,other,,,,,11040,,белый,27х27х2 см,костяной фарфор,,unknown_from_feed,https://kultura-doma.ru/public/src/images/gallery/catalog/6a3a739d63fff_big.jpg,https://kultura-doma.ru/public/src/images/gallery/catalog/6a3a739d63fff_big.jpg|https://kultura-doma.ru/public/src/images/gallery/catalog/6a3a739cc4bc1_big.jpg|https://kultura-doma.ru/public/src/images/gallery/catalog/6a3a739db87fc_big.jpg|https://kultura-doma.ru/public/src/images/gallery/catalog/6a3a739bc0ab4_big.jpg|https://kultura-doma.ru/public/src/images/gallery/catalog/6a3a739d1da07_big.jpg|https://kultura-doma.ru/public/src/images/gallery/catalog/6a3a739c0ac10_big.jpg|https://kultura-doma.ru/public/src/images/gallery/catalog/6a3a739c48b90_big.jpg|https://kultura-doma.ru/public/src/images/gallery/catalog/6a3a739b80618_big.jpg|https://kultura-doma.ru/public/src/images/gallery/catalog/6a3a739c82180_big.jpg|https://kultura-doma.ru/public/src/images/gallery/catalog/6a3a739e45088_big.jpg
1695,1695,УТ-00005669,,Комплект постельного белья Яркие сны,https://kultura-doma.ru/product/komplekt-postel-nogo-bel-ya-yarkie-sny,bedding_set,bedroom_layer,,,,,12530,17900,желтый,Полуторный (145х200 см),сатин,,unknown_from_feed,https://kultura-doma.ru/public/src/images/gallery/catalog/6a328bdf668e7_big.jpg,https://kultura-doma.ru/public/src/images/gallery/catalog/6a328bdf668e7_big.jpg|https://kultura-doma.ru/public/src/images/gallery/catalog/6a328bdeaff2a_big.jpg|https://kultura-doma.ru/public/src/images/gallery/catalog/6a328bdef3e91_big.jpg|https://kultura-doma.ru/public/src/images/gallery/catalog/6a328be09db8a_big.jpg|https://kultura-doma.ru/public/src/images/gallery/catalog/6a328bdfbcca7_big.jpg|https://kultura-doma.ru/public/src/images/gallery/catalog/6a328be00933c_big.jpg|https://kultura-doma.ru/public/src/images/gallery/catalog/6a328be054672_big.jpg|https://kultura-doma.ru/public/src/images/gallery/catalog/6a328be0dc9e3_big.jpg
1695-1879,1695,УТ-00005670,,Комплект постельного белья Яркие сны,https://kultura-doma.ru/product/komplekt-postel-nogo-bel-ya-yarkie-sny-size-dvuspal-nyy-evro,bedding_set,bedroom_layer,,,,,16030,17900,желтый,,сатин,,unknown_from_feed,https://kultura-doma.ru/public/src/images/gallery/catalog/6a328bdf668e7_big.jpg,https://kultura-doma.ru/public/src/images/gallery/catalog/6a328bdf668e7_big.jpg|https://kultura-doma.ru/public/src/images/gallery/catalog/6a328bdeaff2a_big.jpg|https://kultura-doma.ru/public/src/images/gallery/catalog/6a328bdef3e91_big.jpg|https://kultura-doma.ru/public/src/images/gallery/catalog/6a328be09db8a_big.jpg|https://kultura-doma.ru/public/src/images/gallery/catalog/6a328bdfbcca7_big.jpg|https://kultura-doma.ru/public/src/images/gallery/catalog/6a328be00933c_big.jpg|https://kultura-doma.ru/public/src/images/gallery/catalog/6a328be054672_big.jpg|https://kultura-doma.ru/public/src/images/gallery/catalog/6a328be0dc9e3_big.jpg
1695-1880,1695,УТ-00005671,,Комплект постельного белья Яркие сны: Семейный,https://kultura-doma.ru/product/komplekt-postel-nogo-bel-ya-yarkie-sny-size-duet,bedding_set,bedroom_layer,,,,,19530,17900,желтый,Семейный (145х200 см х 2 шт),сатин,,unknown_from_feed,https://kultura-doma.ru/public/src/images/gallery/catalog/6a328bdf668e7_big.jpg,https://kultura-doma.ru/public/src/images/gallery/catalog/6a328bdf668e7_big.jpg|https://kultura-doma.ru/public/src/images/gallery/catalog/6a328bdeaff2a_big.jpg|https://kultura-doma.ru/public/src/images/gallery/catalog/6a328bdef3e91_big.jpg|https://kultura-doma.ru/public/src/images/gallery/catalog/6a328be09db8a_big.jpg|https://kultura-doma.ru/public/src/images/gallery/catalog/6a328bdfbcca7_big.jpg|https://kultura-doma.ru/public/src/images/gallery/catalog/6a328be00933c_big.jpg|https://kultura-doma.ru/public/src/images/gallery/catalog/6a328be054672_big.jpg|https://kultura-doma.ru/public/src/images/gallery/catalog/6a328be0dc9e3_big.jpg
1695-1881,1695,УТ-00005672,,Комплект постельного белья Яркие сны,https://kultura-doma.ru/product/komplekt-postel-nogo-bel-ya-yarkie-sny-size-dvuspal-nyy-king-sayz,bedding_set,bedroom_layer,,,,,25900,17900,желтый,,сатин,,unknown_from_feed,https://kultura-doma.ru/public/src/images/gallery/catalog/6a328bdf668e7_big.jpg,https://kultura-doma.ru/public/src/images/gallery/catalog/6a328bdf668e7_big.jpg|https://kultura-doma.ru/public/src/images/gallery/catalog/6a328bdeaff2a_big.jpg|https://kultura-doma.ru/public/src/images/gallery/catalog/6a328bdef3e91_big.jpg|https://kultura-doma.ru/public/src/images/gallery/catalog/6a328be09db8a_big.jpg|https://kultura-doma.ru/public/src/images/gallery/catalog/6a328bdfbcca7_big.jpg|https://kultura-doma.ru/public/src/images/gallery/catalog/6a328be00933c_big.jpg|https://kultura-doma.ru/public/src/images/gallery/catalog/6a328be054672_big.jpg|https://kultura-doma.ru/public/src/images/gallery/catalog/6a328be0dc9e3_big.jpg
1695-2496,1695,УТ-00005670,,Комплект постельного белья Яркие сны: Евро,https://kultura-doma.ru/product/komplekt-postel-nogo-bel-ya-yarkie-sny-size-evro,bedding_set,bedroom_layer,,,,,16030,17900,желтый,Евро (200х220 см),сатин,,unknown_from_feed,https://kultura-doma.ru/public/src/images/gallery/catalog/6a328bdf668e7_big.jpg,https://kultura-doma.ru/public/src/images/gallery/catalog/6a328bdf668e7_big.jpg|https://kultura-doma.ru/public/src/images/gallery/catalog/6a328bdeaff2a_big.jpg|https://kultura-doma.ru/public/src/images/gallery/catalog/6a328bdef3e91_big.jpg|https://kultura-doma.ru/public/src/images/gallery/catalog/6a328be09db8a_big.jpg|https://kultura-doma.ru/public/src/images/gallery/catalog/6a328bdfbcca7_big.jpg|https://kultura-doma.ru/public/src/images/gallery/catalog/6a328be00933c_big.jpg|https://kultura-doma.ru/public/src/images/gallery/catalog/6a328be054672_big.jpg|https://kultura-doma.ru/public/src/images/gallery/catalog/6a328be0dc9e3_big.jpg
1695-2497,1695,УТ-00005672,,Комплект постельного белья Яркие сны: Кинг-сайз,https://kultura-doma.ru/product/komplekt-postel-nogo-bel-ya-yarkie-sny-size-kingsayz,bedding_set,bedroom_layer,,,,,25900,17900,желтый,Кинг-сайз (220х240 см),сатин,,unknown_from_feed,https://kultura-doma.ru/public/src/images/gallery/catalog/6a328bdf668e7_big.jpg,https://kultura-doma.ru/public/src/images/gallery/catalog/6a328bdf668e7_big.jpg|https://kultura-doma.ru/public/src/images/gallery/catalog/6a328bdeaff2a_big.jpg|https://kultura-doma.ru/public/src/images/gallery/catalog/6a328bdef3e91_big.jpg|https://kultura-doma.ru/public/src/images/gallery/catalog/6a328be09db8a_big.jpg|https://kultura-doma.ru/public/src/images/gallery/catalog/6a328bdfbcca7_big.jpg|https://kultura-doma.ru/public/src/images/gallery/catalog/6a328be00933c_big.jpg|https://kultura-doma.ru/public/src/images/gallery/catalog/6a328be054672_big.jpg|https://kultura-doma.ru/public/src/images/gallery/catalog/6a328be0dc9e3_big.jpg
1696,1696,УТ-00005704,,Комплект постельного белья Сиреневый закат,https://kultura-doma.ru/product/komplekt-postel-nogo-bel-ya-sirenevyy-zakat,bedding_set,bedroom_layer,,,,,14630,20900,серый,Полуторный (145х200 см),тенсель,,unknown_from_feed,https://kultura-doma.ru/public/src/images/gallery/catalog/6a328bead007a_big.jpg,https://kultura-doma.ru/public/src/images/gallery/catalog/6a328bead007a_big.jpg|https://kultura-doma.ru/public/src/images/gallery/catalog/6a328be9d41ea_big.jpg|https://kultura-doma.ru/public/src/images/gallery/catalog/6a328bea34cfc_big.jpg|https://kultura-doma.ru/public/src/images/gallery/catalog/6a328bec2ea3a_big.jpg|https://kultura-doma.ru/public/src/images/gallery/catalog/6a328beb249b1_big.jpg|https://kultura-doma.ru/public/src/images/gallery/catalog/6a328beb651e1_big.jpg|https://kultura-doma.ru/public/src/images/gallery/catalog/6a328bebe2bf5_big.jpg|https://kultura-doma.ru/public/src/images/gallery/catalog/6a328bec8cb46_big.jpg|https://kultura-doma.ru/public/src/images/gallery/catalog/6a328beba00f1_big.jpg
1696-1883,1696,УТ-00005705,,Комплект постельного белья Сиреневый закат,https://kultura-doma.ru/product/komplekt-postel-nogo-bel-ya-sirenevyy-zakat-size-dvuspal-nyy-evro,bedding_set,bedroom_layer,,,,,18130,20900,серый,,тенсель,,unknown_from_feed,https://kultura-doma.ru/public/src/images/gallery/catalog/6a328bead007a_big.jpg,https://kultura-doma.ru/public/src/images/gallery/catalog/6a328bead007a_big.jpg|https://kultura-doma.ru/public/src/images/gallery/catalog/6a328be9d41ea_big.jpg|https://kultura-doma.ru/public/src/images/gallery/catalog/6a328bea34cfc_big.jpg|https://kultura-doma.ru/public/src/images/gallery/catalog/6a328bec2ea3a_big.jpg|https://kultura-doma.ru/public/src/images/gallery/catalog/6a328beb249b1_big.jpg|https://kultura-doma.ru/public/src/images/gallery/catalog/6a328beb651e1_big.jpg|https://kultura-doma.ru/public/src/images/gallery/catalog/6a328bebe2bf5_big.jpg|https://kultura-doma.ru/public/src/images/gallery/catalog/6a328bec8cb46_big.jpg|https://kultura-doma.ru/public/src/images/gallery/catalog/6a328beba00f1_big.jpg
1696-1884,1696,УТ-00005706,,Комплект постельного белья Сиреневый закат: Семейный,https://kultura-doma.ru/product/komplekt-postel-nogo-bel-ya-sirenevyy-zakat-size-duet,bedding_set,bedroom_layer,,,,,22330,20900,серый,Семейный (145х200 см х 2 шт),тенсель,,unknown_from_feed,https://kultura-doma.ru/public/src/images/gallery/catalog/6a328bead007a_big.jpg,https://kultura-doma.ru/public/src/images/gallery/catalog/6a328bead007a_big.jpg|https://kultura-doma.ru/public/src/images/gallery/catalog/6a328be9d41ea_big.jpg|https://kultura-doma.ru/public/src/images/gallery/catalog/6a328bea34cfc_big.jpg|https://kultura-doma.ru/public/src/images/gallery/catalog/6a328bec2ea3a_big.jpg|https://kultura-doma.ru/public/src/images/gallery/catalog/6a328beb249b1_big.jpg|https://kultura-doma.ru/public/src/images/gallery/catalog/6a328beb651e1_big.jpg|https://kultura-doma.ru/public/src/images/gallery/catalog/6a328bebe2bf5_big.jpg|https://kultura-doma.ru/public/src/images/gallery/catalog/6a328bec8cb46_big.jpg|https://kultura-doma.ru/public/src/images/gallery/catalog/6a328beba00f1_big.jpg
1696-1885,1696,УТ-00005707,,Комплект постельного белья Сиреневый закат,https://kultura-doma.ru/product/komplekt-postel-nogo-bel-ya-sirenevyy-zakat-size-dvuspal-nyy-king-sayz,bedding_set,bedroom_layer,,,,,28900,20900,серый,,тенсель,,unknown_from_feed,https://kultura-doma.ru/public/src/images/gallery/catalog/6a328bead007a_big.jpg,https://kultura-doma.ru/public/src/images/gallery/catalog/6a328bead007a_big.jpg|https://kultura-doma.ru/public/src/images/gallery/catalog/6a328be9d41ea_big.jpg|https://kultura-doma.ru/public/src/images/gallery/catalog/6a328bea34cfc_big.jpg|https://kultura-doma.ru/public/src/images/gallery/catalog/6a328bec2ea3a_big.jpg|https://kultura-doma.ru/public/src/images/gallery/catalog/6a328beb249b1_big.jpg|https://kultura-doma.ru/public/src/images/gallery/catalog/6a328beb651e1_big.jpg|https://kultura-doma.ru/public/src/images/gallery/catalog/6a328bebe2bf5_big.jpg|https://kultura-doma.ru/public/src/images/gallery/catalog/6a328bec8cb46_big.jpg|https://kultura-doma.ru/public/src/images/gallery/catalog/6a328beba00f1_big.jpg
1696-2498,1696,УТ-00005705,,Комплект постельного белья Сиреневый закат: Евро,https://kultura-doma.ru/product/komplekt-postel-nogo-bel-ya-sirenevyy-zakat-size-evro,bedding_set,bedroom_layer,,,,,18130,20900,серый,Евро (200х220 см),тенсель,,unknown_from_feed,https://kultura-doma.ru/public/src/images/gallery/catalog/6a328bead007a_big.jpg,https://kultura-doma.ru/public/src/images/gallery/catalog/6a328bead007a_big.jpg|https://kultura-doma.ru/public/src/images/gallery/catalog/6a328be9d41ea_big.jpg|https://kultura-doma.ru/public/src/images/gallery/catalog/6a328bea34cfc_big.jpg|https://kultura-doma.ru/public/src/images/gallery/catalog/6a328bec2ea3a_big.jpg|https://kultura-doma.ru/public/src/images/gallery/catalog/6a328beb249b1_big.jpg|https://kultura-doma.ru/public/src/images/gallery/catalog/6a328beb651e1_big.jpg|https://kultura-doma.ru/public/src/images/gallery/catalog/6a328bebe2bf5_big.jpg|https://kultura-doma.ru/public/src/images/gallery/catalog/6a328bec8cb46_big.jpg|https://kultura-doma.ru/public/src/images/gallery/catalog/6a328beba00f1_big.jpg
1696-2499,1696,УТ-00005707,,Комплект постельного белья Сиреневый закат: Кинг-сайз,https://kultura-doma.ru/product/komplekt-postel-nogo-bel-ya-sirenevyy-zakat-size-kingsayz,bedding_set,bedroom_layer,,,,,28900,20900,серый,Кинг-сайз (220х240 см),тенсель,,unknown_from_feed,https://kultura-doma.ru/public/src/images/gallery/catalog/6a328bead007a_big.jpg,https://kultura-doma.ru/public/src/images/gallery/catalog/6a328bead007a_big.jpg|https://kultura-doma.ru/public/src/images/gallery/catalog/6a328be9d41ea_big.jpg|https://kultura-doma.ru/public/src/images/gallery/catalog/6a328bea34cfc_big.jpg|https://kultura-doma.ru/public/src/images/gallery/catalog/6a328bec2ea3a_big.jpg|https://kultura-doma.ru/public/src/images/gallery/catalog/6a328beb249b1_big.jpg|https://kultura-doma.ru/public/src/images/gallery/catalog/6a328beb651e1_big.jpg|https://kultura-doma.ru/public/src/images/gallery/catalog/6a328bebe2bf5_big.jpg|https://kultura-doma.ru/public/src/images/gallery/catalog/6a328bec8cb46_big.jpg|https://kultura-doma.ru/public/src/images/gallery/catalog/6a328beba00f1_big.jpg
1698,1698,УТ-00005689,,Комплект постельного белья Бежевый сад,https://kultura-doma.ru/product/komplekt-postel-nogo-bel-ya-bezhevyy-sad,bedding_set,bedroom_layer,,,,,12530,17900,бежевый,Полуторный (145х200 см),сатин,,unknown_from_feed,https://kultura-doma.ru/public/src/images/gallery/catalog/69e24534c5856_big.jpg,https://kultura-doma.ru/public/src/images/gallery/catalog/69e24534c5856_big.jpg|https://kultura-doma.ru/public/src/images/gallery/catalog/69e245342ae18_big.jpg|https://kultura-doma.ru/public/src/images/gallery/catalog/69e245346e446_big.jpg|https://kultura-doma.ru/public/src/images/gallery/catalog/69e2453615417_big.jpg|https://kultura-doma.ru/public/src/images/gallery/catalog/69e24535d07a4_big.jpg|https://kultura-doma.ru/public/src/images/gallery/catalog/69e2453514ecc_big.jpg|https://kultura-doma.ru/public/src/images/gallery/catalog/69e2453553780_big.jpg|https://kultura-doma.ru/public/src/images/gallery/catalog/69e245358d285_big.jpg
1698-1891,1698,УТ-00005690,,Комплект постельного белья Бежевый сад,https://kultura-doma.ru/product/komplekt-postel-nogo-bel-ya-bezhevyy-sad-size-dvuspal-nyy-evro,bedding_set,bedroom_layer,,,,,16030,17900,бежевый,,сатин,,unknown_from_feed,https://kultura-doma.ru/public/src/images/gallery/catalog/69e24534c5856_big.jpg,https://kultura-doma.ru/public/src/images/gallery/catalog/69e24534c5856_big.jpg|https://kultura-doma.ru/public/src/images/gallery/catalog/69e245342ae18_big.jpg|https://kultura-doma.ru/public/src/images/gallery/catalog/69e245346e446_big.jpg|https://kultura-doma.ru/public/src/images/gallery/catalog/69e2453615417_big.jpg|https://kultura-doma.ru/public/src/images/gallery/catalog/69e24535d07a4_big.jpg|https://kultura-doma.ru/public/src/images/gallery/catalog/69e2453514ecc_big.jpg|https://kultura-doma.ru/public/src/images/gallery/catalog/69e2453553780_big.jpg|https://kultura-doma.ru/public/src/images/gallery/catalog/69e245358d285_big.jpg
1698-1893,1698,УТ-00005692,,Комплект постельного белья Бежевый сад,https://kultura-doma.ru/product/komplekt-postel-nogo-bel-ya-bezhevyy-sad-size-dvuspal-nyy-king-sayz,bedding_set,bedroom_layer,,,,,25900,17900,бежевый,,сатин,,unknown_from_feed,https://kultura-doma.ru/public/src/images/gallery/catalog/69e24534c5856_big.jpg,https://kultura-doma.ru/public/src/images/gallery/catalog/69e24534c5856_big.jpg|https://kultura-doma.ru/public/src/images/gallery/catalog/69e245342ae18_big.jpg|https://kultura-doma.ru/public/src/images/gallery/catalog/69e245346e446_big.jpg|https://kultura-doma.ru/public/src/images/gallery/catalog/69e2453615417_big.jpg|https://kultura-doma.ru/public/src/images/gallery/catalog/69e24535d07a4_big.jpg|https://kultura-doma.ru/public/src/images/gallery/catalog/69e2453514ecc_big.jpg|https://kultura-doma.ru/public/src/images/gallery/catalog/69e2453553780_big.jpg|https://kultura-doma.ru/public/src/images/gallery/catalog/69e245358d285_big.jpg
12,,УТ-00007833,,Салатник Облачные фантазии,https://kultura-doma.ru/product/salatnik-oblachnye-fantazii,salad_bowl,serving_add_on,,,,,26250,37500,белый,,бисквитный фарфор,,unknown_from_feed,https://kultura-doma.ru/public/src/images/gallery/catalog/6a3a863180c47_big.jpg,https://kultura-doma.ru/public/src/images/gallery/catalog/6a3a863180c47_big.jpg|https://kultura-doma.ru/public/src/images/gallery/catalog/6a3a862fd922c_big.jpg|https://kultura-doma.ru/public/src/images/gallery/catalog/6a3a86310ff84_big.jpg|https://kultura-doma.ru/public/src/images/gallery/catalog/6a3a8631d859b_big.jpg|https://kultura-doma.ru/public/src/images/gallery/catalog/6a3a862e0fd29_big.jpg|https://kultura-doma.ru/public/src/images/gallery/catalog/6a3a862d8fbfe_big.jpg|https://kultura-doma.ru/public/src/images/gallery/catalog/6a3a862e8002b_big.jpg|https://kultura-doma.ru/public/src/images/gallery/catalog/6a3a862f13787_big.jpg|https://kultura-doma.ru/public/src/images/gallery/catalog/6a3a863075ec5_big.jpg
201,,УТ-00009541,,Тортовница Облачные фантазии,https://kultura-doma.ru/product/tortovnica-oblachnye-fantazii,other,other,,,,,7630,10900,белый,,бисквитный фарфор,,unknown_from_feed,https://kultura-doma.ru/public/src/images/gallery/catalog/6a3a77d78bf45_big.jpg,https://kultura-doma.ru/public/src/images/gallery/catalog/6a3a77d78bf45_big.jpg|https://kultura-doma.ru/public/src/images/gallery/catalog/6a3a77d7d44dc_big.jpg
239,,УТ-00007832,,Кружка  Облачные фантазии,https://kultura-doma.ru/product/kruzhka-oblachnye-fantazii,mug,other,,,,,5880,8400,белый,,бисквитный фарфор,350 мл,unknown_from_feed,https://kultura-doma.ru/public/src/images/gallery/catalog/68ee0f4249819_big.png,https://kultura-doma.ru/public/src/images/gallery/catalog/68ee0f4249819_big.png|https://kultura-doma.ru/public/src/images/gallery/catalog/68ee0f56499dd_big.jpg|https://kultura-doma.ru/public/src/images/gallery/catalog/6a394b1756103_big.jpg|https://kultura-doma.ru/public/src/images/gallery/catalog/6a394b15a8a8b_big.jpg|https://kultura-doma.ru/public/src/images/gallery/catalog/6a394b162554f_big.jpg
295,,УТ-00007830,,Тарелка Облачные фантазии,https://kultura-doma.ru/product/tarelka-oblachnye-fantazii,salad_bowl,serving_add_on,,,,,5040,7200,белый,,бисквитный фарфор,,unknown_from_feed,https://kultura-doma.ru/public/src/images/gallery/catalog/6a3a8635ee80a_big.jpg,https://kultura-doma.ru/public/src/images/gallery/catalog/6a3a8635ee80a_big.jpg|https://kultura-doma.ru/public/src/images/gallery/catalog/6a3a86346e89f_big.jpg|https://kultura-doma.ru/public/src/images/gallery/catalog/6a3a8635a5394_big.jpg|https://kultura-doma.ru/public/src/images/gallery/catalog/6a3a863645faf_big.jpg|https://kultura-doma.ru/public/src/images/gallery/catalog/6a3a86343532e_big.jpg|https://kultura-doma.ru/public/src/images/gallery/catalog/6a3a86352e79c_big.jpg
314,,УТ-00007831,,Стакан Облачные фантазии,https://kultura-doma.ru/product/stakan-oblachnye-fantazii,glassware_set,atmosphere_or_drinks,,,,,3570,5100,,,бисквитный фарфор,250 мл,unknown_from_feed,https://kultura-doma.ru/public/src/images/gallery/catalog/6a3d176f9f0a7_big.jpg,https://kultura-doma.ru/public/src/images/gallery/catalog/6a3d176f9f0a7_big.jpg|https://kultura-doma.ru/public/src/images/gallery/catalog/6a3d176e2cc33_big.jpg|https://kultura-doma.ru/public/src/images/gallery/catalog/6a3d176ea3ab3_big.jpg
323,,УТ-00007829,,Тарелка Облачные фантазии,https://kultura-doma.ru/product/tarelka-oblachnye-fantazii-323,other,other,,,,,5040,7200,белый,,бисквитный фарфор,,unknown_from_feed,https://kultura-doma.ru/public/src/images/gallery/catalog/6a3a73c203e2f_big.jpg,https://kultura-doma.ru/public/src/images/gallery/catalog/6a3a73c203e2f_big.jpg|https://kultura-doma.ru/public/src/images/gallery/catalog/6a3a73c051c07_big.jpg|https://kultura-doma.ru/public/src/images/gallery/catalog/6a3a73c24e4e3_big.jpg|https://kultura-doma.ru/public/src/images/gallery/catalog/6a3a73c28fd4a_big.jpg|https://kultura-doma.ru/public/src/images/gallery/catalog/6a3a73c0c9b0d_big.jpg
324,,УТ-00007834,,Тарелка Облачные фантазии,https://kultura-doma.ru/product/tarelka-oblachnye-fantazii-324,other,other,,,,,10920,15600,белый,,бисквитный фарфор,,unknown_from_feed,https://kultura-doma.ru/public/src/images/gallery/catalog/6a3a73bce2a00_big.jpg,https://kultura-doma.ru/public/src/images/gallery/catalog/6a3a73bce2a00_big.jpg|https://kultura-doma.ru/public/src/images/gallery/catalog/6a3a73bb97641_big.jpg|https://kultura-doma.ru/public/src/images/gallery/catalog/6a3a73bdd2cc8_big.jpg|https://kultura-doma.ru/public/src/images/gallery/catalog/6a3a73bd35b0e_big.jpg|https://kultura-doma.ru/public/src/images/gallery/catalog/6a3a73bd7d56f_big.jpg|https://kultura-doma.ru/public/src/images/gallery/catalog/6a3a73bb3ac2d_big.jpg|https://kultura-doma.ru/public/src/images/gallery/catalog/6a3a73bac03ae_big.jpg|https://kultura-doma.ru/public/src/images/gallery/catalog/6a3a73badfb13_big.jpg|https://kultura-doma.ru/public/src/images/gallery/catalog/6a3a73bbefa1a_big.jpg|https://kultura-doma.ru/public/src/images/gallery/catalog/6a3a73bc4eae3_big.jpg
325,,УТ-00007835,,Блюдце Облачные фантазии,https://kultura-doma.ru/product/blyudce-oblachnye-fantazii,other,other,,,,,3430,4900,белый,,бисквитный фарфор,,unknown_from_feed,https://kultura-doma.ru/public/src/images/gallery/catalog/687e55de76102_big.jpg,https://kultura-doma.ru/public/src/images/gallery/catalog/687e55de76102_big.jpg|https://kultura-doma.ru/public/src/images/gallery/catalog/6a3a73ae22e89_big.jpg|https://kultura-doma.ru/public/src/images/gallery/catalog/6a3a73ad7e10c_big.jpg|https://kultura-doma.ru/public/src/images/gallery/catalog/6a3a73ad32c6e_big.jpg|https://kultura-doma.ru/public/src/images/gallery/catalog/6a3a73ae9f811_big.jpg|https://kultura-doma.ru/public/src/images/gallery/catalog/687e55dee08b2_big.jpg
1528,,УТ-00011574,,Чайная пара Алая нить,https://kultura-doma.ru/product/chaynaya-para-alaya-nit,tea_pair,tea_or_coffee_service,,,,,5990,,белый,,фарфор,320 мл,unknown_from_feed,https://kultura-doma.ru/public/src/images/gallery/catalog/6a394b18bc094_big.jpg,https://kultura-doma.ru/public/src/images/gallery/catalog/6a394b18bc094_big.jpg|https://kultura-doma.ru/public/src/images/gallery/catalog/698f3be9a9db0_big.jpg|https://kultura-doma.ru/public/src/images/gallery/catalog/6a394b1916dc9_big.jpg|https://kultura-doma.ru/public/src/images/gallery/catalog/6a394b196531e_big.jpg|https://kultura-doma.ru/public/src/images/gallery/catalog/698f3be95dab4_big.jpg
1521,1521,УТ-00011006,Дияф,Дорожка Дияф,https://kultura-doma.ru/product/dorozhka-diyaf,table_runner,table_textile,statement_accent,table,milk|sky_blue|gold,festive|geometric|ornamental,2694,4490,белый,50х120 см,,,unknown_from_feed,https://kultura-doma.ru/public/src/images/gallery/catalog/69f218d992ea2_big.jpg,https://kultura-doma.ru/public/src/images/gallery/catalog/69f218d992ea2_big.jpg|https://kultura-doma.ru/public/src/images/gallery/catalog/699870769f441_big.jpg|https://kultura-doma.ru/public/src/images/gallery/catalog/69f218da1257e_big.jpg|https://kultura-doma.ru/public/src/images/gallery/catalog/69f218d9cbdca_big.jpg
1529,,УТ-00011412,,Чайная пара Признание,https://kultura-doma.ru/product/chaynaya-para-priznanie,tea_pair,tea_or_coffee_service,,,,,5990,,белый,,костяной фарфор,250 мл,unknown_from_feed,https://kultura-doma.ru/public/src/images/gallery/catalog/6a394b1ac788d_big.jpg,https://kultura-doma.ru/public/src/images/gallery/catalog/6a394b1ac788d_big.jpg|https://kultura-doma.ru/public/src/images/gallery/catalog/698f3bcc6be7c_big.jpg|https://kultura-doma.ru/public/src/images/gallery/catalog/6a394b1b19668_big.jpg|https://kultura-doma.ru/public/src/images/gallery/catalog/6a394b1b580f6_big.jpg
1530,,УТ-00011413,Стихи,Чайная пара Чаепитие,https://kultura-doma.ru/product/chaynaya-para-chaepitie,tea_pair,tea_or_coffee_service,textile_base,table|bedroom,milk|navy,poetic|quiet|textile,5990,,белый,,костяной фарфор,250 мл,unknown_from_feed,https://kultura-doma.ru/public/src/images/gallery/catalog/698f406cd7dbd_big.jpg,https://kultura-doma.ru/public/src/images/gallery/catalog/698f406cd7dbd_big.jpg|https://kultura-doma.ru/public/src/images/gallery/catalog/698f406d262f7_big.jpg|https://kultura-doma.ru/public/src/images/gallery/catalog/6a394b1ce0927_big.jpg|https://kultura-doma.ru/public/src/images/gallery/catalog/698f406d75d02_big.jpg
1519,1519,УТ-00010591,Дияф,Салфетка Дияф,https://kultura-doma.ru/product/salfetka-diyaf,napkin,table_textile,statement_accent,table,milk|sky_blue|gold,festive|geometric|ornamental,1194,1990,белый,45х45 см,сатин,,unknown_from_feed,https://kultura-doma.ru/public/src/images/gallery/catalog/6a428351b8c77_big.jpg,https://kultura-doma.ru/public/src/images/gallery/catalog/6a428351b8c77_big.jpg|https://kultura-doma.ru/public/src/images/gallery/catalog/6998705aca8c4_big.jpg
1520,1520,УТ-00010590,Дияф,Плейсмат Дияф,https://kultura-doma.ru/product/pleysmat-diyaf,placemat,table_textile,statement_accent,table,milk|sky_blue|gold,festive|geometric|ornamental,1554,2590,белый,43х43 см,сатин,,unknown_from_feed,https://kultura-doma.ru/public/src/images/gallery/catalog/698deb44c83a5_big.jpg,https://kultura-doma.ru/public/src/images/gallery/catalog/698deb44c83a5_big.jpg|https://kultura-doma.ru/public/src/images/gallery/catalog/69987030b2a3a_big.jpg|https://kultura-doma.ru/public/src/images/gallery/catalog/6a575aa6d71d1_big.jpg
1524,1524,УТ-00011614,,Салфетки Нежность,https://kultura-doma.ru/product/salfetki-s-vyshivkoy-nezhnost,napkin,table_textile,,,,,1194,1990,белый,45х45 см,сатин,,unknown_from_feed,https://kultura-doma.ru/public/src/images/gallery/catalog/6a4284b67ce7a_big.jpg,https://kultura-doma.ru/public/src/images/gallery/catalog/6a4284b67ce7a_big.jpg
1348,1348,УТ-00010238,,Тарелка обеденная Юрма,https://kultura-doma.ru/product/tarelka-obedennaya-yurma,dinner_plate,individual_tableware,,,,,2392,2990,коричневый,"26,5 см",керамика,,unknown_from_feed,https://kultura-doma.ru/public/src/images/gallery/catalog/6a4375b9224e0_big.jpg,https://kultura-doma.ru/public/src/images/gallery/catalog/6a4375b9224e0_big.jpg
1349,1349,УТ-00010239,,Тарелка закусочная Юрма,https://kultura-doma.ru/product/tarelka-zakusochnaya-yurma,snack_plate,individual_tableware,,,,,1912,2390,коричневый,22 см,керамика,,unknown_from_feed,https://kultura-doma.ru/public/src/images/gallery/catalog/6a4375ba7ddce_big.jpg,https://kultura-doma.ru/public/src/images/gallery/catalog/6a4375ba7ddce_big.jpg
1350,,УТ-00010240,,Салатник Юрма,https://kultura-doma.ru/product/salatnik-yurma,salad_bowl,serving_add_on,,,,,2392,2990,коричневый,,керамика,,unknown_from_feed,https://kultura-doma.ru/public/src/images/gallery/catalog/6a4375bbbc5cd_big.jpg,https://kultura-doma.ru/public/src/images/gallery/catalog/6a4375bbbc5cd_big.jpg
1394,,УТ-00010241,,Салатник Юрма,https://kultura-doma.ru/product/salatnik-yurma-14-5-sm,salad_bowl,serving_add_on,,,,,1992,2490,коричневый,,керамика,,unknown_from_feed,https://kultura-doma.ru/public/src/images/gallery/catalog/6a4375bd175c2_big.jpg,https://kultura-doma.ru/public/src/images/gallery/catalog/6a4375bd175c2_big.jpg
1395,,УТ-00010242,,Салатник Юрма,https://kultura-doma.ru/product/salatnik-yurma-21-sm,salad_bowl,serving_add_on,,,,,2152,2690,коричневый,,керамика,,unknown_from_feed,https://kultura-doma.ru/public/src/images/gallery/catalog/6a4375be96ccf_big.jpg,https://kultura-doma.ru/public/src/images/gallery/catalog/6a4375be96ccf_big.jpg
1396,,УТ-00010243,,Тарелка глубокая Юрма,https://kultura-doma.ru/product/tarelka-yurma-glubokaya-16sm,deep_plate,individual_tableware,,,,,1992,2490,коричневый,,керамика,,unknown_from_feed,https://kultura-doma.ru/public/src/images/gallery/catalog/6a4375bff0e51_big.jpg,https://kultura-doma.ru/public/src/images/gallery/catalog/6a4375bff0e51_big.jpg
1397,1397,УТ-00010244,,Блюдо овальное Юрма,https://kultura-doma.ru/product/blyudo-yurma-oval-noe-23sm,serving_dish,serving_add_on,,,,,2392,2990,коричневый,"23х12,5 см",керамика,,unknown_from_feed,https://kultura-doma.ru/public/src/images/gallery/catalog/6a4375c18b6fa_big.jpg,https://kultura-doma.ru/public/src/images/gallery/catalog/6a4375c18b6fa_big.jpg
1398,1398,УТ-00010245,,Блюдо овальное Юрма,https://kultura-doma.ru/product/blyudo-yurma-oval-noe-26sm,serving_dish,serving_add_on,,,,,2232,2790,коричневый,"26,5х12,5 см",керамика,,unknown_from_feed,https://kultura-doma.ru/public/src/images/gallery/catalog/6a4375c2c0b3b_big.jpg,https://kultura-doma.ru/public/src/images/gallery/catalog/6a4375c2c0b3b_big.jpg
1399,,УТ-00010246,,Тарелка ассиметричная Юрма,https://kultura-doma.ru/product/tarelka-yurma-assimetrichnaya-18sm,other,other,,,,,1832,2290,коричневый,,керамика,,unknown_from_feed,https://kultura-doma.ru/public/src/images/gallery/catalog/6a4375c4362c0_big.jpg,https://kultura-doma.ru/public/src/images/gallery/catalog/6a4375c4362c0_big.jpg
1400,,УТ-00010247,,Тарелка ассиметричная Юрма,https://kultura-doma.ru/product/tarelka-yurma-assimetrichnaya-15sm,other,other,,,,,1752,2190,коричневый,,керамика,,unknown_from_feed,https://kultura-doma.ru/public/src/images/gallery/catalog/6a4375c5a4e71_big.jpg,https://kultura-doma.ru/public/src/images/gallery/catalog/6a4375c5a4e71_big.jpg|https://kultura-doma.ru/public/src/images/gallery/catalog/693c089ec0134_big.jpg
1401,,УТ-00010248,,Кружка Юрма,https://kultura-doma.ru/product/kruzhka-yurma-430ml,mug,other,,,,,1752,2190,коричневый,,керамика,430 мл,unknown_from_feed,https://kultura-doma.ru/public/src/images/gallery/catalog/6a4375c70e7d6_big.jpg,https://kultura-doma.ru/public/src/images/gallery/catalog/6a4375c70e7d6_big.jpg
1402,,УТ-00010249,,Кружка Юрма,https://kultura-doma.ru/product/kruzhka-yurma-220ml,mug,other,,,,,1432,1790,коричневый,,керамика,220 мл,unknown_from_feed,https://kultura-doma.ru/public/src/images/gallery/catalog/6a4375c8781cc_big.jpg,https://kultura-doma.ru/public/src/images/gallery/catalog/6a4375c8781cc_big.jpg
1403,,УТ-00010250,,Кофейная пара Юрма,https://kultura-doma.ru/product/kofeynaya-para-yurma,coffee_pair,tea_or_coffee_service,,,,,1752,2190,коричневый,,керамика,,unknown_from_feed,https://kultura-doma.ru/public/src/images/gallery/catalog/6a4375ca15629_big.jpg,https://kultura-doma.ru/public/src/images/gallery/catalog/6a4375ca15629_big.jpg|https://kultura-doma.ru/public/src/images/gallery/catalog/693c0854d2766_big.jpg
1404,,УТ-00010253,,Стакан Юрма,https://kultura-doma.ru/product/stakan-yurma-150ml,glassware_set,atmosphere_or_drinks,,,,,1192,1490,,,керамика,150 мл,unknown_from_feed,https://kultura-doma.ru/public/src/images/gallery/catalog/6a4375cbcb262_big.jpg,https://kultura-doma.ru/public/src/images/gallery/catalog/6a4375cbcb262_big.jpg
1523,1523,УТ-00011613,,Салфетки Любовь,https://kultura-doma.ru/product/salfetki-s-vyshivkoy-lyubov,napkin,table_textile,,,,,1194,1990,белый,45х45 см,сатин,,unknown_from_feed,https://kultura-doma.ru/public/src/images/gallery/catalog/6a42845149b26_big.jpg,https://kultura-doma.ru/public/src/images/gallery/catalog/6a42845149b26_big.jpg|https://kultura-doma.ru/public/src/images/gallery/catalog/698f3c6463205_big.jpg
1525,1525,УТ-00011615,,Салфетки Преданность,https://kultura-doma.ru/product/salfetki-s-vyshivkoy-predannost,napkin,table_textile,,,,,1194,1990,белый,45х45 см,сатин,,unknown_from_feed,https://kultura-doma.ru/public/src/images/gallery/catalog/6a42850ebee3f_big.jpg,https://kultura-doma.ru/public/src/images/gallery/catalog/6a42850ebee3f_big.jpg|https://kultura-doma.ru/public/src/images/gallery/catalog/698f3c45dd5e3_big.jpg
1526,1526,УТ-00011616,,Плейсмат Алая нить,https://kultura-doma.ru/product/pleysmat-s-vyshivkoy-alaya-nit,placemat,table_textile,,,,,1194,1990,белый,40х40 см,сатин,,unknown_from_feed,https://kultura-doma.ru/public/src/images/gallery/catalog/6a5758afe1452_big.jpg,https://kultura-doma.ru/public/src/images/gallery/catalog/6a5758afe1452_big.jpg|https://kultura-doma.ru/public/src/images/gallery/catalog/698f3c1dcbbc9_big.jpg|https://kultura-doma.ru/public/src/images/gallery/catalog/698f3c1d796cb_big.jpg|https://kultura-doma.ru/public/src/images/gallery/catalog/698f3c1e29a32_big.jpg
1527,1527,УТ-00011629,,Набор Плейсматов с вышивкой Признание,https://kultura-doma.ru/product/nabor-pleysmatov-s-vyshivkoy-priznanie,placemat,table_textile,,,,,2394,3990,белый,45х45 см,сатин,,unknown_from_feed,https://kultura-doma.ru/public/src/images/gallery/catalog/6a35596ea8f13_big.jpg,https://kultura-doma.ru/public/src/images/gallery/catalog/6a35596ea8f13_big.jpg|https://kultura-doma.ru/public/src/images/gallery/catalog/698f40d8be014_big.jpg
1569,,УТ-00011086,Оренбургские узоры,Гетры Оренбургский узор,https://kultura-doma.ru/product/getry-yagodnoe-kruzhevo,other,bedroom_texture,bedroom_texture,bedroom|lifestyle,milk|blue|beige|pink|black,lace|tactile|soft,9900,,айвори,,"40% пух, 40% па, 30% пан",,unknown_from_feed,https://kultura-doma.ru/public/src/images/gallery/catalog/6a5e31d12e681_big.jpg,https://kultura-doma.ru/public/src/images/gallery/catalog/6a5e31d12e681_big.jpg|https://kultura-doma.ru/public/src/images/gallery/catalog/6a5e31d1aedf2_big.jpg|https://kultura-doma.ru/public/src/images/gallery/catalog/6a5e31d169f16_big.jpg
1570,,УТ-00011087,Оренбургские узоры,Гетры Оренбургский узор,https://kultura-doma.ru/product/getry-yagodnoe-kruzhevo-1570,other,bedroom_texture,bedroom_texture,bedroom|lifestyle,milk|blue|beige|pink|black,lace|tactile|soft,9900,,черный,,"40% пух, 40% па, 30% пан",,unknown_from_feed,https://kultura-doma.ru/public/src/images/gallery/catalog/6a5e333f42766_big.jpg,https://kultura-doma.ru/public/src/images/gallery/catalog/6a5e333f42766_big.jpg|https://kultura-doma.ru/public/src/images/gallery/catalog/6a5e333eea96f_big.jpg
1571,,УТ-00011084,Оренбургские узоры,Носки Оренбургский узор,https://kultura-doma.ru/product/noski-nezhnost-kruzheva,other,bedroom_texture,bedroom_texture,bedroom|lifestyle,milk|blue|beige|pink|black,lace|tactile|soft,9900,,белый,,"40% пух, 40% па, 30% пан",,unknown_from_feed,https://kultura-doma.ru/public/src/images/gallery/catalog/6a5e3379d16ef_big.jpg,https://kultura-doma.ru/public/src/images/gallery/catalog/6a5e3379d16ef_big.jpg|https://kultura-doma.ru/public/src/images/gallery/catalog/6a5e3379812de_big.jpg
1572,,УТ-00011085,Оренбургские узоры,Носки Оренбургский узор,https://kultura-doma.ru/product/noski-nezhnost-kruzheva-1572,other,bedroom_texture,bedroom_texture,bedroom|lifestyle,milk|blue|beige|pink|black,lace|tactile|soft,9900,,черный,,"40% пух, 40% па, 30% пан",,unknown_from_feed,https://kultura-doma.ru/public/src/images/gallery/catalog/6a5e33b8d5fe3_big.jpg,https://kultura-doma.ru/public/src/images/gallery/catalog/6a5e33b8d5fe3_big.jpg|https://kultura-doma.ru/public/src/images/gallery/catalog/6a5e33b881ee6_big.jpg
1351,1351,УТ-00010566,Обереги,Салфетка Обереги,https://kultura-doma.ru/product/salfetka-oberegi,napkin,table_textile,textile_base,table|bedroom,milk|blue,quiet|delicate|protective,1990,,белый,45х45 см,сатин,,unknown_from_feed,https://kultura-doma.ru/public/src/images/gallery/catalog/6a4285ec3ef3f_big.jpg,https://kultura-doma.ru/public/src/images/gallery/catalog/6a4285ec3ef3f_big.jpg|https://kultura-doma.ru/public/src/images/gallery/catalog/694412084096e_big.jpg
1353,1353,УТ-00010586,Обереги,Плейсмат Обереги,https://kultura-doma.ru/product/pleysmat-oberegi,placemat,table_textile,textile_base,table|bedroom,milk|blue,quiet|delicate|protective,2590,,белый,43х43 см,сатин,,unknown_from_feed,https://kultura-doma.ru/public/src/images/gallery/catalog/6a575b0f807d4_big.jpg,https://kultura-doma.ru/public/src/images/gallery/catalog/6a575b0f807d4_big.jpg|https://kultura-doma.ru/public/src/images/gallery/catalog/694411c3b3746_big.jpg
1422,1422,УТ-00010448,Обереги,Скатерть с вышивкой Обереги,https://kultura-doma.ru/product/skatert-s-vyshivkoy-oberegi-pryamougol-naya,tablecloth,table_textile,textile_base,table|bedroom,milk|blue,quiet|delicate|protective,22900,,белый,180х180 см,сатин,,unknown_from_feed,https://kultura-doma.ru/public/src/images/gallery/catalog/697b7b278ca62_big.jpg,https://kultura-doma.ru/public/src/images/gallery/catalog/697b7b278ca62_big.jpg|https://kultura-doma.ru/public/src/images/gallery/catalog/697b54f0beae9_big.jpg
1422-1566,1422,УТ-00010448,Обереги,Скатерть с вышивкой Обереги: 180х250 см,https://kultura-doma.ru/product/skatert-s-vyshivkoy-oberegi-pryamougol-naya-size-180h250,tablecloth,table_textile,textile_base,table|bedroom,milk|blue,quiet|delicate|protective,24900,,белый,180х250 см,сатин,,unknown_from_feed,https://kultura-doma.ru/public/src/images/gallery/catalog/697b7b278ca62_big.jpg,https://kultura-doma.ru/public/src/images/gallery/catalog/697b7b278ca62_big.jpg|https://kultura-doma.ru/public/src/images/gallery/catalog/697b54f0beae9_big.jpg
1675,1675,УТ-00009020,,Комплект постельного белья Морской бриз,https://kultura-doma.ru/product/komplekt-postel-nogo-bel-ya-morskoy-briz,bedding_set,bedroom_layer,,,,,16030,22900,белый,Полуторный (145х200 см),сатин,,unknown_from_feed,https://kultura-doma.ru/public/src/images/gallery/catalog/6a328b82395ba_big.jpg,https://kultura-doma.ru/public/src/images/gallery/catalog/6a328b82395ba_big.jpg|https://kultura-doma.ru/public/src/images/gallery/catalog/6a328b839e688_big.jpg|https://kultura-doma.ru/public/src/images/gallery/catalog/6a328b83de669_big.jpg|https://kultura-doma.ru/public/src/images/gallery/catalog/6a328b8350e50_big.jpg|https://kultura-doma.ru/public/src/images/gallery/catalog/6a328b827f104_big.jpg|https://kultura-doma.ru/public/src/images/gallery/catalog/6a328b82b5347_big.jpg|https://kultura-doma.ru/public/src/images/gallery/catalog/6a328b8300812_big.jpg
1675-1814,1675,УТ-00009021,,Комплект постельного белья Морской бриз,https://kultura-doma.ru/product/komplekt-postel-nogo-bel-ya-morskoy-briz-size-dvuspal-nyy-evro,bedding_set,bedroom_layer,,,,,24430,22900,белый,,сатин,,unknown_from_feed,https://kultura-doma.ru/public/src/images/gallery/catalog/6a328b82395ba_big.jpg,https://kultura-doma.ru/public/src/images/gallery/catalog/6a328b82395ba_big.jpg|https://kultura-doma.ru/public/src/images/gallery/catalog/6a328b839e688_big.jpg|https://kultura-doma.ru/public/src/images/gallery/catalog/6a328b83de669_big.jpg|https://kultura-doma.ru/public/src/images/gallery/catalog/6a328b8350e50_big.jpg|https://kultura-doma.ru/public/src/images/gallery/catalog/6a328b827f104_big.jpg|https://kultura-doma.ru/public/src/images/gallery/catalog/6a328b82b5347_big.jpg|https://kultura-doma.ru/public/src/images/gallery/catalog/6a328b8300812_big.jpg
1675-2429,1675,УТ-00009023,,Комплект постельного белья Морской бриз: Кинг-сайз,https://kultura-doma.ru/product/komplekt-postel-nogo-bel-ya-morskoy-briz-size-kingsayz,bedding_set,bedroom_layer,,,,,25830,22900,белый,Кинг-сайз (220х240 см),сатин,,unknown_from_feed,https://kultura-doma.ru/public/src/images/gallery/catalog/6a328b82395ba_big.jpg,https://kultura-doma.ru/public/src/images/gallery/catalog/6a328b82395ba_big.jpg|https://kultura-doma.ru/public/src/images/gallery/catalog/6a328b839e688_big.jpg|https://kultura-doma.ru/public/src/images/gallery/catalog/6a328b83de669_big.jpg|https://kultura-doma.ru/public/src/images/gallery/catalog/6a328b8350e50_big.jpg|https://kultura-doma.ru/public/src/images/gallery/catalog/6a328b827f104_big.jpg|https://kultura-doma.ru/public/src/images/gallery/catalog/6a328b82b5347_big.jpg|https://kultura-doma.ru/public/src/images/gallery/catalog/6a328b8300812_big.jpg
1675-2430,1675,УТ-00009022,,Комплект постельного белья Морской бриз: Семейный,https://kultura-doma.ru/product/komplekt-postel-nogo-bel-ya-morskoy-briz-size-semeynyy,bedding_set,bedroom_layer,,,,,27930,22900,белый,Семейный (145х200 см х 2 шт),сатин,,unknown_from_feed,https://kultura-doma.ru/public/src/images/gallery/catalog/6a328b82395ba_big.jpg,https://kultura-doma.ru/public/src/images/gallery/catalog/6a328b82395ba_big.jpg|https://kultura-doma.ru/public/src/images/gallery/catalog/6a328b839e688_big.jpg|https://kultura-doma.ru/public/src/images/gallery/catalog/6a328b83de669_big.jpg|https://kultura-doma.ru/public/src/images/gallery/catalog/6a328b8350e50_big.jpg|https://kultura-doma.ru/public/src/images/gallery/catalog/6a328b827f104_big.jpg|https://kultura-doma.ru/public/src/images/gallery/catalog/6a328b82b5347_big.jpg|https://kultura-doma.ru/public/src/images/gallery/catalog/6a328b8300812_big.jpg
1675-2479,1675,УТ-00009021,,Комплект постельного белья Морской бриз: Евро,https://kultura-doma.ru/product/komplekt-postel-nogo-bel-ya-morskoy-briz-size-evro,bedding_set,bedroom_layer,,,,,24430,22900,белый,Евро (200х220 см),сатин,,unknown_from_feed,https://kultura-doma.ru/public/src/images/gallery/catalog/6a328b82395ba_big.jpg,https://kultura-doma.ru/public/src/images/gallery/catalog/6a328b82395ba_big.jpg|https://kultura-doma.ru/public/src/images/gallery/catalog/6a328b839e688_big.jpg|https://kultura-doma.ru/public/src/images/gallery/catalog/6a328b83de669_big.jpg|https://kultura-doma.ru/public/src/images/gallery/catalog/6a328b8350e50_big.jpg|https://kultura-doma.ru/public/src/images/gallery/catalog/6a328b827f104_big.jpg|https://kultura-doma.ru/public/src/images/gallery/catalog/6a328b82b5347_big.jpg|https://kultura-doma.ru/public/src/images/gallery/catalog/6a328b8300812_big.jpg
1293,1293,УТ-00010786,Оренбургские узоры,Подушка декоративная Пушица,https://kultura-doma.ru/product/podushka-dekorativnaya-pushica,decorative_pillow,bedroom_layer,bedroom_texture,bedroom|lifestyle,milk|blue|beige|pink|black,lace|tactile|soft,9900,,экрю,45х45 см,,,unknown_from_feed,https://kultura-doma.ru/public/src/images/gallery/catalog/6a5f32cbe9c39_big.jpg,https://kultura-doma.ru/public/src/images/gallery/catalog/6a5f32cbe9c39_big.jpg|https://kultura-doma.ru/public/src/images/gallery/catalog/691b2ec29cf5f_big.jpg|https://kultura-doma.ru/public/src/images/gallery/catalog/6a5f32cb8eec4_big.jpg
1296,1296,УТ-00010788,Оренбургские узоры,Подушка декоративная Пушица,https://kultura-doma.ru/product/podushka-dekorativnaya-pushica-1296,decorative_pillow,bedroom_layer,bedroom_texture,bedroom|lifestyle,milk|blue|beige|pink|black,lace|tactile|soft,9900,,бежевый,45х45 см,,,unknown_from_feed,https://kultura-doma.ru/public/src/images/gallery/catalog/6a06bfda73687_big.jpg,https://kultura-doma.ru/public/src/images/gallery/catalog/6a06bfda73687_big.jpg|https://kultura-doma.ru/public/src/images/gallery/catalog/691b30c11c860_big.jpg|https://kultura-doma.ru/public/src/images/gallery/catalog/6a5f327e12e2a_big.jpg
1295,1295,УТ-00010787,Оренбургские узоры,Подушка декоративная Пушица,https://kultura-doma.ru/product/podushka-dekorativnaya-pushica-1295,decorative_pillow,bedroom_layer,bedroom_texture,bedroom|lifestyle,milk|blue|beige|pink|black,lace|tactile|soft,9900,,голубой,45х45 см,,,unknown_from_feed,https://kultura-doma.ru/public/src/images/gallery/catalog/6a5f322580c1f_big.jpg,https://kultura-doma.ru/public/src/images/gallery/catalog/6a5f322580c1f_big.jpg|https://kultura-doma.ru/public/src/images/gallery/catalog/691b2effe84ad_big.jpg|https://kultura-doma.ru/public/src/images/gallery/catalog/6a5f322538408_big.jpg
1294,1294,УТ-00010789,Оренбургские узоры,Подушка декоративная Пушица,https://kultura-doma.ru/product/podushka-dekorativnaya-pushica-1294,decorative_pillow,bedroom_layer,bedroom_texture,bedroom|lifestyle,milk|blue|beige|pink|black,lace|tactile|soft,9900,,розовый,45х45 см,,,unknown_from_feed,https://kultura-doma.ru/public/src/images/gallery/catalog/6a5f329c43e35_big.jpg,https://kultura-doma.ru/public/src/images/gallery/catalog/6a5f329c43e35_big.jpg|https://kultura-doma.ru/public/src/images/gallery/catalog/691b2ed8ad532_big.jpg|https://kultura-doma.ru/public/src/images/gallery/catalog/6a5f329bdfebe_big.jpg
1328,,УТ-00010932,Мокоши,Кофейная пара Мокоши,https://kultura-doma.ru/product/kofeynaya-para-mokoshi,coffee_pair,tea_or_coffee_service,statement_accent,table|bedroom,milk|red,folk|graphic|ornamental,2990,,белый,,фарфор,75 мл,unknown_from_feed,https://kultura-doma.ru/public/src/images/gallery/catalog/69441f32012f2_big.jpg,https://kultura-doma.ru/public/src/images/gallery/catalog/69441f32012f2_big.jpg|https://kultura-doma.ru/public/src/images/gallery/catalog/69417a5df2b89_big.jpg|https://kultura-doma.ru/public/src/images/gallery/catalog/69441f337c0e5_big.jpg|https://kultura-doma.ru/public/src/images/gallery/catalog/69417a5fb4604_big.jpg|https://kultura-doma.ru/public/src/images/gallery/catalog/69441f34a9ed8_big.jpg|https://kultura-doma.ru/public/src/images/gallery/catalog/69417a616ea73_big.jpg|https://kultura-doma.ru/public/src/images/gallery/catalog/69417a631da91_big.jpg
1329,1329,УТ-00010931,Мокоши,Тарелка десертная Мокоши,https://kultura-doma.ru/product/tarelka-desertnaya-mokoshi,dessert_plate,individual_tableware,statement_accent,table|bedroom,milk|red,folk|graphic|ornamental,2990,,белый,19 см,фарфор,,unknown_from_feed,https://kultura-doma.ru/public/src/images/gallery/catalog/694150e829683_big.jpg,https://kultura-doma.ru/public/src/images/gallery/catalog/694150e829683_big.jpg|https://kultura-doma.ru/public/src/images/gallery/catalog/6941765b6745a_big.jpg|https://kultura-doma.ru/public/src/images/gallery/catalog/6941765cf2adb_big.jpg
1330,,УТ-00010930,Мокоши,Чайная пара Мокоши,https://kultura-doma.ru/product/chaynaya-para-mokoshi,tea_pair,tea_or_coffee_service,statement_accent,table|bedroom,milk|red,folk|graphic|ornamental,4590,,белый,,фарфор,250 мл,unknown_from_feed,https://kultura-doma.ru/public/src/images/gallery/catalog/694151510f837_big.jpg,https://kultura-doma.ru/public/src/images/gallery/catalog/694151510f837_big.jpg|https://kultura-doma.ru/public/src/images/gallery/catalog/69417699838e2_big.jpg|https://kultura-doma.ru/public/src/images/gallery/catalog/6941514ed8ad6_big.jpg|https://kultura-doma.ru/public/src/images/gallery/catalog/69415152699f5_big.jpg|https://kultura-doma.ru/public/src/images/gallery/catalog/6941769cd8ed9_big.jpg|https://kultura-doma.ru/public/src/images/gallery/catalog/6941769e5e7bb_big.jpg
1352,1352,УТ-00010567,Мокоши,Салфетка Мокоши,https://kultura-doma.ru/product/salfetka-mokoshi,napkin,table_textile,statement_accent,table|bedroom,milk|red,folk|graphic|ornamental,1990,,белый,45х45 см,сатин,,unknown_from_feed,https://kultura-doma.ru/public/src/images/gallery/catalog/69f2194d979a2_big.jpg,https://kultura-doma.ru/public/src/images/gallery/catalog/69f2194d979a2_big.jpg|https://kultura-doma.ru/public/src/images/gallery/catalog/694173df49b51_big.jpg
1354,1354,УТ-00010587,Мокоши,Плейсмат Мокоши,https://kultura-doma.ru/product/pleysmat-mokoshi,placemat,table_textile,statement_accent,table|bedroom,milk|red,folk|graphic|ornamental,1590,,белый,40х50 см,сатин,,unknown_from_feed,https://kultura-doma.ru/public/src/images/gallery/catalog/69f219228e2f7_big.jpg,https://kultura-doma.ru/public/src/images/gallery/catalog/69f219228e2f7_big.jpg|https://kultura-doma.ru/public/src/images/gallery/catalog/694173bbd1f6f_big.jpg
1368,1368,УТ-00010450,Мокоши,Скатерть Мокоши,https://kultura-doma.ru/product/skatert-mokoshi,tablecloth,table_textile,statement_accent,table|bedroom,milk|red,folk|graphic|ornamental,19900,,белый,180х180 см,сатин,,unknown_from_feed,https://kultura-doma.ru/public/src/images/gallery/catalog/6a3015125e4e0_big.jpg,https://kultura-doma.ru/public/src/images/gallery/catalog/6a3015125e4e0_big.jpg|https://kultura-doma.ru/public/src/images/gallery/catalog/694173ce4c040_big.jpg
1368-2164,1368,УТ-00010451,Мокоши,Скатерть Мокоши: 180х250 см,https://kultura-doma.ru/product/skatert-mokoshi-size-180h250-sm,tablecloth,table_textile,statement_accent,table|bedroom,milk|red,folk|graphic|ornamental,24900,,белый,180х250 см,сатин,,unknown_from_feed,https://kultura-doma.ru/public/src/images/gallery/catalog/6a3015125e4e0_big.jpg,https://kultura-doma.ru/public/src/images/gallery/catalog/6a3015125e4e0_big.jpg|https://kultura-doma.ru/public/src/images/gallery/catalog/694173ce4c040_big.jpg
1369,1369,УТ-00010414,Мокоши,Дорожка с кисточками Мокоши,https://kultura-doma.ru/product/dorozhka-mokoshi,table_runner,table_textile,statement_accent,table|bedroom,milk|red,folk|graphic|ornamental,14900,,белый,50х180 см,лён,,unknown_from_feed,https://kultura-doma.ru/public/src/images/gallery/catalog/69f218c75fc49_big.jpg,https://kultura-doma.ru/public/src/images/gallery/catalog/69f218c75fc49_big.jpg|https://kultura-doma.ru/public/src/images/gallery/catalog/694173f643ab4_big.jpg
1437,1437,УТ-00011033,Мокоши,Подушка декоративная Алатырь,https://kultura-doma.ru/product/podushka-dekorativnaya-alatyr,decorative_pillow,bedroom_layer,statement_accent,table|bedroom,milk|red,folk|graphic|ornamental,5990,,бежевый,40х40 см,,,unknown_from_feed,https://kultura-doma.ru/public/src/images/gallery/catalog/69e233fdc6992_big.jpg,https://kultura-doma.ru/public/src/images/gallery/catalog/69e233fdc6992_big.jpg|https://kultura-doma.ru/public/src/images/gallery/catalog/6970ef63e0880_big.jpg|https://kultura-doma.ru/public/src/images/gallery/catalog/6970ef64b64eb_big.jpg
1438,1438,УТ-00011034,Мокоши,Подушка декоративная Мокоши,https://kultura-doma.ru/product/podushka-dekorativnaya-mokoshi,decorative_pillow,bedroom_layer,statement_accent,table|bedroom,milk|red,folk|graphic|ornamental,5990,,бежевый,40х40 см,,,unknown_from_feed,https://kultura-doma.ru/public/src/images/gallery/catalog/69e234045d0a5_big.jpg,https://kultura-doma.ru/public/src/images/gallery/catalog/69e234045d0a5_big.jpg|https://kultura-doma.ru/public/src/images/gallery/catalog/6970efe62285b_big.jpg
1690,1690,УТ-00005714,,Комплект постельного белья Ледяной узор,https://kultura-doma.ru/product/komplekt-postel-nogo-bel-ya-ledyanoy-uzor,bedding_set,bedroom_layer,,,,,14630,20900,голубой,Полуторный (145х200 см),тенсель,,unknown_from_feed,https://kultura-doma.ru/public/src/images/gallery/catalog/6a328bb22ddff_big.jpg,https://kultura-doma.ru/public/src/images/gallery/catalog/6a328bb22ddff_big.jpg|https://kultura-doma.ru/public/src/images/gallery/catalog/6a328bb39349f_big.jpg|https://kultura-doma.ru/public/src/images/gallery/catalog/6a328bb3dbc35_big.jpg|https://kultura-doma.ru/public/src/images/gallery/catalog/6a328bb2c3572_big.jpg|https://kultura-doma.ru/public/src/images/gallery/catalog/6a328bb310503_big.jpg|https://kultura-doma.ru/public/src/images/gallery/catalog/6a328bb352aea_big.jpg|https://kultura-doma.ru/public/src/images/gallery/catalog/6a328bb27e199_big.jpg
1690-1859,1690,УТ-00005715,,Комплект постельного белья Ледяной узор,https://kultura-doma.ru/product/komplekt-postel-nogo-bel-ya-ledyanoy-uzor-size-dvuspal-nyy-evro,bedding_set,bedroom_layer,,,,,18130,20900,голубой,,тенсель,,unknown_from_feed,https://kultura-doma.ru/public/src/images/gallery/catalog/6a328bb22ddff_big.jpg,https://kultura-doma.ru/public/src/images/gallery/catalog/6a328bb22ddff_big.jpg|https://kultura-doma.ru/public/src/images/gallery/catalog/6a328bb39349f_big.jpg|https://kultura-doma.ru/public/src/images/gallery/catalog/6a328bb3dbc35_big.jpg|https://kultura-doma.ru/public/src/images/gallery/catalog/6a328bb2c3572_big.jpg|https://kultura-doma.ru/public/src/images/gallery/catalog/6a328bb310503_big.jpg|https://kultura-doma.ru/public/src/images/gallery/catalog/6a328bb352aea_big.jpg|https://kultura-doma.ru/public/src/images/gallery/catalog/6a328bb27e199_big.jpg
1690-1860,1690,УТ-00005716,,Комплект постельного белья Ледяной узор: Семейный,https://kultura-doma.ru/product/komplekt-postel-nogo-bel-ya-ledyanoy-uzor-size-duet,bedding_set,bedroom_layer,,,,,22330,20900,голубой,Семейный (145х200 см х 2 шт),тенсель,,unknown_from_feed,https://kultura-doma.ru/public/src/images/gallery/catalog/6a328bb22ddff_big.jpg,https://kultura-doma.ru/public/src/images/gallery/catalog/6a328bb22ddff_big.jpg|https://kultura-doma.ru/public/src/images/gallery/catalog/6a328bb39349f_big.jpg|https://kultura-doma.ru/public/src/images/gallery/catalog/6a328bb3dbc35_big.jpg|https://kultura-doma.ru/public/src/images/gallery/catalog/6a328bb2c3572_big.jpg|https://kultura-doma.ru/public/src/images/gallery/catalog/6a328bb310503_big.jpg|https://kultura-doma.ru/public/src/images/gallery/catalog/6a328bb352aea_big.jpg|https://kultura-doma.ru/public/src/images/gallery/catalog/6a328bb27e199_big.jpg
1690-1861,1690,УТ-00005717,,Комплект постельного белья Ледяной узор,https://kultura-doma.ru/product/komplekt-postel-nogo-bel-ya-ledyanoy-uzor-size-dvuspal-nyy-king-sayz,bedding_set,bedroom_layer,,,,,20230,20900,голубой,,тенсель,,unknown_from_feed,https://kultura-doma.ru/public/src/images/gallery/catalog/6a328bb22ddff_big.jpg,https://kultura-doma.ru/public/src/images/gallery/catalog/6a328bb22ddff_big.jpg|https://kultura-doma.ru/public/src/images/gallery/catalog/6a328bb39349f_big.jpg|https://kultura-doma.ru/public/src/images/gallery/catalog/6a328bb3dbc35_big.jpg|https://kultura-doma.ru/public/src/images/gallery/catalog/6a328bb2c3572_big.jpg|https://kultura-doma.ru/public/src/images/gallery/catalog/6a328bb310503_big.jpg|https://kultura-doma.ru/public/src/images/gallery/catalog/6a328bb352aea_big.jpg|https://kultura-doma.ru/public/src/images/gallery/catalog/6a328bb27e199_big.jpg
1690-2488,1690,УТ-00005715,,Комплект постельного белья Ледяной узор: Евро,https://kultura-doma.ru/product/komplekt-postel-nogo-bel-ya-ledyanoy-uzor-size-evro,bedding_set,bedroom_layer,,,,,18130,20900,голубой,Евро (200х220 см),тенсель,,unknown_from_feed,https://kultura-doma.ru/public/src/images/gallery/catalog/6a328bb22ddff_big.jpg,https://kultura-doma.ru/public/src/images/gallery/catalog/6a328bb22ddff_big.jpg|https://kultura-doma.ru/public/src/images/gallery/catalog/6a328bb39349f_big.jpg|https://kultura-doma.ru/public/src/images/gallery/catalog/6a328bb3dbc35_big.jpg|https://kultura-doma.ru/public/src/images/gallery/catalog/6a328bb2c3572_big.jpg|https://kultura-doma.ru/public/src/images/gallery/catalog/6a328bb310503_big.jpg|https://kultura-doma.ru/public/src/images/gallery/catalog/6a328bb352aea_big.jpg|https://kultura-doma.ru/public/src/images/gallery/catalog/6a328bb27e199_big.jpg
1690-2489,1690,УТ-00005717,,Комплект постельного белья Ледяной узор: Кинг-сайз,https://kultura-doma.ru/product/komplekt-postel-nogo-bel-ya-ledyanoy-uzor-size-kingsayz,bedding_set,bedroom_layer,,,,,20230,20900,голубой,Кинг-сайз (220х240 см),тенсель,,unknown_from_feed,https://kultura-doma.ru/public/src/images/gallery/catalog/6a328bb22ddff_big.jpg,https://kultura-doma.ru/public/src/images/gallery/catalog/6a328bb22ddff_big.jpg|https://kultura-doma.ru/public/src/images/gallery/catalog/6a328bb39349f_big.jpg|https://kultura-doma.ru/public/src/images/gallery/catalog/6a328bb3dbc35_big.jpg|https://kultura-doma.ru/public/src/images/gallery/catalog/6a328bb2c3572_big.jpg|https://kultura-doma.ru/public/src/images/gallery/catalog/6a328bb310503_big.jpg|https://kultura-doma.ru/public/src/images/gallery/catalog/6a328bb352aea_big.jpg|https://kultura-doma.ru/public/src/images/gallery/catalog/6a328bb27e199_big.jpg
341,,УТ-00007952,,Чайная пара Сказочный лес,https://kultura-doma.ru/product/chaynaya-para-skazochnyy-les,tea_pair,tea_or_coffee_service,,,,,8880,,белый,,костяной фарфор,260 мл,unknown_from_feed,https://kultura-doma.ru/public/src/images/gallery/catalog/688cd31623022_big.jpg,https://kultura-doma.ru/public/src/images/gallery/catalog/688cd31623022_big.jpg|https://kultura-doma.ru/public/src/images/gallery/catalog/6a394b27262c4_big.jpg|https://kultura-doma.ru/public/src/images/gallery/catalog/6a394b2842c6d_big.jpg|https://kultura-doma.ru/public/src/images/gallery/catalog/6a394b27e1475_big.jpg|https://kultura-doma.ru/public/src/images/gallery/catalog/6a394b26dea26_big.jpg|https://kultura-doma.ru/public/src/images/gallery/catalog/6a394b2765fba_big.jpg
1333,,УТ-00010934,,Кружка Ретивые кони,https://kultura-doma.ru/product/kruzhka-koni,mug,other,,,,,6990,,белый,,фарфор,450 мл,unknown_from_feed,https://kultura-doma.ru/public/src/images/gallery/catalog/6a394b2999321_big.jpg,https://kultura-doma.ru/public/src/images/gallery/catalog/6a394b2999321_big.jpg|https://kultura-doma.ru/public/src/images/gallery/catalog/694176eb43a98_big.jpg|https://kultura-doma.ru/public/src/images/gallery/catalog/693fd99ba471c_big.jpg|https://kultura-doma.ru/public/src/images/gallery/catalog/694176ee989af_big.jpg
244,,УТ-00007951,,Кружка Сказочный лес,https://kultura-doma.ru/product/kruzhka-skazochnyy-les-244,mug,other,,,,,6800,,белый,,костяной фарфор,450 мл,unknown_from_feed,https://kultura-doma.ru/public/src/images/gallery/catalog/694106c6baf9a_big.jpg,https://kultura-doma.ru/public/src/images/gallery/catalog/694106c6baf9a_big.jpg|https://kultura-doma.ru/public/src/images/gallery/catalog/6941182e337a9_big.jpg|https://kultura-doma.ru/public/src/images/gallery/catalog/694106c841147_big.jpg|https://kultura-doma.ru/public/src/images/gallery/catalog/6a58e1446a614_big.jpg|https://kultura-doma.ru/public/src/images/gallery/catalog/6a58e145e127c_big.jpg|https://kultura-doma.ru/public/src/images/gallery/catalog/6a58e14867a7b_big.jpg
571,571,УТ-00007236,,Салфетка Фейерверк,https://kultura-doma.ru/product/salfetka-feyerverk,napkin,table_textile,,,,,990,,белый,45х45 см,сатин,,unknown_from_feed,https://kultura-doma.ru/public/src/images/gallery/catalog/6a4286efd6a8c_big.jpg,https://kultura-doma.ru/public/src/images/gallery/catalog/6a4286efd6a8c_big.jpg|https://kultura-doma.ru/public/src/images/gallery/catalog/68b02567f1b4d_big.jpg|https://kultura-doma.ru/public/src/images/gallery/catalog/6a4286efc0f91_big.jpg
1691,1691,УТ-00005436,,Комплект постельного белья Белый жасмин,https://kultura-doma.ru/product/komplekt-postel-nogo-bel-ya-belyy-zhasmin,bedding_set,bedroom_layer,,,,,12530,17900,серый,Полуторный (145х200 см),сатин,,unknown_from_feed,https://kultura-doma.ru/public/src/images/gallery/catalog/6a328bbce593e_big.jpg,https://kultura-doma.ru/public/src/images/gallery/catalog/6a328bbce593e_big.jpg|https://kultura-doma.ru/public/src/images/gallery/catalog/6a328bbe32fb0_big.jpg|https://kultura-doma.ru/public/src/images/gallery/catalog/6a328bbe70267_big.jpg|https://kultura-doma.ru/public/src/images/gallery/catalog/6a328bbdeecd6_big.jpg|https://kultura-doma.ru/public/src/images/gallery/catalog/6a328bbd77f6f_big.jpg|https://kultura-doma.ru/public/src/images/gallery/catalog/6a328bbdb1783_big.jpg|https://kultura-doma.ru/public/src/images/gallery/catalog/6a328bbd3908a_big.jpg
1691-1864,1691,УТ-00005438,,Комплект постельного белья Белый жасмин: Семейный,https://kultura-doma.ru/product/komplekt-postel-nogo-bel-ya-belyy-zhasmin-size-duet,bedding_set,bedroom_layer,,,,,19530,17900,серый,Семейный (145х200 см х 2 шт),сатин,,unknown_from_feed,https://kultura-doma.ru/public/src/images/gallery/catalog/6a328bbce593e_big.jpg,https://kultura-doma.ru/public/src/images/gallery/catalog/6a328bbce593e_big.jpg|https://kultura-doma.ru/public/src/images/gallery/catalog/6a328bbe32fb0_big.jpg|https://kultura-doma.ru/public/src/images/gallery/catalog/6a328bbe70267_big.jpg|https://kultura-doma.ru/public/src/images/gallery/catalog/6a328bbdeecd6_big.jpg|https://kultura-doma.ru/public/src/images/gallery/catalog/6a328bbd77f6f_big.jpg|https://kultura-doma.ru/public/src/images/gallery/catalog/6a328bbdb1783_big.jpg|https://kultura-doma.ru/public/src/images/gallery/catalog/6a328bbd3908a_big.jpg
1691-2490,1691,УТ-00005437,,Комплект постельного белья Белый жасмин: Евро,https://kultura-doma.ru/product/komplekt-postel-nogo-bel-ya-belyy-zhasmin-size-evro,bedding_set,bedroom_layer,,,,,15330,17900,серый,Евро (200х220 см),сатин,,unknown_from_feed,https://kultura-doma.ru/public/src/images/gallery/catalog/6a328bbce593e_big.jpg,https://kultura-doma.ru/public/src/images/gallery/catalog/6a328bbce593e_big.jpg|https://kultura-doma.ru/public/src/images/gallery/catalog/6a328bbe32fb0_big.jpg|https://kultura-doma.ru/public/src/images/gallery/catalog/6a328bbe70267_big.jpg|https://kultura-doma.ru/public/src/images/gallery/catalog/6a328bbdeecd6_big.jpg|https://kultura-doma.ru/public/src/images/gallery/catalog/6a328bbd77f6f_big.jpg|https://kultura-doma.ru/public/src/images/gallery/catalog/6a328bbdb1783_big.jpg|https://kultura-doma.ru/public/src/images/gallery/catalog/6a328bbd3908a_big.jpg
1691-2491,1691,УТ-00005439,,Комплект постельного белья Белый жасмин: Кинг-сайз,https://kultura-doma.ru/product/komplekt-postel-nogo-bel-ya-belyy-zhasmin-size-kingsayz,bedding_set,bedroom_layer,,,,,25900,17900,серый,Кинг-сайз (220х240 см),сатин,,unknown_from_feed,https://kultura-doma.ru/public/src/images/gallery/catalog/6a328bbce593e_big.jpg,https://kultura-doma.ru/public/src/images/gallery/catalog/6a328bbce593e_big.jpg|https://kultura-doma.ru/public/src/images/gallery/catalog/6a328bbe32fb0_big.jpg|https://kultura-doma.ru/public/src/images/gallery/catalog/6a328bbe70267_big.jpg|https://kultura-doma.ru/public/src/images/gallery/catalog/6a328bbdeecd6_big.jpg|https://kultura-doma.ru/public/src/images/gallery/catalog/6a328bbd77f6f_big.jpg|https://kultura-doma.ru/public/src/images/gallery/catalog/6a328bbdb1783_big.jpg|https://kultura-doma.ru/public/src/images/gallery/catalog/6a328bbd3908a_big.jpg
1410,,УТ-00011144,,Статуэтка фарфоровая Конь белый,https://kultura-doma.ru/product/skul-ptura-kon,other,other,,,,,65000,,белый,,фарфор,,unknown_from_feed,https://kultura-doma.ru/public/src/images/gallery/catalog/695286b87574d_big.jpg,https://kultura-doma.ru/public/src/images/gallery/catalog/695286b87574d_big.jpg|https://kultura-doma.ru/public/src/images/gallery/catalog/69410a6511917_big.jpg|https://kultura-doma.ru/public/src/images/gallery/catalog/69410a5952f1c_big.jpg
1429,,УТ-00011203,,Статуэтка фарфоровая Конь красный,https://kultura-doma.ru/product/statuetka-farforovaya-kon-krasnyy,other,other,,,,,69000,,красный,,фарфор,,unknown_from_feed,https://kultura-doma.ru/public/src/images/gallery/catalog/695286b71d26e_big.jpg,https://kultura-doma.ru/public/src/images/gallery/catalog/695286b71d26e_big.jpg|https://kultura-doma.ru/public/src/images/gallery/catalog/69493c50df502_big.jpg|https://kultura-doma.ru/public/src/images/gallery/catalog/695286b7eb891_big.jpg|https://kultura-doma.ru/public/src/images/gallery/catalog/69493c600c758_big.jpg|https://kultura-doma.ru/public/src/images/gallery/catalog/695286b75fedf_big.jpg|https://kultura-doma.ru/public/src/images/gallery/catalog/695286b7a8b1d_big.jpg
1237,,УТ-00010050,,Чайная пара Многоцвет,https://kultura-doma.ru/product/chaynaya-para-mnogocvet,tea_pair,tea_or_coffee_service,,,,,3590,,белый,,фарфор,250 мл,unknown_from_feed,https://kultura-doma.ru/public/src/images/gallery/catalog/68f6461dc1d3d_big.jpg,https://kultura-doma.ru/public/src/images/gallery/catalog/68f6461dc1d3d_big.jpg|https://kultura-doma.ru/public/src/images/gallery/catalog/68ecb54865f3c_big.jpg|https://kultura-doma.ru/public/src/images/gallery/catalog/6a394b41a342b_big.jpg|https://kultura-doma.ru/public/src/images/gallery/catalog/6a394b41dc52c_big.jpg|https://kultura-doma.ru/public/src/images/gallery/catalog/6a394b42256df_big.jpg
1335,,УТ-00010933,,Чайная пара Краса ненаглядная,https://kultura-doma.ru/product/chaynaya-para-koni-1335,tea_pair,tea_or_coffee_service,,,,,5490,,белый,,фарфор,250 мл,unknown_from_feed,https://kultura-doma.ru/public/src/images/gallery/catalog/6a394b4453cd6_big.jpg,https://kultura-doma.ru/public/src/images/gallery/catalog/6a394b4453cd6_big.jpg|https://kultura-doma.ru/public/src/images/gallery/catalog/691c61f773a36_big.jpg|https://kultura-doma.ru/public/src/images/gallery/catalog/6a394b4419abb_big.jpg|https://kultura-doma.ru/public/src/images/gallery/catalog/6a394b44949ee_big.jpg|https://kultura-doma.ru/public/src/images/gallery/catalog/6a394b44d3331_big.jpg
503,503,УТ-00009350,,Ваза Купель латунь с покрытием никель 23 см,https://kultura-doma.ru/product/vaza-kupel-503,vase,atmosphere_or_drinks,,,,,64900,,серебряный,10х10х23 см,"латунь, стекло",,unknown_from_feed,https://kultura-doma.ru/public/src/images/gallery/catalog/6a56253df3a2d_big.jpg,https://kultura-doma.ru/public/src/images/gallery/catalog/6a56253df3a2d_big.jpg|https://kultura-doma.ru/public/src/images/gallery/catalog/6a56253dafdbf_big.jpg|https://kultura-doma.ru/public/src/images/gallery/catalog/6a56253e38121_big.jpg
653,653,УТ-00008955,,Халат женский Ратко,https://kultura-doma.ru/product/halat-zhenskiy-ratko,other,other,,,,,7990,,белый,40-42,ткань вафельная,,unknown_from_feed,https://kultura-doma.ru/public/src/images/gallery/catalog/6891ecad746d1_big.jpg,https://kultura-doma.ru/public/src/images/gallery/catalog/6891ecad746d1_big.jpg|https://kultura-doma.ru/public/src/images/gallery/catalog/6a47cb011d675_big.jpg
653-1006,653,УТ-00008956,,Халат женский Ратко: 44-46,https://kultura-doma.ru/product/halat-zhenskiy-ratko-size-4446,other,other,,,,,7990,,белый,44-46,ткань вафельная,,unknown_from_feed,https://kultura-doma.ru/public/src/images/gallery/catalog/6891ecad746d1_big.jpg,https://kultura-doma.ru/public/src/images/gallery/catalog/6891ecad746d1_big.jpg|https://kultura-doma.ru/public/src/images/gallery/catalog/6a47cb011d675_big.jpg
653-1007,653,УТ-00008957,,Халат женский Ратко: 48-50,https://kultura-doma.ru/product/halat-zhenskiy-ratko-size-4850,other,other,,,,,7990,,белый,48-50,ткань вафельная,,unknown_from_feed,https://kultura-doma.ru/public/src/images/gallery/catalog/6891ecad746d1_big.jpg,https://kultura-doma.ru/public/src/images/gallery/catalog/6891ecad746d1_big.jpg|https://kultura-doma.ru/public/src/images/gallery/catalog/6a47cb011d675_big.jpg
653-1008,653,УТ-00008958,,Халат женский Ратко: 52-54,https://kultura-doma.ru/product/halat-zhenskiy-ratko-size-5254,other,other,,,,,7990,,белый,52-54,ткань вафельная,,unknown_from_feed,https://kultura-doma.ru/public/src/images/gallery/catalog/6891ecad746d1_big.jpg,https://kultura-doma.ru/public/src/images/gallery/catalog/6891ecad746d1_big.jpg|https://kultura-doma.ru/public/src/images/gallery/catalog/6a47cb011d675_big.jpg
1013,1013,УТ-00006485,,Халат Анна,https://kultura-doma.ru/product/halat-anna,other,other,,,,,3320,8300,розовый,56-170,тенсель,,unknown_from_feed,https://kultura-doma.ru/public/src/images/gallery/catalog/68bebd2fc1637_big.jpg,https://kultura-doma.ru/public/src/images/gallery/catalog/68bebd2fc1637_big.jpg|https://kultura-doma.ru/public/src/images/gallery/catalog/6a43737a8a319_big.jpg|https://kultura-doma.ru/public/src/images/gallery/catalog/6a43737b48d14_big.jpg
1013-1349,1013,УТ-00006485,,Халат Анна: 42-170,https://kultura-doma.ru/product/halat-anna-size-42170,other,other,,,,,3320,8300,розовый,42-170,тенсель,,unknown_from_feed,https://kultura-doma.ru/public/src/images/gallery/catalog/68bebd2fc1637_big.jpg,https://kultura-doma.ru/public/src/images/gallery/catalog/68bebd2fc1637_big.jpg|https://kultura-doma.ru/public/src/images/gallery/catalog/6a43737a8a319_big.jpg|https://kultura-doma.ru/public/src/images/gallery/catalog/6a43737b48d14_big.jpg
1013-1350,1013,УТ-00006486,,Халат Анна: 44-170,https://kultura-doma.ru/product/halat-anna-size-44170,other,other,,,,,8300,8300,розовый,44-170,тенсель,,unknown_from_feed,https://kultura-doma.ru/public/src/images/gallery/catalog/68bebd2fc1637_big.jpg,https://kultura-doma.ru/public/src/images/gallery/catalog/68bebd2fc1637_big.jpg|https://kultura-doma.ru/public/src/images/gallery/catalog/6a43737a8a319_big.jpg|https://kultura-doma.ru/public/src/images/gallery/catalog/6a43737b48d14_big.jpg
1013-1351,1013,УТ-00006487,,Халат Анна: 46-170,https://kultura-doma.ru/product/halat-anna-size-46170,other,other,,,,,8300,8300,розовый,46-170,тенсель,,unknown_from_feed,https://kultura-doma.ru/public/src/images/gallery/catalog/68bebd2fc1637_big.jpg,https://kultura-doma.ru/public/src/images/gallery/catalog/68bebd2fc1637_big.jpg|https://kultura-doma.ru/public/src/images/gallery/catalog/6a43737a8a319_big.jpg|https://kultura-doma.ru/public/src/images/gallery/catalog/6a43737b48d14_big.jpg
1013-1352,1013,УТ-00006488,,Халат Анна: 48-170,https://kultura-doma.ru/product/halat-anna-size-48170,other,other,,,,,3320,8300,розовый,48-170,тенсель,,unknown_from_feed,https://kultura-doma.ru/public/src/images/gallery/catalog/68bebd2fc1637_big.jpg,https://kultura-doma.ru/public/src/images/gallery/catalog/68bebd2fc1637_big.jpg|https://kultura-doma.ru/public/src/images/gallery/catalog/6a43737a8a319_big.jpg|https://kultura-doma.ru/public/src/images/gallery/catalog/6a43737b48d14_big.jpg
1013-1353,1013,УТ-00006489,,Халат Анна: 50-170,https://kultura-doma.ru/product/halat-anna-size-50170,other,other,,,,,3320,8300,розовый,50-170,тенсель,,unknown_from_feed,https://kultura-doma.ru/public/src/images/gallery/catalog/68bebd2fc1637_big.jpg,https://kultura-doma.ru/public/src/images/gallery/catalog/68bebd2fc1637_big.jpg|https://kultura-doma.ru/public/src/images/gallery/catalog/6a43737a8a319_big.jpg|https://kultura-doma.ru/public/src/images/gallery/catalog/6a43737b48d14_big.jpg
997,997,УТ-00007329,,Сорочка Анна,https://kultura-doma.ru/product/sorochka-anna-997,other,other,,,,,2760,6900,голубой,48-170,тенсель,,unknown_from_feed,https://kultura-doma.ru/public/src/images/gallery/catalog/688b64be61b08_big.jpg,https://kultura-doma.ru/public/src/images/gallery/catalog/688b64be61b08_big.jpg|https://kultura-doma.ru/public/src/images/gallery/catalog/68947767e6d98_big.jpg|https://kultura-doma.ru/public/src/images/gallery/catalog/6a43744ee5ac2_big.jpg|https://kultura-doma.ru/public/src/images/gallery/catalog/6a43744fc1fdb_big.jpg
997-945,997,УТ-00007329,,Сорочка Анна: 42-164,https://kultura-doma.ru/product/sorochka-anna-997-size-42164,other,other,,,,,2760,6900,голубой,42-164,тенсель,,unknown_from_feed,https://kultura-doma.ru/public/src/images/gallery/catalog/688b64be61b08_big.jpg,https://kultura-doma.ru/public/src/images/gallery/catalog/688b64be61b08_big.jpg|https://kultura-doma.ru/public/src/images/gallery/catalog/68947767e6d98_big.jpg|https://kultura-doma.ru/public/src/images/gallery/catalog/6a43744ee5ac2_big.jpg|https://kultura-doma.ru/public/src/images/gallery/catalog/6a43744fc1fdb_big.jpg
997-1137,997,УТ-00007337,,Сорочка Анна: 42-170,https://kultura-doma.ru/product/sorochka-anna-997-size-42170,other,other,,,,,2760,6900,голубой,42-170,тенсель,,unknown_from_feed,https://kultura-doma.ru/public/src/images/gallery/catalog/688b64be61b08_big.jpg,https://kultura-doma.ru/public/src/images/gallery/catalog/688b64be61b08_big.jpg|https://kultura-doma.ru/public/src/images/gallery/catalog/68947767e6d98_big.jpg|https://kultura-doma.ru/public/src/images/gallery/catalog/6a43744ee5ac2_big.jpg|https://kultura-doma.ru/public/src/images/gallery/catalog/6a43744fc1fdb_big.jpg
997-1138,997,УТ-00007330,,Сорочка Анна: 44-164,https://kultura-doma.ru/product/sorochka-anna-997-size-44164,other,other,,,,,2760,6900,голубой,44-164,тенсель,,unknown_from_feed,https://kultura-doma.ru/public/src/images/gallery/catalog/688b64be61b08_big.jpg,https://kultura-doma.ru/public/src/images/gallery/catalog/688b64be61b08_big.jpg|https://kultura-doma.ru/public/src/images/gallery/catalog/68947767e6d98_big.jpg|https://kultura-doma.ru/public/src/images/gallery/catalog/6a43744ee5ac2_big.jpg|https://kultura-doma.ru/public/src/images/gallery/catalog/6a43744fc1fdb_big.jpg
997-1139,997,УТ-00007338,,Сорочка Анна: 44-170,https://kultura-doma.ru/product/sorochka-anna-997-size-44170,other,other,,,,,2760,6900,голубой,44-170,тенсель,,unknown_from_feed,https://kultura-doma.ru/public/src/images/gallery/catalog/688b64be61b08_big.jpg,https://kultura-doma.ru/public/src/images/gallery/catalog/688b64be61b08_big.jpg|https://kultura-doma.ru/public/src/images/gallery/catalog/68947767e6d98_big.jpg|https://kultura-doma.ru/public/src/images/gallery/catalog/6a43744ee5ac2_big.jpg|https://kultura-doma.ru/public/src/images/gallery/catalog/6a43744fc1fdb_big.jpg
997-1140,997,УТ-00007331,,Сорочка Анна: 46-164,https://kultura-doma.ru/product/sorochka-anna-997-size-46164,other,other,,,,,2760,6900,голубой,46-164,тенсель,,unknown_from_feed,https://kultura-doma.ru/public/src/images/gallery/catalog/688b64be61b08_big.jpg,https://kultura-doma.ru/public/src/images/gallery/catalog/688b64be61b08_big.jpg|https://kultura-doma.ru/public/src/images/gallery/catalog/68947767e6d98_big.jpg|https://kultura-doma.ru/public/src/images/gallery/catalog/6a43744ee5ac2_big.jpg|https://kultura-doma.ru/public/src/images/gallery/catalog/6a43744fc1fdb_big.jpg
997-1141,997,УТ-00007339,,Сорочка Анна: 46-170,https://kultura-doma.ru/product/sorochka-anna-997-size-46170,other,other,,,,,2760,6900,голубой,46-170,тенсель,,unknown_from_feed,https://kultura-doma.ru/public/src/images/gallery/catalog/688b64be61b08_big.jpg,https://kultura-doma.ru/public/src/images/gallery/catalog/688b64be61b08_big.jpg|https://kultura-doma.ru/public/src/images/gallery/catalog/68947767e6d98_big.jpg|https://kultura-doma.ru/public/src/images/gallery/catalog/6a43744ee5ac2_big.jpg|https://kultura-doma.ru/public/src/images/gallery/catalog/6a43744fc1fdb_big.jpg
997-1142,997,УТ-00007332,,Сорочка Анна: 48-164,https://kultura-doma.ru/product/sorochka-anna-997-size-48164,other,other,,,,,2760,6900,голубой,48-164,тенсель,,unknown_from_feed,https://kultura-doma.ru/public/src/images/gallery/catalog/688b64be61b08_big.jpg,https://kultura-doma.ru/public/src/images/gallery/catalog/688b64be61b08_big.jpg|https://kultura-doma.ru/public/src/images/gallery/catalog/68947767e6d98_big.jpg|https://kultura-doma.ru/public/src/images/gallery/catalog/6a43744ee5ac2_big.jpg|https://kultura-doma.ru/public/src/images/gallery/catalog/6a43744fc1fdb_big.jpg
997-1144,997,УТ-00007333,,Сорочка Анна: 50-164,https://kultura-doma.ru/product/sorochka-anna-997-size-50164,other,other,,,,,2760,6900,голубой,50-164,тенсель,,unknown_from_feed,https://kultura-doma.ru/public/src/images/gallery/catalog/688b64be61b08_big.jpg,https://kultura-doma.ru/public/src/images/gallery/catalog/688b64be61b08_big.jpg|https://kultura-doma.ru/public/src/images/gallery/catalog/68947767e6d98_big.jpg|https://kultura-doma.ru/public/src/images/gallery/catalog/6a43744ee5ac2_big.jpg|https://kultura-doma.ru/public/src/images/gallery/catalog/6a43744fc1fdb_big.jpg
997-1145,997,УТ-00007341,,Сорочка Анна: 50-170,https://kultura-doma.ru/product/sorochka-anna-997-size-50170,other,other,,,,,2760,6900,голубой,50-170,тенсель,,unknown_from_feed,https://kultura-doma.ru/public/src/images/gallery/catalog/688b64be61b08_big.jpg,https://kultura-doma.ru/public/src/images/gallery/catalog/688b64be61b08_big.jpg|https://kultura-doma.ru/public/src/images/gallery/catalog/68947767e6d98_big.jpg|https://kultura-doma.ru/public/src/images/gallery/catalog/6a43744ee5ac2_big.jpg|https://kultura-doma.ru/public/src/images/gallery/catalog/6a43744fc1fdb_big.jpg
997-1146,997,УТ-00007334,,Сорочка Анна: 52-164,https://kultura-doma.ru/product/sorochka-anna-997-size-52164,other,other,,,,,2760,6900,голубой,52-164,тенсель,,unknown_from_feed,https://kultura-doma.ru/public/src/images/gallery/catalog/688b64be61b08_big.jpg,https://kultura-doma.ru/public/src/images/gallery/catalog/688b64be61b08_big.jpg|https://kultura-doma.ru/public/src/images/gallery/catalog/68947767e6d98_big.jpg|https://kultura-doma.ru/public/src/images/gallery/catalog/6a43744ee5ac2_big.jpg|https://kultura-doma.ru/public/src/images/gallery/catalog/6a43744fc1fdb_big.jpg
997-1147,997,УТ-00007342,,Сорочка Анна: 52-170,https://kultura-doma.ru/product/sorochka-anna-997-size-52170,other,other,,,,,2760,6900,голубой,52-170,тенсель,,unknown_from_feed,https://kultura-doma.ru/public/src/images/gallery/catalog/688b64be61b08_big.jpg,https://kultura-doma.ru/public/src/images/gallery/catalog/688b64be61b08_big.jpg|https://kultura-doma.ru/public/src/images/gallery/catalog/68947767e6d98_big.jpg|https://kultura-doma.ru/public/src/images/gallery/catalog/6a43744ee5ac2_big.jpg|https://kultura-doma.ru/public/src/images/gallery/catalog/6a43744fc1fdb_big.jpg
997-1148,997,УТ-00007335,,Сорочка Анна: 54-164,https://kultura-doma.ru/product/sorochka-anna-997-size-54164,other,other,,,,,2760,6900,голубой,54-164,тенсель,,unknown_from_feed,https://kultura-doma.ru/public/src/images/gallery/catalog/688b64be61b08_big.jpg,https://kultura-doma.ru/public/src/images/gallery/catalog/688b64be61b08_big.jpg|https://kultura-doma.ru/public/src/images/gallery/catalog/68947767e6d98_big.jpg|https://kultura-doma.ru/public/src/images/gallery/catalog/6a43744ee5ac2_big.jpg|https://kultura-doma.ru/public/src/images/gallery/catalog/6a43744fc1fdb_big.jpg
997-1149,997,УТ-00007343,,Сорочка Анна: 54-170,https://kultura-doma.ru/product/sorochka-anna-997-size-54170,other,other,,,,,2760,6900,голубой,54-170,тенсель,,unknown_from_feed,https://kultura-doma.ru/public/src/images/gallery/catalog/688b64be61b08_big.jpg,https://kultura-doma.ru/public/src/images/gallery/catalog/688b64be61b08_big.jpg|https://kultura-doma.ru/public/src/images/gallery/catalog/68947767e6d98_big.jpg|https://kultura-doma.ru/public/src/images/gallery/catalog/6a43744ee5ac2_big.jpg|https://kultura-doma.ru/public/src/images/gallery/catalog/6a43744fc1fdb_big.jpg
997-1150,997,УТ-00007336,,Сорочка Анна: 56-164,https://kultura-doma.ru/product/sorochka-anna-997-size-56164,other,other,,,,,2760,6900,голубой,56-164,тенсель,,unknown_from_feed,https://kultura-doma.ru/public/src/images/gallery/catalog/688b64be61b08_big.jpg,https://kultura-doma.ru/public/src/images/gallery/catalog/688b64be61b08_big.jpg|https://kultura-doma.ru/public/src/images/gallery/catalog/68947767e6d98_big.jpg|https://kultura-doma.ru/public/src/images/gallery/catalog/6a43744ee5ac2_big.jpg|https://kultura-doma.ru/public/src/images/gallery/catalog/6a43744fc1fdb_big.jpg
997-1151,997,УТ-00007344,,Сорочка Анна: 56-170,https://kultura-doma.ru/product/sorochka-anna-997-size-56170,other,other,,,,,2760,6900,голубой,56-170,тенсель,,unknown_from_feed,https://kultura-doma.ru/public/src/images/gallery/catalog/688b64be61b08_big.jpg,https://kultura-doma.ru/public/src/images/gallery/catalog/688b64be61b08_big.jpg|https://kultura-doma.ru/public/src/images/gallery/catalog/68947767e6d98_big.jpg|https://kultura-doma.ru/public/src/images/gallery/catalog/6a43744ee5ac2_big.jpg|https://kultura-doma.ru/public/src/images/gallery/catalog/6a43744fc1fdb_big.jpg
1229,1229,УТ-00009073,,Сорочка Анна,https://kultura-doma.ru/product/sorochka-anna-1229,other,other,,,,,2760,6900,айвори,48-50,тенсель,,unknown_from_feed,https://kultura-doma.ru/public/src/images/gallery/catalog/68bebde694aa4_big.jpg,https://kultura-doma.ru/public/src/images/gallery/catalog/68bebde694aa4_big.jpg|https://kultura-doma.ru/public/src/images/gallery/catalog/6a43751f068b8_big.jpg|https://kultura-doma.ru/public/src/images/gallery/catalog/6a43751f9b478_big.jpg
1229-1391,1229,УТ-00009073,,Сорочка Анна: 40-42,https://kultura-doma.ru/product/sorochka-anna-1229-size-4042,other,other,,,,,2760,6900,айвори,40-42,тенсель,,unknown_from_feed,https://kultura-doma.ru/public/src/images/gallery/catalog/68bebde694aa4_big.jpg,https://kultura-doma.ru/public/src/images/gallery/catalog/68bebde694aa4_big.jpg|https://kultura-doma.ru/public/src/images/gallery/catalog/6a43751f068b8_big.jpg|https://kultura-doma.ru/public/src/images/gallery/catalog/6a43751f9b478_big.jpg
1229-1392,1229,УТ-00009074,,Сорочка Анна: 44-46,https://kultura-doma.ru/product/sorochka-anna-1229-size-4446,other,other,,,,,2760,6900,айвори,44-46,тенсель,,unknown_from_feed,https://kultura-doma.ru/public/src/images/gallery/catalog/68bebde694aa4_big.jpg,https://kultura-doma.ru/public/src/images/gallery/catalog/68bebde694aa4_big.jpg|https://kultura-doma.ru/public/src/images/gallery/catalog/6a43751f068b8_big.jpg|https://kultura-doma.ru/public/src/images/gallery/catalog/6a43751f9b478_big.jpg
1229-1394,1229,УТ-00009076,,Сорочка Анна: 52-54,https://kultura-doma.ru/product/sorochka-anna-1229-size-5254,other,other,,,,,2760,6900,айвори,52-54,тенсель,,unknown_from_feed,https://kultura-doma.ru/public/src/images/gallery/catalog/68bebde694aa4_big.jpg,https://kultura-doma.ru/public/src/images/gallery/catalog/68bebde694aa4_big.jpg|https://kultura-doma.ru/public/src/images/gallery/catalog/6a43751f068b8_big.jpg|https://kultura-doma.ru/public/src/images/gallery/catalog/6a43751f9b478_big.jpg
1664,1664,УТ-00011669,Стихи,Комплект постельного белья Тихий сон,https://kultura-doma.ru/product/komplekt-postel-nogo-bel-ya-tihiy-son,bedding_set,bedroom_layer,textile_base,table|bedroom,milk|navy,poetic|quiet|textile,33900,,белый,Кинг-сайз (220х240 см),сатин,,unknown_from_feed,https://kultura-doma.ru/public/src/images/gallery/catalog/69b3c0b4d7053_big.jpg,https://kultura-doma.ru/public/src/images/gallery/catalog/69b3c0b4d7053_big.jpg|https://kultura-doma.ru/public/src/images/gallery/catalog/69b3c0b6315b9_big.jpg|https://kultura-doma.ru/public/src/images/gallery/catalog/69b3c0b66e229_big.jpg|https://kultura-doma.ru/public/src/images/gallery/catalog/69b3c0b525204_big.jpg|https://kultura-doma.ru/public/src/images/gallery/catalog/69b3c0b56b934_big.jpg|https://kultura-doma.ru/public/src/images/gallery/catalog/69b3c0b5a79cf_big.jpg|https://kultura-doma.ru/public/src/images/gallery/catalog/69b3c0b5e9780_big.jpg|https://kultura-doma.ru/public/src/images/gallery/catalog/6a328c01d9947_big.jpg|https://kultura-doma.ru/public/src/images/gallery/catalog/6a328c0226eb3_big.jpg|https://kultura-doma.ru/public/src/images/gallery/catalog/6a328c026b53e_big.jpg
1699,1699,УТ-00011193,,Комплект постельного белья Кокошник,https://kultura-doma.ru/product/komplekt-postel-nogo-bel-ya-kokoshnik,bedding_set,bedroom_layer,,,,,199000,,белый,Евро (200х220 см),перкаль,,unknown_from_feed,https://kultura-doma.ru/public/src/images/gallery/catalog/6a328c0ba57ca_big.jpg,https://kultura-doma.ru/public/src/images/gallery/catalog/6a328c0ba57ca_big.jpg|https://kultura-doma.ru/public/src/images/gallery/catalog/6a328c0c4e2d7_big.jpg|https://kultura-doma.ru/public/src/images/gallery/catalog/6a328c0c09eee_big.jpg|https://kultura-doma.ru/public/src/images/gallery/catalog/6a328c0a02f43_big.jpg|https://kultura-doma.ru/public/src/images/gallery/catalog/6a328c0a469ad_big.jpg|https://kultura-doma.ru/public/src/images/gallery/catalog/6a328c0a88017_big.jpg|https://kultura-doma.ru/public/src/images/gallery/catalog/6a328c0b159cc_big.jpg|https://kultura-doma.ru/public/src/images/gallery/catalog/6a328c0b59be2_big.jpg|https://kultura-doma.ru/public/src/images/gallery/catalog/6a328c0ac9af5_big.jpg
1699-2502,1699,УТ-00011193,,Комплект постельного белья Кокошник: Кинг-сайз,https://kultura-doma.ru/product/komplekt-postel-nogo-bel-ya-kokoshnik-size-kingsayz,bedding_set,bedroom_layer,,,,,299000,,белый,Кинг-сайз (220х240 см),перкаль,,unknown_from_feed,https://kultura-doma.ru/public/src/images/gallery/catalog/6a328c0ba57ca_big.jpg,https://kultura-doma.ru/public/src/images/gallery/catalog/6a328c0ba57ca_big.jpg|https://kultura-doma.ru/public/src/images/gallery/catalog/6a328c0c4e2d7_big.jpg|https://kultura-doma.ru/public/src/images/gallery/catalog/6a328c0c09eee_big.jpg|https://kultura-doma.ru/public/src/images/gallery/catalog/6a328c0a02f43_big.jpg|https://kultura-doma.ru/public/src/images/gallery/catalog/6a328c0a469ad_big.jpg|https://kultura-doma.ru/public/src/images/gallery/catalog/6a328c0a88017_big.jpg|https://kultura-doma.ru/public/src/images/gallery/catalog/6a328c0b159cc_big.jpg|https://kultura-doma.ru/public/src/images/gallery/catalog/6a328c0b59be2_big.jpg|https://kultura-doma.ru/public/src/images/gallery/catalog/6a328c0ac9af5_big.jpg
1700,1700,УТ-00010401,,Комплект постельного белья Дворцы России,https://kultura-doma.ru/product/komplekt-postel-nogo-bel-ya-dvorcy-rossii,bedding_set,bedroom_layer,,,,,29900,,белый,Евро (200х220 см),тенсель,,unknown_from_feed,https://kultura-doma.ru/public/src/images/gallery/catalog/69b3cc1716c61_big.jpg,https://kultura-doma.ru/public/src/images/gallery/catalog/69b3cc1716c61_big.jpg|https://kultura-doma.ru/public/src/images/gallery/catalog/6a328c1179b9b_big.jpg|https://kultura-doma.ru/public/src/images/gallery/catalog/6a328c11bdacd_big.jpg|https://kultura-doma.ru/public/src/images/gallery/catalog/69b3cc1b430af_big.jpg|https://kultura-doma.ru/public/src/images/gallery/catalog/69b3cc18648d4_big.jpg|https://kultura-doma.ru/public/src/images/gallery/catalog/69b3cc195b759_big.jpg|https://kultura-doma.ru/public/src/images/gallery/catalog/69b3cc1a4d71f_big.jpg
1700-2421,1700,УТ-00010400,,Комплект постельного белья Дворцы России: Кинг-сайз,https://kultura-doma.ru/product/komplekt-postel-nogo-bel-ya-dvorcy-rossii-size-kingsayz,bedding_set,bedroom_layer,,,,,33900,,белый,Кинг-сайз (220х240 см),тенсель,,unknown_from_feed,https://kultura-doma.ru/public/src/images/gallery/catalog/69b3cc1716c61_big.jpg,https://kultura-doma.ru/public/src/images/gallery/catalog/69b3cc1716c61_big.jpg|https://kultura-doma.ru/public/src/images/gallery/catalog/6a328c1179b9b_big.jpg|https://kultura-doma.ru/public/src/images/gallery/catalog/6a328c11bdacd_big.jpg|https://kultura-doma.ru/public/src/images/gallery/catalog/69b3cc1b430af_big.jpg|https://kultura-doma.ru/public/src/images/gallery/catalog/69b3cc18648d4_big.jpg|https://kultura-doma.ru/public/src/images/gallery/catalog/69b3cc195b759_big.jpg|https://kultura-doma.ru/public/src/images/gallery/catalog/69b3cc1a4d71f_big.jpg
1700-2422,1700,УТ-00010401,,Комплект постельного белья Дворцы России: Семейный,https://kultura-doma.ru/product/komplekt-postel-nogo-bel-ya-dvorcy-rossii-size-semeynyy,bedding_set,bedroom_layer,,,,,35900,,белый,Семейный (145х200 см х 2 шт),тенсель,,unknown_from_feed,https://kultura-doma.ru/public/src/images/gallery/catalog/69b3cc1716c61_big.jpg,https://kultura-doma.ru/public/src/images/gallery/catalog/69b3cc1716c61_big.jpg|https://kultura-doma.ru/public/src/images/gallery/catalog/6a328c1179b9b_big.jpg|https://kultura-doma.ru/public/src/images/gallery/catalog/6a328c11bdacd_big.jpg|https://kultura-doma.ru/public/src/images/gallery/catalog/69b3cc1b430af_big.jpg|https://kultura-doma.ru/public/src/images/gallery/catalog/69b3cc18648d4_big.jpg|https://kultura-doma.ru/public/src/images/gallery/catalog/69b3cc195b759_big.jpg|https://kultura-doma.ru/public/src/images/gallery/catalog/69b3cc1a4d71f_big.jpg
1701,1701,УТ-00012000,,Комплект постельного белья Лебедушка,https://kultura-doma.ru/product/komplekt-postel-nogo-bel-ya-lebedushka,bedding_set,bedroom_layer,,,,,29900,,белый,Евро (200х220 см),тенсель,,unknown_from_feed,https://kultura-doma.ru/public/src/images/gallery/catalog/69b3cc3a70c68_big.jpg,https://kultura-doma.ru/public/src/images/gallery/catalog/69b3cc3a70c68_big.jpg|https://kultura-doma.ru/public/src/images/gallery/catalog/6a328c1702b12_big.jpg|https://kultura-doma.ru/public/src/images/gallery/catalog/6a328c176e4b0_big.jpg|https://kultura-doma.ru/public/src/images/gallery/catalog/69b3cc3be4a2d_big.jpg|https://kultura-doma.ru/public/src/images/gallery/catalog/69b3cc3d0be7a_big.jpg|https://kultura-doma.ru/public/src/images/gallery/catalog/69b3cc3e14285_big.jpg|https://kultura-doma.ru/public/src/images/gallery/catalog/69b3cc3f1db42_big.jpg
1701-2458,1701,УТ-00012000,,Комплект постельного белья Лебедушка: Кинг-сайз,https://kultura-doma.ru/product/komplekt-postel-nogo-bel-ya-lebedushka-size-kingsayz,bedding_set,bedroom_layer,,,,,33900,,белый,Кинг-сайз (220х240 см),тенсель,,unknown_from_feed,https://kultura-doma.ru/public/src/images/gallery/catalog/69b3cc3a70c68_big.jpg,https://kultura-doma.ru/public/src/images/gallery/catalog/69b3cc3a70c68_big.jpg|https://kultura-doma.ru/public/src/images/gallery/catalog/6a328c1702b12_big.jpg|https://kultura-doma.ru/public/src/images/gallery/catalog/6a328c176e4b0_big.jpg|https://kultura-doma.ru/public/src/images/gallery/catalog/69b3cc3be4a2d_big.jpg|https://kultura-doma.ru/public/src/images/gallery/catalog/69b3cc3d0be7a_big.jpg|https://kultura-doma.ru/public/src/images/gallery/catalog/69b3cc3e14285_big.jpg|https://kultura-doma.ru/public/src/images/gallery/catalog/69b3cc3f1db42_big.jpg
1665,1665,УТ-00010379,,Комплект постельного белья Пиктограммы,https://kultura-doma.ru/product/komplekt-postel-nogo-bel-ya-piktogrammy,bedding_set,bedroom_layer,,,,,27900,,белый,Евро (200х220 см),сатин,,unknown_from_feed,https://kultura-doma.ru/public/src/images/gallery/catalog/69b3c1a949301_big.jpg,https://kultura-doma.ru/public/src/images/gallery/catalog/69b3c1a949301_big.jpg|https://kultura-doma.ru/public/src/images/gallery/catalog/69b3c1ab178d5_big.jpg|https://kultura-doma.ru/public/src/images/gallery/catalog/69b3c1aa993a9_big.jpg|https://kultura-doma.ru/public/src/images/gallery/catalog/69b3c1a92b1ba_big.jpg|https://kultura-doma.ru/public/src/images/gallery/catalog/69b3c1a981069_big.jpg|https://kultura-doma.ru/public/src/images/gallery/catalog/69b3c1a9cccbd_big.jpg|https://kultura-doma.ru/public/src/images/gallery/catalog/69b3c1aa6b8a4_big.jpg|https://kultura-doma.ru/public/src/images/gallery/catalog/6a35352d311a8_big.jpg
1665-2534,1665,УТ-00010378,,Комплект постельного белья Пиктограммы: Кинг-сайз,https://kultura-doma.ru/product/komplekt-postel-nogo-bel-ya-piktogrammy-size-kingsayz,bedding_set,bedroom_layer,,,,,31900,,белый,Кинг-сайз (220х240 см),сатин,,unknown_from_feed,https://kultura-doma.ru/public/src/images/gallery/catalog/69b3c1a949301_big.jpg,https://kultura-doma.ru/public/src/images/gallery/catalog/69b3c1a949301_big.jpg|https://kultura-doma.ru/public/src/images/gallery/catalog/69b3c1ab178d5_big.jpg|https://kultura-doma.ru/public/src/images/gallery/catalog/69b3c1aa993a9_big.jpg|https://kultura-doma.ru/public/src/images/gallery/catalog/69b3c1a92b1ba_big.jpg|https://kultura-doma.ru/public/src/images/gallery/catalog/69b3c1a981069_big.jpg|https://kultura-doma.ru/public/src/images/gallery/catalog/69b3c1a9cccbd_big.jpg|https://kultura-doma.ru/public/src/images/gallery/catalog/69b3c1aa6b8a4_big.jpg|https://kultura-doma.ru/public/src/images/gallery/catalog/6a35352d311a8_big.jpg
1665-2535,1665,УТ-00011135,,Комплект постельного белья Пиктограммы: Полуторный,https://kultura-doma.ru/product/komplekt-postel-nogo-bel-ya-piktogrammy-size-polutornyy,bedding_set,bedroom_layer,,,,,32900,,белый,Полуторный (145х200 см),сатин,,unknown_from_feed,https://kultura-doma.ru/public/src/images/gallery/catalog/69b3c1a949301_big.jpg,https://kultura-doma.ru/public/src/images/gallery/catalog/69b3c1a949301_big.jpg|https://kultura-doma.ru/public/src/images/gallery/catalog/69b3c1ab178d5_big.jpg|https://kultura-doma.ru/public/src/images/gallery/catalog/69b3c1aa993a9_big.jpg|https://kultura-doma.ru/public/src/images/gallery/catalog/69b3c1a92b1ba_big.jpg|https://kultura-doma.ru/public/src/images/gallery/catalog/69b3c1a981069_big.jpg|https://kultura-doma.ru/public/src/images/gallery/catalog/69b3c1a9cccbd_big.jpg|https://kultura-doma.ru/public/src/images/gallery/catalog/69b3c1aa6b8a4_big.jpg|https://kultura-doma.ru/public/src/images/gallery/catalog/6a35352d311a8_big.jpg
1665-2536,1665,УТ-00010379,,Комплект постельного белья Пиктограммы: Семейный,https://kultura-doma.ru/product/komplekt-postel-nogo-bel-ya-piktogrammy-size-semeynyy,bedding_set,bedroom_layer,,,,,33900,,белый,Семейный (145х200 см х 2 шт),сатин,,unknown_from_feed,https://kultura-doma.ru/public/src/images/gallery/catalog/69b3c1a949301_big.jpg,https://kultura-doma.ru/public/src/images/gallery/catalog/69b3c1a949301_big.jpg|https://kultura-doma.ru/public/src/images/gallery/catalog/69b3c1ab178d5_big.jpg|https://kultura-doma.ru/public/src/images/gallery/catalog/69b3c1aa993a9_big.jpg|https://kultura-doma.ru/public/src/images/gallery/catalog/69b3c1a92b1ba_big.jpg|https://kultura-doma.ru/public/src/images/gallery/catalog/69b3c1a981069_big.jpg|https://kultura-doma.ru/public/src/images/gallery/catalog/69b3c1a9cccbd_big.jpg|https://kultura-doma.ru/public/src/images/gallery/catalog/69b3c1aa6b8a4_big.jpg|https://kultura-doma.ru/public/src/images/gallery/catalog/6a35352d311a8_big.jpg
1666,1666,УТ-00010396,Мокоши,Комплект постельного белья с вышивкой Мокоши,https://kultura-doma.ru/product/komplekt-postel-nogo-bel-ya-s-vyshivkoy-mokoshi,bedding_set,bedroom_layer,statement_accent,table|bedroom,milk|red,folk|graphic|ornamental,21900,,белый,Полуторный (145х200 см),,,unknown_from_feed,https://kultura-doma.ru/public/src/images/gallery/catalog/69b3c3324b26a_big.jpg,https://kultura-doma.ru/public/src/images/gallery/catalog/69b3c3324b26a_big.jpg|https://kultura-doma.ru/public/src/images/gallery/catalog/6a328c24848cf_big.jpg|https://kultura-doma.ru/public/src/images/gallery/catalog/6a328c2353759_big.jpg|https://kultura-doma.ru/public/src/images/gallery/catalog/69b3c331a2270_big.jpg|https://kultura-doma.ru/public/src/images/gallery/catalog/69b3c33039c0f_big.jpg|https://kultura-doma.ru/public/src/images/gallery/catalog/69b3c332059ac_big.jpg|https://kultura-doma.ru/public/src/images/gallery/catalog/69b3c3315931c_big.jpg
1666-2425,1666,УТ-00010397,Мокоши,Комплект постельного белья с вышивкой Мокоши: Кинг-сайз,https://kultura-doma.ru/product/komplekt-postel-nogo-bel-ya-s-vyshivkoy-mokoshi-size-kingsayz,bedding_set,bedroom_layer,statement_accent,table|bedroom,milk|red,folk|graphic|ornamental,33900,,белый,Кинг-сайз (220х240 см),,,unknown_from_feed,https://kultura-doma.ru/public/src/images/gallery/catalog/69b3c3324b26a_big.jpg,https://kultura-doma.ru/public/src/images/gallery/catalog/69b3c3324b26a_big.jpg|https://kultura-doma.ru/public/src/images/gallery/catalog/6a328c24848cf_big.jpg|https://kultura-doma.ru/public/src/images/gallery/catalog/6a328c2353759_big.jpg|https://kultura-doma.ru/public/src/images/gallery/catalog/69b3c331a2270_big.jpg|https://kultura-doma.ru/public/src/images/gallery/catalog/69b3c33039c0f_big.jpg|https://kultura-doma.ru/public/src/images/gallery/catalog/69b3c332059ac_big.jpg|https://kultura-doma.ru/public/src/images/gallery/catalog/69b3c3315931c_big.jpg
1666-2427,1666,УТ-00010398,Мокоши,Комплект постельного белья с вышивкой Мокоши: Семейный,https://kultura-doma.ru/product/komplekt-postel-nogo-bel-ya-s-vyshivkoy-mokoshi-size-semeynyy,bedding_set,bedroom_layer,statement_accent,table|bedroom,milk|red,folk|graphic|ornamental,35900,,белый,Семейный (145х200 см х 2 шт),,,unknown_from_feed,https://kultura-doma.ru/public/src/images/gallery/catalog/69b3c3324b26a_big.jpg,https://kultura-doma.ru/public/src/images/gallery/catalog/69b3c3324b26a_big.jpg|https://kultura-doma.ru/public/src/images/gallery/catalog/6a328c24848cf_big.jpg|https://kultura-doma.ru/public/src/images/gallery/catalog/6a328c2353759_big.jpg|https://kultura-doma.ru/public/src/images/gallery/catalog/69b3c331a2270_big.jpg|https://kultura-doma.ru/public/src/images/gallery/catalog/69b3c33039c0f_big.jpg|https://kultura-doma.ru/public/src/images/gallery/catalog/69b3c332059ac_big.jpg|https://kultura-doma.ru/public/src/images/gallery/catalog/69b3c3315931c_big.jpg
1666-2505,1666,УТ-00010396,Мокоши,Комплект постельного белья с вышивкой Мокоши: Евро,https://kultura-doma.ru/product/komplekt-postel-nogo-bel-ya-s-vyshivkoy-mokoshi-size-evro-2505,bedding_set,bedroom_layer,statement_accent,table|bedroom,milk|red,folk|graphic|ornamental,29900,,белый,Евро (200х220 см),,,unknown_from_feed,https://kultura-doma.ru/public/src/images/gallery/catalog/69b3c3324b26a_big.jpg,https://kultura-doma.ru/public/src/images/gallery/catalog/69b3c3324b26a_big.jpg|https://kultura-doma.ru/public/src/images/gallery/catalog/6a328c24848cf_big.jpg|https://kultura-doma.ru/public/src/images/gallery/catalog/6a328c2353759_big.jpg|https://kultura-doma.ru/public/src/images/gallery/catalog/69b3c331a2270_big.jpg|https://kultura-doma.ru/public/src/images/gallery/catalog/69b3c33039c0f_big.jpg|https://kultura-doma.ru/public/src/images/gallery/catalog/69b3c332059ac_big.jpg|https://kultura-doma.ru/public/src/images/gallery/catalog/69b3c3315931c_big.jpg
1668,1668,УТ-00010387,,Комплект постельного белья Четырехлистник,https://kultura-doma.ru/product/komplekt-postel-nogo-bel-ya-chetyrehlistnik,bedding_set,bedroom_layer,,,,,14630,20900,белый,Полуторный (145х200 см),сатин,,unknown_from_feed,https://kultura-doma.ru/public/src/images/gallery/catalog/69b3c41d8fcf8_big.jpg,https://kultura-doma.ru/public/src/images/gallery/catalog/69b3c41d8fcf8_big.jpg|https://kultura-doma.ru/public/src/images/gallery/catalog/69b3c41d7df8d_big.jpg|https://kultura-doma.ru/public/src/images/gallery/catalog/69b3c41deed80_big.jpg|https://kultura-doma.ru/public/src/images/gallery/catalog/69b3c41d69f6f_big.jpg|https://kultura-doma.ru/public/src/images/gallery/catalog/69b3c41da5fee_big.jpg|https://kultura-doma.ru/public/src/images/gallery/catalog/69b3c41db86cb_big.jpg|https://kultura-doma.ru/public/src/images/gallery/catalog/69b3c41dca857_big.jpg|https://kultura-doma.ru/public/src/images/gallery/catalog/69b3c41ddc188_big.jpg|https://kultura-doma.ru/public/src/images/gallery/catalog/6a3538834686c_big.jpg
1668-2537,1668,УТ-00010387,,Комплект постельного белья Четырехлистник: Евро,https://kultura-doma.ru/product/komplekt-postel-nogo-bel-ya-chetyrehlistnik-size-evro,bedding_set,bedroom_layer,,,,,19530,20900,белый,Евро (200х220 см),сатин,,unknown_from_feed,https://kultura-doma.ru/public/src/images/gallery/catalog/69b3c41d8fcf8_big.jpg,https://kultura-doma.ru/public/src/images/gallery/catalog/69b3c41d8fcf8_big.jpg|https://kultura-doma.ru/public/src/images/gallery/catalog/69b3c41d7df8d_big.jpg|https://kultura-doma.ru/public/src/images/gallery/catalog/69b3c41deed80_big.jpg|https://kultura-doma.ru/public/src/images/gallery/catalog/69b3c41d69f6f_big.jpg|https://kultura-doma.ru/public/src/images/gallery/catalog/69b3c41da5fee_big.jpg|https://kultura-doma.ru/public/src/images/gallery/catalog/69b3c41db86cb_big.jpg|https://kultura-doma.ru/public/src/images/gallery/catalog/69b3c41dca857_big.jpg|https://kultura-doma.ru/public/src/images/gallery/catalog/69b3c41ddc188_big.jpg|https://kultura-doma.ru/public/src/images/gallery/catalog/6a3538834686c_big.jpg
1668-2538,1668,УТ-00010388,,Комплект постельного белья Четырехлистник: Кинг-сайз,https://kultura-doma.ru/product/komplekt-postel-nogo-bel-ya-chetyrehlistnik-size-kingsayz,bedding_set,bedroom_layer,,,,,22330,20900,белый,Кинг-сайз (220х240 см),сатин,,unknown_from_feed,https://kultura-doma.ru/public/src/images/gallery/catalog/69b3c41d8fcf8_big.jpg,https://kultura-doma.ru/public/src/images/gallery/catalog/69b3c41d8fcf8_big.jpg|https://kultura-doma.ru/public/src/images/gallery/catalog/69b3c41d7df8d_big.jpg|https://kultura-doma.ru/public/src/images/gallery/catalog/69b3c41deed80_big.jpg|https://kultura-doma.ru/public/src/images/gallery/catalog/69b3c41d69f6f_big.jpg|https://kultura-doma.ru/public/src/images/gallery/catalog/69b3c41da5fee_big.jpg|https://kultura-doma.ru/public/src/images/gallery/catalog/69b3c41db86cb_big.jpg|https://kultura-doma.ru/public/src/images/gallery/catalog/69b3c41dca857_big.jpg|https://kultura-doma.ru/public/src/images/gallery/catalog/69b3c41ddc188_big.jpg|https://kultura-doma.ru/public/src/images/gallery/catalog/6a3538834686c_big.jpg
1668-2539,1668,УТ-00010389,,Комплект постельного белья Четырехлистник: Семейный,https://kultura-doma.ru/product/komplekt-postel-nogo-bel-ya-chetyrehlistnik-size-semeynyy,bedding_set,bedroom_layer,,,,,23730,20900,белый,Семейный (145х200 см х 2 шт),сатин,,unknown_from_feed,https://kultura-doma.ru/public/src/images/gallery/catalog/69b3c41d8fcf8_big.jpg,https://kultura-doma.ru/public/src/images/gallery/catalog/69b3c41d8fcf8_big.jpg|https://kultura-doma.ru/public/src/images/gallery/catalog/69b3c41d7df8d_big.jpg|https://kultura-doma.ru/public/src/images/gallery/catalog/69b3c41deed80_big.jpg|https://kultura-doma.ru/public/src/images/gallery/catalog/69b3c41d69f6f_big.jpg|https://kultura-doma.ru/public/src/images/gallery/catalog/69b3c41da5fee_big.jpg|https://kultura-doma.ru/public/src/images/gallery/catalog/69b3c41db86cb_big.jpg|https://kultura-doma.ru/public/src/images/gallery/catalog/69b3c41dca857_big.jpg|https://kultura-doma.ru/public/src/images/gallery/catalog/69b3c41ddc188_big.jpg|https://kultura-doma.ru/public/src/images/gallery/catalog/6a3538834686c_big.jpg
1671,1671,УТ-00010375,Тайна острова Буяна,Комплект постельного белья Тайна острова Буяна,https://kultura-doma.ru/product/komplekt-postel-nogo-bel-ya-tayna-ostrova-buyana,bedding_set,bedroom_layer,statement_accent,table|bedroom|decor,blue|milk|gold,fairytale|folklore|statement,16450,32900,голубой,Кинг-сайз (220х240 см),,,unknown_from_feed,https://kultura-doma.ru/public/src/images/gallery/catalog/69b3ce485dc4b_big.jpg,https://kultura-doma.ru/public/src/images/gallery/catalog/69b3ce485dc4b_big.jpg|https://kultura-doma.ru/public/src/images/gallery/catalog/6a3012b3dc349_big.jpg|https://kultura-doma.ru/public/src/images/gallery/catalog/6a3012b42c2d2_big.jpg|https://kultura-doma.ru/public/src/images/gallery/catalog/69b3ce4887625_big.jpg|https://kultura-doma.ru/public/src/images/gallery/catalog/69b3ce48364d9_big.jpg|https://kultura-doma.ru/public/src/images/gallery/catalog/69b3ce4849f4e_big.jpg|https://kultura-doma.ru/public/src/images/gallery/catalog/69b3ce4873591_big.jpg|https://kultura-doma.ru/public/src/images/gallery/catalog/69b3ce489f253_big.jpg
1672,1672,УТ-00010376,Нити времени,Комплект постельного белья Нити времени,https://kultura-doma.ru/product/komplekt-postel-nogo-bel-ya-niti-vremeni,bedding_set,bedroom_layer,statement_accent,table|bedroom|decor,blue|milk|gold,fairytale|blue|ornamental,16450,32900,голубой,Кинг-сайз (220х240 см),,,unknown_from_feed,https://kultura-doma.ru/public/src/images/gallery/catalog/69b3ce622cf37_big.jpg,https://kultura-doma.ru/public/src/images/gallery/catalog/69b3ce622cf37_big.jpg|https://kultura-doma.ru/public/src/images/gallery/catalog/6a301296b0873_big.jpg|https://kultura-doma.ru/public/src/images/gallery/catalog/6a301296ec6aa_big.jpg|https://kultura-doma.ru/public/src/images/gallery/catalog/69b3ce6279e3e_big.jpg|https://kultura-doma.ru/public/src/images/gallery/catalog/69b3ce6240ee2_big.jpg|https://kultura-doma.ru/public/src/images/gallery/catalog/69b3ce625354d_big.jpg|https://kultura-doma.ru/public/src/images/gallery/catalog/69b3ce62666bc_big.jpg|https://kultura-doma.ru/public/src/images/gallery/catalog/69b3ce628e23a_big.jpg|https://kultura-doma.ru/public/src/images/gallery/catalog/69b3ce62a2855_big.jpg
1676,1676,УТ-00010392,,Комплект постельного белья Тройка,https://kultura-doma.ru/product/komplekt-postel-nogo-bel-ya-troyka,bedding_set,bedroom_layer,,,,,24430,34900,синий,Евро (200х220 см),,,unknown_from_feed,https://kultura-doma.ru/public/src/images/gallery/catalog/69b3c534a1c7c_big.jpg,https://kultura-doma.ru/public/src/images/gallery/catalog/69b3c534a1c7c_big.jpg|https://kultura-doma.ru/public/src/images/gallery/catalog/6a3540e6ce372_big.jpg|https://kultura-doma.ru/public/src/images/gallery/catalog/6a3540e689ce4_big.jpg|https://kultura-doma.ru/public/src/images/gallery/catalog/69b3c534b881a_big.jpg|https://kultura-doma.ru/public/src/images/gallery/catalog/69b3c534cecf0_big.jpg|https://kultura-doma.ru/public/src/images/gallery/catalog/69b3c534e9607_big.jpg|https://kultura-doma.ru/public/src/images/gallery/catalog/69b3c53515402_big.jpg|https://kultura-doma.ru/public/src/images/gallery/catalog/69b3c5352e775_big.jpg|https://kultura-doma.ru/public/src/images/gallery/catalog/69b3c53543e1d_big.jpg
1676-2440,1676,УТ-00010391,,Комплект постельного белья Тройка: Кинг-сайз,https://kultura-doma.ru/product/komplekt-postel-nogo-bel-ya-troyka-size-kingsayz,bedding_set,bedroom_layer,,,,,25830,34900,синий,Кинг-сайз (220х240 см),,,unknown_from_feed,https://kultura-doma.ru/public/src/images/gallery/catalog/69b3c534a1c7c_big.jpg,https://kultura-doma.ru/public/src/images/gallery/catalog/69b3c534a1c7c_big.jpg|https://kultura-doma.ru/public/src/images/gallery/catalog/6a3540e6ce372_big.jpg|https://kultura-doma.ru/public/src/images/gallery/catalog/6a3540e689ce4_big.jpg|https://kultura-doma.ru/public/src/images/gallery/catalog/69b3c534b881a_big.jpg|https://kultura-doma.ru/public/src/images/gallery/catalog/69b3c534cecf0_big.jpg|https://kultura-doma.ru/public/src/images/gallery/catalog/69b3c534e9607_big.jpg|https://kultura-doma.ru/public/src/images/gallery/catalog/69b3c53515402_big.jpg|https://kultura-doma.ru/public/src/images/gallery/catalog/69b3c5352e775_big.jpg|https://kultura-doma.ru/public/src/images/gallery/catalog/69b3c53543e1d_big.jpg
1676-2441,1676,УТ-00010392,,Комплект постельного белья Тройка: Семейный,https://kultura-doma.ru/product/komplekt-postel-nogo-bel-ya-troyka-size-semeynyy,bedding_set,bedroom_layer,,,,,27930,34900,синий,Семейный (145х200 см х 2 шт),,,unknown_from_feed,https://kultura-doma.ru/public/src/images/gallery/catalog/69b3c534a1c7c_big.jpg,https://kultura-doma.ru/public/src/images/gallery/catalog/69b3c534a1c7c_big.jpg|https://kultura-doma.ru/public/src/images/gallery/catalog/6a3540e6ce372_big.jpg|https://kultura-doma.ru/public/src/images/gallery/catalog/6a3540e689ce4_big.jpg|https://kultura-doma.ru/public/src/images/gallery/catalog/69b3c534b881a_big.jpg|https://kultura-doma.ru/public/src/images/gallery/catalog/69b3c534cecf0_big.jpg|https://kultura-doma.ru/public/src/images/gallery/catalog/69b3c534e9607_big.jpg|https://kultura-doma.ru/public/src/images/gallery/catalog/69b3c53515402_big.jpg|https://kultura-doma.ru/public/src/images/gallery/catalog/69b3c5352e775_big.jpg|https://kultura-doma.ru/public/src/images/gallery/catalog/69b3c53543e1d_big.jpg
1678,1678,УТ-00007347,,Комплект постельного белья Невеста,https://kultura-doma.ru/product/komplekt-postel-nogo-bel-ya-nevesta,bedding_set,bedroom_layer,,,,,20930,29900,белый,Полуторный (145х200 см),перкаль,,unknown_from_feed,https://kultura-doma.ru/public/src/images/gallery/catalog/6a328c39293bf_big.jpg,https://kultura-doma.ru/public/src/images/gallery/catalog/6a328c39293bf_big.jpg|https://kultura-doma.ru/public/src/images/gallery/catalog/6a328c389ce4b_big.jpg|https://kultura-doma.ru/public/src/images/gallery/catalog/6a328c38e2ab1_big.jpg|https://kultura-doma.ru/public/src/images/gallery/catalog/6a328c383f0b6_big.jpg|https://kultura-doma.ru/public/src/images/gallery/catalog/6a328c396b8c5_big.jpg|https://kultura-doma.ru/public/src/images/gallery/catalog/6a328c3a247c5_big.jpg
1678-2416,1678,УТ-00007350,,Комплект постельного белья Невеста: Кинг-сайз,https://kultura-doma.ru/product/komplekt-postel-nogo-bel-ya-nevesta-size-kingsayz,bedding_set,bedroom_layer,,,,,31430,29900,белый,Кинг-сайз (220х240 см),перкаль,,unknown_from_feed,https://kultura-doma.ru/public/src/images/gallery/catalog/6a328c39293bf_big.jpg,https://kultura-doma.ru/public/src/images/gallery/catalog/6a328c39293bf_big.jpg|https://kultura-doma.ru/public/src/images/gallery/catalog/6a328c389ce4b_big.jpg|https://kultura-doma.ru/public/src/images/gallery/catalog/6a328c38e2ab1_big.jpg|https://kultura-doma.ru/public/src/images/gallery/catalog/6a328c383f0b6_big.jpg|https://kultura-doma.ru/public/src/images/gallery/catalog/6a328c396b8c5_big.jpg|https://kultura-doma.ru/public/src/images/gallery/catalog/6a328c3a247c5_big.jpg
1678-2418,1678,УТ-00007349,,Комплект постельного белья Невеста: Семейный,https://kultura-doma.ru/product/komplekt-postel-nogo-bel-ya-nevesta-size-semeynyy,bedding_set,bedroom_layer,,,,,34930,29900,белый,Семейный (145х200 см х 2 шт),перкаль,,unknown_from_feed,https://kultura-doma.ru/public/src/images/gallery/catalog/6a328c39293bf_big.jpg,https://kultura-doma.ru/public/src/images/gallery/catalog/6a328c39293bf_big.jpg|https://kultura-doma.ru/public/src/images/gallery/catalog/6a328c389ce4b_big.jpg|https://kultura-doma.ru/public/src/images/gallery/catalog/6a328c38e2ab1_big.jpg|https://kultura-doma.ru/public/src/images/gallery/catalog/6a328c383f0b6_big.jpg|https://kultura-doma.ru/public/src/images/gallery/catalog/6a328c396b8c5_big.jpg|https://kultura-doma.ru/public/src/images/gallery/catalog/6a328c3a247c5_big.jpg
1678-2506,1678,УТ-00007348,,Комплект постельного белья Невеста: Евро,https://kultura-doma.ru/product/komplekt-postel-nogo-bel-ya-nevesta-size-evro-2506,bedding_set,bedroom_layer,,,,,27930,29900,белый,Евро (200х220 см),перкаль,,unknown_from_feed,https://kultura-doma.ru/public/src/images/gallery/catalog/6a328c39293bf_big.jpg,https://kultura-doma.ru/public/src/images/gallery/catalog/6a328c39293bf_big.jpg|https://kultura-doma.ru/public/src/images/gallery/catalog/6a328c389ce4b_big.jpg|https://kultura-doma.ru/public/src/images/gallery/catalog/6a328c38e2ab1_big.jpg|https://kultura-doma.ru/public/src/images/gallery/catalog/6a328c383f0b6_big.jpg|https://kultura-doma.ru/public/src/images/gallery/catalog/6a328c396b8c5_big.jpg|https://kultura-doma.ru/public/src/images/gallery/catalog/6a328c3a247c5_big.jpg
1679,1679,УТ-00007351,,Комплект постельного белья Романтика,https://kultura-doma.ru/product/komplekt-postel-nogo-bel-ya-romantika,bedding_set,bedroom_layer,,,,,20930,29900,белый,Полуторный (145х200 см),перкаль,,unknown_from_feed,https://kultura-doma.ru/public/src/images/gallery/catalog/6a328c4a4a0fc_big.jpg,https://kultura-doma.ru/public/src/images/gallery/catalog/6a328c4a4a0fc_big.jpg|https://kultura-doma.ru/public/src/images/gallery/catalog/6a328c49a3983_big.jpg|https://kultura-doma.ru/public/src/images/gallery/catalog/6a328c4a051b0_big.jpg|https://kultura-doma.ru/public/src/images/gallery/catalog/6a328c4a94d4d_big.jpg|https://kultura-doma.ru/public/src/images/gallery/catalog/6a328c4b1e354_big.jpg|https://kultura-doma.ru/public/src/images/gallery/catalog/6a328c4bbe87c_big.jpg
1679-1825,1679,УТ-00007352,,Комплект постельного белья Романтика,https://kultura-doma.ru/product/komplekt-postel-nogo-bel-ya-romantika-size-dvuspal-nyy-evro,bedding_set,bedroom_layer,,,,,27930,29900,белый,,перкаль,,unknown_from_feed,https://kultura-doma.ru/public/src/images/gallery/catalog/6a328c4a4a0fc_big.jpg,https://kultura-doma.ru/public/src/images/gallery/catalog/6a328c4a4a0fc_big.jpg|https://kultura-doma.ru/public/src/images/gallery/catalog/6a328c49a3983_big.jpg|https://kultura-doma.ru/public/src/images/gallery/catalog/6a328c4a051b0_big.jpg|https://kultura-doma.ru/public/src/images/gallery/catalog/6a328c4a94d4d_big.jpg|https://kultura-doma.ru/public/src/images/gallery/catalog/6a328c4b1e354_big.jpg|https://kultura-doma.ru/public/src/images/gallery/catalog/6a328c4bbe87c_big.jpg
1679-1827,1679,УТ-00007354,,Комплект постельного белья Романтика,https://kultura-doma.ru/product/komplekt-postel-nogo-bel-ya-romantika-size-dvuspal-nyy-king-sayz,bedding_set,bedroom_layer,,,,,31430,29900,белый,,перкаль,,unknown_from_feed,https://kultura-doma.ru/public/src/images/gallery/catalog/6a328c4a4a0fc_big.jpg,https://kultura-doma.ru/public/src/images/gallery/catalog/6a328c4a4a0fc_big.jpg|https://kultura-doma.ru/public/src/images/gallery/catalog/6a328c49a3983_big.jpg|https://kultura-doma.ru/public/src/images/gallery/catalog/6a328c4a051b0_big.jpg|https://kultura-doma.ru/public/src/images/gallery/catalog/6a328c4a94d4d_big.jpg|https://kultura-doma.ru/public/src/images/gallery/catalog/6a328c4b1e354_big.jpg|https://kultura-doma.ru/public/src/images/gallery/catalog/6a328c4bbe87c_big.jpg
1679-2415,1679,УТ-00007352,,Комплект постельного белья Романтика,https://kultura-doma.ru/product/komplekt-postel-nogo-bel-ya-romantika-size-evro,bedding_set,bedroom_layer,,,,,27930,29900,белый,,перкаль,,unknown_from_feed,https://kultura-doma.ru/public/src/images/gallery/catalog/6a328c4a4a0fc_big.jpg,https://kultura-doma.ru/public/src/images/gallery/catalog/6a328c4a4a0fc_big.jpg|https://kultura-doma.ru/public/src/images/gallery/catalog/6a328c49a3983_big.jpg|https://kultura-doma.ru/public/src/images/gallery/catalog/6a328c4a051b0_big.jpg|https://kultura-doma.ru/public/src/images/gallery/catalog/6a328c4a94d4d_big.jpg|https://kultura-doma.ru/public/src/images/gallery/catalog/6a328c4b1e354_big.jpg|https://kultura-doma.ru/public/src/images/gallery/catalog/6a328c4bbe87c_big.jpg
1679-2417,1679,УТ-00007354,,Комплект постельного белья Романтика: Кинг-сайз,https://kultura-doma.ru/product/komplekt-postel-nogo-bel-ya-romantika-size-kingsayz,bedding_set,bedroom_layer,,,,,31430,29900,белый,Кинг-сайз (220х240 см),перкаль,,unknown_from_feed,https://kultura-doma.ru/public/src/images/gallery/catalog/6a328c4a4a0fc_big.jpg,https://kultura-doma.ru/public/src/images/gallery/catalog/6a328c4a4a0fc_big.jpg|https://kultura-doma.ru/public/src/images/gallery/catalog/6a328c49a3983_big.jpg|https://kultura-doma.ru/public/src/images/gallery/catalog/6a328c4a051b0_big.jpg|https://kultura-doma.ru/public/src/images/gallery/catalog/6a328c4a94d4d_big.jpg|https://kultura-doma.ru/public/src/images/gallery/catalog/6a328c4b1e354_big.jpg|https://kultura-doma.ru/public/src/images/gallery/catalog/6a328c4bbe87c_big.jpg
1679-2419,1679,УТ-00007353,,Комплект постельного белья Романтика: Семейный,https://kultura-doma.ru/product/komplekt-postel-nogo-bel-ya-romantika-size-semeynyy,bedding_set,bedroom_layer,,,,,34930,29900,белый,Семейный (145х200 см х 2 шт),перкаль,,unknown_from_feed,https://kultura-doma.ru/public/src/images/gallery/catalog/6a328c4a4a0fc_big.jpg,https://kultura-doma.ru/public/src/images/gallery/catalog/6a328c4a4a0fc_big.jpg|https://kultura-doma.ru/public/src/images/gallery/catalog/6a328c49a3983_big.jpg|https://kultura-doma.ru/public/src/images/gallery/catalog/6a328c4a051b0_big.jpg|https://kultura-doma.ru/public/src/images/gallery/catalog/6a328c4a94d4d_big.jpg|https://kultura-doma.ru/public/src/images/gallery/catalog/6a328c4b1e354_big.jpg|https://kultura-doma.ru/public/src/images/gallery/catalog/6a328c4bbe87c_big.jpg
1679-2507,1679,УТ-00007352,,Комплект постельного белья Романтика: Евро,https://kultura-doma.ru/product/komplekt-postel-nogo-bel-ya-romantika-size-evro-2507,bedding_set,bedroom_layer,,,,,27930,29900,белый,Евро (200х220 см),перкаль,,unknown_from_feed,https://kultura-doma.ru/public/src/images/gallery/catalog/6a328c4a4a0fc_big.jpg,https://kultura-doma.ru/public/src/images/gallery/catalog/6a328c4a4a0fc_big.jpg|https://kultura-doma.ru/public/src/images/gallery/catalog/6a328c49a3983_big.jpg|https://kultura-doma.ru/public/src/images/gallery/catalog/6a328c4a051b0_big.jpg|https://kultura-doma.ru/public/src/images/gallery/catalog/6a328c4a94d4d_big.jpg|https://kultura-doma.ru/public/src/images/gallery/catalog/6a328c4b1e354_big.jpg|https://kultura-doma.ru/public/src/images/gallery/catalog/6a328c4bbe87c_big.jpg
1684,1684,УТ-00011096,Обереги,Комплект постельного белья Обереги,https://kultura-doma.ru/product/komplekt-postel-nogo-bel-ya-oberegi,bedding_set,bedroom_layer,textile_base,table|bedroom,milk|blue,quiet|delicate|protective,20900,,синий,Полуторный (145х200 см),тенсель,,unknown_from_feed,https://kultura-doma.ru/public/src/images/gallery/catalog/6a34f7959c901_big.jpg,https://kultura-doma.ru/public/src/images/gallery/catalog/6a34f7959c901_big.jpg|https://kultura-doma.ru/public/src/images/gallery/catalog/6a34f799c3bc3_big.jpg|https://kultura-doma.ru/public/src/images/gallery/catalog/6a34f79a31280_big.jpg|https://kultura-doma.ru/public/src/images/gallery/catalog/6a34f79787a27_big.jpg|https://kultura-doma.ru/public/src/images/gallery/catalog/6a34f795e6391_big.jpg|https://kultura-doma.ru/public/src/images/gallery/catalog/6a34f7969f259_big.jpg|https://kultura-doma.ru/public/src/images/gallery/catalog/6a34f79720cb3_big.jpg|https://kultura-doma.ru/public/src/images/gallery/catalog/6a34f79842bed_big.jpg|https://kultura-doma.ru/public/src/images/gallery/catalog/6a34f7991d132_big.jpg|https://kultura-doma.ru/public/src/images/gallery/catalog/6a34f797ddced_big.jpg
1684-2433,1684,УТ-00011096,Обереги,Комплект постельного белья Обереги: Кинг-сайз,https://kultura-doma.ru/product/komplekt-postel-nogo-bel-ya-oberegi-size-kingsayz,bedding_set,bedroom_layer,textile_base,table|bedroom,milk|blue,quiet|delicate|protective,28900,,синий,Кинг-сайз (220х240 см),тенсель,,unknown_from_feed,https://kultura-doma.ru/public/src/images/gallery/catalog/6a34f7959c901_big.jpg,https://kultura-doma.ru/public/src/images/gallery/catalog/6a34f7959c901_big.jpg|https://kultura-doma.ru/public/src/images/gallery/catalog/6a34f799c3bc3_big.jpg|https://kultura-doma.ru/public/src/images/gallery/catalog/6a34f79a31280_big.jpg|https://kultura-doma.ru/public/src/images/gallery/catalog/6a34f79787a27_big.jpg|https://kultura-doma.ru/public/src/images/gallery/catalog/6a34f795e6391_big.jpg|https://kultura-doma.ru/public/src/images/gallery/catalog/6a34f7969f259_big.jpg|https://kultura-doma.ru/public/src/images/gallery/catalog/6a34f79720cb3_big.jpg|https://kultura-doma.ru/public/src/images/gallery/catalog/6a34f79842bed_big.jpg|https://kultura-doma.ru/public/src/images/gallery/catalog/6a34f7991d132_big.jpg|https://kultura-doma.ru/public/src/images/gallery/catalog/6a34f797ddced_big.jpg
1684-2434,1684,УТ-00011097,Обереги,Комплект постельного белья Обереги: Семейный,https://kultura-doma.ru/product/komplekt-postel-nogo-bel-ya-oberegi-size-semeynyy,bedding_set,bedroom_layer,textile_base,table|bedroom,milk|blue,quiet|delicate|protective,31900,,синий,Семейный (145х200 см х 2 шт),тенсель,,unknown_from_feed,https://kultura-doma.ru/public/src/images/gallery/catalog/6a34f7959c901_big.jpg,https://kultura-doma.ru/public/src/images/gallery/catalog/6a34f7959c901_big.jpg|https://kultura-doma.ru/public/src/images/gallery/catalog/6a34f799c3bc3_big.jpg|https://kultura-doma.ru/public/src/images/gallery/catalog/6a34f79a31280_big.jpg|https://kultura-doma.ru/public/src/images/gallery/catalog/6a34f79787a27_big.jpg|https://kultura-doma.ru/public/src/images/gallery/catalog/6a34f795e6391_big.jpg|https://kultura-doma.ru/public/src/images/gallery/catalog/6a34f7969f259_big.jpg|https://kultura-doma.ru/public/src/images/gallery/catalog/6a34f79720cb3_big.jpg|https://kultura-doma.ru/public/src/images/gallery/catalog/6a34f79842bed_big.jpg|https://kultura-doma.ru/public/src/images/gallery/catalog/6a34f7991d132_big.jpg|https://kultura-doma.ru/public/src/images/gallery/catalog/6a34f797ddced_big.jpg
1684-2508,1684,УТ-00011095,Обереги,Комплект постельного белья Обереги: Евро,https://kultura-doma.ru/product/komplekt-postel-nogo-bel-ya-oberegi-size-evro-2508,bedding_set,bedroom_layer,textile_base,table|bedroom,milk|blue,quiet|delicate|protective,25900,,синий,Евро (200х220 см),тенсель,,unknown_from_feed,https://kultura-doma.ru/public/src/images/gallery/catalog/6a34f7959c901_big.jpg,https://kultura-doma.ru/public/src/images/gallery/catalog/6a34f7959c901_big.jpg|https://kultura-doma.ru/public/src/images/gallery/catalog/6a34f799c3bc3_big.jpg|https://kultura-doma.ru/public/src/images/gallery/catalog/6a34f79a31280_big.jpg|https://kultura-doma.ru/public/src/images/gallery/catalog/6a34f79787a27_big.jpg|https://kultura-doma.ru/public/src/images/gallery/catalog/6a34f795e6391_big.jpg|https://kultura-doma.ru/public/src/images/gallery/catalog/6a34f7969f259_big.jpg|https://kultura-doma.ru/public/src/images/gallery/catalog/6a34f79720cb3_big.jpg|https://kultura-doma.ru/public/src/images/gallery/catalog/6a34f79842bed_big.jpg|https://kultura-doma.ru/public/src/images/gallery/catalog/6a34f7991d132_big.jpg|https://kultura-doma.ru/public/src/images/gallery/catalog/6a34f797ddced_big.jpg
1685,1685,УТ-00011198,,Комплект постельного белья Знаки Зодиака,https://kultura-doma.ru/product/komplekt-postel-nogo-bel-ya-znaki-zodiaka,bedding_set,bedroom_layer,,,,,20900,,бежевый,Полуторный (145х200 см),тенсель,,unknown_from_feed,https://kultura-doma.ru/public/src/images/gallery/catalog/6a328c8745fec_big.jpg,https://kultura-doma.ru/public/src/images/gallery/catalog/6a328c8745fec_big.jpg|https://kultura-doma.ru/public/src/images/gallery/catalog/6a328c888a9d6_big.jpg|https://kultura-doma.ru/public/src/images/gallery/catalog/6a328c877d389_big.jpg|https://kultura-doma.ru/public/src/images/gallery/catalog/6a328c88c6257_big.jpg|https://kultura-doma.ru/public/src/images/gallery/catalog/6a328c87be5bf_big.jpg|https://kultura-doma.ru/public/src/images/gallery/catalog/6a328c8809c67_big.jpg|https://kultura-doma.ru/public/src/images/gallery/catalog/6a328c884a836_big.jpg
1685-2469,1685,УТ-00011197,,Комплект постельного белья Знаки Зодиака: Кинг-сайз,https://kultura-doma.ru/product/komplekt-postel-nogo-bel-ya-znaki-zodiaka-size-kingsayz,bedding_set,bedroom_layer,,,,,28900,,бежевый,Кинг-сайз (220х240 см),тенсель,,unknown_from_feed,https://kultura-doma.ru/public/src/images/gallery/catalog/6a328c8745fec_big.jpg,https://kultura-doma.ru/public/src/images/gallery/catalog/6a328c8745fec_big.jpg|https://kultura-doma.ru/public/src/images/gallery/catalog/6a328c888a9d6_big.jpg|https://kultura-doma.ru/public/src/images/gallery/catalog/6a328c877d389_big.jpg|https://kultura-doma.ru/public/src/images/gallery/catalog/6a328c88c6257_big.jpg|https://kultura-doma.ru/public/src/images/gallery/catalog/6a328c87be5bf_big.jpg|https://kultura-doma.ru/public/src/images/gallery/catalog/6a328c8809c67_big.jpg|https://kultura-doma.ru/public/src/images/gallery/catalog/6a328c884a836_big.jpg
1685-2470,1685,УТ-00011198,,Комплект постельного белья Знаки Зодиака: Семейный,https://kultura-doma.ru/product/komplekt-postel-nogo-bel-ya-znaki-zodiaka-size-semeynyy,bedding_set,bedroom_layer,,,,,31900,,бежевый,Семейный (145х200 см х 2 шт),тенсель,,unknown_from_feed,https://kultura-doma.ru/public/src/images/gallery/catalog/6a328c8745fec_big.jpg,https://kultura-doma.ru/public/src/images/gallery/catalog/6a328c8745fec_big.jpg|https://kultura-doma.ru/public/src/images/gallery/catalog/6a328c888a9d6_big.jpg|https://kultura-doma.ru/public/src/images/gallery/catalog/6a328c877d389_big.jpg|https://kultura-doma.ru/public/src/images/gallery/catalog/6a328c88c6257_big.jpg|https://kultura-doma.ru/public/src/images/gallery/catalog/6a328c87be5bf_big.jpg|https://kultura-doma.ru/public/src/images/gallery/catalog/6a328c8809c67_big.jpg|https://kultura-doma.ru/public/src/images/gallery/catalog/6a328c884a836_big.jpg
1685-2509,1685,УТ-00011196,,Комплект постельного белья Знаки Зодиака: Евро,https://kultura-doma.ru/product/komplekt-postel-nogo-bel-ya-znaki-zodiaka-size-evro-2509,bedding_set,bedroom_layer,,,,,25900,,бежевый,Евро (200х220 см),тенсель,,unknown_from_feed,https://kultura-doma.ru/public/src/images/gallery/catalog/6a328c8745fec_big.jpg,https://kultura-doma.ru/public/src/images/gallery/catalog/6a328c8745fec_big.jpg|https://kultura-doma.ru/public/src/images/gallery/catalog/6a328c888a9d6_big.jpg|https://kultura-doma.ru/public/src/images/gallery/catalog/6a328c877d389_big.jpg|https://kultura-doma.ru/public/src/images/gallery/catalog/6a328c88c6257_big.jpg|https://kultura-doma.ru/public/src/images/gallery/catalog/6a328c87be5bf_big.jpg|https://kultura-doma.ru/public/src/images/gallery/catalog/6a328c8809c67_big.jpg|https://kultura-doma.ru/public/src/images/gallery/catalog/6a328c884a836_big.jpg
350,350,УТ-00007597,,Корзина Уют,https://kultura-doma.ru/product/korzina-uyut-350,other,other,,,,,8200,,бежевый,27х18х12 см,хлопковый шнур,,unknown_from_feed,https://kultura-doma.ru/public/src/images/gallery/catalog/69e0ce3281d9b_big.jpg,https://kultura-doma.ru/public/src/images/gallery/catalog/69e0ce3281d9b_big.jpg|https://kultura-doma.ru/public/src/images/gallery/catalog/69e0ce2fb1d78_big.jpg|https://kultura-doma.ru/public/src/images/gallery/catalog/69e0ce32c070c_big.jpg|https://kultura-doma.ru/public/src/images/gallery/catalog/69e0ce33854bf_big.jpg|https://kultura-doma.ru/public/src/images/gallery/catalog/69e0ce33e6891_big.jpg|https://kultura-doma.ru/public/src/images/gallery/catalog/69e0ce312ed09_big.jpg|https://kultura-doma.ru/public/src/images/gallery/catalog/69e0ce30d9ba5_big.jpg
350-1023,350,УТ-00007596,,Корзина Уют: 30х20х12 см,https://kultura-doma.ru/product/korzina-uyut-350-size-30h20h12-sm,other,other,,,,,8600,,бежевый,30х20х12 см,хлопковый шнур,,unknown_from_feed,https://kultura-doma.ru/public/src/images/gallery/catalog/69e0ce3281d9b_big.jpg,https://kultura-doma.ru/public/src/images/gallery/catalog/69e0ce3281d9b_big.jpg|https://kultura-doma.ru/public/src/images/gallery/catalog/69e0ce2fb1d78_big.jpg|https://kultura-doma.ru/public/src/images/gallery/catalog/69e0ce32c070c_big.jpg|https://kultura-doma.ru/public/src/images/gallery/catalog/69e0ce33854bf_big.jpg|https://kultura-doma.ru/public/src/images/gallery/catalog/69e0ce33e6891_big.jpg|https://kultura-doma.ru/public/src/images/gallery/catalog/69e0ce312ed09_big.jpg|https://kultura-doma.ru/public/src/images/gallery/catalog/69e0ce30d9ba5_big.jpg
560,560,УТ-00008981,,Плейсмат Пасхальная,https://kultura-doma.ru/product/salfetka-kruzhevo-560,placemat,table_textile,,,,,990,,белый,⌀45,хлопок,,unknown_from_feed,https://kultura-doma.ru/public/src/images/gallery/catalog/6a6094c469ba9_big.jpg,https://kultura-doma.ru/public/src/images/gallery/catalog/6a6094c469ba9_big.jpg|https://kultura-doma.ru/public/src/images/gallery/catalog/6a6094c509ca7_big.jpg|https://kultura-doma.ru/public/src/images/gallery/catalog/6a6094c4ce380_big.jpg|https://kultura-doma.ru/public/src/images/gallery/catalog/6a6094c54af9b_big.jpg|https://kultura-doma.ru/public/src/images/gallery/catalog/6a6094c5878be_big.jpg
1109,1109,УТ-00007599,,Корзина Уют,https://kultura-doma.ru/product/korzina-uyut-1109,other,other,,,,,8200,,,27х18х12 см,хлопковый шнур,,unknown_from_feed,https://kultura-doma.ru/public/src/images/gallery/catalog/69e0d07c458a9_big.jpg,https://kultura-doma.ru/public/src/images/gallery/catalog/69e0d07c458a9_big.jpg|https://kultura-doma.ru/public/src/images/gallery/catalog/69e0d07c000f1_big.jpg|https://kultura-doma.ru/public/src/images/gallery/catalog/69e0d07c84c53_big.jpg|https://kultura-doma.ru/public/src/images/gallery/catalog/69e0d07cc5131_big.jpg|https://kultura-doma.ru/public/src/images/gallery/catalog/69e0d07d1c7f0_big.jpg|https://kultura-doma.ru/public/src/images/gallery/catalog/69e0d07d6ca00_big.jpg
1109-1025,1109,УТ-00007598,,Корзина Уют: 30х20х12 см,https://kultura-doma.ru/product/korzina-uyut-1109-size-30h20h12-sm,other,other,,,,,8600,,,30х20х12 см,хлопковый шнур,,unknown_from_feed,https://kultura-doma.ru/public/src/images/gallery/catalog/69e0d07c458a9_big.jpg,https://kultura-doma.ru/public/src/images/gallery/catalog/69e0d07c458a9_big.jpg|https://kultura-doma.ru/public/src/images/gallery/catalog/69e0d07c000f1_big.jpg|https://kultura-doma.ru/public/src/images/gallery/catalog/69e0d07c84c53_big.jpg|https://kultura-doma.ru/public/src/images/gallery/catalog/69e0d07cc5131_big.jpg|https://kultura-doma.ru/public/src/images/gallery/catalog/69e0d07d1c7f0_big.jpg|https://kultura-doma.ru/public/src/images/gallery/catalog/69e0d07d6ca00_big.jpg
1110,1110,УТ-00007600,,Корзина Уют,https://kultura-doma.ru/product/korzina-uyut-1110,other,other,,,,,8200,,черный,27х18х12 см,хлопковый шнур,,unknown_from_feed,https://kultura-doma.ru/public/src/images/gallery/catalog/68920dd08ca17_big.jpg,https://kultura-doma.ru/public/src/images/gallery/catalog/68920dd08ca17_big.jpg|https://kultura-doma.ru/public/src/images/gallery/catalog/68920dd043983_big.jpg|https://kultura-doma.ru/public/src/images/gallery/catalog/68920dd0d81dc_big.jpg|https://kultura-doma.ru/public/src/images/gallery/catalog/68920dd12f105_big.jpg
1110-1026,1110,УТ-00007600,,Корзина Уют: 30х20х12 см,https://kultura-doma.ru/product/korzina-uyut-1110-size-30h20h12-sm,other,other,,,,,8600,,черный,30х20х12 см,хлопковый шнур,,unknown_from_feed,https://kultura-doma.ru/public/src/images/gallery/catalog/68920dd08ca17_big.jpg,https://kultura-doma.ru/public/src/images/gallery/catalog/68920dd08ca17_big.jpg|https://kultura-doma.ru/public/src/images/gallery/catalog/68920dd043983_big.jpg|https://kultura-doma.ru/public/src/images/gallery/catalog/68920dd0d81dc_big.jpg|https://kultura-doma.ru/public/src/images/gallery/catalog/68920dd12f105_big.jpg
1115,1115,УТ-00007613,,Корзина Уют,https://kultura-doma.ru/product/korzina-uyut-1115,other,other,,,,,3900,,черный,17х17х9 см,хлопковый шнур,,unknown_from_feed,https://kultura-doma.ru/public/src/images/gallery/catalog/68920db747606_big.jpg,https://kultura-doma.ru/public/src/images/gallery/catalog/68920db747606_big.jpg|https://kultura-doma.ru/public/src/images/gallery/catalog/68920db6ee077_big.jpg|https://kultura-doma.ru/public/src/images/gallery/catalog/68920db7a45d0_big.jpg|https://kultura-doma.ru/public/src/images/gallery/catalog/68920db808b38_big.jpg|https://kultura-doma.ru/public/src/images/gallery/catalog/68920db85a6ff_big.jpg
1115-1039,1115,УТ-00007611,,Корзина Уют: 22х22х10 см,https://kultura-doma.ru/product/korzina-uyut-1115-size-22h22h10-sm,other,other,,,,,5200,,черный,22х22х10 см,хлопковый шнур,,unknown_from_feed,https://kultura-doma.ru/public/src/images/gallery/catalog/68920db747606_big.jpg,https://kultura-doma.ru/public/src/images/gallery/catalog/68920db747606_big.jpg|https://kultura-doma.ru/public/src/images/gallery/catalog/68920db6ee077_big.jpg|https://kultura-doma.ru/public/src/images/gallery/catalog/68920db7a45d0_big.jpg|https://kultura-doma.ru/public/src/images/gallery/catalog/68920db808b38_big.jpg|https://kultura-doma.ru/public/src/images/gallery/catalog/68920db85a6ff_big.jpg
1115-1041,1115,УТ-00007609,,Корзина Уют: 25х25х17 см,https://kultura-doma.ru/product/korzina-uyut-1115-size-25h25h17-sm,other,other,,,,,6800,,черный,25х25х17 см,хлопковый шнур,,unknown_from_feed,https://kultura-doma.ru/public/src/images/gallery/catalog/68920db747606_big.jpg,https://kultura-doma.ru/public/src/images/gallery/catalog/68920db747606_big.jpg|https://kultura-doma.ru/public/src/images/gallery/catalog/68920db6ee077_big.jpg|https://kultura-doma.ru/public/src/images/gallery/catalog/68920db7a45d0_big.jpg|https://kultura-doma.ru/public/src/images/gallery/catalog/68920db808b38_big.jpg|https://kultura-doma.ru/public/src/images/gallery/catalog/68920db85a6ff_big.jpg
1116,1116,УТ-00007612,,Корзина Уют,https://kultura-doma.ru/product/korzina-uyut-1116,other,other,,,,,3900,,бежевый,17х17х9 см,хлопковый шнур,,unknown_from_feed,https://kultura-doma.ru/public/src/images/gallery/catalog/68920dbf480b0_big.jpg,https://kultura-doma.ru/public/src/images/gallery/catalog/68920dbf480b0_big.jpg|https://kultura-doma.ru/public/src/images/gallery/catalog/68920dbb5889f_big.jpg|https://kultura-doma.ru/public/src/images/gallery/catalog/68920dbf91849_big.jpg|https://kultura-doma.ru/public/src/images/gallery/catalog/68920dbeea859_big.jpg|https://kultura-doma.ru/public/src/images/gallery/catalog/68920dbe9d1ff_big.jpg|https://kultura-doma.ru/public/src/images/gallery/catalog/68920dbe16ac7_big.jpg|https://kultura-doma.ru/public/src/images/gallery/catalog/68920dbcc25ec_big.jpg
1116-1040,1116,УТ-00007610,,Корзина Уют: 22х22х10 см,https://kultura-doma.ru/product/korzina-uyut-1116-size-22h22h10-sm,other,other,,,,,5200,,бежевый,22х22х10 см,хлопковый шнур,,unknown_from_feed,https://kultura-doma.ru/public/src/images/gallery/catalog/68920dbf480b0_big.jpg,https://kultura-doma.ru/public/src/images/gallery/catalog/68920dbf480b0_big.jpg|https://kultura-doma.ru/public/src/images/gallery/catalog/68920dbb5889f_big.jpg|https://kultura-doma.ru/public/src/images/gallery/catalog/68920dbf91849_big.jpg|https://kultura-doma.ru/public/src/images/gallery/catalog/68920dbeea859_big.jpg|https://kultura-doma.ru/public/src/images/gallery/catalog/68920dbe9d1ff_big.jpg|https://kultura-doma.ru/public/src/images/gallery/catalog/68920dbe16ac7_big.jpg|https://kultura-doma.ru/public/src/images/gallery/catalog/68920dbcc25ec_big.jpg
1116-1042,1116,УТ-00007608,,Корзина Уют: 25х25х17 см,https://kultura-doma.ru/product/korzina-uyut-1116-size-25h25h17-sm,other,other,,,,,6800,,бежевый,25х25х17 см,хлопковый шнур,,unknown_from_feed,https://kultura-doma.ru/public/src/images/gallery/catalog/68920dbf480b0_big.jpg,https://kultura-doma.ru/public/src/images/gallery/catalog/68920dbf480b0_big.jpg|https://kultura-doma.ru/public/src/images/gallery/catalog/68920dbb5889f_big.jpg|https://kultura-doma.ru/public/src/images/gallery/catalog/68920dbf91849_big.jpg|https://kultura-doma.ru/public/src/images/gallery/catalog/68920dbeea859_big.jpg|https://kultura-doma.ru/public/src/images/gallery/catalog/68920dbe9d1ff_big.jpg|https://kultura-doma.ru/public/src/images/gallery/catalog/68920dbe16ac7_big.jpg|https://kultura-doma.ru/public/src/images/gallery/catalog/68920dbcc25ec_big.jpg
345,345,УТ-00007592,,Корзина для белья Уют,https://kultura-doma.ru/product/korzina-dlya-bel-ya-uyut,other,other,,,,,16500,,бежевый,30х30х30 см,хлопковый шнур,,unknown_from_feed,https://kultura-doma.ru/public/src/images/gallery/catalog/68920db42ab4e_big.jpg,https://kultura-doma.ru/public/src/images/gallery/catalog/68920db42ab4e_big.jpg|https://kultura-doma.ru/public/src/images/gallery/catalog/68920db3e0e5a_big.jpg|https://kultura-doma.ru/public/src/images/gallery/catalog/68920db31fd2f_big.jpg|https://kultura-doma.ru/public/src/images/gallery/catalog/68920db466b1f_big.jpg|https://kultura-doma.ru/public/src/images/gallery/catalog/68920db4a7c7f_big.jpg|https://kultura-doma.ru/public/src/images/gallery/catalog/68920db4ebd8d_big.jpg|https://kultura-doma.ru/public/src/images/gallery/catalog/68920db2687a6_big.jpg|https://kultura-doma.ru/public/src/images/gallery/catalog/68920db29ebea_big.jpg|https://kultura-doma.ru/public/src/images/gallery/catalog/68920db2d56e3_big.jpg|https://kultura-doma.ru/public/src/images/gallery/catalog/68920db3a2526_big.jpg
1112,1112,УТ-00007605,,Корзина Уют,https://kultura-doma.ru/product/korzina-uyut-1112,other,other,,,,,4200,,серый,24х16х10 см,хлопковый шнур,,unknown_from_feed,https://kultura-doma.ru/public/src/images/gallery/catalog/68920ddc0e6b9_big.jpg,https://kultura-doma.ru/public/src/images/gallery/catalog/68920ddc0e6b9_big.jpg|https://kultura-doma.ru/public/src/images/gallery/catalog/68920ddc49466_big.jpg|https://kultura-doma.ru/public/src/images/gallery/catalog/68920ddc876b4_big.jpg
1112-1031,1112,УТ-00007605,,Корзина Уют: 30х20х10 см,https://kultura-doma.ru/product/korzina-uyut-1112-size-30h20h10-sm,other,other,,,,,4900,,серый,30х20х10 см,хлопковый шнур,,unknown_from_feed,https://kultura-doma.ru/public/src/images/gallery/catalog/68920ddc0e6b9_big.jpg,https://kultura-doma.ru/public/src/images/gallery/catalog/68920ddc0e6b9_big.jpg|https://kultura-doma.ru/public/src/images/gallery/catalog/68920ddc49466_big.jpg|https://kultura-doma.ru/public/src/images/gallery/catalog/68920ddc876b4_big.jpg
1112-1032,1112,УТ-00007606,,Корзина Уют: 27х18х10 см,https://kultura-doma.ru/product/korzina-uyut-1112-size-27h18h10-sm,other,other,,,,,4600,,серый,27х18х10 см,хлопковый шнур,,unknown_from_feed,https://kultura-doma.ru/public/src/images/gallery/catalog/68920ddc0e6b9_big.jpg,https://kultura-doma.ru/public/src/images/gallery/catalog/68920ddc0e6b9_big.jpg|https://kultura-doma.ru/public/src/images/gallery/catalog/68920ddc49466_big.jpg|https://kultura-doma.ru/public/src/images/gallery/catalog/68920ddc876b4_big.jpg
1111,1111,УТ-00007602,,Корзина Уют,https://kultura-doma.ru/product/korzina-uyut-1111,other,other,,,,,4200,,черный,24х16х10 см,хлопковый шнур,,unknown_from_feed,https://kultura-doma.ru/public/src/images/gallery/catalog/68920dd71d191_big.jpg,https://kultura-doma.ru/public/src/images/gallery/catalog/68920dd71d191_big.jpg|https://kultura-doma.ru/public/src/images/gallery/catalog/68920dd6a1e91_big.jpg|https://kultura-doma.ru/public/src/images/gallery/catalog/68920dd6d7d01_big.jpg|https://kultura-doma.ru/public/src/images/gallery/catalog/68920dd758354_big.jpg|https://kultura-doma.ru/public/src/images/gallery/catalog/68920dd7ae5c7_big.jpg|https://kultura-doma.ru/public/src/images/gallery/catalog/68920dd84f963_big.jpg
1111-1028,1111,УТ-00007602,,Корзина Уют: 30х20х10 см,https://kultura-doma.ru/product/korzina-uyut-1111-size-30h20h10-sm,other,other,,,,,4900,,черный,30х20х10 см,хлопковый шнур,,unknown_from_feed,https://kultura-doma.ru/public/src/images/gallery/catalog/68920dd71d191_big.jpg,https://kultura-doma.ru/public/src/images/gallery/catalog/68920dd71d191_big.jpg|https://kultura-doma.ru/public/src/images/gallery/catalog/68920dd6a1e91_big.jpg|https://kultura-doma.ru/public/src/images/gallery/catalog/68920dd6d7d01_big.jpg|https://kultura-doma.ru/public/src/images/gallery/catalog/68920dd758354_big.jpg|https://kultura-doma.ru/public/src/images/gallery/catalog/68920dd7ae5c7_big.jpg|https://kultura-doma.ru/public/src/images/gallery/catalog/68920dd84f963_big.jpg
1111-1030,1111,УТ-00007603,,Корзина Уют: 27х18х10 см,https://kultura-doma.ru/product/korzina-uyut-1111-size-27h18h10-sm,other,other,,,,,4600,,черный,27х18х10 см,хлопковый шнур,,unknown_from_feed,https://kultura-doma.ru/public/src/images/gallery/catalog/68920dd71d191_big.jpg,https://kultura-doma.ru/public/src/images/gallery/catalog/68920dd71d191_big.jpg|https://kultura-doma.ru/public/src/images/gallery/catalog/68920dd6a1e91_big.jpg|https://kultura-doma.ru/public/src/images/gallery/catalog/68920dd6d7d01_big.jpg|https://kultura-doma.ru/public/src/images/gallery/catalog/68920dd758354_big.jpg|https://kultura-doma.ru/public/src/images/gallery/catalog/68920dd7ae5c7_big.jpg|https://kultura-doma.ru/public/src/images/gallery/catalog/68920dd84f963_big.jpg
346,346,УТ-00007593,,Корзина для белья Уют,https://kultura-doma.ru/product/korzina-dlya-bel-ya-uyut-346,other,other,,,,,19200,,серый,35х35х35 см,хлопковый шнур,,unknown_from_feed,https://kultura-doma.ru/public/src/images/gallery/catalog/68920daf1e65b_big.jpg,https://kultura-doma.ru/public/src/images/gallery/catalog/68920daf1e65b_big.jpg|https://kultura-doma.ru/public/src/images/gallery/catalog/68920dad6ee62_big.jpg|https://kultura-doma.ru/public/src/images/gallery/catalog/68920dae38aa4_big.jpg|https://kultura-doma.ru/public/src/images/gallery/catalog/68920daed1c74_big.jpg|https://kultura-doma.ru/public/src/images/gallery/catalog/68920daf63280_big.jpg|https://kultura-doma.ru/public/src/images/gallery/catalog/68920daf9f5b9_big.jpg|https://kultura-doma.ru/public/src/images/gallery/catalog/68920dae90155_big.jpg
449,449,УТ-00008125,,Плед Черника,https://kultura-doma.ru/product/pled-chernika,throw,bedroom_layer,,,,,9793,13990,,160х200 см,хлопковый ажур,,unknown_from_feed,https://kultura-doma.ru/public/src/images/gallery/catalog/6a30120789f95_big.jpg,https://kultura-doma.ru/public/src/images/gallery/catalog/6a30120789f95_big.jpg|https://kultura-doma.ru/public/src/images/gallery/catalog/6a3012087c6fc_big.jpg|https://kultura-doma.ru/public/src/images/gallery/catalog/6a301207c8057_big.jpg|https://kultura-doma.ru/public/src/images/gallery/catalog/6a3012081d895_big.jpg|https://kultura-doma.ru/public/src/images/gallery/catalog/6a3012065beed_big.jpg|https://kultura-doma.ru/public/src/images/gallery/catalog/6a301206a6356_big.jpg|https://kultura-doma.ru/public/src/images/gallery/catalog/6a301206edacf_big.jpg|https://kultura-doma.ru/public/src/images/gallery/catalog/6a30120741066_big.jpg
450,450,УТ-00008126,,Плед Лилия,https://kultura-doma.ru/product/pled-liliya,throw,bedroom_layer,,,,,7630,10900,,160х200 см,хлопковый ажур,,unknown_from_feed,https://kultura-doma.ru/public/src/images/gallery/catalog/6a3011f8e8399_big.jpg,https://kultura-doma.ru/public/src/images/gallery/catalog/6a3011f8e8399_big.jpg|https://kultura-doma.ru/public/src/images/gallery/catalog/687126b139a75_big.jpg|https://kultura-doma.ru/public/src/images/gallery/catalog/6a3011f8863db_big.jpg
451,451,УТ-00008127,,Плед Калейдоскоп,https://kultura-doma.ru/product/pled-kaleydoskop,throw,bedroom_layer,,,,,9793,13990,,160х200 см,"55% хлопок, 45% полиэстр",,unknown_from_feed,https://kultura-doma.ru/public/src/images/gallery/catalog/6a5f6dbda0119_big.jpg,https://kultura-doma.ru/public/src/images/gallery/catalog/6a5f6dbda0119_big.jpg|https://kultura-doma.ru/public/src/images/gallery/catalog/687124595d80d_big.jpg|https://kultura-doma.ru/public/src/images/gallery/catalog/6a5f6dbddd7b7_big.jpg
452,452,УТ-00009780,,Плед Ажур,https://kultura-doma.ru/product/pled-azhur,throw,bedroom_layer,,,,,10493,14990,айвори,170х220 см,хлопок,,unknown_from_feed,https://kultura-doma.ru/public/src/images/gallery/catalog/6871228f8a9ac_big.jpg,https://kultura-doma.ru/public/src/images/gallery/catalog/6871228f8a9ac_big.jpg|https://kultura-doma.ru/public/src/images/gallery/catalog/6a55ea0c04a40_big.jpg|https://kultura-doma.ru/public/src/images/gallery/catalog/6a55ea0de819d_big.jpg|https://kultura-doma.ru/public/src/images/gallery/catalog/6a55ea0b652a3_big.jpg
453,453,УТ-00009781,,Плед Ажур,https://kultura-doma.ru/product/pled-azhur-453,throw,bedroom_layer,,,,,10493,14990,голубой,170х220 см,хлопок,,unknown_from_feed,https://kultura-doma.ru/public/src/images/gallery/catalog/68711eaf0c22a_big.jpg,https://kultura-doma.ru/public/src/images/gallery/catalog/68711eaf0c22a_big.jpg|https://kultura-doma.ru/public/src/images/gallery/catalog/6a55e9b0bc9c3_big.jpg|https://kultura-doma.ru/public/src/images/gallery/catalog/6a55e9b14fffc_big.jpg
454,454,УТ-00009782,,Плед Ажур,https://kultura-doma.ru/product/pled-azhur-454,throw,bedroom_layer,,,,,10493,14990,бежевый,170х220 см,хлопок,,unknown_from_feed,https://kultura-doma.ru/public/src/images/gallery/catalog/6a55e93430b73_big.jpg,https://kultura-doma.ru/public/src/images/gallery/catalog/6a55e93430b73_big.jpg|https://kultura-doma.ru/public/src/images/gallery/catalog/6a55e93470e5a_big.jpg|https://kultura-doma.ru/public/src/images/gallery/catalog/6a55e933d9c97_big.jpg|https://kultura-doma.ru/public/src/images/gallery/catalog/6a55e934b2b88_big.jpg|https://kultura-doma.ru/public/src/images/gallery/catalog/6a55e934ef42e_big.jpg
455,455,УТ-00009783,,Плед Соты,https://kultura-doma.ru/product/pled-soty,throw,bedroom_layer,,,,,11193,15990,молочный,160х220 см,хлопок,,unknown_from_feed,https://kultura-doma.ru/public/src/images/gallery/catalog/68760bf684027_big.jpg,https://kultura-doma.ru/public/src/images/gallery/catalog/68760bf684027_big.jpg|https://kultura-doma.ru/public/src/images/gallery/catalog/686fbbaf0396c_big.jpg|https://kultura-doma.ru/public/src/images/gallery/catalog/6a3011f437219_big.jpg
456,456,УТ-00009784,,Плед Соты,https://kultura-doma.ru/product/pled-soty-456,throw,bedroom_layer,,,,,11193,15990,голубой,160х220 см,хлопок,,unknown_from_feed,https://kultura-doma.ru/public/src/images/gallery/catalog/6a3011f1165c8_big.jpg,https://kultura-doma.ru/public/src/images/gallery/catalog/6a3011f1165c8_big.jpg|https://kultura-doma.ru/public/src/images/gallery/catalog/686fbad83d220_big.jpg|https://kultura-doma.ru/public/src/images/gallery/catalog/6a3011f165b1c_big.jpg
1312,1312,УТ-00010793,,Настольная игра 4 в ряд,https://kultura-doma.ru/product/igra-chetyre-v-ryad,other,other,,,,,69930,99900,коричневый,10х44х30 см,орех,,unknown_from_feed,https://kultura-doma.ru/public/src/images/gallery/catalog/6a58e8db19a88_big.jpg,https://kultura-doma.ru/public/src/images/gallery/catalog/6a58e8db19a88_big.jpg|https://kultura-doma.ru/public/src/images/gallery/catalog/69172b757b33f_big.jpg|https://kultura-doma.ru/public/src/images/gallery/catalog/69172b74ed148_big.jpg|https://kultura-doma.ru/public/src/images/gallery/catalog/69172b753afe3_big.jpg|https://kultura-doma.ru/public/src/images/gallery/catalog/69172b75bb4b7_big.jpg|https://kultura-doma.ru/public/src/images/gallery/catalog/69172b7616579_big.jpg|https://kultura-doma.ru/public/src/images/gallery/catalog/69172b765f57c_big.jpg
1677,1677,УТ-00010395,,Комплект постельного белья Тройка,https://kultura-doma.ru/product/komplekt-postel-nogo-bel-ya-troyka-1677,bedding_set,bedroom_layer,,,,,24430,34900,бежевый,Евро (200х220 см),,,unknown_from_feed,https://kultura-doma.ru/public/src/images/gallery/catalog/69b3c5ce6e733_big.jpg,https://kultura-doma.ru/public/src/images/gallery/catalog/69b3c5ce6e733_big.jpg|https://kultura-doma.ru/public/src/images/gallery/catalog/6a328c35e41b7_big.jpg|https://kultura-doma.ru/public/src/images/gallery/catalog/6a328c3633f50_big.jpg|https://kultura-doma.ru/public/src/images/gallery/catalog/69b3c5ceaed3b_big.jpg|https://kultura-doma.ru/public/src/images/gallery/catalog/69b3c5ce42d25_big.jpg|https://kultura-doma.ru/public/src/images/gallery/catalog/69b3c5ce84ec3_big.jpg|https://kultura-doma.ru/public/src/images/gallery/catalog/69b3c5ce99f57_big.jpg
1677-2443,1677,УТ-00010394,,Комплект постельного белья Тройка: Кинг-сайз,https://kultura-doma.ru/product/komplekt-postel-nogo-bel-ya-troyka-1677-size-kingsayz,bedding_set,bedroom_layer,,,,,25830,34900,бежевый,Кинг-сайз (220х240 см),,,unknown_from_feed,https://kultura-doma.ru/public/src/images/gallery/catalog/69b3c5ce6e733_big.jpg,https://kultura-doma.ru/public/src/images/gallery/catalog/69b3c5ce6e733_big.jpg|https://kultura-doma.ru/public/src/images/gallery/catalog/6a328c35e41b7_big.jpg|https://kultura-doma.ru/public/src/images/gallery/catalog/6a328c3633f50_big.jpg|https://kultura-doma.ru/public/src/images/gallery/catalog/69b3c5ceaed3b_big.jpg|https://kultura-doma.ru/public/src/images/gallery/catalog/69b3c5ce42d25_big.jpg|https://kultura-doma.ru/public/src/images/gallery/catalog/69b3c5ce84ec3_big.jpg|https://kultura-doma.ru/public/src/images/gallery/catalog/69b3c5ce99f57_big.jpg
1677-2444,1677,УТ-00010395,,Комплект постельного белья Тройка: Семейный,https://kultura-doma.ru/product/komplekt-postel-nogo-bel-ya-troyka-1677-size-semeynyy,bedding_set,bedroom_layer,,,,,27930,34900,бежевый,Семейный (145х200 см х 2 шт),,,unknown_from_feed,https://kultura-doma.ru/public/src/images/gallery/catalog/69b3c5ce6e733_big.jpg,https://kultura-doma.ru/public/src/images/gallery/catalog/69b3c5ce6e733_big.jpg|https://kultura-doma.ru/public/src/images/gallery/catalog/6a328c35e41b7_big.jpg|https://kultura-doma.ru/public/src/images/gallery/catalog/6a328c3633f50_big.jpg|https://kultura-doma.ru/public/src/images/gallery/catalog/69b3c5ceaed3b_big.jpg|https://kultura-doma.ru/public/src/images/gallery/catalog/69b3c5ce42d25_big.jpg|https://kultura-doma.ru/public/src/images/gallery/catalog/69b3c5ce84ec3_big.jpg|https://kultura-doma.ru/public/src/images/gallery/catalog/69b3c5ce99f57_big.jpg
306,,УТ-00008903,,Сервиз чайный Катюша,https://kultura-doma.ru/product/serviz-chaynyy-katyusha-306,other,other,,,,,24900,,белый,,фарфор,,unknown_from_feed,https://kultura-doma.ru/public/src/images/gallery/catalog/6a394b59a18ef_big.jpg,https://kultura-doma.ru/public/src/images/gallery/catalog/6a394b59a18ef_big.jpg|https://kultura-doma.ru/public/src/images/gallery/catalog/6a394b580a7ff_big.jpg|https://kultura-doma.ru/public/src/images/gallery/catalog/6a394b583ff30_big.jpg|https://kultura-doma.ru/public/src/images/gallery/catalog/6a394b58758f2_big.jpg|https://kultura-doma.ru/public/src/images/gallery/catalog/6a394b58aeb3f_big.jpg|https://kultura-doma.ru/public/src/images/gallery/catalog/6a394b595f414_big.jpg|https://kultura-doma.ru/public/src/images/gallery/catalog/6a394b58e6ca4_big.jpg|https://kultura-doma.ru/public/src/images/gallery/catalog/6a394b592879e_big.jpg|https://kultura-doma.ru/public/src/images/gallery/catalog/6a394b59db161_big.jpg|https://kultura-doma.ru/public/src/images/gallery/catalog/6a394b5a2890e_big.jpg
308,,УТ-00008905,,Сервиз чайный Бутон,https://kultura-doma.ru/product/serviz-chaynyy-buton-308,other,other,,,,,21900,,белый,,фарфор,,unknown_from_feed,https://kultura-doma.ru/public/src/images/gallery/catalog/6a394b60425df_big.jpg,https://kultura-doma.ru/public/src/images/gallery/catalog/6a394b60425df_big.jpg|https://kultura-doma.ru/public/src/images/gallery/catalog/6a394b5f8b425_big.jpg|https://kultura-doma.ru/public/src/images/gallery/catalog/6a394b5e7d7d5_big.jpg|https://kultura-doma.ru/public/src/images/gallery/catalog/6a394b5f19d3c_big.jpg|https://kultura-doma.ru/public/src/images/gallery/catalog/6a394b607f267_big.jpg|https://kultura-doma.ru/public/src/images/gallery/catalog/6a394b60b98e9_big.jpg|https://kultura-doma.ru/public/src/images/gallery/catalog/6a394b6101a29_big.jpg|https://kultura-doma.ru/public/src/images/gallery/catalog/6a394b614139c_big.jpg|https://kultura-doma.ru/public/src/images/gallery/catalog/6a394b617c737_big.jpg|https://kultura-doma.ru/public/src/images/gallery/catalog/6a394b61b6574_big.jpg
307,,УТ-00008904,,Сервиз чайный Бутон,https://kultura-doma.ru/product/serviz-chaynyy-buton,other,other,,,,,21900,,белый,,фарфор,,unknown_from_feed,https://kultura-doma.ru/public/src/images/gallery/catalog/6a394b68b685b_big.jpg,https://kultura-doma.ru/public/src/images/gallery/catalog/6a394b68b685b_big.jpg|https://kultura-doma.ru/public/src/images/gallery/catalog/6a394b65d5ac8_big.jpg|https://kultura-doma.ru/public/src/images/gallery/catalog/6a394b66298db_big.jpg|https://kultura-doma.ru/public/src/images/gallery/catalog/6a394b665fb84_big.jpg|https://kultura-doma.ru/public/src/images/gallery/catalog/6a394b66988cc_big.jpg|https://kultura-doma.ru/public/src/images/gallery/catalog/6a394b66d401b_big.jpg|https://kultura-doma.ru/public/src/images/gallery/catalog/6a394b671685c_big.jpg|https://kultura-doma.ru/public/src/images/gallery/catalog/6a394b674b882_big.jpg|https://kultura-doma.ru/public/src/images/gallery/catalog/6a394b6784577_big.jpg|https://kultura-doma.ru/public/src/images/gallery/catalog/6a394b67be672_big.jpg
1217,1217,УТ-00007731,,Скатерть Классика,https://kultura-doma.ru/product/skatert-klassika-1217,tablecloth,table_textile,,,,,13300,,белый,180х180 см,сатин,,unknown_from_feed,https://kultura-doma.ru/public/src/images/gallery/catalog/6a3014db1b153_big.jpg,https://kultura-doma.ru/public/src/images/gallery/catalog/6a3014db1b153_big.jpg|https://kultura-doma.ru/public/src/images/gallery/catalog/68ef6ee15c932_big.jpg|https://kultura-doma.ru/public/src/images/gallery/catalog/6a3014dadda65_big.jpg
1217-1287,1217,УТ-00007731,,Скатерть Классика: 180х250 см,https://kultura-doma.ru/product/skatert-klassika-1217-size-180h250-sm,tablecloth,table_textile,,,,,15900,,белый,180х250 см,сатин,,unknown_from_feed,https://kultura-doma.ru/public/src/images/gallery/catalog/6a3014db1b153_big.jpg,https://kultura-doma.ru/public/src/images/gallery/catalog/6a3014db1b153_big.jpg|https://kultura-doma.ru/public/src/images/gallery/catalog/68ef6ee15c932_big.jpg|https://kultura-doma.ru/public/src/images/gallery/catalog/6a3014dadda65_big.jpg
1217-1291,1217,УТ-00007732,,Скатерть Классика: 180х350 см,https://kultura-doma.ru/product/skatert-klassika-1217-size-180h350-sm,tablecloth,table_textile,,,,,22400,,белый,180х350 см,сатин,,unknown_from_feed,https://kultura-doma.ru/public/src/images/gallery/catalog/6a3014db1b153_big.jpg,https://kultura-doma.ru/public/src/images/gallery/catalog/6a3014db1b153_big.jpg|https://kultura-doma.ru/public/src/images/gallery/catalog/68ef6ee15c932_big.jpg|https://kultura-doma.ru/public/src/images/gallery/catalog/6a3014dadda65_big.jpg
1302,,УТ-00010701,,Набор бокалов для вина Тюльпан,https://kultura-doma.ru/product/nabor-bokalov-dlya-vina-tyul-pan,wine_glass_set,atmosphere_or_drinks,,,,,4590,,,,хрустальное стекло,450 мл,unknown_from_feed,https://kultura-doma.ru/public/src/images/gallery/catalog/6a3a9039a2265_big.jpg,https://kultura-doma.ru/public/src/images/gallery/catalog/6a3a9039a2265_big.jpg|https://kultura-doma.ru/public/src/images/gallery/catalog/69ca5ec54f718_big.jpg|https://kultura-doma.ru/public/src/images/gallery/catalog/6a3a903942566_big.jpg
1303,,УТ-00010702,,Набор бокалов для вина Лилия,https://kultura-doma.ru/product/nabor-bokalov-dlya-vina-liliya,wine_glass_set,atmosphere_or_drinks,,,,,5490,,,,хрустальное стекло,600 мл,unknown_from_feed,https://kultura-doma.ru/public/src/images/gallery/catalog/6a3a90308c529_big.jpg,https://kultura-doma.ru/public/src/images/gallery/catalog/6a3a90308c529_big.jpg|https://kultura-doma.ru/public/src/images/gallery/catalog/69ca48b605af0_big.jpg|https://kultura-doma.ru/public/src/images/gallery/catalog/6a3a90304bf3a_big.jpg
1304,,УТ-00010703,,Набор бокалов для шампанского Лилия,https://kultura-doma.ru/product/nabor-bokalov-dlya-shampanskogo-liliya,wine_glass_set,atmosphere_or_drinks,,,,,4990,,,,хрустальное стекло,170 мл,unknown_from_feed,https://kultura-doma.ru/public/src/images/gallery/catalog/6a3a90179cfcb_big.jpg,https://kultura-doma.ru/public/src/images/gallery/catalog/6a3a90179cfcb_big.jpg|https://kultura-doma.ru/public/src/images/gallery/catalog/69ca4882c454a_big.jpg|https://kultura-doma.ru/public/src/images/gallery/catalog/6a3a90175fad5_big.jpg
1305,,УТ-00010704,,Набор бокалов для вина Лилия,https://kultura-doma.ru/product/nabor-bokalov-dlya-vina-liliya-1305,wine_glass_set,atmosphere_or_drinks,,,,,4990,,,,хрустальное стекло,450 мл,unknown_from_feed,https://kultura-doma.ru/public/src/images/gallery/catalog/6a3a9033ea553_big.jpg,https://kultura-doma.ru/public/src/images/gallery/catalog/6a3a9033ea553_big.jpg|https://kultura-doma.ru/public/src/images/gallery/catalog/694ced199c0c0_big.jpg|https://kultura-doma.ru/public/src/images/gallery/catalog/6a3a9033ae7ad_big.jpg
1306,,УТ-00010705,,Набор бокалов для вина Тюльпан,https://kultura-doma.ru/product/nabor-bokalov-dlya-vina-tyul-pan-1306,wine_glass_set,atmosphere_or_drinks,,,,,4990,,,,хрустальное стекло,600 мл,unknown_from_feed,https://kultura-doma.ru/public/src/images/gallery/catalog/6a3a903238cf4_big.jpg,https://kultura-doma.ru/public/src/images/gallery/catalog/6a3a903238cf4_big.jpg|https://kultura-doma.ru/public/src/images/gallery/catalog/69c697ecdb633_big.jpg|https://kultura-doma.ru/public/src/images/gallery/catalog/6a3a9031eb8fc_big.jpg
1307,,УТ-00010706,,Набор бокалов для шампанского Тюльпан,https://kultura-doma.ru/product/nabor-bokalov-dlya-shampanskogo-tyul-pan,wine_glass_set,atmosphere_or_drinks,,,,,4490,,,,хрустальное стекло,170 мл,unknown_from_feed,https://kultura-doma.ru/public/src/images/gallery/catalog/6a3a9015eec75_big.jpg,https://kultura-doma.ru/public/src/images/gallery/catalog/6a3a9015eec75_big.jpg|https://kultura-doma.ru/public/src/images/gallery/catalog/694cebab9f25e_big.jpg|https://kultura-doma.ru/public/src/images/gallery/catalog/6a3a9015a2a00_big.jpg
1309,,УТ-00010709,,Графин Гамба,https://kultura-doma.ru/product/grafin-gamba,decanter,atmosphere_or_drinks,,,,,2990,,,,хрустальное стекло,"1,5 л",unknown_from_feed,https://kultura-doma.ru/public/src/images/gallery/catalog/6a3d1915da763_big.jpg,https://kultura-doma.ru/public/src/images/gallery/catalog/6a3d1915da763_big.jpg|https://kultura-doma.ru/public/src/images/gallery/catalog/691b315144030_big.jpg
1311,,УТ-00010815,,Набор креманок Иллюзия,https://kultura-doma.ru/product/nabor-kremanok-illyuziya-1311,wine_glass_set,atmosphere_or_drinks,,,,,4990,,,,хрустальное стекло,220 мл,unknown_from_feed,https://kultura-doma.ru/public/src/images/gallery/catalog/6a3a902a3e287_big.jpg,https://kultura-doma.ru/public/src/images/gallery/catalog/6a3a902a3e287_big.jpg|https://kultura-doma.ru/public/src/images/gallery/catalog/69ca37c39cdb4_big.jpg|https://kultura-doma.ru/public/src/images/gallery/catalog/6a3a902a6614c_big.jpg|https://kultura-doma.ru/public/src/images/gallery/catalog/6a3a902aad7e6_big.jpg
1692,1692,УТ-00005719,,Комплект постельного белья Шелест листвы,https://kultura-doma.ru/product/komplekt-postel-nogo-bel-ya-shelest-listvy,bedding_set,bedroom_layer,,,,,14630,20900,синий,Полуторный (145х200 см),тенсель,,unknown_from_feed,https://kultura-doma.ru/public/src/images/gallery/catalog/6a5e75641ce93_big.jpg,https://kultura-doma.ru/public/src/images/gallery/catalog/6a5e75641ce93_big.jpg|https://kultura-doma.ru/public/src/images/gallery/catalog/6a328bc8154b2_big.jpg|https://kultura-doma.ru/public/src/images/gallery/catalog/6a328bc853a0b_big.jpg|https://kultura-doma.ru/public/src/images/gallery/catalog/6a328bc68b0d6_big.jpg|https://kultura-doma.ru/public/src/images/gallery/catalog/6a328bc6c7b28_big.jpg|https://kultura-doma.ru/public/src/images/gallery/catalog/6a328bc70eb39_big.jpg|https://kultura-doma.ru/public/src/images/gallery/catalog/6a328bc7564d2_big.jpg|https://kultura-doma.ru/public/src/images/gallery/catalog/6a328bc78e9fe_big.jpg
1692-1868,1692,УТ-00005721,,Комплект постельного белья Шелест листвы: Семейный,https://kultura-doma.ru/product/komplekt-postel-nogo-bel-ya-shelest-listvy-size-duet,bedding_set,bedroom_layer,,,,,22330,20900,синий,Семейный (145х200 см х 2 шт),тенсель,,unknown_from_feed,https://kultura-doma.ru/public/src/images/gallery/catalog/6a5e75641ce93_big.jpg,https://kultura-doma.ru/public/src/images/gallery/catalog/6a5e75641ce93_big.jpg|https://kultura-doma.ru/public/src/images/gallery/catalog/6a328bc8154b2_big.jpg|https://kultura-doma.ru/public/src/images/gallery/catalog/6a328bc853a0b_big.jpg|https://kultura-doma.ru/public/src/images/gallery/catalog/6a328bc68b0d6_big.jpg|https://kultura-doma.ru/public/src/images/gallery/catalog/6a328bc6c7b28_big.jpg|https://kultura-doma.ru/public/src/images/gallery/catalog/6a328bc70eb39_big.jpg|https://kultura-doma.ru/public/src/images/gallery/catalog/6a328bc7564d2_big.jpg|https://kultura-doma.ru/public/src/images/gallery/catalog/6a328bc78e9fe_big.jpg
1692-2492,1692,УТ-00005720,,Комплект постельного белья Шелест листвы: Евро,https://kultura-doma.ru/product/komplekt-postel-nogo-bel-ya-shelest-listvy-size-evro,bedding_set,bedroom_layer,,,,,18130,20900,синий,Евро (200х220 см),тенсель,,unknown_from_feed,https://kultura-doma.ru/public/src/images/gallery/catalog/6a5e75641ce93_big.jpg,https://kultura-doma.ru/public/src/images/gallery/catalog/6a5e75641ce93_big.jpg|https://kultura-doma.ru/public/src/images/gallery/catalog/6a328bc8154b2_big.jpg|https://kultura-doma.ru/public/src/images/gallery/catalog/6a328bc853a0b_big.jpg|https://kultura-doma.ru/public/src/images/gallery/catalog/6a328bc68b0d6_big.jpg|https://kultura-doma.ru/public/src/images/gallery/catalog/6a328bc6c7b28_big.jpg|https://kultura-doma.ru/public/src/images/gallery/catalog/6a328bc70eb39_big.jpg|https://kultura-doma.ru/public/src/images/gallery/catalog/6a328bc7564d2_big.jpg|https://kultura-doma.ru/public/src/images/gallery/catalog/6a328bc78e9fe_big.jpg
1692-2493,1692,УТ-00005722,,Комплект постельного белья Шелест листвы: Кинг-сайз,https://kultura-doma.ru/product/komplekt-postel-nogo-bel-ya-shelest-listvy-size-kingsayz,bedding_set,bedroom_layer,,,,,20230,20900,синий,Кинг-сайз (220х240 см),тенсель,,unknown_from_feed,https://kultura-doma.ru/public/src/images/gallery/catalog/6a5e75641ce93_big.jpg,https://kultura-doma.ru/public/src/images/gallery/catalog/6a5e75641ce93_big.jpg|https://kultura-doma.ru/public/src/images/gallery/catalog/6a328bc8154b2_big.jpg|https://kultura-doma.ru/public/src/images/gallery/catalog/6a328bc853a0b_big.jpg|https://kultura-doma.ru/public/src/images/gallery/catalog/6a328bc68b0d6_big.jpg|https://kultura-doma.ru/public/src/images/gallery/catalog/6a328bc6c7b28_big.jpg|https://kultura-doma.ru/public/src/images/gallery/catalog/6a328bc70eb39_big.jpg|https://kultura-doma.ru/public/src/images/gallery/catalog/6a328bc7564d2_big.jpg|https://kultura-doma.ru/public/src/images/gallery/catalog/6a328bc78e9fe_big.jpg
305,,УТ-00008902,,Сервиз чайный Катюша,https://kultura-doma.ru/product/serviz-chaynyy-katyusha,other,other,,,,,24900,,белый,,фарфор,,unknown_from_feed,https://kultura-doma.ru/public/src/images/gallery/catalog/6a394b706eea1_big.jpg,https://kultura-doma.ru/public/src/images/gallery/catalog/6a394b706eea1_big.jpg|https://kultura-doma.ru/public/src/images/gallery/catalog/6a394b6e1c767_big.jpg|https://kultura-doma.ru/public/src/images/gallery/catalog/6a394b6f92a04_big.jpg|https://kultura-doma.ru/public/src/images/gallery/catalog/6a394b6ecf3e4_big.jpg|https://kultura-doma.ru/public/src/images/gallery/catalog/6a394b725c253_big.jpg|https://kultura-doma.ru/public/src/images/gallery/catalog/68a300dc0a924_big.jpg|https://kultura-doma.ru/public/src/images/gallery/catalog/6a394b722107d_big.jpg|https://kultura-doma.ru/public/src/images/gallery/catalog/68a300e79ca3c_big.jpg|https://kultura-doma.ru/public/src/images/gallery/catalog/6a394b71db179_big.jpg|https://kultura-doma.ru/public/src/images/gallery/catalog/68a300d0c6f04_big.jpg
561,561,УТ-00008982,,Плейсмат Весна,https://kultura-doma.ru/product/pleysmat-vesna,placemat,table_textile,,,,,990,,белый,45х65 см,сатин,,unknown_from_feed,https://kultura-doma.ru/public/src/images/gallery/catalog/69f2193eec4fd_big.jpg,https://kultura-doma.ru/public/src/images/gallery/catalog/69f2193eec4fd_big.jpg|https://kultura-doma.ru/public/src/images/gallery/catalog/69f2193c7b4a5_big.jpg|https://kultura-doma.ru/public/src/images/gallery/catalog/69f2193d7b5ef_big.jpg
562,562,УТ-00008983,,Плейсмат Весна,https://kultura-doma.ru/product/pleysmat-vesna-562,placemat,table_textile,,,,,990,,зеленый,45х45 см,сатин,,unknown_from_feed,https://kultura-doma.ru/public/src/images/gallery/catalog/69f21947d5ab9_big.jpg,https://kultura-doma.ru/public/src/images/gallery/catalog/69f21947d5ab9_big.jpg|https://kultura-doma.ru/public/src/images/gallery/catalog/69f2194651ed2_big.jpg|https://kultura-doma.ru/public/src/images/gallery/catalog/69f21944646fb_big.jpg|https://kultura-doma.ru/public/src/images/gallery/catalog/69f21946d9ca1_big.jpg|https://kultura-doma.ru/public/src/images/gallery/catalog/69f21943aa40f_big.jpg|https://kultura-doma.ru/public/src/images/gallery/catalog/69f219440b656_big.jpg|https://kultura-doma.ru/public/src/images/gallery/catalog/69f21944c8e74_big.jpg|https://kultura-doma.ru/public/src/images/gallery/catalog/69f2194534c5b_big.jpg|https://kultura-doma.ru/public/src/images/gallery/catalog/69f2194591071_big.jpg|https://kultura-doma.ru/public/src/images/gallery/catalog/69f21945e9af5_big.jpg
576,576,УТ-00008984,,Салфетка Весна,https://kultura-doma.ru/product/salfetka-vesna,napkin,table_textile,,,,,1290,,белый,45х45 см,сатин,,unknown_from_feed,https://kultura-doma.ru/public/src/images/gallery/catalog/6a43c7c4384df_big.jpg,https://kultura-doma.ru/public/src/images/gallery/catalog/6a43c7c4384df_big.jpg|https://kultura-doma.ru/public/src/images/gallery/catalog/68b0382c609d3_big.png|https://kultura-doma.ru/public/src/images/gallery/catalog/6a43c7c4ae99c_big.jpg
593,593,УТ-00008985,,Скатерть Весна,https://kultura-doma.ru/product/skatert-vesna,tablecloth,table_textile,,,,,9900,,белый,180х250 см,сатин,,unknown_from_feed,https://kultura-doma.ru/public/src/images/gallery/catalog/6a5756073f700_big.jpg,https://kultura-doma.ru/public/src/images/gallery/catalog/6a5756073f700_big.jpg|https://kultura-doma.ru/public/src/images/gallery/catalog/68ef6af8d5df1_big.jpg|https://kultura-doma.ru/public/src/images/gallery/catalog/68b040117f548_big.jpg
593-619,593,УТ-00008986,,Скатерть Весна: 180х350 см,https://kultura-doma.ru/product/skatert-vesna-size-180h350-sm,tablecloth,table_textile,,,,,15900,,белый,180х350 см,сатин,,unknown_from_feed,https://kultura-doma.ru/public/src/images/gallery/catalog/6a5756073f700_big.jpg,https://kultura-doma.ru/public/src/images/gallery/catalog/6a5756073f700_big.jpg|https://kultura-doma.ru/public/src/images/gallery/catalog/68ef6af8d5df1_big.jpg|https://kultura-doma.ru/public/src/images/gallery/catalog/68b040117f548_big.jpg
831,831,УТ-00005767,,Подушка декоративная Цветочный бант,https://kultura-doma.ru/product/podushka-dekorativnaya-cvetochnyy-bant,decorative_pillow,bedroom_layer,,,,,2995,5990,бежевый,45х45 см,,,unknown_from_feed,https://kultura-doma.ru/public/src/images/gallery/catalog/6a43735c57cee_big.jpg,https://kultura-doma.ru/public/src/images/gallery/catalog/6a43735c57cee_big.jpg
1157,1157,УТ-00009988,,Подушка декоративная Пион,https://kultura-doma.ru/product/podushka-dekorativnaya-pion,decorative_pillow,bedroom_layer,,,,,2995,5990,бежевый,45х45 см,,,unknown_from_feed,https://kultura-doma.ru/public/src/images/gallery/catalog/6890bc9203f1c_big.jpg,https://kultura-doma.ru/public/src/images/gallery/catalog/6890bc9203f1c_big.jpg|https://kultura-doma.ru/public/src/images/gallery/catalog/6a79dd44a8e9b_big.jpg|https://kultura-doma.ru/public/src/images/gallery/catalog/6a79dd43d120c_big.jpg|https://kultura-doma.ru/public/src/images/gallery/catalog/6a79dd4466bc0_big.jpg
426,426,УТ-00008645,,Подушка декоративная Трель,https://kultura-doma.ru/product/podushka-dekorativnaya-trel-426,decorative_pillow,bedroom_layer,,,,,2745,5490,бежевый,45х45 см,,,unknown_from_feed,https://kultura-doma.ru/public/src/images/gallery/catalog/6a06c0002cef1_big.jpg,https://kultura-doma.ru/public/src/images/gallery/catalog/6a06c0002cef1_big.jpg
422,422,УТ-00008640,,Подушка декоративная Узоры,https://kultura-doma.ru/product/podushka-dekorativnaya-uzory-422,decorative_pillow,bedroom_layer,,,,,2745,5490,фиолетовый,45х45 см,,,unknown_from_feed,https://kultura-doma.ru/public/src/images/gallery/catalog/6a43749090a60_big.jpg,https://kultura-doma.ru/public/src/images/gallery/catalog/6a43749090a60_big.jpg|https://kultura-doma.ru/public/src/images/gallery/catalog/6a437490d71fd_big.jpg
430,430,УТ-00008653,,Подушка декоративная Бархат,https://kultura-doma.ru/product/podushka-dekorativnaya-barhat,decorative_pillow,bedroom_layer,,,,,1495,2990,голубой,45х45 см,,,unknown_from_feed,https://kultura-doma.ru/public/src/images/gallery/catalog/6a4374a2e1a5c_big.jpg,https://kultura-doma.ru/public/src/images/gallery/catalog/6a4374a2e1a5c_big.jpg
431,431,УТ-00008654,,Подушка декоративная Бархат,https://kultura-doma.ru/product/podushka-dekorativnaya-barhat-431,decorative_pillow,bedroom_layer,,,,,1495,2990,коричневый,45х45 см,,,unknown_from_feed,https://kultura-doma.ru/public/src/images/gallery/catalog/6a4374a48a665_big.jpg,https://kultura-doma.ru/public/src/images/gallery/catalog/6a4374a48a665_big.jpg
432,432,УТ-00008655,,Подушка декоративная Бархат,https://kultura-doma.ru/product/podushka-dekorativnaya-barhat-432,decorative_pillow,bedroom_layer,,,,,1495,2990,фиолетовый,45х45 см,,,unknown_from_feed,https://kultura-doma.ru/public/src/images/gallery/catalog/6a4374a60ce15_big.jpg,https://kultura-doma.ru/public/src/images/gallery/catalog/6a4374a60ce15_big.jpg
441,441,УТ-00009025,,Подушка декоративная Журавли,https://kultura-doma.ru/product/podushka-dekorativnaya-zhuravli,decorative_pillow,bedroom_layer,,,,,13740,22900,синий,40х40 см,,,unknown_from_feed,https://kultura-doma.ru/public/src/images/gallery/catalog/6a5f77f134b5a_big.jpg,https://kultura-doma.ru/public/src/images/gallery/catalog/6a5f77f134b5a_big.jpg|https://kultura-doma.ru/public/src/images/gallery/catalog/6a5f77f00bf8e_big.jpg|https://kultura-doma.ru/public/src/images/gallery/catalog/6a5f77efa8ce1_big.jpg
442,442,УТ-00009026,,Подушка декоративная Время,https://kultura-doma.ru/product/podushka-dekorativnaya-vremya,decorative_pillow,bedroom_layer,,,,,13740,22900,черный,40х40 см,,,unknown_from_feed,https://kultura-doma.ru/public/src/images/gallery/catalog/6a5f7d60a21e2_big.jpg,https://kultura-doma.ru/public/src/images/gallery/catalog/6a5f7d60a21e2_big.jpg|https://kultura-doma.ru/public/src/images/gallery/catalog/6a5f7d5fc4a36_big.jpg|https://kultura-doma.ru/public/src/images/gallery/catalog/6a5f7d605eaef_big.jpg
443,443,УТ-00009366,,Подушка декоративная  Папоротник,https://kultura-doma.ru/product/podushka-dekorativnaya-paporotnik,decorative_pillow,bedroom_layer,,,,,13740,22900,зеленый,40х40 см,,,unknown_from_feed,https://kultura-doma.ru/public/src/images/gallery/catalog/6a5f7d3edcbff_big.jpg,https://kultura-doma.ru/public/src/images/gallery/catalog/6a5f7d3edcbff_big.jpg|https://kultura-doma.ru/public/src/images/gallery/catalog/6a5f7d3e0db82_big.jpg|https://kultura-doma.ru/public/src/images/gallery/catalog/6a5f7d3e97d31_big.jpg|https://kultura-doma.ru/public/src/images/gallery/catalog/6a5f7d3e53091_big.jpg
444,444,УТ-00009367,,Подушка декоративная Солнце,https://kultura-doma.ru/product/podushka-dekorativnaya-solnce,decorative_pillow,bedroom_layer,,,,,13740,22900,черный,40х40 см,,,unknown_from_feed,https://kultura-doma.ru/public/src/images/gallery/catalog/6a5f7d7f6d307_big.jpg,https://kultura-doma.ru/public/src/images/gallery/catalog/6a5f7d7f6d307_big.jpg|https://kultura-doma.ru/public/src/images/gallery/catalog/6a5f7d7f06585_big.jpg|https://kultura-doma.ru/public/src/images/gallery/catalog/6a5f7d7dbfc8a_big.jpg|https://kultura-doma.ru/public/src/images/gallery/catalog/6a5f7d7d747e2_big.jpg
445,445,УТ-00009368,,Подушка декоратиная Небо,https://kultura-doma.ru/product/podushka-dekoratinaya-nebo,decorative_pillow,bedroom_layer,,,,,13740,22900,серый,40х40 см,,,unknown_from_feed,https://kultura-doma.ru/public/src/images/gallery/catalog/6a5f7cf486740_big.jpg,https://kultura-doma.ru/public/src/images/gallery/catalog/6a5f7cf486740_big.jpg|https://kultura-doma.ru/public/src/images/gallery/catalog/6a5f7cf399993_big.jpg
818,818,УТ-00008787,,Ручка шариковая Купель латунь с покрытием никель золотистая,https://kultura-doma.ru/product/ruchka-sharikovaya-kupel,other,other,,,,,25900,,золотой,"14х1,5 см",латунь,,unknown_from_feed,https://kultura-doma.ru/public/src/images/gallery/catalog/686e87220053e_big.jpg,https://kultura-doma.ru/public/src/images/gallery/catalog/686e87220053e_big.jpg|https://kultura-doma.ru/public/src/images/gallery/catalog/686e8722d61db_big.jpg|https://kultura-doma.ru/public/src/images/gallery/catalog/686e87214115d_big.jpg
819,819,УТ-00008788,,Ручка шариковая Купель латунь с покрытием никель серебристая,https://kultura-doma.ru/product/ruchka-sharikovaya-kupel-819,other,other,,,,,25900,,,"14х1,5 см",латунь,,unknown_from_feed,https://kultura-doma.ru/public/src/images/gallery/catalog/686e872505645_big.jpg,https://kultura-doma.ru/public/src/images/gallery/catalog/686e872505645_big.jpg|https://kultura-doma.ru/public/src/images/gallery/catalog/686e87244b670_big.jpg|https://kultura-doma.ru/public/src/images/gallery/catalog/686e8725d99f2_big.jpg
1126,1126,УТ-00009058,,Подушка Верблюжья шерсть,https://kultura-doma.ru/product/podushka-nezhnost,decorative_pillow,bedroom_layer,,,,,3690,,,50х70 см,верблюжья шерсть,,unknown_from_feed,https://kultura-doma.ru/public/src/images/gallery/catalog/6a575084cbc28_big.jpg,https://kultura-doma.ru/public/src/images/gallery/catalog/6a575084cbc28_big.jpg
1126-1044,1126,УТ-00009061,,Подушка Верблюжья шерсть: 70х70 см,https://kultura-doma.ru/product/podushka-nezhnost-size-70h70-sm,decorative_pillow,bedroom_layer,,,,,4590,,,70х70 см,верблюжья шерсть,,unknown_from_feed,https://kultura-doma.ru/public/src/images/gallery/catalog/6a575084cbc28_big.jpg,https://kultura-doma.ru/public/src/images/gallery/catalog/6a575084cbc28_big.jpg
1297,1297,УТ-00010017,,Вазочка десертная Купель,https://kultura-doma.ru/product/vazochka-kupel,other,other,,,,,55900,,серебряный,9х8 см,латунь,250 мл,unknown_from_feed,https://kultura-doma.ru/public/src/images/gallery/catalog/6a267c7dcf874_big.jpg,https://kultura-doma.ru/public/src/images/gallery/catalog/6a267c7dcf874_big.jpg|https://kultura-doma.ru/public/src/images/gallery/catalog/691b2cb311307_big.jpg|https://kultura-doma.ru/public/src/images/gallery/catalog/6a267c7e6150c_big.jpg|https://kultura-doma.ru/public/src/images/gallery/catalog/6a267c7d8bcb6_big.jpg|https://kultura-doma.ru/public/src/images/gallery/catalog/6a267c7e1b43a_big.jpg
1620,,УТ-00011528,,Декор-спички,https://kultura-doma.ru/product/dekorspichki,candle,atmosphere_or_drinks,,,,,990,,,,"дерево, селитра, стекло",,unknown_from_feed,https://kultura-doma.ru/public/src/images/gallery/catalog/6a562b0c8baf5_big.jpg,https://kultura-doma.ru/public/src/images/gallery/catalog/6a562b0c8baf5_big.jpg|https://kultura-doma.ru/public/src/images/gallery/catalog/6a141f8f8facb_big.jpg|https://kultura-doma.ru/public/src/images/gallery/catalog/69ca22134e4fe_big.jpg
1607,1607,УТ-00011532,,Свеча Мандариновый сад,https://kultura-doma.ru/product/svecha-mandarinovyy-sad,candle,atmosphere_or_drinks,,,,,3990,,белый,11 см,воск кокосовый,,unknown_from_feed,https://kultura-doma.ru/public/src/images/gallery/catalog/6a58e05f235f4_big.jpg,https://kultura-doma.ru/public/src/images/gallery/catalog/6a58e05f235f4_big.jpg|https://kultura-doma.ru/public/src/images/gallery/catalog/6a15aaf4f091b_big.jpg|https://kultura-doma.ru/public/src/images/gallery/catalog/6a58e05ec53bc_big.jpg|https://kultura-doma.ru/public/src/images/gallery/catalog/69ca2c3885cb4_big.jpg
1606,1606,УТ-00011531,,Свеча Голубая Ель,https://kultura-doma.ru/product/svecha-golubaya-el,candle,atmosphere_or_drinks,,,,,3990,,белый,11 см,воск кокосовый,,unknown_from_feed,https://kultura-doma.ru/public/src/images/gallery/catalog/6a58e0a5f07d0_big.jpg,https://kultura-doma.ru/public/src/images/gallery/catalog/6a58e0a5f07d0_big.jpg|https://kultura-doma.ru/public/src/images/gallery/catalog/6a15aad683d24_big.jpg|https://kultura-doma.ru/public/src/images/gallery/catalog/69ca2b89ad018_big.jpg|https://kultura-doma.ru/public/src/images/gallery/catalog/6a58e0a5b7166_big.jpg
216,,УТ-00007873,,Набор креманок для шампанского Купель,https://kultura-doma.ru/product/nabor-kremanok-dlya-shampanskogo-kupel,wine_glass_set,atmosphere_or_drinks,,,,,64900,,,,латунь,300 мл,unknown_from_feed,https://kultura-doma.ru/public/src/images/gallery/catalog/6a3a901ec4952_big.jpg,https://kultura-doma.ru/public/src/images/gallery/catalog/6a3a901ec4952_big.jpg|https://kultura-doma.ru/public/src/images/gallery/catalog/68d1168ad3ed2_big.gif|https://kultura-doma.ru/public/src/images/gallery/catalog/6a3a901e9cf8a_big.jpg
217,,УТ-00007874,,Набор фужеров для шампанского Купель,https://kultura-doma.ru/product/nabor-fuzherov-dlya-shampanskogo-kupel,wine_glass_set,atmosphere_or_drinks,,,,,69900,,,,латунь,250 мл,unknown_from_feed,https://kultura-doma.ru/public/src/images/gallery/catalog/6a3a9027e6aae_big.jpg,https://kultura-doma.ru/public/src/images/gallery/catalog/6a3a9027e6aae_big.jpg|https://kultura-doma.ru/public/src/images/gallery/catalog/6a3a90276b3ff_big.jpg|https://kultura-doma.ru/public/src/images/gallery/catalog/6a3a902833737_big.jpg|https://kultura-doma.ru/public/src/images/gallery/catalog/6a3a9027a88b7_big.jpg
319,,УТ-00009605,,Набор стопок Купель,https://kultura-doma.ru/product/nabor-stopok-kupel,glassware_set,atmosphere_or_drinks,,,,,44900,,,,латунь,25 мл,unknown_from_feed,https://kultura-doma.ru/public/src/images/gallery/catalog/6a3d1775e008b_big.jpg,https://kultura-doma.ru/public/src/images/gallery/catalog/6a3d1775e008b_big.jpg|https://kultura-doma.ru/public/src/images/gallery/catalog/6a3d17763b32a_big.jpg|https://kultura-doma.ru/public/src/images/gallery/catalog/6a3d1775948b7_big.jpg|https://kultura-doma.ru/public/src/images/gallery/catalog/6a3d17768994f_big.jpg
1423,,УТ-00011099,,Набор стаканов для виски Купель,https://kultura-doma.ru/product/nabor-stakanov-dlya-viski-kupel,glassware_set,atmosphere_or_drinks,,,,,89900,,,,"стекло, латунь",330 мл,unknown_from_feed,https://kultura-doma.ru/public/src/images/gallery/catalog/694b952153ba1_big.jpg,https://kultura-doma.ru/public/src/images/gallery/catalog/694b952153ba1_big.jpg|https://kultura-doma.ru/public/src/images/gallery/catalog/694b95231faa8_big.jpg|https://kultura-doma.ru/public/src/images/gallery/catalog/694b95202a667_big.jpg|https://kultura-doma.ru/public/src/images/gallery/catalog/694b9522d74ba_big.jpg|https://kultura-doma.ru/public/src/images/gallery/catalog/694b952501190_big.jpg|https://kultura-doma.ru/public/src/images/gallery/catalog/694b952464f0b_big.jpg|https://kultura-doma.ru/public/src/images/gallery/catalog/694b9524a895a_big.jpg|https://kultura-doma.ru/public/src/images/gallery/catalog/694b9523df61c_big.jpg|https://kultura-doma.ru/public/src/images/gallery/catalog/694b952428642_big.jpg|https://kultura-doma.ru/public/src/images/gallery/catalog/694b95239e76c_big.jpg
1502,1502,УТ-00011407,Нити времени,Свеча с ароматом Сладкий табак Нити Времени,https://kultura-doma.ru/product/aromasvecha-niti-vremeni-v-farforovom-podsvechnike-sladkiy-tabak-1502,candle,atmosphere_or_drinks,statement_accent,table|bedroom|decor,blue|milk|gold,fairytale|blue|ornamental,4990,,белый,10 см,воск кокосовый,,unknown_from_feed,https://kultura-doma.ru/public/src/images/gallery/catalog/6a5f80c780c98_big.jpg,https://kultura-doma.ru/public/src/images/gallery/catalog/6a5f80c780c98_big.jpg|https://kultura-doma.ru/public/src/images/gallery/catalog/69ca7245235eb_big.jpg
1501,1501,УТ-00011406,Нити времени,Свеча с ароматом Копченая клюква Нити Времени,https://kultura-doma.ru/product/aromasvecha-niti-vremeni-v-farforovom-podsvechnike-kopchenaya-klyukva-1501,candle,atmosphere_or_drinks,statement_accent,table|bedroom|decor,blue|milk|gold,fairytale|blue|ornamental,4990,,белый,10 см,воск кокосовый,,unknown_from_feed,https://kultura-doma.ru/public/src/images/gallery/catalog/6a5f7f938779f_big.jpg,https://kultura-doma.ru/public/src/images/gallery/catalog/6a5f7f938779f_big.jpg|https://kultura-doma.ru/public/src/images/gallery/catalog/69ca6ee2f0434_big.jpg
1500,1499,УТ-00011381,Жар-птица,Свеча Феникс,https://kultura-doma.ru/product/svecha-zharptica,other,decor,statement_accent,decor,milk|gold|red,fairytale|gold|statement,4990,,Сандал и Шалфей,10 см,воск кокосовый,,unknown_from_feed,https://kultura-doma.ru/public/src/images/gallery/catalog/6978bc918b851_big.jpg,https://kultura-doma.ru/public/src/images/gallery/catalog/6978bc918b851_big.jpg|https://kultura-doma.ru/public/src/images/gallery/catalog/69ca6e73dc686_big.jpg|https://kultura-doma.ru/public/src/images/gallery/catalog/6978bc91dddf6_big.jpg|https://kultura-doma.ru/public/src/images/gallery/catalog/6a58dffa3a6f1_big.jpg|https://kultura-doma.ru/public/src/images/gallery/catalog/6a58dffa56bea_big.jpg|https://kultura-doma.ru/public/src/images/gallery/catalog/6a58dffa6c634_big.jpg
1499,1499,УТ-00011405,Жар-птица,Свеча Феникс,https://kultura-doma.ru/product/aromasvecha-zharptica-v-farforovom-podsvechnike-drevo-zhizni-1499,other,decor,statement_accent,decor,milk|gold|red,fairytale|gold|statement,4990,,Дерево жизни,10 см,воск кокосовый,,unknown_from_feed,https://kultura-doma.ru/public/src/images/gallery/catalog/6a5f7f739b7a1_big.jpg,https://kultura-doma.ru/public/src/images/gallery/catalog/6a5f7f739b7a1_big.jpg|https://kultura-doma.ru/public/src/images/gallery/catalog/69ca6e5c7afbf_big.jpg|https://kultura-doma.ru/public/src/images/gallery/catalog/6978bca98d11e_big.jpg
1462,1462,УТ-00010987,,"Свеча Корона высокая, аромат Базилика и Мяты",https://kultura-doma.ru/product/svecha-korona-vysokaya-aromat-bazilika-i-myaty,candle,atmosphere_or_drinks,,,,,12990,,белый,10х17 см,воск кокосовый,,unknown_from_feed,https://kultura-doma.ru/public/src/images/gallery/catalog/6a58eb7d2965a_big.jpg,https://kultura-doma.ru/public/src/images/gallery/catalog/6a58eb7d2965a_big.jpg|https://kultura-doma.ru/public/src/images/gallery/catalog/69ca6ad913947_big.jpg|https://kultura-doma.ru/public/src/images/gallery/catalog/6a58eb7d66b9e_big.jpg
1461,1461,УТ-00010986,,"Свеча Корона высокая, аромат Нежность",https://kultura-doma.ru/product/svecha-korona-vysokaya-aromat-nezhnost,candle,atmosphere_or_drinks,,,,,12990,,белый,10х17 см,воск кокосовый,,unknown_from_feed,https://kultura-doma.ru/public/src/images/gallery/catalog/6a58eba4d18d8_big.jpg,https://kultura-doma.ru/public/src/images/gallery/catalog/6a58eba4d18d8_big.jpg|https://kultura-doma.ru/public/src/images/gallery/catalog/69ca2d8c34e38_big.jpg|https://kultura-doma.ru/public/src/images/gallery/catalog/6a58eba526927_big.jpg
1460,1460,УТ-00010982,,"Свеча Корона высокая, без аромата",https://kultura-doma.ru/product/svecha-korona-vysokaya-bez-aromata,candle,atmosphere_or_drinks,,,,,9990,,белый,10х17 см,воск кокосовый,,unknown_from_feed,https://kultura-doma.ru/public/src/images/gallery/catalog/6a58eb4c98af8_big.jpg,https://kultura-doma.ru/public/src/images/gallery/catalog/6a58eb4c98af8_big.jpg|https://kultura-doma.ru/public/src/images/gallery/catalog/69ca2df9be95b_big.jpg|https://kultura-doma.ru/public/src/images/gallery/catalog/6a58eb4cd44a4_big.jpg
1459,1459,УТ-00010984,,"Свеча Корона малая, аромат Серебряный мускус",https://kultura-doma.ru/product/svecha-korona-malaya-aromat-serebryanyy-muskus,candle,atmosphere_or_drinks,,,,,10990,,белый,12х15 см,воск кокосовый,,unknown_from_feed,https://kultura-doma.ru/public/src/images/gallery/catalog/6a58eb31cac07_big.jpg,https://kultura-doma.ru/public/src/images/gallery/catalog/6a58eb31cac07_big.jpg|https://kultura-doma.ru/public/src/images/gallery/catalog/69b808c3b8cee_big.jpg|https://kultura-doma.ru/public/src/images/gallery/catalog/6a58eb3185e0d_big.jpg
1458,1458,УТ-00010983,,"Свеча Корона малая, аромат Золотой цветок",https://kultura-doma.ru/product/svecha-korona-malaya-aromat-zolotoy-cvetok,candle,atmosphere_or_drinks,,,,,10990,,белый,12х15 см,воск кокосовый,,unknown_from_feed,https://kultura-doma.ru/public/src/images/gallery/catalog/6a58eb154daa2_big.jpg,https://kultura-doma.ru/public/src/images/gallery/catalog/6a58eb154daa2_big.jpg|https://kultura-doma.ru/public/src/images/gallery/catalog/69ca2e5e2e635_big.jpg|https://kultura-doma.ru/public/src/images/gallery/catalog/6a58eb159123a_big.jpg
1457,1457,УТ-00010985,,"Свеча Корона малая, без аромата",https://kultura-doma.ru/product/svecha-korona-malaya-bez-aromata,candle,atmosphere_or_drinks,,,,,10990,,белый,12х15 см,воск кокосовый,,unknown_from_feed,https://kultura-doma.ru/public/src/images/gallery/catalog/6a58ead4111c8_big.jpg,https://kultura-doma.ru/public/src/images/gallery/catalog/6a58ead4111c8_big.jpg|https://kultura-doma.ru/public/src/images/gallery/catalog/69ca2efbefcf3_big.jpg|https://kultura-doma.ru/public/src/images/gallery/catalog/6a58ead45d0e3_big.jpg
1456,1456,УТ-00010981,Тайна острова Буяна,Свеча с ароматом Древесный табак Тайны острова Буяна,https://kultura-doma.ru/product/aromasvecha-bogatyr-svetlyy-v-keramicheskom-podsvechnike-s-kryshkoy-aromat-drevesnyy-tabak,candle,atmosphere_or_drinks,statement_accent,table|bedroom|decor,blue|milk|gold,fairytale|folklore|statement,9990,,белый,"12,5х16 см",воск кокосовый,,unknown_from_feed,https://kultura-doma.ru/public/src/images/gallery/catalog/6978c59a6fa8e_big.jpg,https://kultura-doma.ru/public/src/images/gallery/catalog/6978c59a6fa8e_big.jpg|https://kultura-doma.ru/public/src/images/gallery/catalog/69ca2f7634eed_big.jpg|https://kultura-doma.ru/public/src/images/gallery/catalog/6a5f7fb56d316_big.jpg
1455,1455,УТ-00010980,Тайна острова Буяна,Свеча с ароматом Уд Тайны острова Буяна,https://kultura-doma.ru/product/aromasvecha-kupol-temnaya-v-keramicheskom-podsvechnike-s-kryshkoy-aromat-ud,candle,atmosphere_or_drinks,statement_accent,table|bedroom|decor,blue|milk|gold,fairytale|folklore|statement,9990,,белый,11х16 см,воск кокосовый,,unknown_from_feed,https://kultura-doma.ru/public/src/images/gallery/catalog/6a5f809fd6922_big.jpg,https://kultura-doma.ru/public/src/images/gallery/catalog/6a5f809fd6922_big.jpg|https://kultura-doma.ru/public/src/images/gallery/catalog/69c2479438522_big.jpg|https://kultura-doma.ru/public/src/images/gallery/catalog/6a5f80a01d866_big.jpg
880,,УТ-00009375,,Подсвечник Ангел Классика,https://kultura-doma.ru/product/podsvechnik-angel-klassika,candle,atmosphere_or_drinks,,,,,990,,белый,,фарфор,,unknown_from_feed,https://kultura-doma.ru/public/src/images/gallery/catalog/686e8b72494f0_big.jpg,https://kultura-doma.ru/public/src/images/gallery/catalog/686e8b72494f0_big.jpg|https://kultura-doma.ru/public/src/images/gallery/catalog/686e8b7159c9e_big.jpg
861,861,УТ-00006853,,Набор свечей Зеленый сад,https://kultura-doma.ru/product/nabor-svechey-zelenyy-sad,candle,atmosphere_or_drinks,,,,,2990,,зеленый,35 см,,,unknown_from_feed,https://kultura-doma.ru/public/src/images/gallery/catalog/69df98ae459aa_big.jpg,https://kultura-doma.ru/public/src/images/gallery/catalog/69df98ae459aa_big.jpg|https://kultura-doma.ru/public/src/images/gallery/catalog/69e0b34e52c3f_big.jpg|https://kultura-doma.ru/public/src/images/gallery/catalog/69df98aee4955_big.jpg
860,860,УТ-00006850,,Набор свечей Латте и шоколад,https://kultura-doma.ru/product/nabor-svechey-latte-i-shokolad,candle,atmosphere_or_drinks,,,,,2990,,бежевый,35 см,,,unknown_from_feed,https://kultura-doma.ru/public/src/images/gallery/catalog/69df98bb6cadf_big.jpg,https://kultura-doma.ru/public/src/images/gallery/catalog/69df98bb6cadf_big.jpg|https://kultura-doma.ru/public/src/images/gallery/catalog/69df98bc07cfd_big.jpg
735,,УТ-00008695,,Подсвечник Росы,https://kultura-doma.ru/product/podsvechnik-rosy,candle,atmosphere_or_drinks,,,,,6900,,белый,,хрусталь,,unknown_from_feed,https://kultura-doma.ru/public/src/images/gallery/catalog/6a47b3e9acf68_big.jpg,https://kultura-doma.ru/public/src/images/gallery/catalog/6a47b3e9acf68_big.jpg|https://kultura-doma.ru/public/src/images/gallery/catalog/6a47b3ea3eb76_big.jpg|https://kultura-doma.ru/public/src/images/gallery/catalog/6a47b3e96f03c_big.jpg|https://kultura-doma.ru/public/src/images/gallery/catalog/6a47b3ea9e67c_big.jpg
125,,УТ-00007412,,Свеча Зеленый ревень,https://kultura-doma.ru/product/svecha-zelenyy-reven,candle,atmosphere_or_drinks,,,,,2500,5000,белый,,стекло,230 мл,unknown_from_feed,https://kultura-doma.ru/public/src/images/gallery/catalog/6a437469097d3_big.jpg,https://kultura-doma.ru/public/src/images/gallery/catalog/6a437469097d3_big.jpg|https://kultura-doma.ru/public/src/images/gallery/catalog/6a437468b7efd_big.jpg|https://kultura-doma.ru/public/src/images/gallery/catalog/6a43746954021_big.jpg|https://kultura-doma.ru/public/src/images/gallery/catalog/6a4374687191d_big.jpg
124,,УТ-00007411,,Свеча Розовое шампанское,https://kultura-doma.ru/product/svecha-rozovoe-shampanskoe,candle,atmosphere_or_drinks,,,,,2500,5000,белый,,стекло,230 мл,unknown_from_feed,https://kultura-doma.ru/public/src/images/gallery/catalog/6a437466768c7_big.jpg,https://kultura-doma.ru/public/src/images/gallery/catalog/6a437466768c7_big.jpg|https://kultura-doma.ru/public/src/images/gallery/catalog/6a437465dc000_big.jpg|https://kultura-doma.ru/public/src/images/gallery/catalog/6a437466c437d_big.jpg|https://kultura-doma.ru/public/src/images/gallery/catalog/6a43746630d4e_big.jpg
123,,УТ-00007410,,Свеча Южный сад,https://kultura-doma.ru/product/svecha-yuzhnyy-sad,candle,atmosphere_or_drinks,,,,,2500,5000,черный,,стекло,230 мл,unknown_from_feed,https://kultura-doma.ru/public/src/images/gallery/catalog/6a4374644bec9_big.jpg,https://kultura-doma.ru/public/src/images/gallery/catalog/6a4374644bec9_big.jpg|https://kultura-doma.ru/public/src/images/gallery/catalog/69e0dac21ff66_big.jpg|https://kultura-doma.ru/public/src/images/gallery/catalog/6a437463f0e22_big.jpg
122,,УТ-00007409,,Свеча Вишневый ликер,https://kultura-doma.ru/product/svecha-vishnevyy-liker,candle,atmosphere_or_drinks,,,,,2500,5000,черный,,стекло,230 мл,unknown_from_feed,https://kultura-doma.ru/public/src/images/gallery/catalog/6a43746253263_big.jpg,https://kultura-doma.ru/public/src/images/gallery/catalog/6a43746253263_big.jpg|https://kultura-doma.ru/public/src/images/gallery/catalog/69e0da58e99ec_big.jpg|https://kultura-doma.ru/public/src/images/gallery/catalog/6a43746200a5f_big.jpg
114,,УТ-00007182,,Свеча Уютный вечер,https://kultura-doma.ru/product/svecha-uyutnyy-vecher,candle,atmosphere_or_drinks,,,,,2500,5000,белый,,стекло,230 мл,unknown_from_feed,https://kultura-doma.ru/public/src/images/gallery/catalog/6a437444ef33a_big.jpg,https://kultura-doma.ru/public/src/images/gallery/catalog/6a437444ef33a_big.jpg|https://kultura-doma.ru/public/src/images/gallery/catalog/69e0d79e2b078_big.jpg|https://kultura-doma.ru/public/src/images/gallery/catalog/6a437444a13dd_big.jpg
113,,УТ-00007181,,Свеча Зимняя сказка,https://kultura-doma.ru/product/svecha-zimnyaya-skazka,candle,atmosphere_or_drinks,,,,,2500,5000,черный,,стекло,230 мл,unknown_from_feed,https://kultura-doma.ru/public/src/images/gallery/catalog/6a4374426c604_big.jpg,https://kultura-doma.ru/public/src/images/gallery/catalog/6a4374426c604_big.jpg|https://kultura-doma.ru/public/src/images/gallery/catalog/69e0dc5ee9025_big.jpg|https://kultura-doma.ru/public/src/images/gallery/catalog/6a4374421549f_big.jpg
112,,УТ-00007180,,Свеча Сласти,https://kultura-doma.ru/product/svecha-slasti,candle,atmosphere_or_drinks,,,,,2500,5000,черный,,стекло,230 мл,unknown_from_feed,https://kultura-doma.ru/public/src/images/gallery/catalog/6a43743f67e50_big.jpg,https://kultura-doma.ru/public/src/images/gallery/catalog/6a43743f67e50_big.jpg|https://kultura-doma.ru/public/src/images/gallery/catalog/69e0da15d9fa0_big.jpg|https://kultura-doma.ru/public/src/images/gallery/catalog/6a43743f0a7f8_big.jpg
103,103,УТ-00006856,,Набор свечей Мятные леденцы,https://kultura-doma.ru/product/nabor-svechey-myatnye-ledency,candle,atmosphere_or_drinks,,,,,2990,,зеленый,35 см,,,unknown_from_feed,https://kultura-doma.ru/public/src/images/gallery/catalog/69df98c44f7de_big.jpg,https://kultura-doma.ru/public/src/images/gallery/catalog/69df98c44f7de_big.jpg|https://kultura-doma.ru/public/src/images/gallery/catalog/69df98c48eb3f_big.jpg
102,102,УТ-00006855,,Набор свечей Вальс снежинок,https://kultura-doma.ru/product/nabor-svechey-val-s-snezhinok,candle,atmosphere_or_drinks,,,,,2990,,белый,35 см,,,unknown_from_feed,https://kultura-doma.ru/public/src/images/gallery/catalog/69df98a967619_big.jpg,https://kultura-doma.ru/public/src/images/gallery/catalog/69df98a967619_big.jpg|https://kultura-doma.ru/public/src/images/gallery/catalog/69e0b2d3b8c90_big.jpg|https://kultura-doma.ru/public/src/images/gallery/catalog/69df98a9b61e7_big.jpg
101,101,УТ-00006854,,Набор свечей Облака,https://kultura-doma.ru/product/nabor-svechey-oblaka,candle,atmosphere_or_drinks,,,,,2990,,голубой,35 см,,,unknown_from_feed,https://kultura-doma.ru/public/src/images/gallery/catalog/69df98c5d793a_big.jpg,https://kultura-doma.ru/public/src/images/gallery/catalog/69df98c5d793a_big.jpg|https://kultura-doma.ru/public/src/images/gallery/catalog/69df98c627de8_big.jpg
100,100,УТ-00006852,,Набор свечей Аленький цветочек,https://kultura-doma.ru/product/nabor-svechey-alen-kiy-cvetochek,candle,atmosphere_or_drinks,,,,,2990,,красный,35 см,,,unknown_from_feed,https://kultura-doma.ru/public/src/images/gallery/catalog/69df98cc524b6_big.jpg,https://kultura-doma.ru/public/src/images/gallery/catalog/69df98cc524b6_big.jpg|https://kultura-doma.ru/public/src/images/gallery/catalog/69e0b2474851a_big.jpg|https://kultura-doma.ru/public/src/images/gallery/catalog/69df98cc8f5c1_big.jpg
99,99,УТ-00006851,,Набор свечей Винный бархат,https://kultura-doma.ru/product/nabor-svechey-vinnyy-barhat,candle,atmosphere_or_drinks,,,,,2990,,бордовый,35 см,,,unknown_from_feed,https://kultura-doma.ru/public/src/images/gallery/catalog/69df98aaddf5c_big.jpg,https://kultura-doma.ru/public/src/images/gallery/catalog/69df98aaddf5c_big.jpg|https://kultura-doma.ru/public/src/images/gallery/catalog/69df98ab3cd3f_big.jpg
98,98,УТ-00006849,,Набор свечей Розовый жемчуг,https://kultura-doma.ru/product/nabor-svechey-rozovyy-zhemchug,candle,atmosphere_or_drinks,,,,,2990,,розовый,35 см,,,unknown_from_feed,https://kultura-doma.ru/public/src/images/gallery/catalog/69df98c95b0fd_big.jpg,https://kultura-doma.ru/public/src/images/gallery/catalog/69df98c95b0fd_big.jpg|https://kultura-doma.ru/public/src/images/gallery/catalog/69df98c919107_big.jpg|https://kultura-doma.ru/public/src/images/gallery/catalog/69df98c9dabff_big.jpg
97,97,УТ-00006848,,Набор свечей Три девицы,https://kultura-doma.ru/product/nabor-svechey-tri-devicy,candle,atmosphere_or_drinks,,,,,2990,,желтый,35 см,воск пальмовый,,unknown_from_feed,https://kultura-doma.ru/public/src/images/gallery/catalog/69df98cda7920_big.jpg,https://kultura-doma.ru/public/src/images/gallery/catalog/69df98cda7920_big.jpg|https://kultura-doma.ru/public/src/images/gallery/catalog/69e0b52042520_big.jpg|https://kultura-doma.ru/public/src/images/gallery/catalog/69df98cde822d_big.jpg
1735,1735,УТ-00012183,,Подсвечник Купель,https://kultura-doma.ru/product/podsvechnik-kupel,candle,atmosphere_or_drinks,,,,,29900,,серебристый,"6,5х6,5 см",латунь,,unknown_from_feed,https://kultura-doma.ru/public/src/images/gallery/catalog/69dd0611edbbb_big.png,https://kultura-doma.ru/public/src/images/gallery/catalog/69dd0611edbbb_big.png|https://kultura-doma.ru/public/src/images/gallery/catalog/69dcffc3e95a4_big.jpg|https://kultura-doma.ru/public/src/images/gallery/catalog/6a20369254e02_big.jpg|https://kultura-doma.ru/public/src/images/gallery/catalog/69dcffc59769c_big.jpg|https://kultura-doma.ru/public/src/images/gallery/catalog/69dcffc4cd68d_big.jpg
1737,1737,УТ-00012182,,Подсвечник Купель,https://kultura-doma.ru/product/podsvechnik-kupel-1737,candle,atmosphere_or_drinks,,,,,39900,,серебристый,10х8 см,латунь,,unknown_from_feed,https://kultura-doma.ru/public/src/images/gallery/catalog/69dd05df2e1e9_big.png,https://kultura-doma.ru/public/src/images/gallery/catalog/69dd05df2e1e9_big.png|https://kultura-doma.ru/public/src/images/gallery/catalog/69dd072a95b42_big.jpg|https://kultura-doma.ru/public/src/images/gallery/catalog/6a203690968bc_big.jpg|https://kultura-doma.ru/public/src/images/gallery/catalog/69dd05f749cd2_big.jpg|https://kultura-doma.ru/public/src/images/gallery/catalog/69dd05f791f47_big.jpg
1736,1736,УТ-00012181,,Подсвечник Купель,https://kultura-doma.ru/product/podsvechnik-kupel-1736,candle,atmosphere_or_drinks,,,,,49900,,серебристый,15х8 см,латунь,,unknown_from_feed,https://kultura-doma.ru/public/src/images/gallery/catalog/69dd059f990d0_big.png,https://kultura-doma.ru/public/src/images/gallery/catalog/69dd059f990d0_big.png|https://kultura-doma.ru/public/src/images/gallery/catalog/69dd07119887e_big.jpg|https://kultura-doma.ru/public/src/images/gallery/catalog/6a203693ec5c5_big.jpg|https://kultura-doma.ru/public/src/images/gallery/catalog/69dd05bdc15d4_big.jpg|https://kultura-doma.ru/public/src/images/gallery/catalog/69dd05bd73938_big.jpg
1409,1409,УТ-00011143,,Набор свечей Торжество,https://kultura-doma.ru/product/nabor-svechey-novogodnyaya-simfoniya,candle,atmosphere_or_drinks,,,,,2990,,красный,45 см,парафин,,unknown_from_feed,https://kultura-doma.ru/public/src/images/gallery/catalog/69df9866d5057_big.jpg,https://kultura-doma.ru/public/src/images/gallery/catalog/69df9866d5057_big.jpg|https://kultura-doma.ru/public/src/images/gallery/catalog/69e09fca73467_big.jpg
1408,1408,УТ-00011142,,Набор свечей Торжество,https://kultura-doma.ru/product/nabor-svechey-sokrovischa-snezhnoy-korolevy,candle,atmosphere_or_drinks,,,,,2990,,белый,45 см,парафин,,unknown_from_feed,https://kultura-doma.ru/public/src/images/gallery/catalog/69df9869800e4_big.jpg,https://kultura-doma.ru/public/src/images/gallery/catalog/69df9869800e4_big.jpg|https://kultura-doma.ru/public/src/images/gallery/catalog/69e0a1f1da4d7_big.jpg
1407,1407,УТ-00011141,,Набор свечей Весенний сад,https://kultura-doma.ru/product/nabor-svechey-novogodnee-puteshestvie,candle,atmosphere_or_drinks,,,,,2990,,зеленый,45 см,парафин,,unknown_from_feed,https://kultura-doma.ru/public/src/images/gallery/catalog/69df9867a661d_big.jpg,https://kultura-doma.ru/public/src/images/gallery/catalog/69df9867a661d_big.jpg
1371,1371,УТ-00010755,,Набор наволочек Классика,https://kultura-doma.ru/product/navolochka-klassika-1371,pillowcase_set,bedroom_layer,,,,,6390,,айвори,50х70 см,сатин,,unknown_from_feed,https://kultura-doma.ru/public/src/images/gallery/catalog/6a26902c7a0c8_big.jpg,https://kultura-doma.ru/public/src/images/gallery/catalog/6a26902c7a0c8_big.jpg|https://kultura-doma.ru/public/src/images/gallery/catalog/69bd629f5a30c_big.jpg|https://kultura-doma.ru/public/src/images/gallery/catalog/69bd629ee6496_big.jpg|https://kultura-doma.ru/public/src/images/gallery/catalog/69bd62a2e0288_big.jpg
1371-1512,1371,УТ-00010757,,Набор наволочек Классика: 50х90 см,https://kultura-doma.ru/product/navolochka-klassika-1371-size-50h90-sm,pillowcase_set,bedroom_layer,,,,,6790,,айвори,50х90 см,сатин,,unknown_from_feed,https://kultura-doma.ru/public/src/images/gallery/catalog/6a26902c7a0c8_big.jpg,https://kultura-doma.ru/public/src/images/gallery/catalog/6a26902c7a0c8_big.jpg|https://kultura-doma.ru/public/src/images/gallery/catalog/69bd629f5a30c_big.jpg|https://kultura-doma.ru/public/src/images/gallery/catalog/69bd629ee6496_big.jpg|https://kultura-doma.ru/public/src/images/gallery/catalog/69bd62a2e0288_big.jpg
1371-1513,1371,УТ-00010756,,Набор наволочек Классика: 70х70 см,https://kultura-doma.ru/product/navolochka-klassika-1371-size-70h70-sm,pillowcase_set,bedroom_layer,,,,,6590,,айвори,70х70 см,сатин,,unknown_from_feed,https://kultura-doma.ru/public/src/images/gallery/catalog/6a26902c7a0c8_big.jpg,https://kultura-doma.ru/public/src/images/gallery/catalog/6a26902c7a0c8_big.jpg|https://kultura-doma.ru/public/src/images/gallery/catalog/69bd629f5a30c_big.jpg|https://kultura-doma.ru/public/src/images/gallery/catalog/69bd629ee6496_big.jpg|https://kultura-doma.ru/public/src/images/gallery/catalog/69bd62a2e0288_big.jpg
1372,1372,УТ-00010758,,Набор наволочек Классика,https://kultura-doma.ru/product/nabor-navolochek-klassika,pillowcase_set,bedroom_layer,,,,,6390,,розовый,50х70 см,сатин,,unknown_from_feed,https://kultura-doma.ru/public/src/images/gallery/catalog/6a2963fa0bb06_big.jpg,https://kultura-doma.ru/public/src/images/gallery/catalog/6a2963fa0bb06_big.jpg|https://kultura-doma.ru/public/src/images/gallery/catalog/69bbc5e9e8e92_big.jpg|https://kultura-doma.ru/public/src/images/gallery/catalog/6a2963fa4c8d2_big.jpg
1372-1515,1372,УТ-00010760,,Набор наволочек Классика: 50х90 см,https://kultura-doma.ru/product/nabor-navolochek-klassika-size-50h90-sm,pillowcase_set,bedroom_layer,,,,,6790,,розовый,50х90 см,сатин,,unknown_from_feed,https://kultura-doma.ru/public/src/images/gallery/catalog/6a2963fa0bb06_big.jpg,https://kultura-doma.ru/public/src/images/gallery/catalog/6a2963fa0bb06_big.jpg|https://kultura-doma.ru/public/src/images/gallery/catalog/69bbc5e9e8e92_big.jpg|https://kultura-doma.ru/public/src/images/gallery/catalog/6a2963fa4c8d2_big.jpg
1372-1516,1372,УТ-00010759,,Набор наволочек Классика: 70х70 см,https://kultura-doma.ru/product/nabor-navolochek-klassika-size-70h70-sm,pillowcase_set,bedroom_layer,,,,,6590,,розовый,70х70 см,сатин,,unknown_from_feed,https://kultura-doma.ru/public/src/images/gallery/catalog/6a2963fa0bb06_big.jpg,https://kultura-doma.ru/public/src/images/gallery/catalog/6a2963fa0bb06_big.jpg|https://kultura-doma.ru/public/src/images/gallery/catalog/69bbc5e9e8e92_big.jpg|https://kultura-doma.ru/public/src/images/gallery/catalog/6a2963fa4c8d2_big.jpg
1373,1373,УТ-00010761,,Набор наволочек Классика,https://kultura-doma.ru/product/nabor-navolochek-klassika-1373,pillowcase_set,bedroom_layer,,,,,6390,,синий,50х70 см,сатин,,unknown_from_feed,https://kultura-doma.ru/public/src/images/gallery/catalog/6936c7af00dc1_big.jpg,https://kultura-doma.ru/public/src/images/gallery/catalog/6936c7af00dc1_big.jpg|https://kultura-doma.ru/public/src/images/gallery/catalog/69bd61cede79e_big.jpg|https://kultura-doma.ru/public/src/images/gallery/catalog/6936c7af82b47_big.jpg|https://kultura-doma.ru/public/src/images/gallery/catalog/69bd61c9839c5_big.jpg|https://kultura-doma.ru/public/src/images/gallery/catalog/69bd61cd909cd_big.jpg|https://kultura-doma.ru/public/src/images/gallery/catalog/6a29641a9a047_big.jpg|https://kultura-doma.ru/public/src/images/gallery/catalog/6a29641ae9cc8_big.jpg|https://kultura-doma.ru/public/src/images/gallery/catalog/6a29641b3f253_big.jpg
1373-1918,1373,УТ-00010762,,Набор наволочек Классика: 70х70 см,https://kultura-doma.ru/product/nabor-navolochek-klassika-1373-size-70h70-sm,pillowcase_set,bedroom_layer,,,,,6590,,синий,70х70 см,сатин,,unknown_from_feed,https://kultura-doma.ru/public/src/images/gallery/catalog/6936c7af00dc1_big.jpg,https://kultura-doma.ru/public/src/images/gallery/catalog/6936c7af00dc1_big.jpg|https://kultura-doma.ru/public/src/images/gallery/catalog/69bd61cede79e_big.jpg|https://kultura-doma.ru/public/src/images/gallery/catalog/6936c7af82b47_big.jpg|https://kultura-doma.ru/public/src/images/gallery/catalog/69bd61c9839c5_big.jpg|https://kultura-doma.ru/public/src/images/gallery/catalog/69bd61cd909cd_big.jpg|https://kultura-doma.ru/public/src/images/gallery/catalog/6a29641a9a047_big.jpg|https://kultura-doma.ru/public/src/images/gallery/catalog/6a29641ae9cc8_big.jpg|https://kultura-doma.ru/public/src/images/gallery/catalog/6a29641b3f253_big.jpg
1373-1920,1373,УТ-00010763,,Набор наволочек Классика: 50х90 см,https://kultura-doma.ru/product/nabor-navolochek-klassika-1373-size-50h90-sm,pillowcase_set,bedroom_layer,,,,,6790,,синий,50х90 см,сатин,,unknown_from_feed,https://kultura-doma.ru/public/src/images/gallery/catalog/6936c7af00dc1_big.jpg,https://kultura-doma.ru/public/src/images/gallery/catalog/6936c7af00dc1_big.jpg|https://kultura-doma.ru/public/src/images/gallery/catalog/69bd61cede79e_big.jpg|https://kultura-doma.ru/public/src/images/gallery/catalog/6936c7af82b47_big.jpg|https://kultura-doma.ru/public/src/images/gallery/catalog/69bd61c9839c5_big.jpg|https://kultura-doma.ru/public/src/images/gallery/catalog/69bd61cd909cd_big.jpg|https://kultura-doma.ru/public/src/images/gallery/catalog/6a29641a9a047_big.jpg|https://kultura-doma.ru/public/src/images/gallery/catalog/6a29641ae9cc8_big.jpg|https://kultura-doma.ru/public/src/images/gallery/catalog/6a29641b3f253_big.jpg
1406,1406,УТ-00011140,,Набор свечей Праздничный вечер,https://kultura-doma.ru/product/nabor-svechey-prazdnichnyy-vecher,candle,atmosphere_or_drinks,,,,,2990,,красный,45 см,парафин,,unknown_from_feed,https://kultura-doma.ru/public/src/images/gallery/catalog/69df9865d2e13_big.jpg,https://kultura-doma.ru/public/src/images/gallery/catalog/69df9865d2e13_big.jpg
1480,1480,УТ-00010561,,Набор наволочек Классика,https://kultura-doma.ru/product/klmplekt-navolochek-klassika-70h70-belyy,pillowcase_set,bedroom_layer,,,,,5190,,белый,50х70 см,сатин,,unknown_from_feed,https://kultura-doma.ru/public/src/images/gallery/catalog/69661b8fe2ba7_big.jpg,https://kultura-doma.ru/public/src/images/gallery/catalog/69661b8fe2ba7_big.jpg|https://kultura-doma.ru/public/src/images/gallery/catalog/69bbc5cf96f28_big.jpg|https://kultura-doma.ru/public/src/images/gallery/catalog/69661b8f8a271_big.jpg|https://kultura-doma.ru/public/src/images/gallery/catalog/69661b90427a3_big.jpg|https://kultura-doma.ru/public/src/images/gallery/catalog/6a268fe23195f_big.jpg|https://kultura-doma.ru/public/src/images/gallery/catalog/6a268fe290a83_big.jpg|https://kultura-doma.ru/public/src/images/gallery/catalog/6a268fe2df3ca_big.jpg
1480-1915,1480,УТ-00010561,,Набор наволочек Классика: 70х70 см,https://kultura-doma.ru/product/klmplekt-navolochek-klassika-70h70-belyy-size-70h70-sm,pillowcase_set,bedroom_layer,,,,,5490,,белый,70х70 см,сатин,,unknown_from_feed,https://kultura-doma.ru/public/src/images/gallery/catalog/69661b8fe2ba7_big.jpg,https://kultura-doma.ru/public/src/images/gallery/catalog/69661b8fe2ba7_big.jpg|https://kultura-doma.ru/public/src/images/gallery/catalog/69bbc5cf96f28_big.jpg|https://kultura-doma.ru/public/src/images/gallery/catalog/69661b8f8a271_big.jpg|https://kultura-doma.ru/public/src/images/gallery/catalog/69661b90427a3_big.jpg|https://kultura-doma.ru/public/src/images/gallery/catalog/6a268fe23195f_big.jpg|https://kultura-doma.ru/public/src/images/gallery/catalog/6a268fe290a83_big.jpg|https://kultura-doma.ru/public/src/images/gallery/catalog/6a268fe2df3ca_big.jpg
1480-1916,1480,УТ-00010562,,Набор наволочек Классика: 50х90 см,https://kultura-doma.ru/product/klmplekt-navolochek-klassika-70h70-belyy-size-50h90-sm,pillowcase_set,bedroom_layer,,,,,5390,,белый,50х90 см,сатин,,unknown_from_feed,https://kultura-doma.ru/public/src/images/gallery/catalog/69661b8fe2ba7_big.jpg,https://kultura-doma.ru/public/src/images/gallery/catalog/69661b8fe2ba7_big.jpg|https://kultura-doma.ru/public/src/images/gallery/catalog/69bbc5cf96f28_big.jpg|https://kultura-doma.ru/public/src/images/gallery/catalog/69661b8f8a271_big.jpg|https://kultura-doma.ru/public/src/images/gallery/catalog/69661b90427a3_big.jpg|https://kultura-doma.ru/public/src/images/gallery/catalog/6a268fe23195f_big.jpg|https://kultura-doma.ru/public/src/images/gallery/catalog/6a268fe290a83_big.jpg|https://kultura-doma.ru/public/src/images/gallery/catalog/6a268fe2df3ca_big.jpg
1482,1482,УТ-00010764,,Набор наволочек Классика,https://kultura-doma.ru/product/komplekt-navolochek-klassika-50h70-platinovyy,pillowcase_set,bedroom_layer,,,,,6390,,серый,50х70 см,сатин,,unknown_from_feed,https://kultura-doma.ru/public/src/images/gallery/catalog/696618d19f0dc_big.jpg,https://kultura-doma.ru/public/src/images/gallery/catalog/696618d19f0dc_big.jpg|https://kultura-doma.ru/public/src/images/gallery/catalog/69bd622164c4b_big.jpg|https://kultura-doma.ru/public/src/images/gallery/catalog/69bd62255389d_big.jpg|https://kultura-doma.ru/public/src/images/gallery/catalog/696618d1585b9_big.jpg|https://kultura-doma.ru/public/src/images/gallery/catalog/69bd621d3e8a0_big.jpg|https://kultura-doma.ru/public/src/images/gallery/catalog/696618d204364_big.jpg|https://kultura-doma.ru/public/src/images/gallery/catalog/69bd62237387b_big.jpg|https://kultura-doma.ru/public/src/images/gallery/catalog/6a268fcecf208_big.jpg|https://kultura-doma.ru/public/src/images/gallery/catalog/6a268fcf24283_big.jpg|https://kultura-doma.ru/public/src/images/gallery/catalog/6a268fcf631c5_big.jpg
1482-1919,1482,УТ-00010765,,Набор наволочек Классика: 70х70 см,https://kultura-doma.ru/product/komplekt-navolochek-klassika-50h70-platinovyy-size-70h70-sm,pillowcase_set,bedroom_layer,,,,,6590,,серый,70х70 см,сатин,,unknown_from_feed,https://kultura-doma.ru/public/src/images/gallery/catalog/696618d19f0dc_big.jpg,https://kultura-doma.ru/public/src/images/gallery/catalog/696618d19f0dc_big.jpg|https://kultura-doma.ru/public/src/images/gallery/catalog/69bd622164c4b_big.jpg|https://kultura-doma.ru/public/src/images/gallery/catalog/69bd62255389d_big.jpg|https://kultura-doma.ru/public/src/images/gallery/catalog/696618d1585b9_big.jpg|https://kultura-doma.ru/public/src/images/gallery/catalog/69bd621d3e8a0_big.jpg|https://kultura-doma.ru/public/src/images/gallery/catalog/696618d204364_big.jpg|https://kultura-doma.ru/public/src/images/gallery/catalog/69bd62237387b_big.jpg|https://kultura-doma.ru/public/src/images/gallery/catalog/6a268fcecf208_big.jpg|https://kultura-doma.ru/public/src/images/gallery/catalog/6a268fcf24283_big.jpg|https://kultura-doma.ru/public/src/images/gallery/catalog/6a268fcf631c5_big.jpg
1482-1921,1482,УТ-00010766,,Набор наволочек Классика: 50х90 см,https://kultura-doma.ru/product/komplekt-navolochek-klassika-50h70-platinovyy-size-50h90-sm,pillowcase_set,bedroom_layer,,,,,6790,,серый,50х90 см,сатин,,unknown_from_feed,https://kultura-doma.ru/public/src/images/gallery/catalog/696618d19f0dc_big.jpg,https://kultura-doma.ru/public/src/images/gallery/catalog/696618d19f0dc_big.jpg|https://kultura-doma.ru/public/src/images/gallery/catalog/69bd622164c4b_big.jpg|https://kultura-doma.ru/public/src/images/gallery/catalog/69bd62255389d_big.jpg|https://kultura-doma.ru/public/src/images/gallery/catalog/696618d1585b9_big.jpg|https://kultura-doma.ru/public/src/images/gallery/catalog/69bd621d3e8a0_big.jpg|https://kultura-doma.ru/public/src/images/gallery/catalog/696618d204364_big.jpg|https://kultura-doma.ru/public/src/images/gallery/catalog/69bd62237387b_big.jpg|https://kultura-doma.ru/public/src/images/gallery/catalog/6a268fcecf208_big.jpg|https://kultura-doma.ru/public/src/images/gallery/catalog/6a268fcf24283_big.jpg|https://kultura-doma.ru/public/src/images/gallery/catalog/6a268fcf631c5_big.jpg
1828,1828,УТ-00011892,,Набор салфеток Весенний Букет,https://kultura-doma.ru/product/nabor-salfetok-vesenniy-buket,napkin,table_textile,,,,,6490,,белый,45х45 см,сатин,,unknown_from_feed,https://kultura-doma.ru/public/src/images/gallery/catalog/6a3e81a9c824b_big.jpg,https://kultura-doma.ru/public/src/images/gallery/catalog/6a3e81a9c824b_big.jpg|https://kultura-doma.ru/public/src/images/gallery/catalog/6a3e81aa667cb_big.jpg|https://kultura-doma.ru/public/src/images/gallery/catalog/6a19a63e513bd_big.jpg|https://kultura-doma.ru/public/src/images/gallery/catalog/6a3e81aac31fb_big.jpg|https://kultura-doma.ru/public/src/images/gallery/catalog/6a19a5f89ab41_big.jpg|https://kultura-doma.ru/public/src/images/gallery/catalog/6a3e81ab28ab7_big.jpg|https://kultura-doma.ru/public/src/images/gallery/catalog/6a19a622e0ee8_big.jpg|https://kultura-doma.ru/public/src/images/gallery/catalog/6a3e81ab6f433_big.jpg|https://kultura-doma.ru/public/src/images/gallery/catalog/6a19a655cc036_big.jpg
1405,1405,УТ-00011139,,Набор свечей Праздничный вечер,https://kultura-doma.ru/product/nabor-svechey-zimnee-volshebstvo,candle,atmosphere_or_drinks,,,,,2990,,белый,45 см,парафин,,unknown_from_feed,https://kultura-doma.ru/public/src/images/gallery/catalog/69df9868914cb_big.jpg,https://kultura-doma.ru/public/src/images/gallery/catalog/69df9868914cb_big.jpg
1779,1779,УТ-00011715,,Комплект постельного белья Цветущий сад,https://kultura-doma.ru/product/komplekt-postel-nogo-bel-ya-cvetuschiy-sad,bedding_set,bedroom_layer,,,,,29900,,бежевый,Евро (200х220 см),сатин,,unknown_from_feed,https://kultura-doma.ru/public/src/images/gallery/catalog/6a1eedbbd5cc5_big.jpg,https://kultura-doma.ru/public/src/images/gallery/catalog/6a1eedbbd5cc5_big.jpg|https://kultura-doma.ru/public/src/images/gallery/catalog/6a34f03da2d92_big.jpg|https://kultura-doma.ru/public/src/images/gallery/catalog/6a13fa05d3f23_big.jpg|https://kultura-doma.ru/public/src/images/gallery/catalog/6a34f03e3d23c_big.jpg|https://kultura-doma.ru/public/src/images/gallery/catalog/6a34f03dea02b_big.jpg|https://kultura-doma.ru/public/src/images/gallery/catalog/6a13fa0819c1f_big.jpg|https://kultura-doma.ru/public/src/images/gallery/catalog/6a13fa09e8e1c_big.jpg|https://kultura-doma.ru/public/src/images/gallery/catalog/6a1846b937b25_big.jpg|https://kultura-doma.ru/public/src/images/gallery/catalog/6a34f03ec8cc9_big.jpg|https://kultura-doma.ru/public/src/images/gallery/catalog/6a34f03f13bcb_big.jpg
1779-2215,1779,УТ-00011717,,Комплект постельного белья Цветущий сад: Семейный,https://kultura-doma.ru/product/komplekt-postel-nogo-bel-ya-cvetuschiy-sad-size-semeynyy,bedding_set,bedroom_layer,,,,,35900,,бежевый,Семейный (145х200 см х 2 шт),сатин,,unknown_from_feed,https://kultura-doma.ru/public/src/images/gallery/catalog/6a1eedbbd5cc5_big.jpg,https://kultura-doma.ru/public/src/images/gallery/catalog/6a1eedbbd5cc5_big.jpg|https://kultura-doma.ru/public/src/images/gallery/catalog/6a34f03da2d92_big.jpg|https://kultura-doma.ru/public/src/images/gallery/catalog/6a13fa05d3f23_big.jpg|https://kultura-doma.ru/public/src/images/gallery/catalog/6a34f03e3d23c_big.jpg|https://kultura-doma.ru/public/src/images/gallery/catalog/6a34f03dea02b_big.jpg|https://kultura-doma.ru/public/src/images/gallery/catalog/6a13fa0819c1f_big.jpg|https://kultura-doma.ru/public/src/images/gallery/catalog/6a13fa09e8e1c_big.jpg|https://kultura-doma.ru/public/src/images/gallery/catalog/6a1846b937b25_big.jpg|https://kultura-doma.ru/public/src/images/gallery/catalog/6a34f03ec8cc9_big.jpg|https://kultura-doma.ru/public/src/images/gallery/catalog/6a34f03f13bcb_big.jpg
1779-2526,1779,УТ-00011716,,Комплект постельного белья Цветущий сад: Кинг-сайз,https://kultura-doma.ru/product/komplekt-postel-nogo-bel-ya-cvetuschiy-sad-size-kingsayz-2526,bedding_set,bedroom_layer,,,,,33900,,бежевый,Кинг-сайз (220х240 см),сатин,,unknown_from_feed,https://kultura-doma.ru/public/src/images/gallery/catalog/6a1eedbbd5cc5_big.jpg,https://kultura-doma.ru/public/src/images/gallery/catalog/6a1eedbbd5cc5_big.jpg|https://kultura-doma.ru/public/src/images/gallery/catalog/6a34f03da2d92_big.jpg|https://kultura-doma.ru/public/src/images/gallery/catalog/6a13fa05d3f23_big.jpg|https://kultura-doma.ru/public/src/images/gallery/catalog/6a34f03e3d23c_big.jpg|https://kultura-doma.ru/public/src/images/gallery/catalog/6a34f03dea02b_big.jpg|https://kultura-doma.ru/public/src/images/gallery/catalog/6a13fa0819c1f_big.jpg|https://kultura-doma.ru/public/src/images/gallery/catalog/6a13fa09e8e1c_big.jpg|https://kultura-doma.ru/public/src/images/gallery/catalog/6a1846b937b25_big.jpg|https://kultura-doma.ru/public/src/images/gallery/catalog/6a34f03ec8cc9_big.jpg|https://kultura-doma.ru/public/src/images/gallery/catalog/6a34f03f13bcb_big.jpg
858,858,УТ-00006960,,Ковер Шаги времени,https://kultura-doma.ru/product/kover-shagi-vremeni-858,rug,other,,,,,283500,405000,мультиколор,137х185 см,шерсть,,unknown_from_feed,https://kultura-doma.ru/public/src/images/gallery/catalog/6a145cf4727e9_big.JPG,https://kultura-doma.ru/public/src/images/gallery/catalog/6a145cf4727e9_big.JPG|https://kultura-doma.ru/public/src/images/gallery/catalog/6a145cc32202d_big.jpg|https://kultura-doma.ru/public/src/images/gallery/catalog/6a145c6f591d8_big.JPG|https://kultura-doma.ru/public/src/images/gallery/catalog/6a145c71b0aaa_big.JPG|https://kultura-doma.ru/public/src/images/gallery/catalog/6a145cc492bde_big.jpg|https://kultura-doma.ru/public/src/images/gallery/catalog/6a145cc43321f_big.jpg|https://kultura-doma.ru/public/src/images/gallery/catalog/6a145c7c407ee_big.jpg|https://kultura-doma.ru/public/src/images/gallery/catalog/6a145c74f1e80_big.jpg
292,,УТ-00009776,,Соусник Классика,https://kultura-doma.ru/product/sousnik-klassika,other,other,,,,,1730,,белый,120х70 см,фарфор,150 мл,unknown_from_feed,https://kultura-doma.ru/public/src/images/gallery/catalog/69f06b7ac72b5_big.jpg,https://kultura-doma.ru/public/src/images/gallery/catalog/69f06b7ac72b5_big.jpg|https://kultura-doma.ru/public/src/images/gallery/catalog/69f06b7a93853_big.jpg|https://kultura-doma.ru/public/src/images/gallery/catalog/69f06b7a5dc97_big.jpg|https://kultura-doma.ru/public/src/images/gallery/catalog/69f06b7a28c34_big.jpg|https://kultura-doma.ru/public/src/images/gallery/catalog/69f06b7b08dfd_big.jpg|https://kultura-doma.ru/public/src/images/gallery/catalog/69f06b7b44b34_big.jpg
1491,1491,УТ-00010326,,Простыня на резинке Классика,https://kultura-doma.ru/product/prostynya-na-rezinke-klassika-200h200h40-sm-belaya,other,other,,,,,10490,,белый,160х200х40 см,сатин,,unknown_from_feed,https://kultura-doma.ru/public/src/images/gallery/catalog/6a3900b8df84a_big.jpg,https://kultura-doma.ru/public/src/images/gallery/catalog/6a3900b8df84a_big.jpg|https://kultura-doma.ru/public/src/images/gallery/catalog/69c13b5715162_big.jpg|https://kultura-doma.ru/public/src/images/gallery/catalog/69c13b683c810_big.jpg|https://kultura-doma.ru/public/src/images/gallery/catalog/6a3900b88360f_big.jpg
1491-1624,1491,УТ-00010326,,Простыня на резинке Классика: 200х200х40 см,https://kultura-doma.ru/product/prostynya-na-rezinke-klassika-200h200h40-sm-belaya-size-200h200h40,other,other,,,,,10990,,белый,200х200х40 см,сатин,,unknown_from_feed,https://kultura-doma.ru/public/src/images/gallery/catalog/6a3900b8df84a_big.jpg,https://kultura-doma.ru/public/src/images/gallery/catalog/6a3900b8df84a_big.jpg|https://kultura-doma.ru/public/src/images/gallery/catalog/69c13b5715162_big.jpg|https://kultura-doma.ru/public/src/images/gallery/catalog/69c13b683c810_big.jpg|https://kultura-doma.ru/public/src/images/gallery/catalog/6a3900b88360f_big.jpg
1491-1625,1491,УТ-00010325,,Простыня на резинке Классика: 180х200х40 см,https://kultura-doma.ru/product/prostynya-na-rezinke-klassika-200h200h40-sm-belaya-size-180h200h40,other,other,,,,,10790,,белый,180х200х40 см,сатин,,unknown_from_feed,https://kultura-doma.ru/public/src/images/gallery/catalog/6a3900b8df84a_big.jpg,https://kultura-doma.ru/public/src/images/gallery/catalog/6a3900b8df84a_big.jpg|https://kultura-doma.ru/public/src/images/gallery/catalog/69c13b5715162_big.jpg|https://kultura-doma.ru/public/src/images/gallery/catalog/69c13b683c810_big.jpg|https://kultura-doma.ru/public/src/images/gallery/catalog/6a3900b88360f_big.jpg
1492,1492,УТ-00010329,,Простыня на резинке Классика,https://kultura-doma.ru/product/prostynya-na-rezinke-klassika-200h200h40-sm-slivochnyy,other,other,,,,,9200,,сливочный,160х200х40 см,сатин,,unknown_from_feed,https://kultura-doma.ru/public/src/images/gallery/catalog/6a3900d3c9719_big.jpg,https://kultura-doma.ru/public/src/images/gallery/catalog/6a3900d3c9719_big.jpg|https://kultura-doma.ru/public/src/images/gallery/catalog/6a3900d37d39f_big.jpg
1492-1627,1492,УТ-00010329,,Простыня на резинке Классика: 200х200х40 см,https://kultura-doma.ru/product/prostynya-na-rezinke-klassika-200h200h40-sm-slivochnyy-size-200h200h40,other,other,,,,,9700,,сливочный,200х200х40 см,сатин,,unknown_from_feed,https://kultura-doma.ru/public/src/images/gallery/catalog/6a3900d3c9719_big.jpg,https://kultura-doma.ru/public/src/images/gallery/catalog/6a3900d3c9719_big.jpg|https://kultura-doma.ru/public/src/images/gallery/catalog/6a3900d37d39f_big.jpg
1492-1628,1492,УТ-00010328,,Простыня на резинке Классика: 180х200х40 см,https://kultura-doma.ru/product/prostynya-na-rezinke-klassika-200h200h40-sm-slivochnyy-size-180h200h40,other,other,,,,,9500,,сливочный,180х200х40 см,сатин,,unknown_from_feed,https://kultura-doma.ru/public/src/images/gallery/catalog/6a3900d3c9719_big.jpg,https://kultura-doma.ru/public/src/images/gallery/catalog/6a3900d3c9719_big.jpg|https://kultura-doma.ru/public/src/images/gallery/catalog/6a3900d37d39f_big.jpg
1493,1493,УТ-00010335,,Простыня на резинке Классика,https://kultura-doma.ru/product/prostynya-na-rezinke-klassika-200h200h40-sm-temnosiniy,other,other,,,,,10490,,синий,160х200х40 см,сатин,,unknown_from_feed,https://kultura-doma.ru/public/src/images/gallery/catalog/6a391a5ee32d4_big.jpg,https://kultura-doma.ru/public/src/images/gallery/catalog/6a391a5ee32d4_big.jpg|https://kultura-doma.ru/public/src/images/gallery/catalog/69c13b2678582_big.jpg|https://kultura-doma.ru/public/src/images/gallery/catalog/6a391a5e2d611_big.jpg|https://kultura-doma.ru/public/src/images/gallery/catalog/69c13b123e67c_big.jpg|https://kultura-doma.ru/public/src/images/gallery/catalog/696a4a29aedbf_big.jpg
1493-1630,1493,УТ-00010335,,Простыня на резинке Классика: 200х200х40 см,https://kultura-doma.ru/product/prostynya-na-rezinke-klassika-200h200h40-sm-temnosiniy-size-200h200h40,other,other,,,,,13900,,синий,200х200х40 см,сатин,,unknown_from_feed,https://kultura-doma.ru/public/src/images/gallery/catalog/6a391a5ee32d4_big.jpg,https://kultura-doma.ru/public/src/images/gallery/catalog/6a391a5ee32d4_big.jpg|https://kultura-doma.ru/public/src/images/gallery/catalog/69c13b2678582_big.jpg|https://kultura-doma.ru/public/src/images/gallery/catalog/6a391a5e2d611_big.jpg|https://kultura-doma.ru/public/src/images/gallery/catalog/69c13b123e67c_big.jpg|https://kultura-doma.ru/public/src/images/gallery/catalog/696a4a29aedbf_big.jpg
1493-1631,1493,УТ-00010334,,Простыня на резинке Классика: 180х200х40 см,https://kultura-doma.ru/product/prostynya-na-rezinke-klassika-200h200h40-sm-temnosiniy-size-180h200h40,other,other,,,,,13700,,синий,180х200х40 см,сатин,,unknown_from_feed,https://kultura-doma.ru/public/src/images/gallery/catalog/6a391a5ee32d4_big.jpg,https://kultura-doma.ru/public/src/images/gallery/catalog/6a391a5ee32d4_big.jpg|https://kultura-doma.ru/public/src/images/gallery/catalog/69c13b2678582_big.jpg|https://kultura-doma.ru/public/src/images/gallery/catalog/6a391a5e2d611_big.jpg|https://kultura-doma.ru/public/src/images/gallery/catalog/69c13b123e67c_big.jpg|https://kultura-doma.ru/public/src/images/gallery/catalog/696a4a29aedbf_big.jpg
1494,1494,УТ-00010338,,Простыня на резинке Классика,https://kultura-doma.ru/product/prostynya-na-rezinke-klassika-200h200h40-sm-platinovyy,other,other,,,,,10490,,серый,160х200х40 см,сатин,,unknown_from_feed,https://kultura-doma.ru/public/src/images/gallery/catalog/6a3900cd318f0_big.jpg,https://kultura-doma.ru/public/src/images/gallery/catalog/6a3900cd318f0_big.jpg|https://kultura-doma.ru/public/src/images/gallery/catalog/6a3900cbde0de_big.jpg
1494-1633,1494,УТ-00010338,,Простыня на резинке Классика: 200х200х40 см,https://kultura-doma.ru/product/prostynya-na-rezinke-klassika-200h200h40-sm-platinovyy-size-200h200h40,other,other,,,,,12900,,серый,200х200х40 см,сатин,,unknown_from_feed,https://kultura-doma.ru/public/src/images/gallery/catalog/6a3900cd318f0_big.jpg,https://kultura-doma.ru/public/src/images/gallery/catalog/6a3900cd318f0_big.jpg|https://kultura-doma.ru/public/src/images/gallery/catalog/6a3900cbde0de_big.jpg
1494-1634,1494,УТ-00010337,,Простыня на резинке Классика: 180х200х40 см,https://kultura-doma.ru/product/prostynya-na-rezinke-klassika-200h200h40-sm-platinovyy-size-180h200h40,other,other,,,,,10790,,серый,180х200х40 см,сатин,,unknown_from_feed,https://kultura-doma.ru/public/src/images/gallery/catalog/6a3900cd318f0_big.jpg,https://kultura-doma.ru/public/src/images/gallery/catalog/6a3900cd318f0_big.jpg|https://kultura-doma.ru/public/src/images/gallery/catalog/6a3900cbde0de_big.jpg
1494-2303,1494,УТ-00010336,,Простыня на резинке Классика,https://kultura-doma.ru/product/prostynya-na-rezinke-klassika-200h200h40-sm-platinovyy-size-200h160h40-sm,other,other,,,,,10490,,серый,,сатин,,unknown_from_feed,https://kultura-doma.ru/public/src/images/gallery/catalog/6a3900cd318f0_big.jpg,https://kultura-doma.ru/public/src/images/gallery/catalog/6a3900cd318f0_big.jpg|https://kultura-doma.ru/public/src/images/gallery/catalog/6a3900cbde0de_big.jpg
1494-2304,1494,УТ-00010337,,Простыня на резинке Классика,https://kultura-doma.ru/product/prostynya-na-rezinke-klassika-200h200h40-sm-platinovyy-size-200h180h40-sm,other,other,,,,,10790,,серый,,сатин,,unknown_from_feed,https://kultura-doma.ru/public/src/images/gallery/catalog/6a3900cd318f0_big.jpg,https://kultura-doma.ru/public/src/images/gallery/catalog/6a3900cd318f0_big.jpg|https://kultura-doma.ru/public/src/images/gallery/catalog/6a3900cbde0de_big.jpg
1712,1712,УТ-00010330,,Простыня на резинке Классика,https://kultura-doma.ru/product/prostynya-na-rezinke-klassika,other,other,,,,,10490,,бежевый,160х200х40 см,сатин,,unknown_from_feed,https://kultura-doma.ru/public/src/images/gallery/catalog/6a3900e638048_big.jpg,https://kultura-doma.ru/public/src/images/gallery/catalog/6a3900e638048_big.jpg|https://kultura-doma.ru/public/src/images/gallery/catalog/6a3900e460ca2_big.jpg|https://kultura-doma.ru/public/src/images/gallery/catalog/6a3900e6be1af_big.jpg
1712-1943,1712,УТ-00010331,,Простыня на резинке Классика: 180х200х40 см,https://kultura-doma.ru/product/prostynya-na-rezinke-klassika-size-180h200h40,other,other,,,,,10790,,бежевый,180х200х40 см,сатин,,unknown_from_feed,https://kultura-doma.ru/public/src/images/gallery/catalog/6a3900e638048_big.jpg,https://kultura-doma.ru/public/src/images/gallery/catalog/6a3900e638048_big.jpg|https://kultura-doma.ru/public/src/images/gallery/catalog/6a3900e460ca2_big.jpg|https://kultura-doma.ru/public/src/images/gallery/catalog/6a3900e6be1af_big.jpg
1712-1944,1712,УТ-00010332,,Простыня на резинке Классика: 200х200х40 см,https://kultura-doma.ru/product/prostynya-na-rezinke-klassika-size-200h200h40,other,other,,,,,10990,,бежевый,200х200х40 см,сатин,,unknown_from_feed,https://kultura-doma.ru/public/src/images/gallery/catalog/6a3900e638048_big.jpg,https://kultura-doma.ru/public/src/images/gallery/catalog/6a3900e638048_big.jpg|https://kultura-doma.ru/public/src/images/gallery/catalog/6a3900e460ca2_big.jpg|https://kultura-doma.ru/public/src/images/gallery/catalog/6a3900e6be1af_big.jpg
1759,1759,УТ-00011877,Голубые цветы,Скатерть Голубые цветы,https://kultura-doma.ru/product/skatert-golubye-cvety-1759,tablecloth,table_textile,neutral_accent,table|decor,milk|blue|green,floral|botanical|soft,24900,,зеленый,180х250 см,сатин,,unknown_from_feed,https://kultura-doma.ru/public/src/images/gallery/catalog/6a3014bde0824_big.jpg,https://kultura-doma.ru/public/src/images/gallery/catalog/6a3014bde0824_big.jpg|https://kultura-doma.ru/public/src/images/gallery/catalog/6a0c360a1f641_big.jpg|https://kultura-doma.ru/public/src/images/gallery/catalog/6a0c50432a6ba_big.JPG|https://kultura-doma.ru/public/src/images/gallery/catalog/6a0c36075a714_big.jpg|https://kultura-doma.ru/public/src/images/gallery/catalog/6a0c36088f68a_big.jpg|https://kultura-doma.ru/public/src/images/gallery/catalog/6a0c4f5c407fe_big.jpg|https://kultura-doma.ru/public/src/images/gallery/catalog/6a0c3603629c1_big.jpg|https://kultura-doma.ru/public/src/images/gallery/catalog/6a0c3604c3797_big.jpg|https://kultura-doma.ru/public/src/images/gallery/catalog/6a0c360612e88_big.jpg
1759-2197,1759,УТ-00011878,Голубые цветы,Скатерть Голубые цветы: 180х350 см,https://kultura-doma.ru/product/skatert-golubye-cvety-1759-size-180h350-sm,tablecloth,table_textile,neutral_accent,table|decor,milk|blue|green,floral|botanical|soft,27900,,зеленый,180х350 см,сатин,,unknown_from_feed,https://kultura-doma.ru/public/src/images/gallery/catalog/6a3014bde0824_big.jpg,https://kultura-doma.ru/public/src/images/gallery/catalog/6a3014bde0824_big.jpg|https://kultura-doma.ru/public/src/images/gallery/catalog/6a0c360a1f641_big.jpg|https://kultura-doma.ru/public/src/images/gallery/catalog/6a0c50432a6ba_big.JPG|https://kultura-doma.ru/public/src/images/gallery/catalog/6a0c36075a714_big.jpg|https://kultura-doma.ru/public/src/images/gallery/catalog/6a0c36088f68a_big.jpg|https://kultura-doma.ru/public/src/images/gallery/catalog/6a0c4f5c407fe_big.jpg|https://kultura-doma.ru/public/src/images/gallery/catalog/6a0c3603629c1_big.jpg|https://kultura-doma.ru/public/src/images/gallery/catalog/6a0c3604c3797_big.jpg|https://kultura-doma.ru/public/src/images/gallery/catalog/6a0c360612e88_big.jpg
1760,1760,УТ-00011977,Голубые цветы,Скатерть Голубые цветы,https://kultura-doma.ru/product/skatert-golubye-cvety-1760,tablecloth,table_textile,neutral_accent,table|decor,milk|blue|green,floral|botanical|soft,24900,,зеленый,170x200 см,сатин,,unknown_from_feed,https://kultura-doma.ru/public/src/images/gallery/catalog/6a3014ebb1a0f_big.jpg,https://kultura-doma.ru/public/src/images/gallery/catalog/6a3014ebb1a0f_big.jpg|https://kultura-doma.ru/public/src/images/gallery/catalog/6a1058f8998f0_big.jpg|https://kultura-doma.ru/public/src/images/gallery/catalog/6a0c50587d701_big.JPG|https://kultura-doma.ru/public/src/images/gallery/catalog/6a1058f77c354_big.jpg|https://kultura-doma.ru/public/src/images/gallery/catalog/6a105f317b485_big.jpg|https://kultura-doma.ru/public/src/images/gallery/catalog/6a0c4f897d87a_big.jpg|https://kultura-doma.ru/public/src/images/gallery/catalog/6a105f327c5e2_big.jpg|https://kultura-doma.ru/public/src/images/gallery/catalog/6a0c4f89c0dcf_big.jpg
1761,1761,УТ-00011721,Голубые цветы,Комплект постельного белья Небесный,https://kultura-doma.ru/product/komplekt-postel-nogo-bel-ya-nebesnyy,bedding_set,bedroom_layer,neutral_accent,table|decor,milk|blue|green,floral|botanical|soft,34900,,голубой,Евро (200х220 см),сатин,,unknown_from_feed,https://kultura-doma.ru/public/src/images/gallery/catalog/6a1eed82e6244_big.jpg,https://kultura-doma.ru/public/src/images/gallery/catalog/6a1eed82e6244_big.jpg|https://kultura-doma.ru/public/src/images/gallery/catalog/6a3507e073ed9_big.jpg|https://kultura-doma.ru/public/src/images/gallery/catalog/6a0c550a6033b_big.jpg|https://kultura-doma.ru/public/src/images/gallery/catalog/6a3507e0b33dc_big.jpg|https://kultura-doma.ru/public/src/images/gallery/catalog/6a0c550aa0ba2_big.jpg|https://kultura-doma.ru/public/src/images/gallery/catalog/6a3507e108ed5_big.jpg|https://kultura-doma.ru/public/src/images/gallery/catalog/6a3507e189f56_big.jpg|https://kultura-doma.ru/public/src/images/gallery/catalog/6a3507e2a886b_big.jpg|https://kultura-doma.ru/public/src/images/gallery/catalog/6a3507e148b91_big.jpg|https://kultura-doma.ru/public/src/images/gallery/catalog/6a3507e0236eb_big.jpg
1761-2190,1761,УТ-00011723,Голубые цветы,Комплект постельного белья Небесный: Семейный,https://kultura-doma.ru/product/komplekt-postel-nogo-bel-ya-nebesnyy-size-semeynyy,bedding_set,bedroom_layer,neutral_accent,table|decor,milk|blue|green,floral|botanical|soft,39900,,голубой,Семейный (145х200 см х 2 шт),сатин,,unknown_from_feed,https://kultura-doma.ru/public/src/images/gallery/catalog/6a1eed82e6244_big.jpg,https://kultura-doma.ru/public/src/images/gallery/catalog/6a1eed82e6244_big.jpg|https://kultura-doma.ru/public/src/images/gallery/catalog/6a3507e073ed9_big.jpg|https://kultura-doma.ru/public/src/images/gallery/catalog/6a0c550a6033b_big.jpg|https://kultura-doma.ru/public/src/images/gallery/catalog/6a3507e0b33dc_big.jpg|https://kultura-doma.ru/public/src/images/gallery/catalog/6a0c550aa0ba2_big.jpg|https://kultura-doma.ru/public/src/images/gallery/catalog/6a3507e108ed5_big.jpg|https://kultura-doma.ru/public/src/images/gallery/catalog/6a3507e189f56_big.jpg|https://kultura-doma.ru/public/src/images/gallery/catalog/6a3507e2a886b_big.jpg|https://kultura-doma.ru/public/src/images/gallery/catalog/6a3507e148b91_big.jpg|https://kultura-doma.ru/public/src/images/gallery/catalog/6a3507e0236eb_big.jpg
1761-2511,1761,УТ-00011722,Голубые цветы,Комплект постельного белья Небесный: Кинг-сайз,https://kultura-doma.ru/product/komplekt-postel-nogo-bel-ya-nebesnyy-size-kingsayz-2511,bedding_set,bedroom_layer,neutral_accent,table|decor,milk|blue|green,floral|botanical|soft,36900,,голубой,Кинг-сайз (220х240 см),сатин,,unknown_from_feed,https://kultura-doma.ru/public/src/images/gallery/catalog/6a1eed82e6244_big.jpg,https://kultura-doma.ru/public/src/images/gallery/catalog/6a1eed82e6244_big.jpg|https://kultura-doma.ru/public/src/images/gallery/catalog/6a3507e073ed9_big.jpg|https://kultura-doma.ru/public/src/images/gallery/catalog/6a0c550a6033b_big.jpg|https://kultura-doma.ru/public/src/images/gallery/catalog/6a3507e0b33dc_big.jpg|https://kultura-doma.ru/public/src/images/gallery/catalog/6a0c550aa0ba2_big.jpg|https://kultura-doma.ru/public/src/images/gallery/catalog/6a3507e108ed5_big.jpg|https://kultura-doma.ru/public/src/images/gallery/catalog/6a3507e189f56_big.jpg|https://kultura-doma.ru/public/src/images/gallery/catalog/6a3507e2a886b_big.jpg|https://kultura-doma.ru/public/src/images/gallery/catalog/6a3507e148b91_big.jpg|https://kultura-doma.ru/public/src/images/gallery/catalog/6a3507e0236eb_big.jpg
1762,1762,УТ-00012251,Голубые цветы,Набор наволочек Небесный,https://kultura-doma.ru/product/nabor-navolochek-nebesnyy,pillowcase_set,bedroom_layer,neutral_accent,table|decor,milk|blue|green,floral|botanical|soft,6990,,голубой,70х70 см,сатин,,unknown_from_feed,https://kultura-doma.ru/public/src/images/gallery/catalog/6a574f1c345cc_big.jpg,https://kultura-doma.ru/public/src/images/gallery/catalog/6a574f1c345cc_big.jpg|https://kultura-doma.ru/public/src/images/gallery/catalog/6a0c55b30cd3a_big.jpg|https://kultura-doma.ru/public/src/images/gallery/catalog/6a574f1c83b32_big.jpg
1763,1763,УТ-00011718,Голубые цветы,Комплект постельного белья Наследие,https://kultura-doma.ru/product/komplekt-postel-nogo-bel-ya-nasledie,bedding_set,bedroom_layer,neutral_accent,table|decor,milk|blue|green,floral|botanical|soft,32900,,голубой,Евро (200х220 см),сатин,,unknown_from_feed,https://kultura-doma.ru/public/src/images/gallery/catalog/6a1eeda008393_big.jpg,https://kultura-doma.ru/public/src/images/gallery/catalog/6a1eeda008393_big.jpg|https://kultura-doma.ru/public/src/images/gallery/catalog/6a328c9108fea_big.jpg|https://kultura-doma.ru/public/src/images/gallery/catalog/6a0c5666d3759_big.jpg|https://kultura-doma.ru/public/src/images/gallery/catalog/6a328c9166a69_big.jpg|https://kultura-doma.ru/public/src/images/gallery/catalog/6a140861baa54_big.jpg|https://kultura-doma.ru/public/src/images/gallery/catalog/6a140861d2489_big.jpg|https://kultura-doma.ru/public/src/images/gallery/catalog/6a328c91b9b4c_big.jpg|https://kultura-doma.ru/public/src/images/gallery/catalog/6a328c92d029f_big.jpg|https://kultura-doma.ru/public/src/images/gallery/catalog/6a328c93260c1_big.jpg|https://kultura-doma.ru/public/src/images/gallery/catalog/6a328c92206de_big.jpg
1763-2194,1763,УТ-00011720,Голубые цветы,Комплект постельного белья Наследие: Семейный,https://kultura-doma.ru/product/komplekt-postel-nogo-bel-ya-nasledie-size-semeynyy,bedding_set,bedroom_layer,neutral_accent,table|decor,milk|blue|green,floral|botanical|soft,36900,,голубой,Семейный (145х200 см х 2 шт),сатин,,unknown_from_feed,https://kultura-doma.ru/public/src/images/gallery/catalog/6a1eeda008393_big.jpg,https://kultura-doma.ru/public/src/images/gallery/catalog/6a1eeda008393_big.jpg|https://kultura-doma.ru/public/src/images/gallery/catalog/6a328c9108fea_big.jpg|https://kultura-doma.ru/public/src/images/gallery/catalog/6a0c5666d3759_big.jpg|https://kultura-doma.ru/public/src/images/gallery/catalog/6a328c9166a69_big.jpg|https://kultura-doma.ru/public/src/images/gallery/catalog/6a140861baa54_big.jpg|https://kultura-doma.ru/public/src/images/gallery/catalog/6a140861d2489_big.jpg|https://kultura-doma.ru/public/src/images/gallery/catalog/6a328c91b9b4c_big.jpg|https://kultura-doma.ru/public/src/images/gallery/catalog/6a328c92d029f_big.jpg|https://kultura-doma.ru/public/src/images/gallery/catalog/6a328c93260c1_big.jpg|https://kultura-doma.ru/public/src/images/gallery/catalog/6a328c92206de_big.jpg
1763-2513,1763,УТ-00011719,Голубые цветы,Комплект постельного белья Наследие: Кинг-сайз,https://kultura-doma.ru/product/komplekt-postel-nogo-bel-ya-nasledie-size-kingsayz-2513,bedding_set,bedroom_layer,neutral_accent,table|decor,milk|blue|green,floral|botanical|soft,35900,,голубой,Кинг-сайз (220х240 см),сатин,,unknown_from_feed,https://kultura-doma.ru/public/src/images/gallery/catalog/6a1eeda008393_big.jpg,https://kultura-doma.ru/public/src/images/gallery/catalog/6a1eeda008393_big.jpg|https://kultura-doma.ru/public/src/images/gallery/catalog/6a328c9108fea_big.jpg|https://kultura-doma.ru/public/src/images/gallery/catalog/6a0c5666d3759_big.jpg|https://kultura-doma.ru/public/src/images/gallery/catalog/6a328c9166a69_big.jpg|https://kultura-doma.ru/public/src/images/gallery/catalog/6a140861baa54_big.jpg|https://kultura-doma.ru/public/src/images/gallery/catalog/6a140861d2489_big.jpg|https://kultura-doma.ru/public/src/images/gallery/catalog/6a328c91b9b4c_big.jpg|https://kultura-doma.ru/public/src/images/gallery/catalog/6a328c92d029f_big.jpg|https://kultura-doma.ru/public/src/images/gallery/catalog/6a328c93260c1_big.jpg|https://kultura-doma.ru/public/src/images/gallery/catalog/6a328c92206de_big.jpg
1764,1764,УТ-00011976,Голубые цветы,Набор Наволочек Наследие,https://kultura-doma.ru/product/nabor-navolochek-nasledie,pillowcase_set,bedroom_layer,neutral_accent,table|decor,milk|blue|green,floral|botanical|soft,6990,,голубой,70х70 см,сатин,,unknown_from_feed,https://kultura-doma.ru/public/src/images/gallery/catalog/6a26d3976976f_big.jpg,https://kultura-doma.ru/public/src/images/gallery/catalog/6a26d3976976f_big.jpg|https://kultura-doma.ru/public/src/images/gallery/catalog/6a0c57a90e324_big.jpg|https://kultura-doma.ru/public/src/images/gallery/catalog/6a26d397b693e_big.jpg
1765,1765,УТ-00012135,Голубые цветы,Дорожка Голубые цветы,https://kultura-doma.ru/product/dorozhka-golubye-cvety,table_runner,table_textile,neutral_accent,table|decor,milk|blue|green,floral|botanical|soft,4990,,голубой,165х45 см,лён,,unknown_from_feed,https://kultura-doma.ru/public/src/images/gallery/catalog/6a26d39c9364a_big.jpg,https://kultura-doma.ru/public/src/images/gallery/catalog/6a26d39c9364a_big.jpg|https://kultura-doma.ru/public/src/images/gallery/catalog/6a0c57125fb48_big.jpg|https://kultura-doma.ru/public/src/images/gallery/catalog/6a0c5712c7b4e_big.jpg|https://kultura-doma.ru/public/src/images/gallery/catalog/6a0c5713460a6_big.jpg|https://kultura-doma.ru/public/src/images/gallery/catalog/6a0c571206224_big.jpg|https://kultura-doma.ru/public/src/images/gallery/catalog/6a0c5713b2e28_big.jpg|https://kultura-doma.ru/public/src/images/gallery/catalog/6a0c5714220a8_big.jpg
1766,1766,УТ-00011862,,Скатерть Классика,https://kultura-doma.ru/product/skatert-klassika-1766,tablecloth,table_textile,,,,,14990,,зеленый,180х250 см,сатин,,unknown_from_feed,https://kultura-doma.ru/public/src/images/gallery/catalog/6a0c6d253953b_big.JPG,https://kultura-doma.ru/public/src/images/gallery/catalog/6a0c6d253953b_big.JPG|https://kultura-doma.ru/public/src/images/gallery/catalog/6a0c6b3fb9d5e_big.jpg|https://kultura-doma.ru/public/src/images/gallery/catalog/6a3014c18c7be_big.jpg|https://kultura-doma.ru/public/src/images/gallery/catalog/6a0c6b408b543_big.jpg
1766-2198,1766,УТ-00011862,,Скатерть Классика: 180х350 см,https://kultura-doma.ru/product/skatert-klassika-1766-size-180h350-sm,tablecloth,table_textile,,,,,19900,,зеленый,180х350 см,сатин,,unknown_from_feed,https://kultura-doma.ru/public/src/images/gallery/catalog/6a0c6d253953b_big.JPG,https://kultura-doma.ru/public/src/images/gallery/catalog/6a0c6d253953b_big.JPG|https://kultura-doma.ru/public/src/images/gallery/catalog/6a0c6b3fb9d5e_big.jpg|https://kultura-doma.ru/public/src/images/gallery/catalog/6a3014c18c7be_big.jpg|https://kultura-doma.ru/public/src/images/gallery/catalog/6a0c6b408b543_big.jpg
1767,1767,УТ-00011865,,Скатерть Классика,https://kultura-doma.ru/product/skatert-klassika-1767,tablecloth,table_textile,,,,,14900,,синий,180х250 см,сатин,,unknown_from_feed,https://kultura-doma.ru/public/src/images/gallery/catalog/6a0c6d5f27ecc_big.JPG,https://kultura-doma.ru/public/src/images/gallery/catalog/6a0c6d5f27ecc_big.JPG|https://kultura-doma.ru/public/src/images/gallery/catalog/6a0c6dde2429c_big.jpg|https://kultura-doma.ru/public/src/images/gallery/catalog/6a3014e8f1649_big.jpg|https://kultura-doma.ru/public/src/images/gallery/catalog/6a0c6dde7e0c6_big.jpg
1767-2200,1767,УТ-00011865,,Скатерть Классика: 180х350 см,https://kultura-doma.ru/product/skatert-klassika-1767-size-180h350-sm,tablecloth,table_textile,,,,,19900,,синий,180х350 см,сатин,,unknown_from_feed,https://kultura-doma.ru/public/src/images/gallery/catalog/6a0c6d5f27ecc_big.JPG,https://kultura-doma.ru/public/src/images/gallery/catalog/6a0c6d5f27ecc_big.JPG|https://kultura-doma.ru/public/src/images/gallery/catalog/6a0c6dde2429c_big.jpg|https://kultura-doma.ru/public/src/images/gallery/catalog/6a3014e8f1649_big.jpg|https://kultura-doma.ru/public/src/images/gallery/catalog/6a0c6dde7e0c6_big.jpg
1768,1768,УТ-00011896,Стихи,Дорожка Чаепитие,https://kultura-doma.ru/product/dorozhka-chaepitie,table_runner,table_textile,textile_base,table|bedroom,milk|navy,poetic|quiet|textile,10900,,синий,165х45 см,сатин,,unknown_from_feed,https://kultura-doma.ru/public/src/images/gallery/catalog/6a26d3a1d5c18_big.jpg,https://kultura-doma.ru/public/src/images/gallery/catalog/6a26d3a1d5c18_big.jpg|https://kultura-doma.ru/public/src/images/gallery/catalog/6a0c702147151_big.jpg|https://kultura-doma.ru/public/src/images/gallery/catalog/6a0c7021ac1e2_big.jpg|https://kultura-doma.ru/public/src/images/gallery/catalog/6a0c7022231ef_big.jpg|https://kultura-doma.ru/public/src/images/gallery/catalog/6a0c702282857_big.jpg
1772,1772,УТ-00012033,,Салфетка Классика,https://kultura-doma.ru/product/salfetka-klassika-1772,napkin,table_textile,,,,,1290,,белый,43х43 см,хлопок,,unknown_from_feed,https://kultura-doma.ru/public/src/images/gallery/catalog/6a3e82314f592_big.jpg,https://kultura-doma.ru/public/src/images/gallery/catalog/6a3e82314f592_big.jpg|https://kultura-doma.ru/public/src/images/gallery/catalog/6a0c725bd149b_big.jpg|https://kultura-doma.ru/public/src/images/gallery/catalog/6a0c725c15490_big.jpg|https://kultura-doma.ru/public/src/images/gallery/catalog/6a0c725c50511_big.jpg
1773,1773,УТ-00012029,,Салфетка Классика,https://kultura-doma.ru/product/salfetka-klassika-1773,napkin,table_textile,,,,,1290,,белый,43х43 см,сатин,,unknown_from_feed,https://kultura-doma.ru/public/src/images/gallery/catalog/6a3e85fbc4ee4_big.jpg,https://kultura-doma.ru/public/src/images/gallery/catalog/6a3e85fbc4ee4_big.jpg|https://kultura-doma.ru/public/src/images/gallery/catalog/6a13f45e13076_big.jpg|https://kultura-doma.ru/public/src/images/gallery/catalog/6a13f41e0901c_big.jpg|https://kultura-doma.ru/public/src/images/gallery/catalog/6a0c761712f65_big.jpg
1774,1774,УТ-00011881,,Салфетка Классика,https://kultura-doma.ru/product/salfetka-klassika-1774,napkin,table_textile,,,,,1290,,белый,43х43 см,сатин,,unknown_from_feed,https://kultura-doma.ru/public/src/images/gallery/catalog/6a3e876d834b0_big.jpg,https://kultura-doma.ru/public/src/images/gallery/catalog/6a3e876d834b0_big.jpg|https://kultura-doma.ru/public/src/images/gallery/catalog/6a13f50b81f61_big.jpg|https://kultura-doma.ru/public/src/images/gallery/catalog/6a13f50a75dcd_big.jpg|https://kultura-doma.ru/public/src/images/gallery/catalog/6a13f50ca0550_big.jpg
1775,1775,УТ-00011880,,Салфетка Классика,https://kultura-doma.ru/product/salfetka-klassika-1775,napkin,table_textile,,,,,1290,,белый,43х43 см,сатин,,unknown_from_feed,https://kultura-doma.ru/public/src/images/gallery/catalog/6a3e88d8eb88f_big.jpg,https://kultura-doma.ru/public/src/images/gallery/catalog/6a3e88d8eb88f_big.jpg|https://kultura-doma.ru/public/src/images/gallery/catalog/6a13f95db949a_big.jpg|https://kultura-doma.ru/public/src/images/gallery/catalog/6a13f8d6b78dc_big.jpg|https://kultura-doma.ru/public/src/images/gallery/catalog/6a13f8d9711e3_big.jpg
1818,,УТ-00012611,,Набор ложек на подставке Сказка о царе Салтане,https://kultura-doma.ru/product/nabor-lozhek-na-podstavke-skazka-o-care-saltane-1818,other,other,,,,,669100,,,,,,unknown_from_feed,https://kultura-doma.ru/public/src/images/gallery/catalog/6a156c4bd5d89_big.jpg,https://kultura-doma.ru/public/src/images/gallery/catalog/6a156c4bd5d89_big.jpg
1820,1820,УТ-00012609,,Икорница с ложкой По щучьему велению,https://kultura-doma.ru/product/ikornica-s-lozhkoy-po-schuch-emu-veleniyu-1820,other,other,,,,,350100,,,"15x10,5 см",,,unknown_from_feed,https://kultura-doma.ru/public/src/images/gallery/catalog/6a14585bab143_big.jpg,https://kultura-doma.ru/public/src/images/gallery/catalog/6a14585bab143_big.jpg|https://kultura-doma.ru/public/src/images/gallery/catalog/6a14585c14d65_big.jpg|https://kultura-doma.ru/public/src/images/gallery/catalog/6a14585bd491f_big.jpg|https://kultura-doma.ru/public/src/images/gallery/catalog/6a14585c48aaa_big.jpg|https://kultura-doma.ru/public/src/images/gallery/catalog/6a14585c72b01_big.jpg
1821,,УТ-00008545,,Креманка Морозко,https://kultura-doma.ru/product/kremanka-morozko,other,other,,,,,355500,,,,,,unknown_from_feed,https://kultura-doma.ru/public/src/images/gallery/catalog/6a156ea16ce0c_big.jpg,https://kultura-doma.ru/public/src/images/gallery/catalog/6a156ea16ce0c_big.jpg|https://kultura-doma.ru/public/src/images/gallery/catalog/6a154e7164768_big.jpg|https://kultura-doma.ru/public/src/images/gallery/catalog/6a154e701c74a_big.jpg|https://kultura-doma.ru/public/src/images/gallery/catalog/6a154e70839c2_big.jpg
1831,1831,УТ-00008546,,Чайник серебряный Репка,https://kultura-doma.ru/product/chaynik-serebryanyy-repka-1831,teapot,serving_add_on,,,,,591500,,,"19,5x9,5 см",,,unknown_from_feed,https://kultura-doma.ru/public/src/images/gallery/catalog/6a1d97a96196f_big.jpg,https://kultura-doma.ru/public/src/images/gallery/catalog/6a1d97a96196f_big.jpg|https://kultura-doma.ru/public/src/images/gallery/catalog/6a1d97a2e92e6_big.png
1832,,УТ-00008549,,Тарелка для хлеба Колобок,https://kultura-doma.ru/product/tarelka-dlya-hleba-kolobok-1832,other,other,,,,,479700,,,,,,unknown_from_feed,https://kultura-doma.ru/public/src/images/gallery/catalog/6a1d984809541_big.jpg,https://kultura-doma.ru/public/src/images/gallery/catalog/6a1d984809541_big.jpg|https://kultura-doma.ru/public/src/images/gallery/catalog/6a1d98555c9d8_big.jpg
14,,УТ-00009766,,Набор бокалов для коньяка Лед,https://kultura-doma.ru/product/nabor-bokalov-dlya-kon-yaka-led,wine_glass_set,atmosphere_or_drinks,,,,,34000,,,,хрусталь,160 мл,unknown_from_feed,https://kultura-doma.ru/public/src/images/gallery/catalog/6a3a9d21197c2_big.jpg,https://kultura-doma.ru/public/src/images/gallery/catalog/6a3a9d21197c2_big.jpg|https://kultura-doma.ru/public/src/images/gallery/catalog/6a3a9d1f6dc49_big.jpg|https://kultura-doma.ru/public/src/images/gallery/catalog/6a3a9d1fc3d32_big.jpg|https://kultura-doma.ru/public/src/images/gallery/catalog/6a3a9d20296c0_big.jpg|https://kultura-doma.ru/public/src/images/gallery/catalog/6a3a9d207a858_big.jpg|https://kultura-doma.ru/public/src/images/gallery/catalog/6a3a9d20c688b_big.jpg
16,16,УТ-00007947,Петербург,Блюдо Петербург,https://kultura-doma.ru/product/blyudo-peterburg,serving_dish,serving_add_on,statement_accent,table,green|milk,urban|classic|graphic,5995,11990,белый,"36,5х25х2 см",костяной фарфор,,unknown_from_feed,https://kultura-doma.ru/public/src/images/gallery/catalog/687e4847be118_big.jpg,https://kultura-doma.ru/public/src/images/gallery/catalog/687e4847be118_big.jpg|https://kultura-doma.ru/public/src/images/gallery/catalog/6a3a77d0d7e33_big.jpg
104,104,УТ-00006956,,Ковер Гранатовый сад,https://kultura-doma.ru/product/kover-granatovyy-sad,rug,other,,,,,179200,256000,мультиколор,89х195 см,шерсть,,unknown_from_feed,https://kultura-doma.ru/public/src/images/gallery/catalog/6a1463546be26_big.JPG,https://kultura-doma.ru/public/src/images/gallery/catalog/6a1463546be26_big.JPG|https://kultura-doma.ru/public/src/images/gallery/catalog/6a14635b813e4_big.jpg|https://kultura-doma.ru/public/src/images/gallery/catalog/6a1850c345f47_big.jpg|https://kultura-doma.ru/public/src/images/gallery/catalog/6a1463570181a_big.JPG|https://kultura-doma.ru/public/src/images/gallery/catalog/6a14635938447_big.JPG|https://kultura-doma.ru/public/src/images/gallery/catalog/6a1466c7baa91_big.jpg
105,105,УТ-00006957,,Ковер Гранатовый сад,https://kultura-doma.ru/product/kover-granatovyy-sad-105,rug,other,,,,,179200,256000,мультиколор,146х118 см,шерсть,,unknown_from_feed,https://kultura-doma.ru/public/src/images/gallery/catalog/6a1462f3606be_big.JPG,https://kultura-doma.ru/public/src/images/gallery/catalog/6a1462f3606be_big.JPG|https://kultura-doma.ru/public/src/images/gallery/catalog/6a1466276215c_big.jpg|https://kultura-doma.ru/public/src/images/gallery/catalog/6a1462f5f379a_big.JPG|https://kultura-doma.ru/public/src/images/gallery/catalog/6a1462f82759d_big.JPG|https://kultura-doma.ru/public/src/images/gallery/catalog/6a146627a3ac6_big.jpg|https://kultura-doma.ru/public/src/images/gallery/catalog/6a1462facfd90_big.jpg|https://kultura-doma.ru/public/src/images/gallery/catalog/6a1466281b391_big.jpg
106,106,УТ-00006958,,Ковер Светлый сад,https://kultura-doma.ru/product/kover-svetlyy-sad,rug,other,,,,,120400,172000,мультиколор,85х137 см,шерсть,,unknown_from_feed,https://kultura-doma.ru/public/src/images/gallery/catalog/6a1462202b86e_big.JPG,https://kultura-doma.ru/public/src/images/gallery/catalog/6a1462202b86e_big.JPG|https://kultura-doma.ru/public/src/images/gallery/catalog/6a1465a9b5540_big.jpg|https://kultura-doma.ru/public/src/images/gallery/catalog/6a146223d4d07_big.JPG|https://kultura-doma.ru/public/src/images/gallery/catalog/6a1462264c294_big.JPG|https://kultura-doma.ru/public/src/images/gallery/catalog/6a1465aa5831b_big.jpg|https://kultura-doma.ru/public/src/images/gallery/catalog/6a146228c5a9d_big.jpg
107,107,УТ-00006959,,Ковер Шаги времени,https://kultura-doma.ru/product/kover-shagi-vremeni,rug,other,,,,,350000,500000,мультиколор,157х204 см,шерсть,,unknown_from_feed,https://kultura-doma.ru/public/src/images/gallery/catalog/6a14615d48b1c_big.JPG,https://kultura-doma.ru/public/src/images/gallery/catalog/6a14615d48b1c_big.JPG|https://kultura-doma.ru/public/src/images/gallery/catalog/6a14650b336e1_big.jpg|https://kultura-doma.ru/public/src/images/gallery/catalog/6a146161331cc_big.JPG|https://kultura-doma.ru/public/src/images/gallery/catalog/6a1461639552b_big.JPG|https://kultura-doma.ru/public/src/images/gallery/catalog/6a146166544f8_big.jpg|https://kultura-doma.ru/public/src/images/gallery/catalog/6a14650c1d837_big.jpg
108,108,УТ-00006961,,Ковер Розовый сад,https://kultura-doma.ru/product/kover-rozovyy-sad,rug,other,,,,,129500,185000,мультиколор,81х146 см,шерсть,,unknown_from_feed,https://kultura-doma.ru/public/src/images/gallery/catalog/6a1460397ff61_big.JPG,https://kultura-doma.ru/public/src/images/gallery/catalog/6a1460397ff61_big.JPG|https://kultura-doma.ru/public/src/images/gallery/catalog/6a14649c472de_big.jpg|https://kultura-doma.ru/public/src/images/gallery/catalog/6a14603c918e5_big.JPG|https://kultura-doma.ru/public/src/images/gallery/catalog/6a14603f4faca_big.JPG|https://kultura-doma.ru/public/src/images/gallery/catalog/6a14649c86a87_big.jpg|https://kultura-doma.ru/public/src/images/gallery/catalog/6a14604225062_big.jpg
109,,УТ-00007177,,Диффузор Сласти,https://kultura-doma.ru/product/diffuzor-slasti,other,other,,,,,2495,4990,,,,100 мл,unknown_from_feed,https://kultura-doma.ru/public/src/images/gallery/catalog/6a608a198226b_big.jpg,https://kultura-doma.ru/public/src/images/gallery/catalog/6a608a198226b_big.jpg|https://kultura-doma.ru/public/src/images/gallery/catalog/6a608a19c8fe7_big.jpg
110,,УТ-00007178,,Диффузор Зимняя сказка,https://kultura-doma.ru/product/diffuzor-zimnyaya-skazka,other,other,,,,,2495,4990,,,,100 мл,unknown_from_feed,https://kultura-doma.ru/public/src/images/gallery/catalog/6a60893f36df8_big.jpg,https://kultura-doma.ru/public/src/images/gallery/catalog/6a60893f36df8_big.jpg|https://kultura-doma.ru/public/src/images/gallery/catalog/6a60893f726ce_big.jpg
111,,УТ-00007179,,Диффузор Уютный вечер,https://kultura-doma.ru/product/diffuzor-uyutnyy-vecher,other,other,,,,,2495,4990,,,,100 мл,unknown_from_feed,https://kultura-doma.ru/public/src/images/gallery/catalog/6a43743ce3016_big.jpg,https://kultura-doma.ru/public/src/images/gallery/catalog/6a43743ce3016_big.jpg|https://kultura-doma.ru/public/src/images/gallery/catalog/6a43743d51e45_big.jpg
119,,УТ-00007406,,Диффузор Южный сад,https://kultura-doma.ru/product/diffuzor-yuzhnyy-sad,other,other,,,,,2500,5000,,,,100 мл,unknown_from_feed,https://kultura-doma.ru/public/src/images/gallery/catalog/6a43745bbe827_big.jpg,https://kultura-doma.ru/public/src/images/gallery/catalog/6a43745bbe827_big.jpg|https://kultura-doma.ru/public/src/images/gallery/catalog/6a43745b2d35b_big.jpg|https://kultura-doma.ru/public/src/images/gallery/catalog/6a43745b78987_big.jpg
121,,УТ-00007408,,Диффузор Зеленый ревень,https://kultura-doma.ru/product/diffuzor-zelenyy-reven,other,other,,,,,2500,5000,,,,100 мл,unknown_from_feed,https://kultura-doma.ru/public/src/images/gallery/catalog/6a60888e6842e_big.jpg,https://kultura-doma.ru/public/src/images/gallery/catalog/6a60888e6842e_big.jpg|https://kultura-doma.ru/public/src/images/gallery/catalog/6a60888e2a7bb_big.jpg|https://kultura-doma.ru/public/src/images/gallery/catalog/6a60888ea6a12_big.jpg
126,,УТ-00007577,,Ваза Балерина,https://kultura-doma.ru/product/vaza-balerina,vase,atmosphere_or_drinks,,,,,74160,92700,белый,,фарфор,,unknown_from_feed,https://kultura-doma.ru/public/src/images/gallery/catalog/6a61bdcc8f974_big.jpg,https://kultura-doma.ru/public/src/images/gallery/catalog/6a61bdcc8f974_big.jpg|https://kultura-doma.ru/public/src/images/gallery/catalog/6a61bdcc01b82_big.jpg|https://kultura-doma.ru/public/src/images/gallery/catalog/6a61bdccd4f42_big.jpg
129,129,УТ-00007580,,Шкатулка Балерина,https://kultura-doma.ru/product/shkatulka-balerina,other,other,,,,,24240,30300,белый,9х13 см,фарфор,,unknown_from_feed,https://kultura-doma.ru/public/src/images/gallery/catalog/686e89a0d779b_big.jpg,https://kultura-doma.ru/public/src/images/gallery/catalog/686e89a0d779b_big.jpg|https://kultura-doma.ru/public/src/images/gallery/catalog/686e899ff3f71_big.jpg|https://kultura-doma.ru/public/src/images/gallery/catalog/686e899f08426_big.jpg
131,131,УТ-00007582,,Шкатулка Балерина,https://kultura-doma.ru/product/shkatulka-balerina-131,other,other,,,,,5840,7300,белый,7х8 см,фарфор,,unknown_from_feed,https://kultura-doma.ru/public/src/images/gallery/catalog/69e089cc474c5_big.jpg,https://kultura-doma.ru/public/src/images/gallery/catalog/69e089cc474c5_big.jpg|https://kultura-doma.ru/public/src/images/gallery/catalog/69e089cc9620f_big.jpg
132,132,УТ-00007583,,Шкатулка Балерина,https://kultura-doma.ru/product/shkatulka-balerina-132,other,other,,,,,12480,15600,белый,7х8 см,фарфор,,unknown_from_feed,https://kultura-doma.ru/public/src/images/gallery/catalog/686e89b97bf40_big.jpg,https://kultura-doma.ru/public/src/images/gallery/catalog/686e89b97bf40_big.jpg|https://kultura-doma.ru/public/src/images/gallery/catalog/686e89b816433_big.jpg|https://kultura-doma.ru/public/src/images/gallery/catalog/686e89bbc0fe0_big.jpg|https://kultura-doma.ru/public/src/images/gallery/catalog/686e89ba619e0_big.jpg|https://kultura-doma.ru/public/src/images/gallery/catalog/686e89b6a65cf_big.jpg|https://kultura-doma.ru/public/src/images/gallery/catalog/686e89b75dd15_big.jpg|https://kultura-doma.ru/public/src/images/gallery/catalog/686e89bca86d8_big.jpg
135,135,УТ-00007590,,Ваза Балерина,https://kultura-doma.ru/product/vaza-balerina-135,vase,atmosphere_or_drinks,,,,,18000,22500,белый,14 см,фарфор,,unknown_from_feed,https://kultura-doma.ru/public/src/images/gallery/catalog/6a0d5afc87095_big.jpg,https://kultura-doma.ru/public/src/images/gallery/catalog/6a0d5afc87095_big.jpg|https://kultura-doma.ru/public/src/images/gallery/catalog/6a0d5afc30a1b_big.jpg|https://kultura-doma.ru/public/src/images/gallery/catalog/6a0d5afcd98aa_big.jpg|https://kultura-doma.ru/public/src/images/gallery/catalog/6a0d5afd44ebe_big.jpg
136,136,УТ-00008440,,Ваза Пионы,https://kultura-doma.ru/product/vaza-piony,vase,atmosphere_or_drinks,,,,,40800,51000,белый,31 см,фарфор,,unknown_from_feed,https://kultura-doma.ru/public/src/images/gallery/catalog/6a0d5a642fb37_big.jpg,https://kultura-doma.ru/public/src/images/gallery/catalog/6a0d5a642fb37_big.jpg|https://kultura-doma.ru/public/src/images/gallery/catalog/6a0d5a64714e1_big.jpg|https://kultura-doma.ru/public/src/images/gallery/catalog/6a0d5a64b219c_big.jpg
156,156,УТ-00009796,,Шахматы,https://kultura-doma.ru/product/shahmaty,other,other,,,,,350000,,серебряный,32х32 см,"латунь, акрил",,unknown_from_feed,https://kultura-doma.ru/public/src/images/gallery/catalog/6a5f830409cde_big.jpg,https://kultura-doma.ru/public/src/images/gallery/catalog/6a5f830409cde_big.jpg|https://kultura-doma.ru/public/src/images/gallery/catalog/68de5ff9ae7aa_big.gif|https://kultura-doma.ru/public/src/images/gallery/catalog/6a5f830663033_big.jpg|https://kultura-doma.ru/public/src/images/gallery/catalog/6a5f8303b45e3_big.jpg|https://kultura-doma.ru/public/src/images/gallery/catalog/6a5f83044c71b_big.jpg|https://kultura-doma.ru/public/src/images/gallery/catalog/6a5f8307bcdbc_big.jpg
193,193,УТ-00009052,,Одеяло Эвкалипт,https://kultura-doma.ru/product/odeyalo-nega,other,other,,,,,9590,,,Полуторный (145х200 см),эвкалипт,,unknown_from_feed,https://kultura-doma.ru/public/src/images/gallery/catalog/6a574363ac971_big.jpg,https://kultura-doma.ru/public/src/images/gallery/catalog/6a574363ac971_big.jpg
193-2519,193,УТ-00009052,,Одеяло Эвкалипт: Евро,https://kultura-doma.ru/product/odeyalo-nega-size-200x220-sm,other,other,,,,,12290,,,Евро (200х220 см),эвкалипт,,unknown_from_feed,https://kultura-doma.ru/public/src/images/gallery/catalog/6a574363ac971_big.jpg,https://kultura-doma.ru/public/src/images/gallery/catalog/6a574363ac971_big.jpg
196,196,УТ-00009057,,Подушка Эвкалипт,https://kultura-doma.ru/product/podushka-nega,decorative_pillow,bedroom_layer,,,,,3590,,,50х70 см,эвкалипт,,unknown_from_feed,https://kultura-doma.ru/public/src/images/gallery/catalog/6a574e87025ff_big.jpg,https://kultura-doma.ru/public/src/images/gallery/catalog/6a574e87025ff_big.jpg
196-396,196,УТ-00009060,,Подушка Эвкалипт: 70х70 см,https://kultura-doma.ru/product/podushka-nega-size-70h70-sm,decorative_pillow,bedroom_layer,,,,,4290,,,70х70 см,эвкалипт,,unknown_from_feed,https://kultura-doma.ru/public/src/images/gallery/catalog/6a574e87025ff_big.jpg,https://kultura-doma.ru/public/src/images/gallery/catalog/6a574e87025ff_big.jpg
197,197,УТ-00006226,,Подушка В облаках,https://kultura-doma.ru/product/podushka-v-oblakah,decorative_pillow,bedroom_layer,,,,,15900,,,70х70 см,"95% пух гусиный белый, 5% перо",,unknown_from_feed,https://kultura-doma.ru/public/src/images/gallery/catalog/6a5f726a5bc17_big.jpg,https://kultura-doma.ru/public/src/images/gallery/catalog/6a5f726a5bc17_big.jpg
197-397,197,УТ-00006226,,Подушка В облаках: 50х70 см,https://kultura-doma.ru/product/podushka-v-oblakah-size-50h70-sm,decorative_pillow,bedroom_layer,,,,,19500,,,50х70 см,"95% пух гусиный белый, 5% перо",,unknown_from_feed,https://kultura-doma.ru/public/src/images/gallery/catalog/6a5f726a5bc17_big.jpg,https://kultura-doma.ru/public/src/images/gallery/catalog/6a5f726a5bc17_big.jpg
203,,УТ-00007783,,Набор бокалов для шампанского Гармония,https://kultura-doma.ru/product/nabor-bokalov-dlya-shampanskogo-garmoniya,wine_glass_set,atmosphere_or_drinks,,,,,4120,,,,хрустальное стекло,210 мл,unknown_from_feed,https://kultura-doma.ru/public/src/images/gallery/catalog/6a3a904b9cc63_big.jpg,https://kultura-doma.ru/public/src/images/gallery/catalog/6a3a904b9cc63_big.jpg|https://kultura-doma.ru/public/src/images/gallery/catalog/6a3a904a7bc9d_big.jpg|https://kultura-doma.ru/public/src/images/gallery/catalog/6a3a904abe1de_big.jpg|https://kultura-doma.ru/public/src/images/gallery/catalog/6a3a904b0ced7_big.jpg|https://kultura-doma.ru/public/src/images/gallery/catalog/6a3a904b561e8_big.jpg|https://kultura-doma.ru/public/src/images/gallery/catalog/6a3a904be093e_big.jpg
204,,УТ-00007784,,Набор бокалов для вина Гармония,https://kultura-doma.ru/product/nabor-bokalov-dlya-vina-garmoniya,wine_glass_set,atmosphere_or_drinks,,,,,4420,,,,хрустальное стекло,600 мл,unknown_from_feed,https://kultura-doma.ru/public/src/images/gallery/catalog/6a3a900dda511_big.jpg,https://kultura-doma.ru/public/src/images/gallery/catalog/6a3a900dda511_big.jpg|https://kultura-doma.ru/public/src/images/gallery/catalog/6a3a900ca53a4_big.jpg|https://kultura-doma.ru/public/src/images/gallery/catalog/6a3a900cde45c_big.jpg|https://kultura-doma.ru/public/src/images/gallery/catalog/6a3a900d29856_big.jpg|https://kultura-doma.ru/public/src/images/gallery/catalog/6a3a900d66c6a_big.jpg|https://kultura-doma.ru/public/src/images/gallery/catalog/6a3a900d9df1f_big.jpg|https://kultura-doma.ru/public/src/images/gallery/catalog/6a3a900e1fcb3_big.jpg
205,,УТ-00007785,,Набор креманок для шампанского Гармония,https://kultura-doma.ru/product/nabor-kremanok-dlya-shampanskogo-garmoniya,wine_glass_set,atmosphere_or_drinks,,,,,4360,,,,хрустальное стекло,220 мл,unknown_from_feed,https://kultura-doma.ru/public/src/images/gallery/catalog/6a3a900916594_big.jpg,https://kultura-doma.ru/public/src/images/gallery/catalog/6a3a900916594_big.jpg|https://kultura-doma.ru/public/src/images/gallery/catalog/6a3a900885d79_big.jpg|https://kultura-doma.ru/public/src/images/gallery/catalog/6a3a90084984d_big.jpg|https://kultura-doma.ru/public/src/images/gallery/catalog/6a3a90080bafd_big.jpg|https://kultura-doma.ru/public/src/images/gallery/catalog/6a3a9008cadaa_big.jpg
206,,УТ-00007787,,Набор бокалов для вина Жемчужина,https://kultura-doma.ru/product/nabor-bokalov-dlya-vina-zhemchuzhina,wine_glass_set,atmosphere_or_drinks,,,,,3470,,,,хрустальное стекло,260 мл,unknown_from_feed,https://kultura-doma.ru/public/src/images/gallery/catalog/6a3a903d0ef5b_big.jpg,https://kultura-doma.ru/public/src/images/gallery/catalog/6a3a903d0ef5b_big.jpg|https://kultura-doma.ru/public/src/images/gallery/catalog/6a3a903c8c207_big.jpg|https://kultura-doma.ru/public/src/images/gallery/catalog/6a3a903cc6b3d_big.jpg|https://kultura-doma.ru/public/src/images/gallery/catalog/6a3a903c4c892_big.jpg|https://kultura-doma.ru/public/src/images/gallery/catalog/6a3a903bf13f1_big.jpg|https://kultura-doma.ru/public/src/images/gallery/catalog/6a3a903bada5b_big.jpg
207,,УТ-00007788,,Набор бокалов для вина Жемчужина,https://kultura-doma.ru/product/nabor-bokalov-dlya-vina-zhemchuzhina-207,wine_glass_set,atmosphere_or_drinks,,,,,3530,,,,хрустальное стекло,350 мл,unknown_from_feed,https://kultura-doma.ru/public/src/images/gallery/catalog/6a3a904226ccd_big.jpg,https://kultura-doma.ru/public/src/images/gallery/catalog/6a3a904226ccd_big.jpg|https://kultura-doma.ru/public/src/images/gallery/catalog/6a3a904114ce9_big.jpg|https://kultura-doma.ru/public/src/images/gallery/catalog/6a3a9041da535_big.jpg|https://kultura-doma.ru/public/src/images/gallery/catalog/6a3a904159c9d_big.jpg|https://kultura-doma.ru/public/src/images/gallery/catalog/6a3a9040cb15d_big.jpg|https://kultura-doma.ru/public/src/images/gallery/catalog/6a3a90419d284_big.jpg
208,,УТ-00007789,,Набор бокалов для шампанского Жемчужина,https://kultura-doma.ru/product/nabor-bokalov-dlya-shampanskogo-zhemchuzhina,wine_glass_set,atmosphere_or_drinks,,,,,1410,,,,хрустальное стекло,205 мл,unknown_from_feed,https://kultura-doma.ru/public/src/images/gallery/catalog/6a071561368a1_big.jpg,https://kultura-doma.ru/public/src/images/gallery/catalog/6a071561368a1_big.jpg|https://kultura-doma.ru/public/src/images/gallery/catalog/6a071560714f5_big.jpg|https://kultura-doma.ru/public/src/images/gallery/catalog/6a071560ec709_big.jpg|https://kultura-doma.ru/public/src/images/gallery/catalog/6a071560b5849_big.jpg
209,,УТ-00007790,,Набор бокалов для вина Лада,https://kultura-doma.ru/product/nabor-bokalov-dlya-vina-lada,wine_glass_set,atmosphere_or_drinks,,,,,1570,,,,хрустальное стекло,350 мл,unknown_from_feed,https://kultura-doma.ru/public/src/images/gallery/catalog/6a3a903ebef7d_big.jpg,https://kultura-doma.ru/public/src/images/gallery/catalog/6a3a903ebef7d_big.jpg|https://kultura-doma.ru/public/src/images/gallery/catalog/69ca491026dcc_big.jpg|https://kultura-doma.ru/public/src/images/gallery/catalog/6a3a903e745be_big.jpg
210,,УТ-00007791,,Набор бокалов для вина Лада,https://kultura-doma.ru/product/nabor-bokalov-dlya-vina-lada-210,wine_glass_set,atmosphere_or_drinks,,,,,1350,,,,хрустальное стекло,580 мл,unknown_from_feed,https://kultura-doma.ru/public/src/images/gallery/catalog/6a3a902183c13_big.jpg,https://kultura-doma.ru/public/src/images/gallery/catalog/6a3a902183c13_big.jpg|https://kultura-doma.ru/public/src/images/gallery/catalog/6a3a902064515_big.jpg|https://kultura-doma.ru/public/src/images/gallery/catalog/6a3a9020aac1e_big.jpg
211,,УТ-00007793,,Набор бокалов для шампанского Екатерина,https://kultura-doma.ru/product/nabor-bokalov-dlya-shampanskogo-ekaterina,wine_glass_set,atmosphere_or_drinks,,,,,3790,,,,хрустальное стекло,190 мл,unknown_from_feed,https://kultura-doma.ru/public/src/images/gallery/catalog/6a3a900473140_big.jpg,https://kultura-doma.ru/public/src/images/gallery/catalog/6a3a900473140_big.jpg|https://kultura-doma.ru/public/src/images/gallery/catalog/6a3a9001e7d1a_big.jpg|https://kultura-doma.ru/public/src/images/gallery/catalog/6a3a9002ad4b0_big.jpg
212,,УТ-00007795,,Набор бокалов для вина Екатерина,https://kultura-doma.ru/product/nabor-ryumok-dlya-vodki-ekaterina,wine_glass_set,atmosphere_or_drinks,,,,,4590,,,,хрустальное стекло,550 мл,unknown_from_feed,https://kultura-doma.ru/public/src/images/gallery/catalog/6a3a901095705_big.jpg,https://kultura-doma.ru/public/src/images/gallery/catalog/6a3a901095705_big.jpg|https://kultura-doma.ru/public/src/images/gallery/catalog/6a3a90101256f_big.jpg|https://kultura-doma.ru/public/src/images/gallery/catalog/6a3a900fb3801_big.jpg
213,,УТ-00007796,,Набор бокалов для вина Ника,https://kultura-doma.ru/product/nabor-bokalov-dlya-vina-nika,wine_glass_set,atmosphere_or_drinks,,,,,3590,,,,хрустальное стекло,190 мл,unknown_from_feed,https://kultura-doma.ru/public/src/images/gallery/catalog/6a3a90489ded6_big.jpg,https://kultura-doma.ru/public/src/images/gallery/catalog/6a3a90489ded6_big.jpg|https://kultura-doma.ru/public/src/images/gallery/catalog/6a3a90480e616_big.jpg|https://kultura-doma.ru/public/src/images/gallery/catalog/6a3a9047a8ca1_big.jpg
214,,УТ-00007797,,Набор бокалов для вина Ника,https://kultura-doma.ru/product/nabor-bokalov-dlya-vina-nika-214,wine_glass_set,atmosphere_or_drinks,,,,,4150,,,,хрустальное стекло,305 мл,unknown_from_feed,https://kultura-doma.ru/public/src/images/gallery/catalog/6a3a904586bc6_big.jpg,https://kultura-doma.ru/public/src/images/gallery/catalog/6a3a904586bc6_big.jpg|https://kultura-doma.ru/public/src/images/gallery/catalog/6a3a90442210f_big.jpg|https://kultura-doma.ru/public/src/images/gallery/catalog/6a3a9044679f6_big.jpg|https://kultura-doma.ru/public/src/images/gallery/catalog/6a3a9044f193d_big.jpg
215,,УТ-00007798,,Набор бокалов для шампанского Ника,https://kultura-doma.ru/product/nabor-bokalov-dlya-shampanskogo-nika,wine_glass_set,atmosphere_or_drinks,,,,,4030,,,,хрустальное стекло,180 мл,unknown_from_feed,https://kultura-doma.ru/public/src/images/gallery/catalog/6a3a905086add_big.jpg,https://kultura-doma.ru/public/src/images/gallery/catalog/6a3a905086add_big.jpg|https://kultura-doma.ru/public/src/images/gallery/catalog/6a3a904f5a791_big.jpg|https://kultura-doma.ru/public/src/images/gallery/catalog/6a3a904f99487_big.jpg|https://kultura-doma.ru/public/src/images/gallery/catalog/6a3a904fe62e8_big.jpg
220,,УТ-00009566,,Набор бокалов для вина Вуаль,https://kultura-doma.ru/product/nabor-bokalov-dlya-vina-vual,wine_glass_set,atmosphere_or_drinks,,,,,3990,,,,хрустальное стекло,460 мл,unknown_from_feed,https://kultura-doma.ru/public/src/images/gallery/catalog/6a3a9018f3653_big.jpg,https://kultura-doma.ru/public/src/images/gallery/catalog/6a3a9018f3653_big.jpg|https://kultura-doma.ru/public/src/images/gallery/catalog/69ca74a67e884_big.jpg|https://kultura-doma.ru/public/src/images/gallery/catalog/6a3a90194f7f8_big.jpg
221,,УТ-00009567,,Набор бокалов для вина Вуаль,https://kultura-doma.ru/product/nabor-bokalov-dlya-vina-vual-221,wine_glass_set,atmosphere_or_drinks,,,,,4290,,,,хрустальное стекло,560 мл,unknown_from_feed,https://kultura-doma.ru/public/src/images/gallery/catalog/6a3a9013d3ab4_big.jpg,https://kultura-doma.ru/public/src/images/gallery/catalog/6a3a9013d3ab4_big.jpg|https://kultura-doma.ru/public/src/images/gallery/catalog/69ca354ecc710_big.jpg|https://kultura-doma.ru/public/src/images/gallery/catalog/6a3a90141f6d8_big.jpg
222,,УТ-00009569,,Набор бокалов для шампанского Вуаль,https://kultura-doma.ru/product/nabor-bokalov-dlya-shampanskogo-vual,wine_glass_set,atmosphere_or_drinks,,,,,3790,,,,хрустальное стекло,210 мл,unknown_from_feed,https://kultura-doma.ru/public/src/images/gallery/catalog/6a3a900a92942_big.jpg,https://kultura-doma.ru/public/src/images/gallery/catalog/6a3a900a92942_big.jpg|https://kultura-doma.ru/public/src/images/gallery/catalog/69ca207739b32_big.jpg|https://kultura-doma.ru/public/src/images/gallery/catalog/6a3a900adc951_big.jpg
223,,УТ-00009573,,Набор бокалов для вина Иллюзия,https://kultura-doma.ru/product/nabor-bokalov-dlya-vina-illyuziya,wine_glass_set,atmosphere_or_drinks,,,,,4590,,,,хрустальное стекло,460 мл,unknown_from_feed,https://kultura-doma.ru/public/src/images/gallery/catalog/6a3a901cae90b_big.jpg,https://kultura-doma.ru/public/src/images/gallery/catalog/6a3a901cae90b_big.jpg|https://kultura-doma.ru/public/src/images/gallery/catalog/69ca34e85b1f0_big.jpg|https://kultura-doma.ru/public/src/images/gallery/catalog/6a3a901cf1ab3_big.jpg
225,,УТ-00009575,,Набор бокалов для шампанского Иллюзия,https://kultura-doma.ru/product/nabor-bokalov-dlya-shampanskogo-illyuziya,wine_glass_set,atmosphere_or_drinks,,,,,4590,,,,хрустальное стекло,210 мл,unknown_from_feed,https://kultura-doma.ru/public/src/images/gallery/catalog/6a3a901af2670_big.jpg,https://kultura-doma.ru/public/src/images/gallery/catalog/6a3a901af2670_big.jpg|https://kultura-doma.ru/public/src/images/gallery/catalog/69c696f05c376_big.jpg|https://kultura-doma.ru/public/src/images/gallery/catalog/6a3a901b39d12_big.jpg
226,,УТ-00007801,,Набор бокалов для пива Бистро,https://kultura-doma.ru/product/nabor-bokalov-dlya-piva-bistro,wine_glass_set,atmosphere_or_drinks,,,,,2380,,,,хрустальное стекло,380 мл,unknown_from_feed,https://kultura-doma.ru/public/src/images/gallery/catalog/6a3a9d26b71d5_big.jpg,https://kultura-doma.ru/public/src/images/gallery/catalog/6a3a9d26b71d5_big.jpg|https://kultura-doma.ru/public/src/images/gallery/catalog/69ca46a6ce9e4_big.jpg|https://kultura-doma.ru/public/src/images/gallery/catalog/6a3a9d266f73c_big.jpg
227,,УТ-00007802,,Набор бокалов для пива Бистро,https://kultura-doma.ru/product/nabor-bokalov-dlya-piva-bistro-227,wine_glass_set,atmosphere_or_drinks,,,,,1390,,,,хрустальное стекло,550 мл,unknown_from_feed,https://kultura-doma.ru/public/src/images/gallery/catalog/6a3a9d197ed88_big.jpg,https://kultura-doma.ru/public/src/images/gallery/catalog/6a3a9d197ed88_big.jpg|https://kultura-doma.ru/public/src/images/gallery/catalog/69ca911ba8a1f_big.png|https://kultura-doma.ru/public/src/images/gallery/catalog/6a3a9d193f870_big.jpg
228,,УТ-00008297,,Набор бокалов для коньяка Росы,https://kultura-doma.ru/product/nabor-bokalov-dlya-kon-yaka-rosy,wine_glass_set,atmosphere_or_drinks,,,,,19900,,,,хрусталь,270 мл,unknown_from_feed,https://kultura-doma.ru/public/src/images/gallery/catalog/6a3a9d24d161f_big.jpg,https://kultura-doma.ru/public/src/images/gallery/catalog/6a3a9d24d161f_big.jpg|https://kultura-doma.ru/public/src/images/gallery/catalog/6a3a9d23dd28c_big.jpg|https://kultura-doma.ru/public/src/images/gallery/catalog/6a3a9d24344e8_big.jpg|https://kultura-doma.ru/public/src/images/gallery/catalog/6a3a9d2342dcb_big.jpg
229,,УТ-00009568,,Набор бокалов для пива Вуаль,https://kultura-doma.ru/product/nabor-bokalov-dlya-piva-vual,wine_glass_set,atmosphere_or_drinks,,,,,3990,,,,хрустальное стекло,500 мл,unknown_from_feed,https://kultura-doma.ru/public/src/images/gallery/catalog/6a3a9d1d63ffe_big.jpg,https://kultura-doma.ru/public/src/images/gallery/catalog/6a3a9d1d63ffe_big.jpg|https://kultura-doma.ru/public/src/images/gallery/catalog/69ca741c08c95_big.jpg|https://kultura-doma.ru/public/src/images/gallery/catalog/6a3a9d1ceaf49_big.jpg
233,233,УТ-00009779,,Ваза для фруктов Классика,https://kultura-doma.ru/product/vaza-dlya-fruktov-klassika,vase,atmosphere_or_drinks,,,,,3450,,белый,"21х21х9,5 см",фарфор,,unknown_from_feed,https://kultura-doma.ru/public/src/images/gallery/catalog/6a3d1bd1e8ab1_big.jpg,https://kultura-doma.ru/public/src/images/gallery/catalog/6a3d1bd1e8ab1_big.jpg|https://kultura-doma.ru/public/src/images/gallery/catalog/68f5f1ca91ee0_big.png|https://kultura-doma.ru/public/src/images/gallery/catalog/6a3d1bd2426f4_big.jpg
234,,УТ-00008305,,Графин Росы,https://kultura-doma.ru/product/grafin-rosy,decanter,atmosphere_or_drinks,,,,,21900,,,,хрусталь,1200 мл,unknown_from_feed,https://kultura-doma.ru/public/src/images/gallery/catalog/6a50b242547b3_big.jpg,https://kultura-doma.ru/public/src/images/gallery/catalog/6a50b242547b3_big.jpg|https://kultura-doma.ru/public/src/images/gallery/catalog/6a50b241b31d8_big.jpg|https://kultura-doma.ru/public/src/images/gallery/catalog/6a50b242a3578_big.jpg|https://kultura-doma.ru/public/src/images/gallery/catalog/6a50b2420ba17_big.jpg|https://kultura-doma.ru/public/src/images/gallery/catalog/6a50b24163d70_big.jpg
235,,УТ-00008306,,Графин Росы,https://kultura-doma.ru/product/grafin-rosy-235,decanter,atmosphere_or_drinks,,,,,18900,,,,хрусталь,1000 мл,unknown_from_feed,https://kultura-doma.ru/public/src/images/gallery/catalog/6a50b2910a733_big.jpg,https://kultura-doma.ru/public/src/images/gallery/catalog/6a50b2910a733_big.jpg|https://kultura-doma.ru/public/src/images/gallery/catalog/6a50b2906b115_big.jpg|https://kultura-doma.ru/public/src/images/gallery/catalog/6a50b29152ac6_big.jpg|https://kultura-doma.ru/public/src/images/gallery/catalog/6a50b29020751_big.jpg
236,,УТ-00008307,,Кувшин  Росы,https://kultura-doma.ru/product/kuvshin-rosy,decanter,atmosphere_or_drinks,,,,,13500,,,,хрусталь,1200 мл,unknown_from_feed,https://kultura-doma.ru/public/src/images/gallery/catalog/6a50b2c578eb1_big.jpg,https://kultura-doma.ru/public/src/images/gallery/catalog/6a50b2c578eb1_big.jpg|https://kultura-doma.ru/public/src/images/gallery/catalog/6a50b2c5380fb_big.jpg|https://kultura-doma.ru/public/src/images/gallery/catalog/6a50b2c5baf10_big.jpg|https://kultura-doma.ru/public/src/images/gallery/catalog/6a50b2c4a9d69_big.jpg
237,,УТ-00008693,,Графин для вина Росы,https://kultura-doma.ru/product/grafin-dlya-vina-rosy,decanter,atmosphere_or_drinks,,,,,15300,,,,хрусталь,600 мл,unknown_from_feed,https://kultura-doma.ru/public/src/images/gallery/catalog/6a3d191fdf48a_big.jpg,https://kultura-doma.ru/public/src/images/gallery/catalog/6a3d191fdf48a_big.jpg|https://kultura-doma.ru/public/src/images/gallery/catalog/6a3d191f1e2ac_big.jpg|https://kultura-doma.ru/public/src/images/gallery/catalog/6a3d192026aa2_big.jpg|https://kultura-doma.ru/public/src/images/gallery/catalog/6a3d191f5b390_big.jpg
238,,УТ-00009661,,Графин с рюмкой Лед,https://kultura-doma.ru/product/grafin-s-ryumkoy-led,decanter,atmosphere_or_drinks,,,,,46500,,,,хрусталь,1000 мл,unknown_from_feed,https://kultura-doma.ru/public/src/images/gallery/catalog/6a3d1922ac90f_big.jpg,https://kultura-doma.ru/public/src/images/gallery/catalog/6a3d1922ac90f_big.jpg|https://kultura-doma.ru/public/src/images/gallery/catalog/6a3d192272fcd_big.jpg|https://kultura-doma.ru/public/src/images/gallery/catalog/6a3d1922efb02_big.jpg|https://kultura-doma.ru/public/src/images/gallery/catalog/6a3d1921b87b8_big.jpg|https://kultura-doma.ru/public/src/images/gallery/catalog/6a3d19223acc8_big.jpg|https://kultura-doma.ru/public/src/images/gallery/catalog/6a3d1922026f7_big.jpg
240,,УТ-00007941,Петербург,Кружка Петербург,https://kultura-doma.ru/product/kruzhka-peterburg,mug,statement_accent,statement_accent,table,green|milk,urban|classic|graphic,4995,9990,белый,,костяной фарфор,450 мл,unknown_from_feed,https://kultura-doma.ru/public/src/images/gallery/catalog/68ee0faf95812_big.png,https://kultura-doma.ru/public/src/images/gallery/catalog/68ee0faf95812_big.png|https://kultura-doma.ru/public/src/images/gallery/catalog/6a394b4a57a59_big.jpg|https://kultura-doma.ru/public/src/images/gallery/catalog/6a394b4fb19ed_big.jpg|https://kultura-doma.ru/public/src/images/gallery/catalog/6a394b5011d9c_big.jpg|https://kultura-doma.ru/public/src/images/gallery/catalog/6a394b4f3678c_big.jpg|https://kultura-doma.ru/public/src/images/gallery/catalog/6a394b4d178f7_big.jpg|https://kultura-doma.ru/public/src/images/gallery/catalog/6a394b4ee1a17_big.jpg|https://kultura-doma.ru/public/src/images/gallery/catalog/6a394b4a169d8_big.jpg
260,,УТ-00008302,,Конфетница Росы,https://kultura-doma.ru/product/konfetnica-rosy,other,other,,,,,17900,,белый,,хрусталь,,unknown_from_feed,https://kultura-doma.ru/public/src/images/gallery/catalog/6a394b7486737_big.jpg,https://kultura-doma.ru/public/src/images/gallery/catalog/6a394b7486737_big.jpg|https://kultura-doma.ru/public/src/images/gallery/catalog/69ca63caaf1f6_big.jpg|https://kultura-doma.ru/public/src/images/gallery/catalog/6a394b74c4b2f_big.jpg
261,,УТ-00008303,,Конфетница Росы,https://kultura-doma.ru/product/konfetnica-rosy-261,other,other,,,,,14900,,белый,,хрусталь,,unknown_from_feed,https://kultura-doma.ru/public/src/images/gallery/catalog/6a394b76bf1fd_big.jpg,https://kultura-doma.ru/public/src/images/gallery/catalog/6a394b76bf1fd_big.jpg|https://kultura-doma.ru/public/src/images/gallery/catalog/69ca63b10d53e_big.jpg|https://kultura-doma.ru/public/src/images/gallery/catalog/6a394b770d0ec_big.jpg|https://kultura-doma.ru/public/src/images/gallery/catalog/6a394b7649ee4_big.jpg
262,,УТ-00008304,,Ваза для фруктов Росы,https://kultura-doma.ru/product/vaza-dlya-fruktov-rosy,vase,atmosphere_or_drinks,,,,,12900,,белый,,хрусталь,,unknown_from_feed,https://kultura-doma.ru/public/src/images/gallery/catalog/6a394b79adbcb_big.jpg,https://kultura-doma.ru/public/src/images/gallery/catalog/6a394b79adbcb_big.jpg|https://kultura-doma.ru/public/src/images/gallery/catalog/6a394b7967521_big.jpg|https://kultura-doma.ru/public/src/images/gallery/catalog/6a394b792f0bf_big.jpg
263,263,УТ-00008517,,Конфетница Купель латунь с покрытием никель,https://kultura-doma.ru/product/konfetnica-kupel,other,other,,,,,89900,,серебряный,"16,5х16,5х20,5 см",латунь,,unknown_from_feed,https://kultura-doma.ru/public/src/images/gallery/catalog/6a562dbae236e_big.jpg,https://kultura-doma.ru/public/src/images/gallery/catalog/6a562dbae236e_big.jpg|https://kultura-doma.ru/public/src/images/gallery/catalog/6a562dbb3caa7_big.jpg|https://kultura-doma.ru/public/src/images/gallery/catalog/6a562dba0e848_big.jpg|https://kultura-doma.ru/public/src/images/gallery/catalog/6a562dbbba4bf_big.jpg
264,,УТ-00008690,,Конфетница Росы,https://kultura-doma.ru/product/konfetnica-rosy-264,other,other,,,,,18600,,белый,,хрусталь,,unknown_from_feed,https://kultura-doma.ru/public/src/images/gallery/catalog/6a394b7b72148_big.jpg,https://kultura-doma.ru/public/src/images/gallery/catalog/6a394b7b72148_big.jpg|https://kultura-doma.ru/public/src/images/gallery/catalog/6a394b7b2d8ea_big.jpg|https://kultura-doma.ru/public/src/images/gallery/catalog/6a394b7bae880_big.jpg
265,,УТ-00008691,,Конфетница Росы,https://kultura-doma.ru/product/konfetnica-rosy-265,other,other,,,,,16800,,белый,,хрусталь,,unknown_from_feed,https://kultura-doma.ru/public/src/images/gallery/catalog/6a394b7d5921f_big.jpg,https://kultura-doma.ru/public/src/images/gallery/catalog/6a394b7d5921f_big.jpg|https://kultura-doma.ru/public/src/images/gallery/catalog/6a394b7e14962_big.jpg|https://kultura-doma.ru/public/src/images/gallery/catalog/6a394b7d9384e_big.jpg
266,,УТ-00008692,,Конфетница Росы,https://kultura-doma.ru/product/konfetnica-rosy-266,other,other,,,,,14300,,белый,,хрусталь,,unknown_from_feed,https://kultura-doma.ru/public/src/images/gallery/catalog/6a394b7f9df73_big.jpg,https://kultura-doma.ru/public/src/images/gallery/catalog/6a394b7f9df73_big.jpg|https://kultura-doma.ru/public/src/images/gallery/catalog/69ca622be309b_big.jpg|https://kultura-doma.ru/public/src/images/gallery/catalog/6a394b7fdbda4_big.jpg
267,267,УТ-00007875,,Икорница с ложкой Купель,https://kultura-doma.ru/product/ikornica-kupel,other,other,,,,,59900,,,"12,5х12,5х11,5 см",латунь,,unknown_from_feed,https://kultura-doma.ru/public/src/images/gallery/catalog/69f07464d82a6_big.jpg,https://kultura-doma.ru/public/src/images/gallery/catalog/69f07464d82a6_big.jpg|https://kultura-doma.ru/public/src/images/gallery/catalog/69f074633b555_big.jpg|https://kultura-doma.ru/public/src/images/gallery/catalog/69f07464952cc_big.jpg|https://kultura-doma.ru/public/src/images/gallery/catalog/69f07464592be_big.jpg|https://kultura-doma.ru/public/src/images/gallery/catalog/69f074637eb06_big.jpg|https://kultura-doma.ru/public/src/images/gallery/catalog/69f07463bd68d_big.jpg
268,268,УТ-00007877,,Ваза десертная Купель,https://kultura-doma.ru/product/vaza-kupel,vase,atmosphere_or_drinks,,,,,99900,,серебряный,"16,5х16,5х17 см",латунь,,unknown_from_feed,https://kultura-doma.ru/public/src/images/gallery/catalog/69f0745e167df_big.jpg,https://kultura-doma.ru/public/src/images/gallery/catalog/69f0745e167df_big.jpg|https://kultura-doma.ru/public/src/images/gallery/catalog/69f0745dc6bea_big.jpg|https://kultura-doma.ru/public/src/images/gallery/catalog/69f0745e52614_big.jpg|https://kultura-doma.ru/public/src/images/gallery/catalog/69f0745e9d17f_big.jpg|https://kultura-doma.ru/public/src/images/gallery/catalog/69f0745d16384_big.jpg
269,269,УТ-00007939,Петербург,Сливочник Петербург,https://kultura-doma.ru/product/slivochnik-peterburg,milk_jug,serving_add_on,statement_accent,table,green|milk,urban|classic|graphic,6450,12900,белый,13х8х10 см,костяной фарфор,300 мл,unknown_from_feed,https://kultura-doma.ru/public/src/images/gallery/catalog/6a632cffe8804_big.jpg,https://kultura-doma.ru/public/src/images/gallery/catalog/6a632cffe8804_big.jpg|https://kultura-doma.ru/public/src/images/gallery/catalog/6a632cff1c511_big.jpg|https://kultura-doma.ru/public/src/images/gallery/catalog/6a632d0037bdb_big.jpg|https://kultura-doma.ru/public/src/images/gallery/catalog/6a632cfe538d6_big.jpg
270,270,УТ-00008514,,Подставка для зубочисток Купель,https://kultura-doma.ru/product/podstavka-dlya-zubochistok-kupel,other,other,,,,,22900,,,7х4 см,латунь,,unknown_from_feed,https://kultura-doma.ru/public/src/images/gallery/catalog/69f0747375188_big.jpg,https://kultura-doma.ru/public/src/images/gallery/catalog/69f0747375188_big.jpg|https://kultura-doma.ru/public/src/images/gallery/catalog/69f07473b437b_big.jpg|https://kultura-doma.ru/public/src/images/gallery/catalog/69f0747338519_big.jpg|https://kultura-doma.ru/public/src/images/gallery/catalog/69f07473f1810_big.jpg
271,271,УТ-00008516,,Салфетница Купель,https://kultura-doma.ru/product/salfetnica-kupel,napkin,table_textile,,,,,39900,,,16х9 см,латунь,,unknown_from_feed,https://kultura-doma.ru/public/src/images/gallery/catalog/69f07470be818_big.jpg,https://kultura-doma.ru/public/src/images/gallery/catalog/69f07470be818_big.jpg|https://kultura-doma.ru/public/src/images/gallery/catalog/69f0747082a09_big.jpg|https://kultura-doma.ru/public/src/images/gallery/catalog/69f074711923d_big.jpg
284,,УТ-00009576,,Набор креманок Иллюзия,https://kultura-doma.ru/product/nabor-kremanok-illyuziya,wine_glass_set,atmosphere_or_drinks,,,,,1990,,,,хрустальное стекло,220 мл,unknown_from_feed,https://kultura-doma.ru/public/src/images/gallery/catalog/6a3a904d350c0_big.jpg,https://kultura-doma.ru/public/src/images/gallery/catalog/6a3a904d350c0_big.jpg|https://kultura-doma.ru/public/src/images/gallery/catalog/69ca36e992dc5_big.jpg|https://kultura-doma.ru/public/src/images/gallery/catalog/6a3a904d74174_big.jpg
285,,УТ-00009606,,Ведро для льда Купель,https://kultura-doma.ru/product/vedro-dlya-l-da-kupel,other,other,,,,,139000,,,25х18 см,латунь,,unknown_from_feed,https://kultura-doma.ru/public/src/images/gallery/catalog/694b950fe8dcd_big.jpg,https://kultura-doma.ru/public/src/images/gallery/catalog/694b950fe8dcd_big.jpg|https://kultura-doma.ru/public/src/images/gallery/catalog/694b95110a511_big.jpg|https://kultura-doma.ru/public/src/images/gallery/catalog/694b9510a9476_big.jpg|https://kultura-doma.ru/public/src/images/gallery/catalog/694b951051432_big.jpg
289,,УТ-00009772,,Солонка Классика,https://kultura-doma.ru/product/solonka-klassika,other,other,,,,,880,,белый,,фарфор,50 мл,unknown_from_feed,https://kultura-doma.ru/public/src/images/gallery/catalog/69f06b76dd9f3_big.jpg,https://kultura-doma.ru/public/src/images/gallery/catalog/69f06b76dd9f3_big.jpg|https://kultura-doma.ru/public/src/images/gallery/catalog/69f06b775dc85_big.jpg|https://kultura-doma.ru/public/src/images/gallery/catalog/69f06b77261e6_big.jpg
290,,УТ-00009773,,Перечница Классика,https://kultura-doma.ru/product/perechnica-klassika,other,other,,,,,880,,белый,,фарфор,50 мл,unknown_from_feed,https://kultura-doma.ru/public/src/images/gallery/catalog/69f06b554dcc2_big.jpg,https://kultura-doma.ru/public/src/images/gallery/catalog/69f06b554dcc2_big.jpg|https://kultura-doma.ru/public/src/images/gallery/catalog/69f06b55c0267_big.jpg|https://kultura-doma.ru/public/src/images/gallery/catalog/69f06b5585d99_big.jpg
291,,УТ-00009775,,Салфетница Классика,https://kultura-doma.ru/product/salfetnica-klassika,napkin,table_textile,,,,,1130,,белый,,фарфор,,unknown_from_feed,https://kultura-doma.ru/public/src/images/gallery/catalog/69f06b7546e46_big.jpg,https://kultura-doma.ru/public/src/images/gallery/catalog/69f06b7546e46_big.jpg|https://kultura-doma.ru/public/src/images/gallery/catalog/69f06b758ac49_big.jpg|https://kultura-doma.ru/public/src/images/gallery/catalog/69f06b75c6f9b_big.jpg
293,,УТ-00009777,,Масленка Классик,https://kultura-doma.ru/product/maslenka-klassik,other,other,,,,,2840,,белый,,фарфор,,unknown_from_feed,https://kultura-doma.ru/public/src/images/gallery/catalog/69f06b4ca3cd2_big.jpg,https://kultura-doma.ru/public/src/images/gallery/catalog/69f06b4ca3cd2_big.jpg|https://kultura-doma.ru/public/src/images/gallery/catalog/6a15b1268fe75_big.jpg
294,,УТ-00009778,,Розетка Классика,https://kultura-doma.ru/product/rozetka-klassika,other,other,,,,,670,,белый,,фарфор,80 мл,unknown_from_feed,https://kultura-doma.ru/public/src/images/gallery/catalog/69f06b66884d7_big.jpg,https://kultura-doma.ru/public/src/images/gallery/catalog/69f06b66884d7_big.jpg|https://kultura-doma.ru/public/src/images/gallery/catalog/69f06b65afaaf_big.jpg|https://kultura-doma.ru/public/src/images/gallery/catalog/69f06b66ca87f_big.jpg
296,,УТ-00007942,Петербург,Салатник Петербург,https://kultura-doma.ru/product/salatnik-peterburg,salad_bowl,serving_add_on,statement_accent,table,green|milk,urban|classic|graphic,2995,5990,белый,,костяной фарфор,,unknown_from_feed,https://kultura-doma.ru/public/src/images/gallery/catalog/6a3a860480fbd_big.jpg,https://kultura-doma.ru/public/src/images/gallery/catalog/6a3a860480fbd_big.jpg|https://kultura-doma.ru/public/src/images/gallery/catalog/6a3a860210338_big.jpg|https://kultura-doma.ru/public/src/images/gallery/catalog/6a3a8604bf092_big.jpg
297,297,УТ-00007943,Петербург,Салатник Петербург,https://kultura-doma.ru/product/salatnik-peterburg-297,salad_bowl,serving_add_on,statement_accent,table,green|milk,urban|classic|graphic,5995,11990,белый,"20х20х6,9 см",костяной фарфор,,unknown_from_feed,https://kultura-doma.ru/public/src/images/gallery/catalog/6a3a862a73d29_big.jpg,https://kultura-doma.ru/public/src/images/gallery/catalog/6a3a862a73d29_big.jpg|https://kultura-doma.ru/public/src/images/gallery/catalog/696f991311735_big.png|https://kultura-doma.ru/public/src/images/gallery/catalog/6a3a862ac250b_big.jpg
298,298,УТ-00008308,,Менажница-салатник Росы,https://kultura-doma.ru/product/menazhnica-salatnik-rosy,salad_bowl,serving_add_on,,,,,3500,,белый,"11,5x3,3 см",хрусталь,,unknown_from_feed,https://kultura-doma.ru/public/src/images/gallery/catalog/6a3a861488e76_big.jpg,https://kultura-doma.ru/public/src/images/gallery/catalog/6a3a861488e76_big.jpg|https://kultura-doma.ru/public/src/images/gallery/catalog/6a3a86138e824_big.jpg|https://kultura-doma.ru/public/src/images/gallery/catalog/6a3a861442857_big.jpg|https://kultura-doma.ru/public/src/images/gallery/catalog/6a3a8613d3671_big.jpg
303,,УТ-00007938,Петербург,Сахарница Петербург,https://kultura-doma.ru/product/saharnica-peterburg,sugar_bowl,serving_add_on,statement_accent,table,green|milk,urban|classic|graphic,7950,15900,белый,,костяной фарфор,400 мл,unknown_from_feed,https://kultura-doma.ru/public/src/images/gallery/catalog/6a394b88d86f5_big.jpg,https://kultura-doma.ru/public/src/images/gallery/catalog/6a394b88d86f5_big.jpg|https://kultura-doma.ru/public/src/images/gallery/catalog/6a394b886643a_big.jpg|https://kultura-doma.ru/public/src/images/gallery/catalog/6a394b89200e7_big.jpg|https://kultura-doma.ru/public/src/images/gallery/catalog/6a394b8963f59_big.jpg
309,,УТ-00007786,,Набор стаканов для воды Гармония,https://kultura-doma.ru/product/nabor-stakanov-dlya-vody-garmoniya,glassware_set,atmosphere_or_drinks,,,,,1908,3180,,,хрустальное стекло,400 мл,unknown_from_feed,https://kultura-doma.ru/public/src/images/gallery/catalog/6a3d177a87dd0_big.jpg,https://kultura-doma.ru/public/src/images/gallery/catalog/6a3d177a87dd0_big.jpg|https://kultura-doma.ru/public/src/images/gallery/catalog/6a3d17792104f_big.jpg|https://kultura-doma.ru/public/src/images/gallery/catalog/6a3d17795a609_big.jpg
310,,УТ-00007792,,Набор бокалов для виски Лада,https://kultura-doma.ru/product/nabor-bokalov-dlya-viski-lada,wine_glass_set,atmosphere_or_drinks,,,,,1230,,,,хрустальное стекло,440 мл,unknown_from_feed,https://kultura-doma.ru/public/src/images/gallery/catalog/6a3d177e8f677_big.jpg,https://kultura-doma.ru/public/src/images/gallery/catalog/6a3d177e8f677_big.jpg|https://kultura-doma.ru/public/src/images/gallery/catalog/6a3d177c974b6_big.jpg|https://kultura-doma.ru/public/src/images/gallery/catalog/6a3d177cd02c7_big.jpg|https://kultura-doma.ru/public/src/images/gallery/catalog/6a3d177d158de_big.jpg|https://kultura-doma.ru/public/src/images/gallery/catalog/6a3d177d4fd64_big.jpg|https://kultura-doma.ru/public/src/images/gallery/catalog/6a3d177d939da_big.jpg|https://kultura-doma.ru/public/src/images/gallery/catalog/6a3d177dcd1b1_big.jpg|https://kultura-doma.ru/public/src/images/gallery/catalog/6a3d177e169c4_big.jpg|https://kultura-doma.ru/public/src/images/gallery/catalog/6a3d177e53be0_big.jpg|https://kultura-doma.ru/public/src/images/gallery/catalog/6a3d177ecf6eb_big.jpg
311,,УТ-00007794,,Набор рюмок для водки Екатерина,https://kultura-doma.ru/product/nabor-ryumok-dlya-vodki-ekaterina-311,glassware_set,atmosphere_or_drinks,,,,,3060,,,,хрустальное стекло,60 мл,unknown_from_feed,https://kultura-doma.ru/public/src/images/gallery/catalog/6a3d1781b21f2_big.jpg,https://kultura-doma.ru/public/src/images/gallery/catalog/6a3d1781b21f2_big.jpg|https://kultura-doma.ru/public/src/images/gallery/catalog/6a3d178082a39_big.jpg|https://kultura-doma.ru/public/src/images/gallery/catalog/6a3d1780c084d_big.jpg|https://kultura-doma.ru/public/src/images/gallery/catalog/6a3d17814024b_big.jpg
313,,УТ-00007800,,Набор стопок Бистро,https://kultura-doma.ru/product/nabor-stopok-bistro,glassware_set,atmosphere_or_drinks,,,,,2150,,,,хрустальное стекло,50 мл,unknown_from_feed,https://kultura-doma.ru/public/src/images/gallery/catalog/6a3d1783489c9_big.jpg,https://kultura-doma.ru/public/src/images/gallery/catalog/6a3d1783489c9_big.jpg|https://kultura-doma.ru/public/src/images/gallery/catalog/6a3d17830cfc6_big.jpg
315,,УТ-00008299,,Набор стаканов для виски Росы,https://kultura-doma.ru/product/nabor-stakanov-dlya-viski-rosy,glassware_set,atmosphere_or_drinks,,,,,34900,,,,хрусталь,250 мл,unknown_from_feed,https://kultura-doma.ru/public/src/images/gallery/catalog/6a3d1785d79ac_big.jpg,https://kultura-doma.ru/public/src/images/gallery/catalog/6a3d1785d79ac_big.jpg|https://kultura-doma.ru/public/src/images/gallery/catalog/6a3d1784db463_big.jpg|https://kultura-doma.ru/public/src/images/gallery/catalog/6a3d1785209e4_big.jpg|https://kultura-doma.ru/public/src/images/gallery/catalog/6a3d17855892d_big.jpg
316,,УТ-00009571,,Набор стаканов для виски Вуаль,https://kultura-doma.ru/product/nabor-stakanov-dlya-viski-vual,glassware_set,atmosphere_or_drinks,,,,,3290,,,,хрустальное стекло,350 мл,unknown_from_feed,https://kultura-doma.ru/public/src/images/gallery/catalog/6a3d178706cae_big.jpg,https://kultura-doma.ru/public/src/images/gallery/catalog/6a3d178706cae_big.jpg|https://kultura-doma.ru/public/src/images/gallery/catalog/69ca752d0fa99_big.jpg|https://kultura-doma.ru/public/src/images/gallery/catalog/6a3d178740b20_big.jpg
317,,УТ-00009572,,Набор стаканов для воды Вуаль,https://kultura-doma.ru/product/nabor-stakanov-dlya-vody-vual,glassware_set,atmosphere_or_drinks,,,,,2094,3490,,,хрустальное стекло,400 мл,unknown_from_feed,https://kultura-doma.ru/public/src/images/gallery/catalog/6a3d1788978d0_big.jpg,https://kultura-doma.ru/public/src/images/gallery/catalog/6a3d1788978d0_big.jpg|https://kultura-doma.ru/public/src/images/gallery/catalog/69ca75480cc17_big.png|https://kultura-doma.ru/public/src/images/gallery/catalog/6a3d1788d08ac_big.jpg
318,,УТ-00009577,,Набор стаканов для виски Иллюзия,https://kultura-doma.ru/product/nabor-stakanov-dlya-viski-illyuziya,glassware_set,atmosphere_or_drinks,,,,,3790,,,,хрустальное стекло,350 мл,unknown_from_feed,https://kultura-doma.ru/public/src/images/gallery/catalog/6a3d178a63b26_big.jpg,https://kultura-doma.ru/public/src/images/gallery/catalog/6a3d178a63b26_big.jpg|https://kultura-doma.ru/public/src/images/gallery/catalog/69ca35cb4173f_big.jpg|https://kultura-doma.ru/public/src/images/gallery/catalog/6a3d178a9f8dc_big.jpg
320,,УТ-00009767,,Набор рюмок для водки Лед,https://kultura-doma.ru/product/nabor-ryumok-dlya-vodki-led,glassware_set,atmosphere_or_drinks,,,,,96000,,,,хрусталь,35 мл,unknown_from_feed,https://kultura-doma.ru/public/src/images/gallery/catalog/6a3d178e830e1_big.jpg,https://kultura-doma.ru/public/src/images/gallery/catalog/6a3d178e830e1_big.jpg|https://kultura-doma.ru/public/src/images/gallery/catalog/6a3d178ca6d5f_big.jpg|https://kultura-doma.ru/public/src/images/gallery/catalog/6a3d178df2aa2_big.jpg
326,326,УТ-00007944,Петербург,Тарелка Петербург,https://kultura-doma.ru/product/tarelka-peterburg,other,statement_accent,statement_accent,table,green|milk,urban|classic|graphic,2895,5790,белый,20х20х1 см,костяной фарфор,,unknown_from_feed,https://kultura-doma.ru/public/src/images/gallery/catalog/6a06d7497fe35_big.jpg,https://kultura-doma.ru/public/src/images/gallery/catalog/6a06d7497fe35_big.jpg|https://kultura-doma.ru/public/src/images/gallery/catalog/6a3a73674e96f_big.jpg|https://kultura-doma.ru/public/src/images/gallery/catalog/6a3a736b78a29_big.jpg|https://kultura-doma.ru/public/src/images/gallery/catalog/6a3a7368960e5_big.jpg|https://kultura-doma.ru/public/src/images/gallery/catalog/6a3a736905af9_big.jpg
337,,УТ-00007937,Петербург,Чайник Петербург,https://kultura-doma.ru/product/chaynik-peterburg,teapot,serving_add_on,statement_accent,table,green|milk,urban|classic|graphic,9950,19900,белый,,костяной фарфор,1100 мл,unknown_from_feed,https://kultura-doma.ru/public/src/images/gallery/catalog/6a394f8eb12f9_big.jpg,https://kultura-doma.ru/public/src/images/gallery/catalog/6a394f8eb12f9_big.jpg|https://kultura-doma.ru/public/src/images/gallery/catalog/6a394f8a58a79_big.jpg|https://kultura-doma.ru/public/src/images/gallery/catalog/6a394f8f0440d_big.jpg|https://kultura-doma.ru/public/src/images/gallery/catalog/6a394f8fa4bbf_big.jpg|https://kultura-doma.ru/public/src/images/gallery/catalog/6a394f8d83f61_big.jpg|https://kultura-doma.ru/public/src/images/gallery/catalog/6a394f8ad65b9_big.jpg
340,,УТ-00007940,Петербург,Чайная пара Петербург,https://kultura-doma.ru/product/chaynaya-para-peterburg,tea_pair,tea_or_coffee_service,statement_accent,table,green|milk,urban|classic|graphic,4995,9990,белый,,костяной фарфор,260 мл,unknown_from_feed,https://kultura-doma.ru/public/src/images/gallery/catalog/6a394ba34f611_big.jpg,https://kultura-doma.ru/public/src/images/gallery/catalog/6a394ba34f611_big.jpg|https://kultura-doma.ru/public/src/images/gallery/catalog/6a394ba3081b0_big.jpg|https://kultura-doma.ru/public/src/images/gallery/catalog/6a394ba3a1f76_big.jpg|https://kultura-doma.ru/public/src/images/gallery/catalog/6a394ba405e03_big.jpg|https://kultura-doma.ru/public/src/images/gallery/catalog/6a394ba2afaca_big.jpg|https://kultura-doma.ru/public/src/images/gallery/catalog/6a394ba13e1ed_big.jpg|https://kultura-doma.ru/public/src/images/gallery/catalog/6a394b9c405aa_big.jpg
342,,УТ-00008461,,Чайная пара Ландыши,https://kultura-doma.ru/product/chaynaya-para-landyshi,tea_pair,tea_or_coffee_service,,,,,14080,17600,белый,,фарфор,250 мл,unknown_from_feed,https://kultura-doma.ru/public/src/images/gallery/catalog/688cc66fceb49_big.jpg,https://kultura-doma.ru/public/src/images/gallery/catalog/688cc66fceb49_big.jpg|https://kultura-doma.ru/public/src/images/gallery/catalog/68b999c3a35b4_big.jpg|https://kultura-doma.ru/public/src/images/gallery/catalog/69ef73eb0e8cc_big.jpg|https://kultura-doma.ru/public/src/images/gallery/catalog/69ef73eac8b79_big.jpg|https://kultura-doma.ru/public/src/images/gallery/catalog/69ef73e9afca8_big.jpg
347,347,УТ-00007594,,Корзина Уют,https://kultura-doma.ru/product/korzina-uyut,other,other,,,,,9600,,серый,39х30х25 см,хлопковый шнур,,unknown_from_feed,https://kultura-doma.ru/public/src/images/gallery/catalog/68920f8b01b22_big.jpg,https://kultura-doma.ru/public/src/images/gallery/catalog/68920f8b01b22_big.jpg|https://kultura-doma.ru/public/src/images/gallery/catalog/68920f8ab3f2e_big.jpg|https://kultura-doma.ru/public/src/images/gallery/catalog/68920f8b888bc_big.jpg|https://kultura-doma.ru/public/src/images/gallery/catalog/68920f8c1e5eb_big.jpg|https://kultura-doma.ru/public/src/images/gallery/catalog/68920f8a468d8_big.jpg|https://kultura-doma.ru/public/src/images/gallery/catalog/68920f8b46b56_big.jpg|https://kultura-doma.ru/public/src/images/gallery/catalog/68920f8c7e9e7_big.jpg
348,348,УТ-00007595,,Корзина Уют,https://kultura-doma.ru/product/korzina-uyut-348,other,other,,,,,8900,,серый,33х25 см,хлопковый шнур,,unknown_from_feed,https://kultura-doma.ru/public/src/images/gallery/catalog/68920f869f083_big.jpg,https://kultura-doma.ru/public/src/images/gallery/catalog/68920f869f083_big.jpg|https://kultura-doma.ru/public/src/images/gallery/catalog/68920f862135b_big.jpg|https://kultura-doma.ru/public/src/images/gallery/catalog/68920f85d9390_big.jpg|https://kultura-doma.ru/public/src/images/gallery/catalog/68920f874df56_big.jpg|https://kultura-doma.ru/public/src/images/gallery/catalog/68920f87ab2ee_big.jpg|https://kultura-doma.ru/public/src/images/gallery/catalog/68920f8660528_big.jpg|https://kultura-doma.ru/public/src/images/gallery/catalog/68920f8702844_big.jpg|https://kultura-doma.ru/public/src/images/gallery/catalog/68920f889bc07_big.jpg
377,,УТ-00007403,,Диффузор Пьянящий цветок,https://kultura-doma.ru/product/diffuzor-p-yanyaschiy-cvetok,other,other,,,,,2500,5000,,,,100 мл,unknown_from_feed,https://kultura-doma.ru/public/src/images/gallery/catalog/6a6089ef78df0_big.jpg,https://kultura-doma.ru/public/src/images/gallery/catalog/6a6089ef78df0_big.jpg|https://kultura-doma.ru/public/src/images/gallery/catalog/6a6089efbe14e_big.jpg|https://kultura-doma.ru/public/src/images/gallery/catalog/6a6089f01492b_big.jpg
411,411,УТ-00008623,,Подушка декоративная Узоры,https://kultura-doma.ru/product/podushka-dekorativnaya-uzory,decorative_pillow,bedroom_layer,,,,,2745,5490,голубой,45х45 см,,,unknown_from_feed,https://kultura-doma.ru/public/src/images/gallery/catalog/6a43747a7aaa6_big.jpg,https://kultura-doma.ru/public/src/images/gallery/catalog/6a43747a7aaa6_big.jpg|https://kultura-doma.ru/public/src/images/gallery/catalog/6a43747ac2b2d_big.jpg|https://kultura-doma.ru/public/src/images/gallery/catalog/6a43747b21281_big.jpg
429,429,УТ-00008648,,Подушка декоративная Узоры,https://kultura-doma.ru/product/podushka-dekorativnaya-uzory-429,decorative_pillow,bedroom_layer,,,,,2745,5490,бежевый,45х45 см,,,unknown_from_feed,https://kultura-doma.ru/public/src/images/gallery/catalog/6a4374a149ac9_big.jpg,https://kultura-doma.ru/public/src/images/gallery/catalog/6a4374a149ac9_big.jpg|https://kultura-doma.ru/public/src/images/gallery/catalog/6a4374a0db15b_big.jpg
457,457,УТ-00007576,,Ваза Балерина,https://kultura-doma.ru/product/vaza-balerina-457,vase,atmosphere_or_drinks,,,,,22800,28500,белый,29 см,фарфор,,unknown_from_feed,https://kultura-doma.ru/public/src/images/gallery/catalog/6a0d5b0d4c10b_big.jpg,https://kultura-doma.ru/public/src/images/gallery/catalog/6a0d5b0d4c10b_big.jpg|https://kultura-doma.ru/public/src/images/gallery/catalog/6a0d5b0d91195_big.jpg|https://kultura-doma.ru/public/src/images/gallery/catalog/6a0d5b0dd4b3f_big.jpg
459,459,УТ-00008441,,Ваза Пионы,https://kultura-doma.ru/product/vaza-piony-459,vase,atmosphere_or_drinks,,,,,30080,37600,белый,24 см,фарфор,,unknown_from_feed,https://kultura-doma.ru/public/src/images/gallery/catalog/6a0d5a4840706_big.jpg,https://kultura-doma.ru/public/src/images/gallery/catalog/6a0d5a4840706_big.jpg|https://kultura-doma.ru/public/src/images/gallery/catalog/6a0d5a48824ca_big.jpg
464,464,УТ-00008452,,Ваза Пионы,https://kultura-doma.ru/product/vaza-piony-464,vase,atmosphere_or_drinks,,,,,24800,31000,белый,16 см,фарфор,,unknown_from_feed,https://kultura-doma.ru/public/src/images/gallery/catalog/6a0d59fdea3f1_big.jpg,https://kultura-doma.ru/public/src/images/gallery/catalog/6a0d59fdea3f1_big.jpg|https://kultura-doma.ru/public/src/images/gallery/catalog/6a0d59fe359e9_big.jpg
465,465,УТ-00008453,,Ваза Пионы,https://kultura-doma.ru/product/vaza-piony-465,vase,atmosphere_or_drinks,,,,,46080,57600,белый,21 см,фарфор,,unknown_from_feed,https://kultura-doma.ru/public/src/images/gallery/catalog/6a0d5a3c8260d_big.jpg,https://kultura-doma.ru/public/src/images/gallery/catalog/6a0d5a3c8260d_big.jpg|https://kultura-doma.ru/public/src/images/gallery/catalog/6a0d5a3ccd5b5_big.jpg
467,467,УТ-00008455,,Ваза Пионы,https://kultura-doma.ru/product/vaza-piony-467,vase,atmosphere_or_drinks,,,,,19040,23800,белый,20 см,фарфор,,unknown_from_feed,https://kultura-doma.ru/public/src/images/gallery/catalog/6a0d5a1a518c3_big.jpg,https://kultura-doma.ru/public/src/images/gallery/catalog/6a0d5a1a518c3_big.jpg|https://kultura-doma.ru/public/src/images/gallery/catalog/6a0d5a1a9105f_big.jpg
468,468,УТ-00008456,,Ваза Пионы,https://kultura-doma.ru/product/vaza-piony-468,vase,atmosphere_or_drinks,,,,,24800,31000,белый,18 см,фарфор,,unknown_from_feed,https://kultura-doma.ru/public/src/images/gallery/catalog/6a0d5a037de51_big.jpg,https://kultura-doma.ru/public/src/images/gallery/catalog/6a0d5a037de51_big.jpg|https://kultura-doma.ru/public/src/images/gallery/catalog/6a0d5a03f41cd_big.jpg|https://kultura-doma.ru/public/src/images/gallery/catalog/6a0d5a030346a_big.jpg|https://kultura-doma.ru/public/src/images/gallery/catalog/6a0d5a03ba4e4_big.jpg|https://kultura-doma.ru/public/src/images/gallery/catalog/6a0d5a0340398_big.jpg
474,474,УТ-00008471,,Ваза Ландыши,https://kultura-doma.ru/product/vaza-landyshi-474,vase,atmosphere_or_drinks,,,,,16000,20000,белый,24 см,фарфор,,unknown_from_feed,https://kultura-doma.ru/public/src/images/gallery/catalog/6a0d5a46a44f4_big.jpg,https://kultura-doma.ru/public/src/images/gallery/catalog/6a0d5a46a44f4_big.jpg|https://kultura-doma.ru/public/src/images/gallery/catalog/6a0d5a46e26e6_big.jpg
481,481,УТ-00008479,,Ваза Ландыши,https://kultura-doma.ru/product/vaza-landyshi-481,vase,atmosphere_or_drinks,,,,,15120,18900,белый,30 см,фарфор,,unknown_from_feed,https://kultura-doma.ru/public/src/images/gallery/catalog/6a0d5a61ce1cf_big.jpg,https://kultura-doma.ru/public/src/images/gallery/catalog/6a0d5a61ce1cf_big.jpg|https://kultura-doma.ru/public/src/images/gallery/catalog/6a0d5a6218344_big.jpg|https://kultura-doma.ru/public/src/images/gallery/catalog/6a0d5a6182c42_big.jpg|https://kultura-doma.ru/public/src/images/gallery/catalog/6a0d5a62ad339_big.jpg
483,483,УТ-00008481,,Ваза Ландыши,https://kultura-doma.ru/product/vaza-landyshi-483,vase,atmosphere_or_drinks,,,,,14000,17500,белый,29 см,фарфор,,unknown_from_feed,https://kultura-doma.ru/public/src/images/gallery/catalog/6a0d5a5f4ec2e_big.jpg,https://kultura-doma.ru/public/src/images/gallery/catalog/6a0d5a5f4ec2e_big.jpg|https://kultura-doma.ru/public/src/images/gallery/catalog/6a0d5a5f8c346_big.jpg
484,484,УТ-00008483,,Ваза Ландыши,https://kultura-doma.ru/product/vaza-landyshi-484,vase,atmosphere_or_drinks,,,,,14320,17900,белый,26 см,фарфор,,unknown_from_feed,https://kultura-doma.ru/public/src/images/gallery/catalog/6a0d5a520024c_big.jpg,https://kultura-doma.ru/public/src/images/gallery/catalog/6a0d5a520024c_big.jpg|https://kultura-doma.ru/public/src/images/gallery/catalog/6a0d5a523a650_big.jpg
497,497,УТ-00008865,,Ваза Ландыши,https://kultura-doma.ru/product/vaza-landyshi-497,vase,atmosphere_or_drinks,,,,,16720,20900,белый,27 см,фарфор,,unknown_from_feed,https://kultura-doma.ru/public/src/images/gallery/catalog/6a0d5a55bf973_big.jpg,https://kultura-doma.ru/public/src/images/gallery/catalog/6a0d5a55bf973_big.jpg|https://kultura-doma.ru/public/src/images/gallery/catalog/6a0d5a5683fb7_big.jpg|https://kultura-doma.ru/public/src/images/gallery/catalog/6a0d5a560db61_big.jpg
498,498,УТ-00008866,,Ваза Ландыши,https://kultura-doma.ru/product/vaza-landyshi-498,vase,atmosphere_or_drinks,,,,,21520,26900,белый,33 см,фарфор,,unknown_from_feed,https://kultura-doma.ru/public/src/images/gallery/catalog/6a0d5b01a413d_big.jpg,https://kultura-doma.ru/public/src/images/gallery/catalog/6a0d5b01a413d_big.jpg|https://kultura-doma.ru/public/src/images/gallery/catalog/6a0d5b027958b_big.jpg|https://kultura-doma.ru/public/src/images/gallery/catalog/6a0d5b0301274_big.jpg
500,500,УТ-00008868,,Ваза Ландыши,https://kultura-doma.ru/product/vaza-landyshi-500,vase,atmosphere_or_drinks,,,,,16720,20900,белый,29 см,фарфор,,unknown_from_feed,https://kultura-doma.ru/public/src/images/gallery/catalog/6a0d5a5d696cb_big.jpg,https://kultura-doma.ru/public/src/images/gallery/catalog/6a0d5a5d696cb_big.jpg|https://kultura-doma.ru/public/src/images/gallery/catalog/6a0d5a5c085b4_big.jpg|https://kultura-doma.ru/public/src/images/gallery/catalog/6a0d5a5da32ba_big.jpg|https://kultura-doma.ru/public/src/images/gallery/catalog/6a0d5a5e05976_big.jpg
501,501,УТ-00008869,,Ваза Ландыши,https://kultura-doma.ru/product/vaza-landyshi-501,vase,atmosphere_or_drinks,,,,,16240,20300,белый,31 см,фарфор,,unknown_from_feed,https://kultura-doma.ru/public/src/images/gallery/catalog/6a0d5af2a06ba_big.jpg,https://kultura-doma.ru/public/src/images/gallery/catalog/6a0d5af2a06ba_big.jpg|https://kultura-doma.ru/public/src/images/gallery/catalog/6a0d5af2610e8_big.jpg|https://kultura-doma.ru/public/src/images/gallery/catalog/6a0d5af2e9bd9_big.jpg|https://kultura-doma.ru/public/src/images/gallery/catalog/6a0d5af34fb7f_big.jpg|https://kultura-doma.ru/public/src/images/gallery/catalog/6a0d5af39b6d8_big.jpg
529,529,УТ-00008312,Петербург,Дорожка Петербург,https://kultura-doma.ru/product/dorozhka-peterburg,table_runner,table_textile,statement_accent,table,green|milk,urban|classic|graphic,2500,5000,белый,165х45 см,сатин,,unknown_from_feed,https://kultura-doma.ru/public/src/images/gallery/catalog/69f218cb89b24_big.jpg,https://kultura-doma.ru/public/src/images/gallery/catalog/69f218cb89b24_big.jpg|https://kultura-doma.ru/public/src/images/gallery/catalog/68ef707de05e1_big.jpg|https://kultura-doma.ru/public/src/images/gallery/catalog/69f218cc7016f_big.jpg|https://kultura-doma.ru/public/src/images/gallery/catalog/69f218cc10f3c_big.jpg
530,530,УТ-00008967,,Дорожка Многоцвет,https://kultura-doma.ru/product/dorozhka-mnogocvet-530,table_runner,table_textile,,,,,2495,4990,белый,50х180 см,,,unknown_from_feed,https://kultura-doma.ru/public/src/images/gallery/catalog/69f218cd67e4a_big.jpg,https://kultura-doma.ru/public/src/images/gallery/catalog/69f218cd67e4a_big.jpg|https://kultura-doma.ru/public/src/images/gallery/catalog/68b028406ce99_big.jpg
530-1013,530,УТ-00008969,,Дорожка Многоцвет: 60х350 см,https://kultura-doma.ru/product/dorozhka-mnogocvet-530-size-60h350-sm,table_runner,table_textile,,,,,3495,4990,белый,60х350 см,,,unknown_from_feed,https://kultura-doma.ru/public/src/images/gallery/catalog/69f218cd67e4a_big.jpg,https://kultura-doma.ru/public/src/images/gallery/catalog/69f218cd67e4a_big.jpg|https://kultura-doma.ru/public/src/images/gallery/catalog/68b028406ce99_big.jpg
530-2145,530,УТ-00009856,,Дорожка Многоцвет: 50х250 см,https://kultura-doma.ru/product/dorozhka-mnogocvet-530-size-50h250-sm,table_runner,table_textile,,,,,2695,4990,белый,50х250 см,,,unknown_from_feed,https://kultura-doma.ru/public/src/images/gallery/catalog/69f218cd67e4a_big.jpg,https://kultura-doma.ru/public/src/images/gallery/catalog/69f218cd67e4a_big.jpg|https://kultura-doma.ru/public/src/images/gallery/catalog/68b028406ce99_big.jpg
531,531,УТ-00008969,,Дорожка Многоцвет,https://kultura-doma.ru/product/dorozhka-mnogocvet-531,table_runner,table_textile,,,,,3495,6990,белый,60х350 см,сатин,,unknown_from_feed,https://kultura-doma.ru/public/src/images/gallery/catalog/686e82a933b94_big.jpg,https://kultura-doma.ru/public/src/images/gallery/catalog/686e82a933b94_big.jpg|https://kultura-doma.ru/public/src/images/gallery/catalog/68b029c44caee_big.jpg|https://kultura-doma.ru/public/src/images/gallery/catalog/686e82a8c63f6_big.jpg
538,538,УТ-00009013,,Дорожка Пионы,https://kultura-doma.ru/product/dorozhka-piony-538,table_runner,table_textile,,,,,2994,4990,белый,50х180 см,сатин,,unknown_from_feed,https://kultura-doma.ru/public/src/images/gallery/catalog/6964ab3bd525c_big.png,https://kultura-doma.ru/public/src/images/gallery/catalog/6964ab3bd525c_big.png|https://kultura-doma.ru/public/src/images/gallery/catalog/6964ab464d40a_big.png|https://kultura-doma.ru/public/src/images/gallery/catalog/6964ab2e39222_big.png
538-1598,538,УТ-00007234,,Дорожка Пионы: 45х165 см,https://kultura-doma.ru/product/dorozhka-piony-538-size-165h45-sm,table_runner,table_textile,,,,,3000,4990,белый,45х165 см,сатин,,unknown_from_feed,https://kultura-doma.ru/public/src/images/gallery/catalog/6964ab3bd525c_big.png,https://kultura-doma.ru/public/src/images/gallery/catalog/6964ab3bd525c_big.png|https://kultura-doma.ru/public/src/images/gallery/catalog/6964ab464d40a_big.png|https://kultura-doma.ru/public/src/images/gallery/catalog/6964ab2e39222_big.png
541,541,УТ-00008515,,Кольца для салфеток Купель,https://kultura-doma.ru/product/kol-ca-kupel,napkin,table_textile,,,,,24900,,серебряный,"3,8х3,8х1,5 см",латунь,,unknown_from_feed,https://kultura-doma.ru/public/src/images/gallery/catalog/6a46785952196_big.jpg,https://kultura-doma.ru/public/src/images/gallery/catalog/6a46785952196_big.jpg|https://kultura-doma.ru/public/src/images/gallery/catalog/6a467858980d6_big.jpg|https://kultura-doma.ru/public/src/images/gallery/catalog/6a467859afdc1_big.jpg
548,,УТ-00008786,,Кольца для салфеток Купель,https://kultura-doma.ru/product/kol-ca-kupel-548,napkin,table_textile,,,,,24900,,серебряный,,латунь,,unknown_from_feed,https://kultura-doma.ru/public/src/images/gallery/catalog/68d3eeaf2887f_big.jpg,https://kultura-doma.ru/public/src/images/gallery/catalog/68d3eeaf2887f_big.jpg|https://kultura-doma.ru/public/src/images/gallery/catalog/68f09ba52c493_big.jpg|https://kultura-doma.ru/public/src/images/gallery/catalog/68f09aee6d730_big.jpg|https://kultura-doma.ru/public/src/images/gallery/catalog/68d3eead601d7_big.jpg|https://kultura-doma.ru/public/src/images/gallery/catalog/68d3eeb0c15bb_big.jpg|https://kultura-doma.ru/public/src/images/gallery/catalog/6a58eee268bb1_big.jpg|https://kultura-doma.ru/public/src/images/gallery/catalog/6a58eee2a1fe6_big.jpg|https://kultura-doma.ru/public/src/images/gallery/catalog/6a58eee2de633_big.jpg
549,549,УТ-00008977,,Конверт для столовых приборов Многоцветы,https://kultura-doma.ru/product/konvert-mnogocvet,other,other,,,,,345,690,белый,12х23 см,сатин,,unknown_from_feed,https://kultura-doma.ru/public/src/images/gallery/catalog/6a46789a02f21_big.jpg,https://kultura-doma.ru/public/src/images/gallery/catalog/6a46789a02f21_big.jpg|https://kultura-doma.ru/public/src/images/gallery/catalog/68b5843370a11_big.jpg
550,550,УТ-00008978,,Конверт с кружевом Летний ветерок,https://kultura-doma.ru/product/konvert-s-kruzhevom-letniy-veterok,other,other,,,,,414,690,бежевый,12х23 см,искусственный лен,,unknown_from_feed,https://kultura-doma.ru/public/src/images/gallery/catalog/6a4678bc23f65_big.jpg,https://kultura-doma.ru/public/src/images/gallery/catalog/6a4678bc23f65_big.jpg|https://kultura-doma.ru/public/src/images/gallery/catalog/68ef6d8646edc_big.jpg|https://kultura-doma.ru/public/src/images/gallery/catalog/6a4678bc8a33e_big.jpg
551,551,УТ-00008979,,Конверт Летний ветерок,https://kultura-doma.ru/product/konvert-letniy-veterok,other,other,,,,,414,690,бежевый,12х23 см,искусственный лен,,unknown_from_feed,https://kultura-doma.ru/public/src/images/gallery/catalog/6a4678d65c7fb_big.jpg,https://kultura-doma.ru/public/src/images/gallery/catalog/6a4678d65c7fb_big.jpg|https://kultura-doma.ru/public/src/images/gallery/catalog/68b02b9454b27_big.jpg|https://kultura-doma.ru/public/src/images/gallery/catalog/6a4678d6b5728_big.jpg
552,552,УТ-00009774,,Кольца для салфеток Классика,https://kultura-doma.ru/product/kol-ca-dlya-salfetok-klassika,napkin,table_textile,,,,,570,,белый,"5,5х2,5х3 см",фарфор,,unknown_from_feed,https://kultura-doma.ru/public/src/images/gallery/catalog/6a4679002e327_big.jpg,https://kultura-doma.ru/public/src/images/gallery/catalog/6a4679002e327_big.jpg|https://kultura-doma.ru/public/src/images/gallery/catalog/6a4678ffe5768_big.jpg|https://kultura-doma.ru/public/src/images/gallery/catalog/6a467900755b0_big.jpg
563,,УТ-00007878,,Поднос латунный Купель,https://kultura-doma.ru/product/podnos-kupel,other,other,,,,,89900,,,,латунь,,unknown_from_feed,https://kultura-doma.ru/public/src/images/gallery/catalog/69e0e7dd10a17_big.jpg,https://kultura-doma.ru/public/src/images/gallery/catalog/69e0e7dd10a17_big.jpg|https://kultura-doma.ru/public/src/images/gallery/catalog/69e0e7dbc6639_big.jpg|https://kultura-doma.ru/public/src/images/gallery/catalog/69e0e7dd4f4a6_big.jpg|https://kultura-doma.ru/public/src/images/gallery/catalog/69e0e7dc8a661_big.jpg|https://kultura-doma.ru/public/src/images/gallery/catalog/69e0e7dcc5585_big.jpg
569,569,УТ-00007231,,Салфетки Пионы,https://kultura-doma.ru/product/dorozhka-piony-569,napkin,table_textile,,,,,780,1300,белый,45х45 см,сатин,,unknown_from_feed,https://kultura-doma.ru/public/src/images/gallery/catalog/6a43ca320853f_big.jpg,https://kultura-doma.ru/public/src/images/gallery/catalog/6a43ca320853f_big.jpg|https://kultura-doma.ru/public/src/images/gallery/catalog/6a43ca33a7b56_big.jpg|https://kultura-doma.ru/public/src/images/gallery/catalog/6a43ca3337c75_big.jpg|https://kultura-doma.ru/public/src/images/gallery/catalog/6a43ca30edca7_big.jpg
570,570,УТ-00007232,,Салфетка Одуванчик,https://kultura-doma.ru/product/salfetka-letniy-veterok,napkin,table_textile,,,,,534,890,бежевый,33х33 см,искусственный лен,,unknown_from_feed,https://kultura-doma.ru/public/src/images/gallery/catalog/6a43ca9bf3ee5_big.jpg,https://kultura-doma.ru/public/src/images/gallery/catalog/6a43ca9bf3ee5_big.jpg|https://kultura-doma.ru/public/src/images/gallery/catalog/68f09c6f4ee0f_big.jpg|https://kultura-doma.ru/public/src/images/gallery/catalog/6a43ca9ca0aa8_big.jpg
572,572,УТ-00007242,Петербург,Салфетки Петербург,https://kultura-doma.ru/product/dorozhka-peterburg-572,napkin,table_textile,statement_accent,table,green|milk,urban|classic|graphic,650,1300,белый,45х45 см,сатин,,unknown_from_feed,https://kultura-doma.ru/public/src/images/gallery/catalog/69f2194fe62aa_big.jpg,https://kultura-doma.ru/public/src/images/gallery/catalog/69f2194fe62aa_big.jpg|https://kultura-doma.ru/public/src/images/gallery/catalog/68f09ca5731f1_big.jpg
573,573,УТ-00007727,,Салфетка Классика,https://kultura-doma.ru/product/salfetka-klassika,napkin,table_textile,,,,,1400,,бордовый,45х45 см,сатин,,unknown_from_feed,https://kultura-doma.ru/public/src/images/gallery/catalog/6a82c483573c9_big.jpg,https://kultura-doma.ru/public/src/images/gallery/catalog/6a82c483573c9_big.jpg|https://kultura-doma.ru/public/src/images/gallery/catalog/68f09ec1f3b10_big.jpg|https://kultura-doma.ru/public/src/images/gallery/catalog/6a82c482dd694_big.jpg|https://kultura-doma.ru/public/src/images/gallery/catalog/6a82c48279fd1_big.jpg|https://kultura-doma.ru/public/src/images/gallery/catalog/6a82c4842dbf2_big.jpg
574,574,УТ-00008511,,Салфетка Классика,https://kultura-doma.ru/product/salfetka-klassika-574,napkin,table_textile,,,,,1500,,белый,45х45 см,лён,,unknown_from_feed,https://kultura-doma.ru/public/src/images/gallery/catalog/6a7f13077c4bf_big.jpg,https://kultura-doma.ru/public/src/images/gallery/catalog/6a7f13077c4bf_big.jpg|https://kultura-doma.ru/public/src/images/gallery/catalog/68f0ab78cac44_big.jpg|https://kultura-doma.ru/public/src/images/gallery/catalog/6a7f1307e234f_big.jpg|https://kultura-doma.ru/public/src/images/gallery/catalog/6a7f130850785_big.jpg
591,591,УТ-00007724,,Скатерть Классика,https://kultura-doma.ru/product/skatert-klassika,tablecloth,table_textile,,,,,13600,,красный,180х180 см,сатин,,unknown_from_feed,https://kultura-doma.ru/public/src/images/gallery/catalog/6a5756f4aa7f1_big.jpg,https://kultura-doma.ru/public/src/images/gallery/catalog/6a5756f4aa7f1_big.jpg|https://kultura-doma.ru/public/src/images/gallery/catalog/68ef6acf16818_big.jpg|https://kultura-doma.ru/public/src/images/gallery/catalog/68b0405817b50_big.jpg|https://kultura-doma.ru/public/src/images/gallery/catalog/6a5756f52fb1e_big.jpg
591-615,591,УТ-00007725,,Скатерть Классика: 180х250 см,https://kultura-doma.ru/product/skatert-klassika-size-180h250-sm,tablecloth,table_textile,,,,,17200,,красный,180х250 см,сатин,,unknown_from_feed,https://kultura-doma.ru/public/src/images/gallery/catalog/6a5756f4aa7f1_big.jpg,https://kultura-doma.ru/public/src/images/gallery/catalog/6a5756f4aa7f1_big.jpg|https://kultura-doma.ru/public/src/images/gallery/catalog/68ef6acf16818_big.jpg|https://kultura-doma.ru/public/src/images/gallery/catalog/68b0405817b50_big.jpg|https://kultura-doma.ru/public/src/images/gallery/catalog/6a5756f52fb1e_big.jpg
591-616,591,УТ-00007726,,Скатерть Классика: 180х350 см,https://kultura-doma.ru/product/skatert-klassika-size-180h350-sm,tablecloth,table_textile,,,,,24200,,красный,180х350 см,сатин,,unknown_from_feed,https://kultura-doma.ru/public/src/images/gallery/catalog/6a5756f4aa7f1_big.jpg,https://kultura-doma.ru/public/src/images/gallery/catalog/6a5756f4aa7f1_big.jpg|https://kultura-doma.ru/public/src/images/gallery/catalog/68ef6acf16818_big.jpg|https://kultura-doma.ru/public/src/images/gallery/catalog/68b0405817b50_big.jpg|https://kultura-doma.ru/public/src/images/gallery/catalog/6a5756f52fb1e_big.jpg
599,599,УТ-00009446,Петербург,Скатерть Петербург,https://kultura-doma.ru/product/skatert-peterburg,tablecloth,table_textile,statement_accent,table,green|milk,urban|classic|graphic,7250,14500,белый,180х250 см,сатин,,unknown_from_feed,https://kultura-doma.ru/public/src/images/gallery/catalog/6a5757932b2a8_big.jpg,https://kultura-doma.ru/public/src/images/gallery/catalog/6a5757932b2a8_big.jpg|https://kultura-doma.ru/public/src/images/gallery/catalog/68ef6b3203862_big.jpg|https://kultura-doma.ru/public/src/images/gallery/catalog/6a575793c96d8_big.jpg|https://kultura-doma.ru/public/src/images/gallery/catalog/6a5757930da5a_big.jpg
602,602,УТ-00007545,,Ширма Мечты,https://kultura-doma.ru/product/shirma-mechty,other,other,,,,,1500000,,желтый,160х180 см,дерево,,unknown_from_feed,https://kultura-doma.ru/public/src/images/gallery/catalog/69c50202df550_big.jpg,https://kultura-doma.ru/public/src/images/gallery/catalog/69c50202df550_big.jpg
603,603,УТ-00007546,,Ширма Зимние Забавы,https://kultura-doma.ru/product/shirma-zimnie-zabavy,other,other,,,,,4000000,,черный,160х150 см,"масляные краски, льняное масло, перламутр, сусальное золото",,unknown_from_feed,https://kultura-doma.ru/public/src/images/gallery/catalog/68877eb409e44_big.jpg,https://kultura-doma.ru/public/src/images/gallery/catalog/68877eb409e44_big.jpg|https://kultura-doma.ru/public/src/images/gallery/catalog/69c50134504ac_big.jpg|https://kultura-doma.ru/public/src/images/gallery/catalog/69c5013590351_big.jpg
659,659,УТ-00009514,,Халат Садко,https://kultura-doma.ru/product/halat-sadko-659,other,other,,,,,11900,,серый,XL,махровая ткань,,unknown_from_feed,https://kultura-doma.ru/public/src/images/gallery/catalog/6891ec8f458a2_big.jpg,https://kultura-doma.ru/public/src/images/gallery/catalog/6891ec8f458a2_big.jpg|https://kultura-doma.ru/public/src/images/gallery/catalog/6a47cbe2c5746_big.jpg|https://kultura-doma.ru/public/src/images/gallery/catalog/6a47cbe339cce_big.jpg
659-1009,659,УТ-00009515,,Халат Садко: 2XL,https://kultura-doma.ru/product/halat-sadko-659-size-2xl,other,other,,,,,11900,,серый,2XL,махровая ткань,,unknown_from_feed,https://kultura-doma.ru/public/src/images/gallery/catalog/6891ec8f458a2_big.jpg,https://kultura-doma.ru/public/src/images/gallery/catalog/6891ec8f458a2_big.jpg|https://kultura-doma.ru/public/src/images/gallery/catalog/6a47cbe2c5746_big.jpg|https://kultura-doma.ru/public/src/images/gallery/catalog/6a47cbe339cce_big.jpg
659-1752,659,УТ-00009512,,Халат Садко: M,https://kultura-doma.ru/product/halat-sadko-659-size-m,other,other,,,,,11900,,серый,M,махровая ткань,,unknown_from_feed,https://kultura-doma.ru/public/src/images/gallery/catalog/6891ec8f458a2_big.jpg,https://kultura-doma.ru/public/src/images/gallery/catalog/6891ec8f458a2_big.jpg|https://kultura-doma.ru/public/src/images/gallery/catalog/6a47cbe2c5746_big.jpg|https://kultura-doma.ru/public/src/images/gallery/catalog/6a47cbe339cce_big.jpg
659-1753,659,УТ-00009513,,Халат Садко: L,https://kultura-doma.ru/product/halat-sadko-659-size-l,other,other,,,,,11900,,серый,L,махровая ткань,,unknown_from_feed,https://kultura-doma.ru/public/src/images/gallery/catalog/6891ec8f458a2_big.jpg,https://kultura-doma.ru/public/src/images/gallery/catalog/6891ec8f458a2_big.jpg|https://kultura-doma.ru/public/src/images/gallery/catalog/6a47cbe2c5746_big.jpg|https://kultura-doma.ru/public/src/images/gallery/catalog/6a47cbe339cce_big.jpg
664,664,УТ-00009527,,Халат Садко,https://kultura-doma.ru/product/halat-sadko-664,other,other,,,,,11900,,розовый,2XL,махровая ткань,,unknown_from_feed,https://kultura-doma.ru/public/src/images/gallery/catalog/6891e8398d133_big.jpg,https://kultura-doma.ru/public/src/images/gallery/catalog/6891e8398d133_big.jpg|https://kultura-doma.ru/public/src/images/gallery/catalog/6a47cc0f0f4c9_big.jpg|https://kultura-doma.ru/public/src/images/gallery/catalog/6a47cc0f5054b_big.jpg
664-1235,664,УТ-00009525,,Халат Садко: L,https://kultura-doma.ru/product/halat-sadko-664-size-l,other,other,,,,,11900,,розовый,L,махровая ткань,,unknown_from_feed,https://kultura-doma.ru/public/src/images/gallery/catalog/6891e8398d133_big.jpg,https://kultura-doma.ru/public/src/images/gallery/catalog/6891e8398d133_big.jpg|https://kultura-doma.ru/public/src/images/gallery/catalog/6a47cc0f0f4c9_big.jpg|https://kultura-doma.ru/public/src/images/gallery/catalog/6a47cc0f5054b_big.jpg
664-1236,664,УТ-00009524,,Халат Садко: М,https://kultura-doma.ru/product/halat-sadko-664-size-m,other,other,,,,,11900,,розовый,М,махровая ткань,,unknown_from_feed,https://kultura-doma.ru/public/src/images/gallery/catalog/6891e8398d133_big.jpg,https://kultura-doma.ru/public/src/images/gallery/catalog/6891e8398d133_big.jpg|https://kultura-doma.ru/public/src/images/gallery/catalog/6a47cc0f0f4c9_big.jpg|https://kultura-doma.ru/public/src/images/gallery/catalog/6a47cc0f5054b_big.jpg
664-1237,664,УТ-00009526,,Халат Садко: XL,https://kultura-doma.ru/product/halat-sadko-664-size-xl,other,other,,,,,11900,,розовый,XL,махровая ткань,,unknown_from_feed,https://kultura-doma.ru/public/src/images/gallery/catalog/6891e8398d133_big.jpg,https://kultura-doma.ru/public/src/images/gallery/catalog/6891e8398d133_big.jpg|https://kultura-doma.ru/public/src/images/gallery/catalog/6a47cc0f0f4c9_big.jpg|https://kultura-doma.ru/public/src/images/gallery/catalog/6a47cc0f5054b_big.jpg
671,671,УТ-00007225,,Скатерть Пионы,https://kultura-doma.ru/product/skatert-piony,tablecloth,table_textile,,,,,8220,13700,белый,180х180 см,,,unknown_from_feed,https://kultura-doma.ru/public/src/images/gallery/catalog/6a3014d8a36d2_big.jpg,https://kultura-doma.ru/public/src/images/gallery/catalog/6a3014d8a36d2_big.jpg|https://kultura-doma.ru/public/src/images/gallery/catalog/6a3014d654554_big.jpg|https://kultura-doma.ru/public/src/images/gallery/catalog/6a3014d888cb1_big.jpg|https://kultura-doma.ru/public/src/images/gallery/catalog/6a3014d7dd7af_big.jpg
671-707,671,УТ-00007225,,Скатерть Пионы: 180х350 см,https://kultura-doma.ru/product/skatert-piony-size-180h350-sm,tablecloth,table_textile,,,,,13980,13700,белый,180х350 см,,,unknown_from_feed,https://kultura-doma.ru/public/src/images/gallery/catalog/6a3014d8a36d2_big.jpg,https://kultura-doma.ru/public/src/images/gallery/catalog/6a3014d8a36d2_big.jpg|https://kultura-doma.ru/public/src/images/gallery/catalog/6a3014d654554_big.jpg|https://kultura-doma.ru/public/src/images/gallery/catalog/6a3014d888cb1_big.jpg|https://kultura-doma.ru/public/src/images/gallery/catalog/6a3014d7dd7af_big.jpg
671-708,671,УТ-00007222,,Скатерть Пионы: 180х250 см,https://kultura-doma.ru/product/skatert-piony-size-180h250-sm,tablecloth,table_textile,,,,,8700,13700,белый,180х250 см,,,unknown_from_feed,https://kultura-doma.ru/public/src/images/gallery/catalog/6a3014d8a36d2_big.jpg,https://kultura-doma.ru/public/src/images/gallery/catalog/6a3014d8a36d2_big.jpg|https://kultura-doma.ru/public/src/images/gallery/catalog/6a3014d654554_big.jpg|https://kultura-doma.ru/public/src/images/gallery/catalog/6a3014d888cb1_big.jpg|https://kultura-doma.ru/public/src/images/gallery/catalog/6a3014d7dd7af_big.jpg
673,673,УТ-00009370,,Скатерть Пионы,https://kultura-doma.ru/product/skatert-piony-673,tablecloth,table_textile,,,,,7140,11900,белый,180х180 см,лён,,unknown_from_feed,https://kultura-doma.ru/public/src/images/gallery/catalog/68ac623812b3e_big.jpg,https://kultura-doma.ru/public/src/images/gallery/catalog/68ac623812b3e_big.jpg|https://kultura-doma.ru/public/src/images/gallery/catalog/68b0273b5a2db_big.jpg|https://kultura-doma.ru/public/src/images/gallery/catalog/68b068727f9d2_big.jpg
673-713,673,УТ-00009370,,Скатерть Пионы: 180х250 см,https://kultura-doma.ru/product/skatert-piony-673-size-180h250-sm,tablecloth,table_textile,,,,,9540,11900,белый,180х250 см,лён,,unknown_from_feed,https://kultura-doma.ru/public/src/images/gallery/catalog/68ac623812b3e_big.jpg,https://kultura-doma.ru/public/src/images/gallery/catalog/68ac623812b3e_big.jpg|https://kultura-doma.ru/public/src/images/gallery/catalog/68b0273b5a2db_big.jpg|https://kultura-doma.ru/public/src/images/gallery/catalog/68b068727f9d2_big.jpg
673-714,673,УТ-00009371,,Скатерть Пионы: 180х350 см,https://kultura-doma.ru/product/skatert-piony-673-size-180h350-sm,tablecloth,table_textile,,,,,11940,11900,белый,180х350 см,лён,,unknown_from_feed,https://kultura-doma.ru/public/src/images/gallery/catalog/68ac623812b3e_big.jpg,https://kultura-doma.ru/public/src/images/gallery/catalog/68ac623812b3e_big.jpg|https://kultura-doma.ru/public/src/images/gallery/catalog/68b0273b5a2db_big.jpg|https://kultura-doma.ru/public/src/images/gallery/catalog/68b068727f9d2_big.jpg
706,706,УТ-00009477,,Полотенце Ода,https://kultura-doma.ru/product/polotence-oda,other,other,,,,,1990,,голубой,50х90 см,махровая ткань,,unknown_from_feed,https://kultura-doma.ru/public/src/images/gallery/catalog/6a47c8fd1f47b_big.jpg,https://kultura-doma.ru/public/src/images/gallery/catalog/6a47c8fd1f47b_big.jpg|https://kultura-doma.ru/public/src/images/gallery/catalog/6a47c8fca5cf1_big.jpg|https://kultura-doma.ru/public/src/images/gallery/catalog/6a47c8fd9d93e_big.jpg|https://kultura-doma.ru/public/src/images/gallery/catalog/6a47c8fdd076f_big.jpg
706-774,706,УТ-00009480,,Полотенце Ода: 70х140 см,https://kultura-doma.ru/product/polotence-oda-size-70h140-sm,other,other,,,,,3700,,голубой,70х140 см,махровая ткань,,unknown_from_feed,https://kultura-doma.ru/public/src/images/gallery/catalog/6a47c8fd1f47b_big.jpg,https://kultura-doma.ru/public/src/images/gallery/catalog/6a47c8fd1f47b_big.jpg|https://kultura-doma.ru/public/src/images/gallery/catalog/6a47c8fca5cf1_big.jpg|https://kultura-doma.ru/public/src/images/gallery/catalog/6a47c8fd9d93e_big.jpg|https://kultura-doma.ru/public/src/images/gallery/catalog/6a47c8fdd076f_big.jpg
708,708,УТ-00009476,,Полотенце Ода,https://kultura-doma.ru/product/polotence-oda-708,other,other,,,,,1990,,серый,50х90 см,махровая ткань,,unknown_from_feed,https://kultura-doma.ru/public/src/images/gallery/catalog/6a5f84e2ad834_big.jpg,https://kultura-doma.ru/public/src/images/gallery/catalog/6a5f84e2ad834_big.jpg|https://kultura-doma.ru/public/src/images/gallery/catalog/6a5f84e2487c9_big.jpg|https://kultura-doma.ru/public/src/images/gallery/catalog/6a5f84e3237fd_big.jpg|https://kultura-doma.ru/public/src/images/gallery/catalog/6a5f84e35c16e_big.jpg
708-775,708,УТ-00009479,,Полотенце Ода: 70х140 см,https://kultura-doma.ru/product/polotence-oda-708-size-70h140-sm,other,other,,,,,3700,,серый,70х140 см,махровая ткань,,unknown_from_feed,https://kultura-doma.ru/public/src/images/gallery/catalog/6a5f84e2ad834_big.jpg,https://kultura-doma.ru/public/src/images/gallery/catalog/6a5f84e2ad834_big.jpg|https://kultura-doma.ru/public/src/images/gallery/catalog/6a5f84e2487c9_big.jpg|https://kultura-doma.ru/public/src/images/gallery/catalog/6a5f84e3237fd_big.jpg|https://kultura-doma.ru/public/src/images/gallery/catalog/6a5f84e35c16e_big.jpg
709,709,УТ-00009497,,Полотенце Зефир,https://kultura-doma.ru/product/polotence-zefir,other,other,,,,,990,,голубой,30х70 см,махровая ткань,,unknown_from_feed,https://kultura-doma.ru/public/src/images/gallery/catalog/6a5f8358a2865_big.jpg,https://kultura-doma.ru/public/src/images/gallery/catalog/6a5f8358a2865_big.jpg|https://kultura-doma.ru/public/src/images/gallery/catalog/6a5f835690a13_big.jpg|https://kultura-doma.ru/public/src/images/gallery/catalog/6a5f8358e628d_big.jpg|https://kultura-doma.ru/public/src/images/gallery/catalog/6a5f835853f71_big.jpg|https://kultura-doma.ru/public/src/images/gallery/catalog/6a5f8357097f8_big.jpg
709-781,709,УТ-00009502,,Полотенце Зефир: 50х90 см,https://kultura-doma.ru/product/polotence-zefir-size-50h90-sm,other,other,,,,,1700,,голубой,50х90 см,махровая ткань,,unknown_from_feed,https://kultura-doma.ru/public/src/images/gallery/catalog/6a5f8358a2865_big.jpg,https://kultura-doma.ru/public/src/images/gallery/catalog/6a5f8358a2865_big.jpg|https://kultura-doma.ru/public/src/images/gallery/catalog/6a5f835690a13_big.jpg|https://kultura-doma.ru/public/src/images/gallery/catalog/6a5f8358e628d_big.jpg|https://kultura-doma.ru/public/src/images/gallery/catalog/6a5f835853f71_big.jpg|https://kultura-doma.ru/public/src/images/gallery/catalog/6a5f8357097f8_big.jpg
709-786,709,УТ-00009507,,Полотенце Зефир: 70х140 см,https://kultura-doma.ru/product/polotence-zefir-size-70h140-sm,other,other,,,,,3200,,голубой,70х140 см,махровая ткань,,unknown_from_feed,https://kultura-doma.ru/public/src/images/gallery/catalog/6a5f8358a2865_big.jpg,https://kultura-doma.ru/public/src/images/gallery/catalog/6a5f8358a2865_big.jpg|https://kultura-doma.ru/public/src/images/gallery/catalog/6a5f835690a13_big.jpg|https://kultura-doma.ru/public/src/images/gallery/catalog/6a5f8358e628d_big.jpg|https://kultura-doma.ru/public/src/images/gallery/catalog/6a5f835853f71_big.jpg|https://kultura-doma.ru/public/src/images/gallery/catalog/6a5f8357097f8_big.jpg
710,710,УТ-00009498,,Полотенце Зефир,https://kultura-doma.ru/product/polotence-zefir-710,other,other,,,,,990,,розовый,30х70 см,махровая ткань,,unknown_from_feed,https://kultura-doma.ru/public/src/images/gallery/catalog/686d29f7d7de4_big.jpg,https://kultura-doma.ru/public/src/images/gallery/catalog/686d29f7d7de4_big.jpg|https://kultura-doma.ru/public/src/images/gallery/catalog/6a5f837a38e7f_big.jpg|https://kultura-doma.ru/public/src/images/gallery/catalog/6a5f837bbeb9a_big.jpg|https://kultura-doma.ru/public/src/images/gallery/catalog/6a5f8379e8687_big.jpg|https://kultura-doma.ru/public/src/images/gallery/catalog/6a5f83796a56f_big.jpg
710-782,710,УТ-00009503,,Полотенце Зефир: 50х90 см,https://kultura-doma.ru/product/polotence-zefir-710-size-50h90-sm,other,other,,,,,1700,,розовый,50х90 см,махровая ткань,,unknown_from_feed,https://kultura-doma.ru/public/src/images/gallery/catalog/686d29f7d7de4_big.jpg,https://kultura-doma.ru/public/src/images/gallery/catalog/686d29f7d7de4_big.jpg|https://kultura-doma.ru/public/src/images/gallery/catalog/6a5f837a38e7f_big.jpg|https://kultura-doma.ru/public/src/images/gallery/catalog/6a5f837bbeb9a_big.jpg|https://kultura-doma.ru/public/src/images/gallery/catalog/6a5f8379e8687_big.jpg|https://kultura-doma.ru/public/src/images/gallery/catalog/6a5f83796a56f_big.jpg
710-787,710,УТ-00009508,,Полотенце Зефир: 70х140 см,https://kultura-doma.ru/product/polotence-zefir-710-size-70h140-sm,other,other,,,,,3200,,розовый,70х140 см,махровая ткань,,unknown_from_feed,https://kultura-doma.ru/public/src/images/gallery/catalog/686d29f7d7de4_big.jpg,https://kultura-doma.ru/public/src/images/gallery/catalog/686d29f7d7de4_big.jpg|https://kultura-doma.ru/public/src/images/gallery/catalog/6a5f837a38e7f_big.jpg|https://kultura-doma.ru/public/src/images/gallery/catalog/6a5f837bbeb9a_big.jpg|https://kultura-doma.ru/public/src/images/gallery/catalog/6a5f8379e8687_big.jpg|https://kultura-doma.ru/public/src/images/gallery/catalog/6a5f83796a56f_big.jpg
711,711,УТ-00009499,,Полотенце Зефир,https://kultura-doma.ru/product/polotence-zefir-711,other,other,,,,,990,,розовый,30х70 см,махровая ткань,,unknown_from_feed,https://kultura-doma.ru/public/src/images/gallery/catalog/686d29b83fb19_big.jpg,https://kultura-doma.ru/public/src/images/gallery/catalog/686d29b83fb19_big.jpg|https://kultura-doma.ru/public/src/images/gallery/catalog/6a5f83a84c91b_big.jpg|https://kultura-doma.ru/public/src/images/gallery/catalog/6a5f83a99591f_big.jpg|https://kultura-doma.ru/public/src/images/gallery/catalog/6a5f83a7ef8c8_big.jpg
711-783,711,УТ-00009504,,Полотенце Зефир: 50х90 см,https://kultura-doma.ru/product/polotence-zefir-711-size-50h90-sm,other,other,,,,,1700,,розовый,50х90 см,махровая ткань,,unknown_from_feed,https://kultura-doma.ru/public/src/images/gallery/catalog/686d29b83fb19_big.jpg,https://kultura-doma.ru/public/src/images/gallery/catalog/686d29b83fb19_big.jpg|https://kultura-doma.ru/public/src/images/gallery/catalog/6a5f83a84c91b_big.jpg|https://kultura-doma.ru/public/src/images/gallery/catalog/6a5f83a99591f_big.jpg|https://kultura-doma.ru/public/src/images/gallery/catalog/6a5f83a7ef8c8_big.jpg
711-788,711,УТ-00009509,,Полотенце Зефир: 70х140 см,https://kultura-doma.ru/product/polotence-zefir-711-size-70h140-sm,other,other,,,,,3200,,розовый,70х140 см,махровая ткань,,unknown_from_feed,https://kultura-doma.ru/public/src/images/gallery/catalog/686d29b83fb19_big.jpg,https://kultura-doma.ru/public/src/images/gallery/catalog/686d29b83fb19_big.jpg|https://kultura-doma.ru/public/src/images/gallery/catalog/6a5f83a84c91b_big.jpg|https://kultura-doma.ru/public/src/images/gallery/catalog/6a5f83a99591f_big.jpg|https://kultura-doma.ru/public/src/images/gallery/catalog/6a5f83a7ef8c8_big.jpg
712,712,УТ-00009501,,Полотенце Зефир,https://kultura-doma.ru/product/polotence-zefir-712,other,other,,,,,990,,лавандовый,30х70 см,махровая ткань,,unknown_from_feed,https://kultura-doma.ru/public/src/images/gallery/catalog/6a5f83c64e317_big.jpg,https://kultura-doma.ru/public/src/images/gallery/catalog/6a5f83c64e317_big.jpg|https://kultura-doma.ru/public/src/images/gallery/catalog/6a5f83c5e75af_big.jpg|https://kultura-doma.ru/public/src/images/gallery/catalog/6a5f83c6d0245_big.jpg
712-784,712,УТ-00009506,,Полотенце Зефир: 50х90 см,https://kultura-doma.ru/product/polotence-zefir-712-size-50h90-sm,other,other,,,,,1550,,лавандовый,50х90 см,махровая ткань,,unknown_from_feed,https://kultura-doma.ru/public/src/images/gallery/catalog/6a5f83c64e317_big.jpg,https://kultura-doma.ru/public/src/images/gallery/catalog/6a5f83c64e317_big.jpg|https://kultura-doma.ru/public/src/images/gallery/catalog/6a5f83c5e75af_big.jpg|https://kultura-doma.ru/public/src/images/gallery/catalog/6a5f83c6d0245_big.jpg
712-789,712,УТ-00009511,,Полотенце Зефир: 70х140 см,https://kultura-doma.ru/product/polotence-zefir-712-size-70h140-sm,other,other,,,,,3200,,лавандовый,70х140 см,махровая ткань,,unknown_from_feed,https://kultura-doma.ru/public/src/images/gallery/catalog/6a5f83c64e317_big.jpg,https://kultura-doma.ru/public/src/images/gallery/catalog/6a5f83c64e317_big.jpg|https://kultura-doma.ru/public/src/images/gallery/catalog/6a5f83c5e75af_big.jpg|https://kultura-doma.ru/public/src/images/gallery/catalog/6a5f83c6d0245_big.jpg
713,713,УТ-00009500,,Полотенце Зефир,https://kultura-doma.ru/product/polotence-zefir-713,other,other,,,,,990,,зеленый,30х70 см,махровая ткань,,unknown_from_feed,https://kultura-doma.ru/public/src/images/gallery/catalog/6a5f83ed2b195_big.jpg,https://kultura-doma.ru/public/src/images/gallery/catalog/6a5f83ed2b195_big.jpg|https://kultura-doma.ru/public/src/images/gallery/catalog/6a5f83ecccea2_big.jpg|https://kultura-doma.ru/public/src/images/gallery/catalog/6a5f83edc370d_big.jpg
713-785,713,УТ-00009505,,Полотенце Зефир: 50х90 см,https://kultura-doma.ru/product/polotence-zefir-713-size-50h90-sm,other,other,,,,,1700,,зеленый,50х90 см,махровая ткань,,unknown_from_feed,https://kultura-doma.ru/public/src/images/gallery/catalog/6a5f83ed2b195_big.jpg,https://kultura-doma.ru/public/src/images/gallery/catalog/6a5f83ed2b195_big.jpg|https://kultura-doma.ru/public/src/images/gallery/catalog/6a5f83ecccea2_big.jpg|https://kultura-doma.ru/public/src/images/gallery/catalog/6a5f83edc370d_big.jpg
713-790,713,УТ-00009510,,Полотенце Зефир: 70х140 см,https://kultura-doma.ru/product/polotence-zefir-713-size-70h140-sm,other,other,,,,,3200,,зеленый,70х140 см,махровая ткань,,unknown_from_feed,https://kultura-doma.ru/public/src/images/gallery/catalog/6a5f83ed2b195_big.jpg,https://kultura-doma.ru/public/src/images/gallery/catalog/6a5f83ed2b195_big.jpg|https://kultura-doma.ru/public/src/images/gallery/catalog/6a5f83ecccea2_big.jpg|https://kultura-doma.ru/public/src/images/gallery/catalog/6a5f83edc370d_big.jpg
714,714,УТ-00009487,,Полотенце Классика,https://kultura-doma.ru/product/polotence-klassika,other,other,,,,,1900,,белый,50х90 см,махровая ткань,,unknown_from_feed,https://kultura-doma.ru/public/src/images/gallery/catalog/6a5f84751331b_big.jpg,https://kultura-doma.ru/public/src/images/gallery/catalog/6a5f84751331b_big.jpg|https://kultura-doma.ru/public/src/images/gallery/catalog/6a5f8474154a8_big.jpg|https://kultura-doma.ru/public/src/images/gallery/catalog/6a5f84756ef27_big.jpg|https://kultura-doma.ru/public/src/images/gallery/catalog/6a5f847591fc2_big.jpg|https://kultura-doma.ru/public/src/images/gallery/catalog/6a5f84739eff9_big.jpg
714-793,714,УТ-00009489,,Полотенце Классика: 70х140 см,https://kultura-doma.ru/product/polotence-klassika-size-70h140-sm,other,other,,,,,3500,,белый,70х140 см,махровая ткань,,unknown_from_feed,https://kultura-doma.ru/public/src/images/gallery/catalog/6a5f84751331b_big.jpg,https://kultura-doma.ru/public/src/images/gallery/catalog/6a5f84751331b_big.jpg|https://kultura-doma.ru/public/src/images/gallery/catalog/6a5f8474154a8_big.jpg|https://kultura-doma.ru/public/src/images/gallery/catalog/6a5f84756ef27_big.jpg|https://kultura-doma.ru/public/src/images/gallery/catalog/6a5f847591fc2_big.jpg|https://kultura-doma.ru/public/src/images/gallery/catalog/6a5f84739eff9_big.jpg
715,715,УТ-00009488,,Полотенце Классика,https://kultura-doma.ru/product/polotence-klassika-715,other,other,,,,,1900,,серый,50х90 см,махровая ткань,,unknown_from_feed,https://kultura-doma.ru/public/src/images/gallery/catalog/6a5f849352e6c_big.jpg,https://kultura-doma.ru/public/src/images/gallery/catalog/6a5f849352e6c_big.jpg|https://kultura-doma.ru/public/src/images/gallery/catalog/6a5f84928c775_big.jpg|https://kultura-doma.ru/public/src/images/gallery/catalog/6a5f8493bc6be_big.jpg|https://kultura-doma.ru/public/src/images/gallery/catalog/6a5f8493951ce_big.jpg|https://kultura-doma.ru/public/src/images/gallery/catalog/6a5f8492f2e54_big.jpg
715-794,715,УТ-00009490,,Полотенце Классика: 70х140 см,https://kultura-doma.ru/product/polotence-klassika-715-size-70h140-sm,other,other,,,,,3500,,серый,70х140 см,махровая ткань,,unknown_from_feed,https://kultura-doma.ru/public/src/images/gallery/catalog/6a5f849352e6c_big.jpg,https://kultura-doma.ru/public/src/images/gallery/catalog/6a5f849352e6c_big.jpg|https://kultura-doma.ru/public/src/images/gallery/catalog/6a5f84928c775_big.jpg|https://kultura-doma.ru/public/src/images/gallery/catalog/6a5f8493bc6be_big.jpg|https://kultura-doma.ru/public/src/images/gallery/catalog/6a5f8493951ce_big.jpg|https://kultura-doma.ru/public/src/images/gallery/catalog/6a5f8492f2e54_big.jpg
716,716,УТ-00009492,,Полотенце Пломбир,https://kultura-doma.ru/product/polotence-plombir,other,other,,,,,1550,,бежевый,50х90 см,махровая ткань,,unknown_from_feed,https://kultura-doma.ru/public/src/images/gallery/catalog/687e5a93d7e16_big.jpg,https://kultura-doma.ru/public/src/images/gallery/catalog/687e5a93d7e16_big.jpg|https://kultura-doma.ru/public/src/images/gallery/catalog/6a5f852bae614_big.jpg|https://kultura-doma.ru/public/src/images/gallery/catalog/6a5f852b59ac9_big.jpg|https://kultura-doma.ru/public/src/images/gallery/catalog/6a5f852c027c9_big.jpg|https://kultura-doma.ru/public/src/images/gallery/catalog/6a5f852ced5f4_big.jpg
716-798,716,УТ-00009495,,Полотенце Пломбир: 70х140 см,https://kultura-doma.ru/product/polotence-plombir-size-70h140-sm,other,other,,,,,2900,,бежевый,70х140 см,махровая ткань,,unknown_from_feed,https://kultura-doma.ru/public/src/images/gallery/catalog/687e5a93d7e16_big.jpg,https://kultura-doma.ru/public/src/images/gallery/catalog/687e5a93d7e16_big.jpg|https://kultura-doma.ru/public/src/images/gallery/catalog/6a5f852bae614_big.jpg|https://kultura-doma.ru/public/src/images/gallery/catalog/6a5f852b59ac9_big.jpg|https://kultura-doma.ru/public/src/images/gallery/catalog/6a5f852c027c9_big.jpg|https://kultura-doma.ru/public/src/images/gallery/catalog/6a5f852ced5f4_big.jpg
717,717,УТ-00009491,,Полотенце Пломбир,https://kultura-doma.ru/product/polotence-plombir-717,other,other,,,,,1550,,белый,50х90 см,махровая ткань,,unknown_from_feed,https://kultura-doma.ru/public/src/images/gallery/catalog/687e5aac403cb_big.jpg,https://kultura-doma.ru/public/src/images/gallery/catalog/687e5aac403cb_big.jpg|https://kultura-doma.ru/public/src/images/gallery/catalog/6a5f8548aaf9d_big.jpg|https://kultura-doma.ru/public/src/images/gallery/catalog/6a5f854c68619_big.jpg|https://kultura-doma.ru/public/src/images/gallery/catalog/6a5f85473f5e5_big.jpg
717-799,717,УТ-00009494,,Полотенце Пломбир: 70х140 см,https://kultura-doma.ru/product/polotence-plombir-717-size-70h140-sm,other,other,,,,,2900,,белый,70х140 см,махровая ткань,,unknown_from_feed,https://kultura-doma.ru/public/src/images/gallery/catalog/687e5aac403cb_big.jpg,https://kultura-doma.ru/public/src/images/gallery/catalog/687e5aac403cb_big.jpg|https://kultura-doma.ru/public/src/images/gallery/catalog/6a5f8548aaf9d_big.jpg|https://kultura-doma.ru/public/src/images/gallery/catalog/6a5f854c68619_big.jpg|https://kultura-doma.ru/public/src/images/gallery/catalog/6a5f85473f5e5_big.jpg
718,718,УТ-00009493,,Полотенце Пломбир,https://kultura-doma.ru/product/polotence-plombir-718,other,other,,,,,1550,,коричневый,50х90 см,махровая ткань,,unknown_from_feed,https://kultura-doma.ru/public/src/images/gallery/catalog/687e5ac64496b_big.jpg,https://kultura-doma.ru/public/src/images/gallery/catalog/687e5ac64496b_big.jpg|https://kultura-doma.ru/public/src/images/gallery/catalog/6a5f85698931a_big.jpg|https://kultura-doma.ru/public/src/images/gallery/catalog/69df437038147_big.jpg|https://kultura-doma.ru/public/src/images/gallery/catalog/6a5f8568de96d_big.jpg|https://kultura-doma.ru/public/src/images/gallery/catalog/6a5f8569ee16d_big.jpg|https://kultura-doma.ru/public/src/images/gallery/catalog/6a5f856932354_big.jpg
718-800,718,УТ-00009496,,Полотенце Пломбир: 70х140 см,https://kultura-doma.ru/product/polotence-plombir-718-size-70h140-sm,other,other,,,,,2900,,коричневый,70х140 см,махровая ткань,,unknown_from_feed,https://kultura-doma.ru/public/src/images/gallery/catalog/687e5ac64496b_big.jpg,https://kultura-doma.ru/public/src/images/gallery/catalog/687e5ac64496b_big.jpg|https://kultura-doma.ru/public/src/images/gallery/catalog/6a5f85698931a_big.jpg|https://kultura-doma.ru/public/src/images/gallery/catalog/69df437038147_big.jpg|https://kultura-doma.ru/public/src/images/gallery/catalog/6a5f8568de96d_big.jpg|https://kultura-doma.ru/public/src/images/gallery/catalog/6a5f8569ee16d_big.jpg|https://kultura-doma.ru/public/src/images/gallery/catalog/6a5f856932354_big.jpg
719,719,УТ-00009482,,Полотенце Элегия,https://kultura-doma.ru/product/polotence-elegiya,other,other,,,,,1550,,белый,50х90 см,махровая ткань,,unknown_from_feed,https://kultura-doma.ru/public/src/images/gallery/catalog/686d284bacc7f_big.jpg,https://kultura-doma.ru/public/src/images/gallery/catalog/686d284bacc7f_big.jpg|https://kultura-doma.ru/public/src/images/gallery/catalog/6a5f85a559125_big.jpg|https://kultura-doma.ru/public/src/images/gallery/catalog/6a5f85a5cf422_big.jpg
719-804,719,УТ-00009485,,Полотенце Элегия: 70х140 см,https://kultura-doma.ru/product/polotence-elegiya-size-70h140-sm,other,other,,,,,2900,,белый,70х140 см,махровая ткань,,unknown_from_feed,https://kultura-doma.ru/public/src/images/gallery/catalog/686d284bacc7f_big.jpg,https://kultura-doma.ru/public/src/images/gallery/catalog/686d284bacc7f_big.jpg|https://kultura-doma.ru/public/src/images/gallery/catalog/6a5f85a559125_big.jpg|https://kultura-doma.ru/public/src/images/gallery/catalog/6a5f85a5cf422_big.jpg
720,720,УТ-00009481,,Полотенце Элегия,https://kultura-doma.ru/product/polotence-elegiya-720,other,other,,,,,1550,,белый,50х90 см,махровая ткань,,unknown_from_feed,https://kultura-doma.ru/public/src/images/gallery/catalog/6a5f85c11aee7_big.jpg,https://kultura-doma.ru/public/src/images/gallery/catalog/6a5f85c11aee7_big.jpg|https://kultura-doma.ru/public/src/images/gallery/catalog/68f0c1e504157_big.jpg|https://kultura-doma.ru/public/src/images/gallery/catalog/6a5f85c16b524_big.jpg|https://kultura-doma.ru/public/src/images/gallery/catalog/6a5f85c194103_big.jpg
720-805,720,УТ-00009484,,Полотенце Элегия: 70х140 см,https://kultura-doma.ru/product/polotence-elegiya-720-size-70h140-sm,other,other,,,,,2900,,белый,70х140 см,махровая ткань,,unknown_from_feed,https://kultura-doma.ru/public/src/images/gallery/catalog/6a5f85c11aee7_big.jpg,https://kultura-doma.ru/public/src/images/gallery/catalog/6a5f85c11aee7_big.jpg|https://kultura-doma.ru/public/src/images/gallery/catalog/68f0c1e504157_big.jpg|https://kultura-doma.ru/public/src/images/gallery/catalog/6a5f85c16b524_big.jpg|https://kultura-doma.ru/public/src/images/gallery/catalog/6a5f85c194103_big.jpg
721,721,УТ-00009483,,Полотенце Элегия,https://kultura-doma.ru/product/polotence-elegiya-721,other,other,,,,,1550,,белый,50х90 см,махровая ткань,,unknown_from_feed,https://kultura-doma.ru/public/src/images/gallery/catalog/686d270bc1a23_big.jpg,https://kultura-doma.ru/public/src/images/gallery/catalog/686d270bc1a23_big.jpg|https://kultura-doma.ru/public/src/images/gallery/catalog/6a5f85deaa378_big.jpg|https://kultura-doma.ru/public/src/images/gallery/catalog/6a5f85df50e6a_big.jpg|https://kultura-doma.ru/public/src/images/gallery/catalog/6a5f85df7f853_big.jpg
721-806,721,УТ-00009486,,Полотенце Элегия: 70х140 см,https://kultura-doma.ru/product/polotence-elegiya-721-size-70h140-sm,other,other,,,,,2900,,белый,70х140 см,махровая ткань,,unknown_from_feed,https://kultura-doma.ru/public/src/images/gallery/catalog/686d270bc1a23_big.jpg,https://kultura-doma.ru/public/src/images/gallery/catalog/686d270bc1a23_big.jpg|https://kultura-doma.ru/public/src/images/gallery/catalog/6a5f85deaa378_big.jpg|https://kultura-doma.ru/public/src/images/gallery/catalog/6a5f85df50e6a_big.jpg|https://kultura-doma.ru/public/src/images/gallery/catalog/6a5f85df7f853_big.jpg
722,722,УТ-00009470,,Полотенце Облако,https://kultura-doma.ru/product/polotence-oblako,other,other,,,,,2490,,белый,50х90 см,махровая ткань,,unknown_from_feed,https://kultura-doma.ru/public/src/images/gallery/catalog/6a5f8796d68b2_big.jpg,https://kultura-doma.ru/public/src/images/gallery/catalog/6a5f8796d68b2_big.jpg|https://kultura-doma.ru/public/src/images/gallery/catalog/6a5f8796394a5_big.jpg|https://kultura-doma.ru/public/src/images/gallery/catalog/6a5f8797713c9_big.jpg|https://kultura-doma.ru/public/src/images/gallery/catalog/6a5f8797b274b_big.jpg
722-810,722,УТ-00009473,,Полотенце Облако: 70х140 см,https://kultura-doma.ru/product/polotence-oblako-size-70h140-sm,other,other,,,,,4300,,белый,70х140 см,махровая ткань,,unknown_from_feed,https://kultura-doma.ru/public/src/images/gallery/catalog/6a5f8796d68b2_big.jpg,https://kultura-doma.ru/public/src/images/gallery/catalog/6a5f8796d68b2_big.jpg|https://kultura-doma.ru/public/src/images/gallery/catalog/6a5f8796394a5_big.jpg|https://kultura-doma.ru/public/src/images/gallery/catalog/6a5f8797713c9_big.jpg|https://kultura-doma.ru/public/src/images/gallery/catalog/6a5f8797b274b_big.jpg
723,723,УТ-00009469,,Полотенце Облако,https://kultura-doma.ru/product/polotence-oblako-723,other,other,,,,,2490,,белый,50х90 см,махровая ткань,,unknown_from_feed,https://kultura-doma.ru/public/src/images/gallery/catalog/6a5f87b57d5b1_big.jpg,https://kultura-doma.ru/public/src/images/gallery/catalog/6a5f87b57d5b1_big.jpg|https://kultura-doma.ru/public/src/images/gallery/catalog/6a5f87b52687e_big.jpg|https://kultura-doma.ru/public/src/images/gallery/catalog/6a5f87b5bf25c_big.jpg|https://kultura-doma.ru/public/src/images/gallery/catalog/6a5f87b601fbc_big.jpg|https://kultura-doma.ru/public/src/images/gallery/catalog/6a5f87b6272b5_big.jpg
723-811,723,УТ-00009472,,Полотенце Облако: 70х140 см,https://kultura-doma.ru/product/polotence-oblako-723-size-70h140-sm,other,other,,,,,4300,,белый,70х140 см,махровая ткань,,unknown_from_feed,https://kultura-doma.ru/public/src/images/gallery/catalog/6a5f87b57d5b1_big.jpg,https://kultura-doma.ru/public/src/images/gallery/catalog/6a5f87b57d5b1_big.jpg|https://kultura-doma.ru/public/src/images/gallery/catalog/6a5f87b52687e_big.jpg|https://kultura-doma.ru/public/src/images/gallery/catalog/6a5f87b5bf25c_big.jpg|https://kultura-doma.ru/public/src/images/gallery/catalog/6a5f87b601fbc_big.jpg|https://kultura-doma.ru/public/src/images/gallery/catalog/6a5f87b6272b5_big.jpg
724,724,УТ-00009471,,Полотенце Облако,https://kultura-doma.ru/product/polotence-oblako-724,other,other,,,,,2490,,белый,50х90 см,махровая ткань,,unknown_from_feed,https://kultura-doma.ru/public/src/images/gallery/catalog/6a5f87d014c47_big.jpg,https://kultura-doma.ru/public/src/images/gallery/catalog/6a5f87d014c47_big.jpg|https://kultura-doma.ru/public/src/images/gallery/catalog/6a5f87cf5e243_big.jpg|https://kultura-doma.ru/public/src/images/gallery/catalog/6a5f87d0699da_big.jpg|https://kultura-doma.ru/public/src/images/gallery/catalog/6a5f87d094a9c_big.jpg|https://kultura-doma.ru/public/src/images/gallery/catalog/6a5f87cfb428a_big.jpg
724-812,724,УТ-00009474,,Полотенце Облако: 70х140 см,https://kultura-doma.ru/product/polotence-oblako-724-size-70h140-sm,other,other,,,,,4300,,белый,70х140 см,махровая ткань,,unknown_from_feed,https://kultura-doma.ru/public/src/images/gallery/catalog/6a5f87d014c47_big.jpg,https://kultura-doma.ru/public/src/images/gallery/catalog/6a5f87d014c47_big.jpg|https://kultura-doma.ru/public/src/images/gallery/catalog/6a5f87cf5e243_big.jpg|https://kultura-doma.ru/public/src/images/gallery/catalog/6a5f87d0699da_big.jpg|https://kultura-doma.ru/public/src/images/gallery/catalog/6a5f87d094a9c_big.jpg|https://kultura-doma.ru/public/src/images/gallery/catalog/6a5f87cfb428a_big.jpg
726,726,УТ-00009447,,Коврик для ванной Классика,https://kultura-doma.ru/product/kovrik-dlya-vannoy-klassika,other,other,,,,,2990,,белый,50х80 см,махровая ткань,,unknown_from_feed,https://kultura-doma.ru/public/src/images/gallery/catalog/6a42300a1e980_big.jpg,https://kultura-doma.ru/public/src/images/gallery/catalog/6a42300a1e980_big.jpg|https://kultura-doma.ru/public/src/images/gallery/catalog/6a42300d2e894_big.jpg|https://kultura-doma.ru/public/src/images/gallery/catalog/6a42300de5b99_big.jpg|https://kultura-doma.ru/public/src/images/gallery/catalog/6a42300f09b2d_big.jpg|https://kultura-doma.ru/public/src/images/gallery/catalog/6a423007f0ecd_big.jpg|https://kultura-doma.ru/public/src/images/gallery/catalog/6a42300d6b8b5_big.jpg|https://kultura-doma.ru/public/src/images/gallery/catalog/6a42300da66ab_big.jpg|https://kultura-doma.ru/public/src/images/gallery/catalog/6a42300e3ac28_big.jpg|https://kultura-doma.ru/public/src/images/gallery/catalog/6a42300e7d5af_big.jpg|https://kultura-doma.ru/public/src/images/gallery/catalog/6a42300eb9365_big.jpg
727,727,УТ-00009448,,Коврик для ванной Классика,https://kultura-doma.ru/product/kovrik-dlya-vannoy-klassika-727,other,other,,,,,2990,,коричневый,50х80 см,махровая ткань,,unknown_from_feed,https://kultura-doma.ru/public/src/images/gallery/catalog/6891ec66b568b_big.jpg,https://kultura-doma.ru/public/src/images/gallery/catalog/6891ec66b568b_big.jpg|https://kultura-doma.ru/public/src/images/gallery/catalog/6a3a869e65bcf_big.jpg|https://kultura-doma.ru/public/src/images/gallery/catalog/6a3a869f5393f_big.jpg
728,728,УТ-00009451,,Коврик для ванной Классика,https://kultura-doma.ru/product/kovrik-dlya-vannoy-klassika-728,other,other,,,,,2990,,бежевый,50х80 см,махровая ткань,,unknown_from_feed,https://kultura-doma.ru/public/src/images/gallery/catalog/6a3a880b2c89d_big.jpg,https://kultura-doma.ru/public/src/images/gallery/catalog/6a3a880b2c89d_big.jpg|https://kultura-doma.ru/public/src/images/gallery/catalog/6a3a880ad37e2_big.jpg|https://kultura-doma.ru/public/src/images/gallery/catalog/6a3a880b846cf_big.jpg|https://kultura-doma.ru/public/src/images/gallery/catalog/6a3a880cd6737_big.jpg
729,729,УТ-00009450,,Коврик для ванной Классика,https://kultura-doma.ru/product/kovrik-dlya-vannoy-klassika-729,other,other,,,,,2990,,серый,50х80 см,махровая ткань,,unknown_from_feed,https://kultura-doma.ru/public/src/images/gallery/catalog/6a3a8acf59373_big.jpg,https://kultura-doma.ru/public/src/images/gallery/catalog/6a3a8acf59373_big.jpg|https://kultura-doma.ru/public/src/images/gallery/catalog/6a3a8ad05ed3f_big.jpg|https://kultura-doma.ru/public/src/images/gallery/catalog/6a3a8acfcb2b4_big.jpg|https://kultura-doma.ru/public/src/images/gallery/catalog/6a3a8ad01a153_big.jpg|https://kultura-doma.ru/public/src/images/gallery/catalog/6a3a8acf91c93_big.jpg
730,730,УТ-00009449,,Коврик для ванной Классика,https://kultura-doma.ru/product/kovrik-dlya-vannoy-klassika-730,other,other,,,,,2990,,черный,50х80 см,махровая ткань,,unknown_from_feed,https://kultura-doma.ru/public/src/images/gallery/catalog/6a3a8b00b3187_big.jpg,https://kultura-doma.ru/public/src/images/gallery/catalog/6a3a8b00b3187_big.jpg|https://kultura-doma.ru/public/src/images/gallery/catalog/6a3a8b00f18cf_big.jpg|https://kultura-doma.ru/public/src/images/gallery/catalog/6a3a8b0139b87_big.jpg|https://kultura-doma.ru/public/src/images/gallery/catalog/6a3a8b01ccd92_big.jpg
732,,УТ-00008298,,Набор стопок Росы,https://kultura-doma.ru/product/nabor-stopok-rosy,glassware_set,atmosphere_or_drinks,,,,,9900,,,,хрусталь,50 мл,unknown_from_feed,https://kultura-doma.ru/public/src/images/gallery/catalog/6a3d179169376_big.jpg,https://kultura-doma.ru/public/src/images/gallery/catalog/6a3d179169376_big.jpg|https://kultura-doma.ru/public/src/images/gallery/catalog/6a3d17905a12a_big.jpg|https://kultura-doma.ru/public/src/images/gallery/catalog/6a3d1790d8dff_big.jpg
733,,УТ-00008300,,Набор стаканов для виски Росы,https://kultura-doma.ru/product/nabor-stakanov-dlya-viski-rosy-733,glassware_set,atmosphere_or_drinks,,,,,19900,,,,хрусталь,330 мл,unknown_from_feed,https://kultura-doma.ru/public/src/images/gallery/catalog/6a3d179574feb_big.jpg,https://kultura-doma.ru/public/src/images/gallery/catalog/6a3d179574feb_big.jpg|https://kultura-doma.ru/public/src/images/gallery/catalog/6a3d17935a8a4_big.jpg|https://kultura-doma.ru/public/src/images/gallery/catalog/6a3d1794e35b6_big.jpg|https://kultura-doma.ru/public/src/images/gallery/catalog/6a3d1794a273f_big.jpg
734,,УТ-00008301,,Набор стаканов  Росы,https://kultura-doma.ru/product/nabor-stakanov-rosy,glassware_set,atmosphere_or_drinks,,,,,21900,,,,хрусталь,350 мл,unknown_from_feed,https://kultura-doma.ru/public/src/images/gallery/catalog/6a3d179732191_big.jpg,https://kultura-doma.ru/public/src/images/gallery/catalog/6a3d179732191_big.jpg|https://kultura-doma.ru/public/src/images/gallery/catalog/69b950241b3a6_big.jpg
859,859,УТ-00007058,,Ковер Восток,https://kultura-doma.ru/product/kover-vostok,rug,other,,,,,129500,185000,бежевый,85х150 см,шерсть,,unknown_from_feed,https://kultura-doma.ru/public/src/images/gallery/catalog/6a145bb264286_big.JPG,https://kultura-doma.ru/public/src/images/gallery/catalog/6a145bb264286_big.JPG|https://kultura-doma.ru/public/src/images/gallery/catalog/6a145b7e4008a_big.jpg|https://kultura-doma.ru/public/src/images/gallery/catalog/6a145bb50df96_big.JPG|https://kultura-doma.ru/public/src/images/gallery/catalog/6a145bb7456b9_big.JPG|https://kultura-doma.ru/public/src/images/gallery/catalog/6a145b84a00e1_big.jpg
863,,УТ-00008871,,Яйцо сувенирное Ландыши,https://kultura-doma.ru/product/yayco-suvenirnoe-landyshi,other,other,,,,,4960,6200,белый,,фарфор,,unknown_from_feed,https://kultura-doma.ru/public/src/images/gallery/catalog/686e89fddbb6b_big.jpg,https://kultura-doma.ru/public/src/images/gallery/catalog/686e89fddbb6b_big.jpg|https://kultura-doma.ru/public/src/images/gallery/catalog/686e89fbbf534_big.jpg|https://kultura-doma.ru/public/src/images/gallery/catalog/686e89fc780e4_big.jpg|https://kultura-doma.ru/public/src/images/gallery/catalog/686e89fd3171a_big.jpg|https://kultura-doma.ru/public/src/images/gallery/catalog/686e89febdc0b_big.jpg
864,,УТ-00008872,,Яйцо сувенирное Ландыши,https://kultura-doma.ru/product/yayco-suvenirnoe-landyshi-864,other,other,,,,,9280,11600,белый,,фарфор,,unknown_from_feed,https://kultura-doma.ru/public/src/images/gallery/catalog/686e8a03ba790_big.jpg,https://kultura-doma.ru/public/src/images/gallery/catalog/686e8a03ba790_big.jpg|https://kultura-doma.ru/public/src/images/gallery/catalog/69de4d41bc374_big.jpg|https://kultura-doma.ru/public/src/images/gallery/catalog/686e8a02d515f_big.jpg|https://kultura-doma.ru/public/src/images/gallery/catalog/686e8a0099dba_big.jpg
870,,УТ-00008463,,Яйцо сувенирное Ландыши,https://kultura-doma.ru/product/yayco-suvenirnoe-landyshi-870,other,other,,,,,4960,6200,белый,,фарфор,,unknown_from_feed,https://kultura-doma.ru/public/src/images/gallery/catalog/686e8b2055479_big.jpg,https://kultura-doma.ru/public/src/images/gallery/catalog/686e8b2055479_big.jpg|https://kultura-doma.ru/public/src/images/gallery/catalog/686e8b1eeb40f_big.jpg|https://kultura-doma.ru/public/src/images/gallery/catalog/686e8b2132eaa_big.jpg|https://kultura-doma.ru/public/src/images/gallery/catalog/686e8b1e412dd_big.jpg|https://kultura-doma.ru/public/src/images/gallery/catalog/686e8b1fa09b2_big.jpg
883,883,УТ-00009539,,Свеча Ботаника,https://kultura-doma.ru/product/svecha-botanika,candle,atmosphere_or_drinks,,,,,792,990,белый,6 см,,,unknown_from_feed,https://kultura-doma.ru/public/src/images/gallery/catalog/6a58ebd906c80_big.jpg,https://kultura-doma.ru/public/src/images/gallery/catalog/6a58ebd906c80_big.jpg|https://kultura-doma.ru/public/src/images/gallery/catalog/6a58ebd9c2fce_big.jpg|https://kultura-doma.ru/public/src/images/gallery/catalog/6a58ebda53c81_big.jpg|https://kultura-doma.ru/public/src/images/gallery/catalog/6a58ebdab205d_big.jpg
939,939,УТ-00006890,,Пижама женская Елена,https://kultura-doma.ru/product/pizhama-zhenskaya-elena-939,other,other,,,,,6360,15900,голубой,46,тенсель,,unknown_from_feed,https://kultura-doma.ru/public/src/images/gallery/catalog/6a4373da557af_big.jpg,https://kultura-doma.ru/public/src/images/gallery/catalog/6a4373da557af_big.jpg|https://kultura-doma.ru/public/src/images/gallery/catalog/6a4373d9b8e12_big.jpg|https://kultura-doma.ru/public/src/images/gallery/catalog/68b6ef9bdaafb_big.jpg|https://kultura-doma.ru/public/src/images/gallery/catalog/6a4373da0fb77_big.jpg
939-1980,939,УТ-00006888,,Пижама женская Елена: 50,https://kultura-doma.ru/product/pizhama-zhenskaya-elena-939-size-50,other,other,,,,,6360,15900,голубой,50,тенсель,,unknown_from_feed,https://kultura-doma.ru/public/src/images/gallery/catalog/6a4373da557af_big.jpg,https://kultura-doma.ru/public/src/images/gallery/catalog/6a4373da557af_big.jpg|https://kultura-doma.ru/public/src/images/gallery/catalog/6a4373d9b8e12_big.jpg|https://kultura-doma.ru/public/src/images/gallery/catalog/68b6ef9bdaafb_big.jpg|https://kultura-doma.ru/public/src/images/gallery/catalog/6a4373da0fb77_big.jpg
939-1982,939,УТ-00006884,,Пижама женская Елена: 42,https://kultura-doma.ru/product/pizhama-zhenskaya-elena-939-size-42,other,other,,,,,6360,15900,голубой,42,тенсель,,unknown_from_feed,https://kultura-doma.ru/public/src/images/gallery/catalog/6a4373da557af_big.jpg,https://kultura-doma.ru/public/src/images/gallery/catalog/6a4373da557af_big.jpg|https://kultura-doma.ru/public/src/images/gallery/catalog/6a4373d9b8e12_big.jpg|https://kultura-doma.ru/public/src/images/gallery/catalog/68b6ef9bdaafb_big.jpg|https://kultura-doma.ru/public/src/images/gallery/catalog/6a4373da0fb77_big.jpg
939-1983,939,УТ-00006887,,Пижама женская Елена: 48,https://kultura-doma.ru/product/pizhama-zhenskaya-elena-939-size-48,other,other,,,,,6360,15900,голубой,48,тенсель,,unknown_from_feed,https://kultura-doma.ru/public/src/images/gallery/catalog/6a4373da557af_big.jpg,https://kultura-doma.ru/public/src/images/gallery/catalog/6a4373da557af_big.jpg|https://kultura-doma.ru/public/src/images/gallery/catalog/6a4373d9b8e12_big.jpg|https://kultura-doma.ru/public/src/images/gallery/catalog/68b6ef9bdaafb_big.jpg|https://kultura-doma.ru/public/src/images/gallery/catalog/6a4373da0fb77_big.jpg
939-1984,939,УТ-00006891,,Пижама женская Елена: 56,https://kultura-doma.ru/product/pizhama-zhenskaya-elena-939-size-56,other,other,,,,,6360,15900,голубой,56,тенсель,,unknown_from_feed,https://kultura-doma.ru/public/src/images/gallery/catalog/6a4373da557af_big.jpg,https://kultura-doma.ru/public/src/images/gallery/catalog/6a4373da557af_big.jpg|https://kultura-doma.ru/public/src/images/gallery/catalog/6a4373d9b8e12_big.jpg|https://kultura-doma.ru/public/src/images/gallery/catalog/68b6ef9bdaafb_big.jpg|https://kultura-doma.ru/public/src/images/gallery/catalog/6a4373da0fb77_big.jpg
939-1985,939,УТ-00006889,,Пижама женская Елена: 52,https://kultura-doma.ru/product/pizhama-zhenskaya-elena-939-size-52,other,other,,,,,6360,15900,голубой,52,тенсель,,unknown_from_feed,https://kultura-doma.ru/public/src/images/gallery/catalog/6a4373da557af_big.jpg,https://kultura-doma.ru/public/src/images/gallery/catalog/6a4373da557af_big.jpg|https://kultura-doma.ru/public/src/images/gallery/catalog/6a4373d9b8e12_big.jpg|https://kultura-doma.ru/public/src/images/gallery/catalog/68b6ef9bdaafb_big.jpg|https://kultura-doma.ru/public/src/images/gallery/catalog/6a4373da0fb77_big.jpg
939-1986,939,УТ-00006885,,Пижама женская Елена: 44,https://kultura-doma.ru/product/pizhama-zhenskaya-elena-939-size-44,other,other,,,,,6360,15900,голубой,44,тенсель,,unknown_from_feed,https://kultura-doma.ru/public/src/images/gallery/catalog/6a4373da557af_big.jpg,https://kultura-doma.ru/public/src/images/gallery/catalog/6a4373da557af_big.jpg|https://kultura-doma.ru/public/src/images/gallery/catalog/6a4373d9b8e12_big.jpg|https://kultura-doma.ru/public/src/images/gallery/catalog/68b6ef9bdaafb_big.jpg|https://kultura-doma.ru/public/src/images/gallery/catalog/6a4373da0fb77_big.jpg
939-1987,939,УТ-00006890,,Пижама женская Елена: 54,https://kultura-doma.ru/product/pizhama-zhenskaya-elena-939-size-54,other,other,,,,,6360,15900,голубой,54,тенсель,,unknown_from_feed,https://kultura-doma.ru/public/src/images/gallery/catalog/6a4373da557af_big.jpg,https://kultura-doma.ru/public/src/images/gallery/catalog/6a4373da557af_big.jpg|https://kultura-doma.ru/public/src/images/gallery/catalog/6a4373d9b8e12_big.jpg|https://kultura-doma.ru/public/src/images/gallery/catalog/68b6ef9bdaafb_big.jpg|https://kultura-doma.ru/public/src/images/gallery/catalog/6a4373da0fb77_big.jpg
949,949,УТ-00006452,,Пижама женская Татьяна,https://kultura-doma.ru/product/pizhama-zhenskaya-tat-yana,other,other,,,,,4360,10900,голубой,42-164,"район, вискоза",,unknown_from_feed,https://kultura-doma.ru/public/src/images/gallery/catalog/68b6f1464f002_big.jpg,https://kultura-doma.ru/public/src/images/gallery/catalog/68b6f1464f002_big.jpg|https://kultura-doma.ru/public/src/images/gallery/catalog/6a43735f7d572_big.jpg|https://kultura-doma.ru/public/src/images/gallery/catalog/6a43735fd089f_big.jpg|https://kultura-doma.ru/public/src/images/gallery/catalog/6a437360301cd_big.jpg
949-1334,949,УТ-00006453,,Пижама женская Татьяна: 44-164,https://kultura-doma.ru/product/pizhama-zhenskaya-tat-yana-size-44164,other,other,,,,,4360,10900,голубой,44-164,"район, вискоза",,unknown_from_feed,https://kultura-doma.ru/public/src/images/gallery/catalog/68b6f1464f002_big.jpg,https://kultura-doma.ru/public/src/images/gallery/catalog/68b6f1464f002_big.jpg|https://kultura-doma.ru/public/src/images/gallery/catalog/6a43735f7d572_big.jpg|https://kultura-doma.ru/public/src/images/gallery/catalog/6a43735fd089f_big.jpg|https://kultura-doma.ru/public/src/images/gallery/catalog/6a437360301cd_big.jpg
949-1335,949,УТ-00006454,,Пижама женская Татьяна: 46-164,https://kultura-doma.ru/product/pizhama-zhenskaya-tat-yana-size-46164,other,other,,,,,4360,10900,голубой,46-164,"район, вискоза",,unknown_from_feed,https://kultura-doma.ru/public/src/images/gallery/catalog/68b6f1464f002_big.jpg,https://kultura-doma.ru/public/src/images/gallery/catalog/68b6f1464f002_big.jpg|https://kultura-doma.ru/public/src/images/gallery/catalog/6a43735f7d572_big.jpg|https://kultura-doma.ru/public/src/images/gallery/catalog/6a43735fd089f_big.jpg|https://kultura-doma.ru/public/src/images/gallery/catalog/6a437360301cd_big.jpg
949-1336,949,УТ-00006455,,Пижама женская Татьяна: 48-164,https://kultura-doma.ru/product/pizhama-zhenskaya-tat-yana-size-48164,other,other,,,,,4360,10900,голубой,48-164,"район, вискоза",,unknown_from_feed,https://kultura-doma.ru/public/src/images/gallery/catalog/68b6f1464f002_big.jpg,https://kultura-doma.ru/public/src/images/gallery/catalog/68b6f1464f002_big.jpg|https://kultura-doma.ru/public/src/images/gallery/catalog/6a43735f7d572_big.jpg|https://kultura-doma.ru/public/src/images/gallery/catalog/6a43735fd089f_big.jpg|https://kultura-doma.ru/public/src/images/gallery/catalog/6a437360301cd_big.jpg
949-1337,949,УТ-00006456,,Пижама женская Татьяна: 50-164,https://kultura-doma.ru/product/pizhama-zhenskaya-tat-yana-size-50164,other,other,,,,,4360,10900,голубой,50-164,"район, вискоза",,unknown_from_feed,https://kultura-doma.ru/public/src/images/gallery/catalog/68b6f1464f002_big.jpg,https://kultura-doma.ru/public/src/images/gallery/catalog/68b6f1464f002_big.jpg|https://kultura-doma.ru/public/src/images/gallery/catalog/6a43735f7d572_big.jpg|https://kultura-doma.ru/public/src/images/gallery/catalog/6a43735fd089f_big.jpg|https://kultura-doma.ru/public/src/images/gallery/catalog/6a437360301cd_big.jpg
949-1338,949,УТ-00006457,,Пижама женская Татьяна: 52-164,https://kultura-doma.ru/product/pizhama-zhenskaya-tat-yana-size-52164,other,other,,,,,4360,10900,голубой,52-164,"район, вискоза",,unknown_from_feed,https://kultura-doma.ru/public/src/images/gallery/catalog/68b6f1464f002_big.jpg,https://kultura-doma.ru/public/src/images/gallery/catalog/68b6f1464f002_big.jpg|https://kultura-doma.ru/public/src/images/gallery/catalog/6a43735f7d572_big.jpg|https://kultura-doma.ru/public/src/images/gallery/catalog/6a43735fd089f_big.jpg|https://kultura-doma.ru/public/src/images/gallery/catalog/6a437360301cd_big.jpg
949-1339,949,УТ-00006458,,Пижама женская Татьяна: 54-164,https://kultura-doma.ru/product/pizhama-zhenskaya-tat-yana-size-54164,other,other,,,,,4360,10900,голубой,54-164,"район, вискоза",,unknown_from_feed,https://kultura-doma.ru/public/src/images/gallery/catalog/68b6f1464f002_big.jpg,https://kultura-doma.ru/public/src/images/gallery/catalog/68b6f1464f002_big.jpg|https://kultura-doma.ru/public/src/images/gallery/catalog/6a43735f7d572_big.jpg|https://kultura-doma.ru/public/src/images/gallery/catalog/6a43735fd089f_big.jpg|https://kultura-doma.ru/public/src/images/gallery/catalog/6a437360301cd_big.jpg
949-1340,949,УТ-00006459,,Пижама женская Татьяна: 56-164,https://kultura-doma.ru/product/pizhama-zhenskaya-tat-yana-size-56164,other,other,,,,,4360,10900,голубой,56-164,"район, вискоза",,unknown_from_feed,https://kultura-doma.ru/public/src/images/gallery/catalog/68b6f1464f002_big.jpg,https://kultura-doma.ru/public/src/images/gallery/catalog/68b6f1464f002_big.jpg|https://kultura-doma.ru/public/src/images/gallery/catalog/6a43735f7d572_big.jpg|https://kultura-doma.ru/public/src/images/gallery/catalog/6a43735fd089f_big.jpg|https://kultura-doma.ru/public/src/images/gallery/catalog/6a437360301cd_big.jpg
949-1341,949,УТ-00006460,,Пижама женская Татьяна: 42-170,https://kultura-doma.ru/product/pizhama-zhenskaya-tat-yana-size-42170,other,other,,,,,4360,10900,голубой,42-170,"район, вискоза",,unknown_from_feed,https://kultura-doma.ru/public/src/images/gallery/catalog/68b6f1464f002_big.jpg,https://kultura-doma.ru/public/src/images/gallery/catalog/68b6f1464f002_big.jpg|https://kultura-doma.ru/public/src/images/gallery/catalog/6a43735f7d572_big.jpg|https://kultura-doma.ru/public/src/images/gallery/catalog/6a43735fd089f_big.jpg|https://kultura-doma.ru/public/src/images/gallery/catalog/6a437360301cd_big.jpg
949-1342,949,УТ-00006461,,Пижама женская Татьяна: 44-170,https://kultura-doma.ru/product/pizhama-zhenskaya-tat-yana-size-44170,other,other,,,,,4360,10900,голубой,44-170,"район, вискоза",,unknown_from_feed,https://kultura-doma.ru/public/src/images/gallery/catalog/68b6f1464f002_big.jpg,https://kultura-doma.ru/public/src/images/gallery/catalog/68b6f1464f002_big.jpg|https://kultura-doma.ru/public/src/images/gallery/catalog/6a43735f7d572_big.jpg|https://kultura-doma.ru/public/src/images/gallery/catalog/6a43735fd089f_big.jpg|https://kultura-doma.ru/public/src/images/gallery/catalog/6a437360301cd_big.jpg
949-1343,949,УТ-00006462,,Пижама женская Татьяна: 46-170,https://kultura-doma.ru/product/pizhama-zhenskaya-tat-yana-size-46170,other,other,,,,,4360,10900,голубой,46-170,"район, вискоза",,unknown_from_feed,https://kultura-doma.ru/public/src/images/gallery/catalog/68b6f1464f002_big.jpg,https://kultura-doma.ru/public/src/images/gallery/catalog/68b6f1464f002_big.jpg|https://kultura-doma.ru/public/src/images/gallery/catalog/6a43735f7d572_big.jpg|https://kultura-doma.ru/public/src/images/gallery/catalog/6a43735fd089f_big.jpg|https://kultura-doma.ru/public/src/images/gallery/catalog/6a437360301cd_big.jpg
949-1344,949,УТ-00006463,,Пижама женская Татьяна: 48-170,https://kultura-doma.ru/product/pizhama-zhenskaya-tat-yana-size-48170,other,other,,,,,4360,10900,голубой,48-170,"район, вискоза",,unknown_from_feed,https://kultura-doma.ru/public/src/images/gallery/catalog/68b6f1464f002_big.jpg,https://kultura-doma.ru/public/src/images/gallery/catalog/68b6f1464f002_big.jpg|https://kultura-doma.ru/public/src/images/gallery/catalog/6a43735f7d572_big.jpg|https://kultura-doma.ru/public/src/images/gallery/catalog/6a43735fd089f_big.jpg|https://kultura-doma.ru/public/src/images/gallery/catalog/6a437360301cd_big.jpg
949-1345,949,УТ-00006464,,Пижама женская Татьяна: 50-170,https://kultura-doma.ru/product/pizhama-zhenskaya-tat-yana-size-50170,other,other,,,,,4360,10900,голубой,50-170,"район, вискоза",,unknown_from_feed,https://kultura-doma.ru/public/src/images/gallery/catalog/68b6f1464f002_big.jpg,https://kultura-doma.ru/public/src/images/gallery/catalog/68b6f1464f002_big.jpg|https://kultura-doma.ru/public/src/images/gallery/catalog/6a43735f7d572_big.jpg|https://kultura-doma.ru/public/src/images/gallery/catalog/6a43735fd089f_big.jpg|https://kultura-doma.ru/public/src/images/gallery/catalog/6a437360301cd_big.jpg
949-1346,949,УТ-00006465,,Пижама женская Татьяна: 52-170,https://kultura-doma.ru/product/pizhama-zhenskaya-tat-yana-size-52170,other,other,,,,,4360,10900,голубой,52-170,"район, вискоза",,unknown_from_feed,https://kultura-doma.ru/public/src/images/gallery/catalog/68b6f1464f002_big.jpg,https://kultura-doma.ru/public/src/images/gallery/catalog/68b6f1464f002_big.jpg|https://kultura-doma.ru/public/src/images/gallery/catalog/6a43735f7d572_big.jpg|https://kultura-doma.ru/public/src/images/gallery/catalog/6a43735fd089f_big.jpg|https://kultura-doma.ru/public/src/images/gallery/catalog/6a437360301cd_big.jpg
949-1347,949,УТ-00006466,,Пижама женская Татьяна: 54-170,https://kultura-doma.ru/product/pizhama-zhenskaya-tat-yana-size-54170,other,other,,,,,4360,10900,голубой,54-170,"район, вискоза",,unknown_from_feed,https://kultura-doma.ru/public/src/images/gallery/catalog/68b6f1464f002_big.jpg,https://kultura-doma.ru/public/src/images/gallery/catalog/68b6f1464f002_big.jpg|https://kultura-doma.ru/public/src/images/gallery/catalog/6a43735f7d572_big.jpg|https://kultura-doma.ru/public/src/images/gallery/catalog/6a43735fd089f_big.jpg|https://kultura-doma.ru/public/src/images/gallery/catalog/6a437360301cd_big.jpg
949-1348,949,УТ-00006467,,Пижама женская Татьяна: 56-170,https://kultura-doma.ru/product/pizhama-zhenskaya-tat-yana-size-56170,other,other,,,,,4360,10900,голубой,56-170,"район, вискоза",,unknown_from_feed,https://kultura-doma.ru/public/src/images/gallery/catalog/68b6f1464f002_big.jpg,https://kultura-doma.ru/public/src/images/gallery/catalog/68b6f1464f002_big.jpg|https://kultura-doma.ru/public/src/images/gallery/catalog/6a43735f7d572_big.jpg|https://kultura-doma.ru/public/src/images/gallery/catalog/6a43735fd089f_big.jpg|https://kultura-doma.ru/public/src/images/gallery/catalog/6a437360301cd_big.jpg
1090,,УТ-00007174,,Маска для сна,https://kultura-doma.ru/product/maska-dlya-sna,other,other,,,,,1600,,голубой,,вискоза,,unknown_from_feed,https://kultura-doma.ru/public/src/images/gallery/catalog/6a5f7f1d5f676_big.jpg,https://kultura-doma.ru/public/src/images/gallery/catalog/6a5f7f1d5f676_big.jpg|https://kultura-doma.ru/public/src/images/gallery/catalog/6a5f7f25c5ff5_big.jpg|https://kultura-doma.ru/public/src/images/gallery/catalog/6a5f7f20ed6b3_big.jpg
1091,,УТ-00008177,,Маска для сна,https://kultura-doma.ru/product/maska-dlya-sna-1091,other,other,,,,,890,,голубой,,тенсель,,unknown_from_feed,https://kultura-doma.ru/public/src/images/gallery/catalog/6887326d19869_big.jpg,https://kultura-doma.ru/public/src/images/gallery/catalog/6887326d19869_big.jpg|https://kultura-doma.ru/public/src/images/gallery/catalog/6887326d5c921_big.jpg|https://kultura-doma.ru/public/src/images/gallery/catalog/6887326d355ce_big.jpg|https://kultura-doma.ru/public/src/images/gallery/catalog/6887326d75dab_big.jpg
1092,,УТ-00008176,,Маска для сна,https://kultura-doma.ru/product/maska-dlya-sna-1092,other,other,,,,,890,,розовый,,тенсель,,unknown_from_feed,https://kultura-doma.ru/public/src/images/gallery/catalog/6887326e58b32_big.jpg,https://kultura-doma.ru/public/src/images/gallery/catalog/6887326e58b32_big.jpg|https://kultura-doma.ru/public/src/images/gallery/catalog/6887326e7ac08_big.jpg|https://kultura-doma.ru/public/src/images/gallery/catalog/6887326e34fe9_big.jpg|https://kultura-doma.ru/public/src/images/gallery/catalog/6887326ea5cff_big.jpg|https://kultura-doma.ru/public/src/images/gallery/catalog/6887326e1611f_big.jpg
1104,1104,УТ-00008973,,Дорожка Летний ветерок,https://kultura-doma.ru/product/dorozhka-letniy-veterok-1104,table_runner,table_textile,,,,,3234,5390,бежевый,50х200 см,искусственный лен,,unknown_from_feed,https://kultura-doma.ru/public/src/images/gallery/catalog/69f218d34a7d3_big.jpg,https://kultura-doma.ru/public/src/images/gallery/catalog/69f218d34a7d3_big.jpg|https://kultura-doma.ru/public/src/images/gallery/catalog/68ef711d2a1fc_big.jpg|https://kultura-doma.ru/public/src/images/gallery/catalog/69f218d326c66_big.jpg|https://kultura-doma.ru/public/src/images/gallery/catalog/69f218d19e679_big.jpg|https://kultura-doma.ru/public/src/images/gallery/catalog/69f218d3c4de9_big.jpg
1104-1010,1104,УТ-00008973,,Дорожка Летний ветерок: 50х180 см,https://kultura-doma.ru/product/dorozhka-letniy-veterok-1104-size-50h180-sm,table_runner,table_textile,,,,,2994,5390,бежевый,50х180 см,искусственный лен,,unknown_from_feed,https://kultura-doma.ru/public/src/images/gallery/catalog/69f218d34a7d3_big.jpg,https://kultura-doma.ru/public/src/images/gallery/catalog/69f218d34a7d3_big.jpg|https://kultura-doma.ru/public/src/images/gallery/catalog/68ef711d2a1fc_big.jpg|https://kultura-doma.ru/public/src/images/gallery/catalog/69f218d326c66_big.jpg|https://kultura-doma.ru/public/src/images/gallery/catalog/69f218d19e679_big.jpg|https://kultura-doma.ru/public/src/images/gallery/catalog/69f218d3c4de9_big.jpg
1104-1012,1104,УТ-00008975,,Дорожка Летний ветерок: 60х350 см,https://kultura-doma.ru/product/dorozhka-letniy-veterok-1104-size-60h350-sm,table_runner,table_textile,,,,,6990,5390,бежевый,60х350 см,искусственный лен,,unknown_from_feed,https://kultura-doma.ru/public/src/images/gallery/catalog/69f218d34a7d3_big.jpg,https://kultura-doma.ru/public/src/images/gallery/catalog/69f218d34a7d3_big.jpg|https://kultura-doma.ru/public/src/images/gallery/catalog/68ef711d2a1fc_big.jpg|https://kultura-doma.ru/public/src/images/gallery/catalog/69f218d326c66_big.jpg|https://kultura-doma.ru/public/src/images/gallery/catalog/69f218d19e679_big.jpg|https://kultura-doma.ru/public/src/images/gallery/catalog/69f218d3c4de9_big.jpg
1114,1114,УТ-00009899,,Плед Соты,https://kultura-doma.ru/product/pled-soty-1114,throw,bedroom_layer,,,,,11193,15990,серый,160х220 см,хлопок,,unknown_from_feed,https://kultura-doma.ru/public/src/images/gallery/catalog/6a3011f69bdd2_big.jpg,https://kultura-doma.ru/public/src/images/gallery/catalog/6a3011f69bdd2_big.jpg|https://kultura-doma.ru/public/src/images/gallery/catalog/6a3011f650a93_big.jpg|https://kultura-doma.ru/public/src/images/gallery/catalog/6a3011f6de5ff_big.jpg
1138,1138,УТ-00009528,,Тапочки Мягкое утро,https://kultura-doma.ru/product/tapochki-myagkoe-utro,other,other,,,,,2990,,серый,41,махровая ткань,,unknown_from_feed,https://kultura-doma.ru/public/src/images/gallery/catalog/6a608560bf726_big.jpg,https://kultura-doma.ru/public/src/images/gallery/catalog/6a608560bf726_big.jpg|https://kultura-doma.ru/public/src/images/gallery/catalog/6a60856111143_big.jpg|https://kultura-doma.ru/public/src/images/gallery/catalog/6a60856151b18_big.jpg
1139,1139,УТ-00009531,,Тапочки  Мягкое утро,https://kultura-doma.ru/product/tapochki-myagkoe-utro-1139,other,other,,,,,2990,,розовый,38,махровая ткань,,unknown_from_feed,https://kultura-doma.ru/public/src/images/gallery/catalog/6a60853525943_big.jpg,https://kultura-doma.ru/public/src/images/gallery/catalog/6a60853525943_big.jpg|https://kultura-doma.ru/public/src/images/gallery/catalog/6a6085358cfaf_big.jpg|https://kultura-doma.ru/public/src/images/gallery/catalog/6a608534b3346_big.jpg
1140,1140,УТ-00007369,,Тапочки женские Классика,https://kultura-doma.ru/product/tapochki-zhenskie-klassika,other,other,,,,,6400,8000,розовый,38/39,натуральная кожа,,unknown_from_feed,https://kultura-doma.ru/public/src/images/gallery/catalog/69cfc2bcc7a84_big.jpg,https://kultura-doma.ru/public/src/images/gallery/catalog/69cfc2bcc7a84_big.jpg|https://kultura-doma.ru/public/src/images/gallery/catalog/69cfc2bc4a50f_big.jpg|https://kultura-doma.ru/public/src/images/gallery/catalog/69cfc2bc8a5dc_big.jpg|https://kultura-doma.ru/public/src/images/gallery/catalog/69cfc2bbb991c_big.jpg
1140-1068,1140,УТ-00007368,,Тапочки женские Классика: 40/41,https://kultura-doma.ru/product/tapochki-zhenskie-klassika-size-40-41,other,other,,,,,6400,8000,розовый,40/41,натуральная кожа,,unknown_from_feed,https://kultura-doma.ru/public/src/images/gallery/catalog/69cfc2bcc7a84_big.jpg,https://kultura-doma.ru/public/src/images/gallery/catalog/69cfc2bcc7a84_big.jpg|https://kultura-doma.ru/public/src/images/gallery/catalog/69cfc2bc4a50f_big.jpg|https://kultura-doma.ru/public/src/images/gallery/catalog/69cfc2bc8a5dc_big.jpg|https://kultura-doma.ru/public/src/images/gallery/catalog/69cfc2bbb991c_big.jpg
1140-2018,1140,УТ-00011230,,Тапочки женские Классика: 36/37,https://kultura-doma.ru/product/tapochki-zhenskie-klassika-size-36-37,other,other,,,,,6400,8000,розовый,36/37,натуральная кожа,,unknown_from_feed,https://kultura-doma.ru/public/src/images/gallery/catalog/69cfc2bcc7a84_big.jpg,https://kultura-doma.ru/public/src/images/gallery/catalog/69cfc2bcc7a84_big.jpg|https://kultura-doma.ru/public/src/images/gallery/catalog/69cfc2bc4a50f_big.jpg|https://kultura-doma.ru/public/src/images/gallery/catalog/69cfc2bc8a5dc_big.jpg|https://kultura-doma.ru/public/src/images/gallery/catalog/69cfc2bbb991c_big.jpg
1141,1141,УТ-00007370,,Тапочки женские Классика,https://kultura-doma.ru/product/tapochki-zhenskie-klassika-1141,other,other,,,,,6400,8000,бежевый,40/41,натуральная кожа,,unknown_from_feed,https://kultura-doma.ru/public/src/images/gallery/catalog/69cfc2b921828_big.jpg,https://kultura-doma.ru/public/src/images/gallery/catalog/69cfc2b921828_big.jpg|https://kultura-doma.ru/public/src/images/gallery/catalog/69cfc2b9e646b_big.jpg|https://kultura-doma.ru/public/src/images/gallery/catalog/69cfc2b8d862d_big.jpg|https://kultura-doma.ru/public/src/images/gallery/catalog/69cfc2b960901_big.jpg
1141-1067,1141,УТ-00007367,,Тапочки женские Классика: 38/39,https://kultura-doma.ru/product/tapochki-zhenskie-klassika-1141-size-38-39,other,other,,,,,6400,8000,бежевый,38/39,натуральная кожа,,unknown_from_feed,https://kultura-doma.ru/public/src/images/gallery/catalog/69cfc2b921828_big.jpg,https://kultura-doma.ru/public/src/images/gallery/catalog/69cfc2b921828_big.jpg|https://kultura-doma.ru/public/src/images/gallery/catalog/69cfc2b9e646b_big.jpg|https://kultura-doma.ru/public/src/images/gallery/catalog/69cfc2b8d862d_big.jpg|https://kultura-doma.ru/public/src/images/gallery/catalog/69cfc2b960901_big.jpg
1141-2019,1141,УТ-00011229,,Тапочки женские Классика: 36/37,https://kultura-doma.ru/product/tapochki-zhenskie-klassika-1141-size-36-37,other,other,,,,,6400,8000,бежевый,36/37,натуральная кожа,,unknown_from_feed,https://kultura-doma.ru/public/src/images/gallery/catalog/69cfc2b921828_big.jpg,https://kultura-doma.ru/public/src/images/gallery/catalog/69cfc2b921828_big.jpg|https://kultura-doma.ru/public/src/images/gallery/catalog/69cfc2b9e646b_big.jpg|https://kultura-doma.ru/public/src/images/gallery/catalog/69cfc2b8d862d_big.jpg|https://kultura-doma.ru/public/src/images/gallery/catalog/69cfc2b960901_big.jpg
1142,1142,УТ-00007366,,Тапочки мужские Классика,https://kultura-doma.ru/product/tapochki-muzhskie-klassika,other,other,,,,,6400,8000,коричневый,41/42,натуральная кожа,,unknown_from_feed,https://kultura-doma.ru/public/src/images/gallery/catalog/69cfc2c2318d5_big.jpg,https://kultura-doma.ru/public/src/images/gallery/catalog/69cfc2c2318d5_big.jpg|https://kultura-doma.ru/public/src/images/gallery/catalog/69cfc2c1e4a96_big.jpg|https://kultura-doma.ru/public/src/images/gallery/catalog/69cfc2c275f64_big.jpg
1142-1071,1142,УТ-00007363,,Тапочки мужские Классика: 43/44,https://kultura-doma.ru/product/tapochki-muzhskie-klassika-size-43-44,other,other,,,,,6400,8000,коричневый,43/44,натуральная кожа,,unknown_from_feed,https://kultura-doma.ru/public/src/images/gallery/catalog/69cfc2c2318d5_big.jpg,https://kultura-doma.ru/public/src/images/gallery/catalog/69cfc2c2318d5_big.jpg|https://kultura-doma.ru/public/src/images/gallery/catalog/69cfc2c1e4a96_big.jpg|https://kultura-doma.ru/public/src/images/gallery/catalog/69cfc2c275f64_big.jpg
1142-2020,1142,УТ-00011228,,Тапочки мужские Классика: 45/46,https://kultura-doma.ru/product/tapochki-muzhskie-klassika-size-45-46,other,other,,,,,6400,8000,коричневый,45/46,натуральная кожа,,unknown_from_feed,https://kultura-doma.ru/public/src/images/gallery/catalog/69cfc2c2318d5_big.jpg,https://kultura-doma.ru/public/src/images/gallery/catalog/69cfc2c2318d5_big.jpg|https://kultura-doma.ru/public/src/images/gallery/catalog/69cfc2c1e4a96_big.jpg|https://kultura-doma.ru/public/src/images/gallery/catalog/69cfc2c275f64_big.jpg
1143,1143,УТ-00007364,,Тапочки мужские Классика,https://kultura-doma.ru/product/tapochki-muzhskie-klassika-1143,other,other,,,,,6400,8000,синий,41/42,натуральная кожа,,unknown_from_feed,https://kultura-doma.ru/public/src/images/gallery/catalog/688743610497f_big.jpg,https://kultura-doma.ru/public/src/images/gallery/catalog/688743610497f_big.jpg|https://kultura-doma.ru/public/src/images/gallery/catalog/68878b5503aeb_big.jpg|https://kultura-doma.ru/public/src/images/gallery/catalog/69cfc2c3c6ec0_big.jpg|https://kultura-doma.ru/public/src/images/gallery/catalog/69cfc2c416906_big.jpg
1143-1072,1143,УТ-00007365,,Тапочки мужские Классика: 43/44,https://kultura-doma.ru/product/tapochki-muzhskie-klassika-1143-size-43-44,other,other,,,,,6400,8000,синий,43/44,натуральная кожа,,unknown_from_feed,https://kultura-doma.ru/public/src/images/gallery/catalog/688743610497f_big.jpg,https://kultura-doma.ru/public/src/images/gallery/catalog/688743610497f_big.jpg|https://kultura-doma.ru/public/src/images/gallery/catalog/68878b5503aeb_big.jpg|https://kultura-doma.ru/public/src/images/gallery/catalog/69cfc2c3c6ec0_big.jpg|https://kultura-doma.ru/public/src/images/gallery/catalog/69cfc2c416906_big.jpg
1152,1152,УТ-00009113,,Пижама женская Татьяна,https://kultura-doma.ru/product/pizhama-zhenskaya-tat-yana-1152,other,other,,,,,4640,11600,айвори,S,тенсель,,unknown_from_feed,https://kultura-doma.ru/public/src/images/gallery/catalog/688b767883d1f_big.jpg,https://kultura-doma.ru/public/src/images/gallery/catalog/688b767883d1f_big.jpg|https://kultura-doma.ru/public/src/images/gallery/catalog/688b7208a8d47_big.jpg|https://kultura-doma.ru/public/src/images/gallery/catalog/6a43755433cdb_big.jpg|https://kultura-doma.ru/public/src/images/gallery/catalog/6a437554cb3a0_big.jpg
1152-1126,1152,УТ-00009114,,Пижама женская Татьяна: M,https://kultura-doma.ru/product/pizhama-zhenskaya-tat-yana-1152-size-m,other,other,,,,,4640,11600,айвори,M,тенсель,,unknown_from_feed,https://kultura-doma.ru/public/src/images/gallery/catalog/688b767883d1f_big.jpg,https://kultura-doma.ru/public/src/images/gallery/catalog/688b767883d1f_big.jpg|https://kultura-doma.ru/public/src/images/gallery/catalog/688b7208a8d47_big.jpg|https://kultura-doma.ru/public/src/images/gallery/catalog/6a43755433cdb_big.jpg|https://kultura-doma.ru/public/src/images/gallery/catalog/6a437554cb3a0_big.jpg
1152-1127,1152,УТ-00009115,,Пижама женская Татьяна: L,https://kultura-doma.ru/product/pizhama-zhenskaya-tat-yana-1152-size-l,other,other,,,,,4640,11600,айвори,L,тенсель,,unknown_from_feed,https://kultura-doma.ru/public/src/images/gallery/catalog/688b767883d1f_big.jpg,https://kultura-doma.ru/public/src/images/gallery/catalog/688b767883d1f_big.jpg|https://kultura-doma.ru/public/src/images/gallery/catalog/688b7208a8d47_big.jpg|https://kultura-doma.ru/public/src/images/gallery/catalog/6a43755433cdb_big.jpg|https://kultura-doma.ru/public/src/images/gallery/catalog/6a437554cb3a0_big.jpg
1152-1128,1152,УТ-00009116,,Пижама женская Татьяна: XL,https://kultura-doma.ru/product/pizhama-zhenskaya-tat-yana-1152-size-xl,other,other,,,,,4640,11600,айвори,XL,тенсель,,unknown_from_feed,https://kultura-doma.ru/public/src/images/gallery/catalog/688b767883d1f_big.jpg,https://kultura-doma.ru/public/src/images/gallery/catalog/688b767883d1f_big.jpg|https://kultura-doma.ru/public/src/images/gallery/catalog/688b7208a8d47_big.jpg|https://kultura-doma.ru/public/src/images/gallery/catalog/6a43755433cdb_big.jpg|https://kultura-doma.ru/public/src/images/gallery/catalog/6a437554cb3a0_big.jpg
1153,1153,УТ-00009117,,Пижама женская Татьяна,https://kultura-doma.ru/product/pizhama-zhenskaya-tat-yana-1153,other,other,,,,,4640,11600,бежевый,L,тенсель,,unknown_from_feed,https://kultura-doma.ru/public/src/images/gallery/catalog/688b73c28bbb5_big.jpg,https://kultura-doma.ru/public/src/images/gallery/catalog/688b73c28bbb5_big.jpg|https://kultura-doma.ru/public/src/images/gallery/catalog/688b389e7d386_big.jpg|https://kultura-doma.ru/public/src/images/gallery/catalog/6a43755bc8cb7_big.jpg|https://kultura-doma.ru/public/src/images/gallery/catalog/688b6cca319df_big.jpg
1153-1129,1153,УТ-00009117,,Пижама женская Татьяна: S,https://kultura-doma.ru/product/pizhama-zhenskaya-tat-yana-1153-size-s,other,other,,,,,4640,11600,бежевый,S,тенсель,,unknown_from_feed,https://kultura-doma.ru/public/src/images/gallery/catalog/688b73c28bbb5_big.jpg,https://kultura-doma.ru/public/src/images/gallery/catalog/688b73c28bbb5_big.jpg|https://kultura-doma.ru/public/src/images/gallery/catalog/688b389e7d386_big.jpg|https://kultura-doma.ru/public/src/images/gallery/catalog/6a43755bc8cb7_big.jpg|https://kultura-doma.ru/public/src/images/gallery/catalog/688b6cca319df_big.jpg
1153-1130,1153,УТ-00009118,,Пижама женская Татьяна: M,https://kultura-doma.ru/product/pizhama-zhenskaya-tat-yana-1153-size-m,other,other,,,,,4640,11600,бежевый,M,тенсель,,unknown_from_feed,https://kultura-doma.ru/public/src/images/gallery/catalog/688b73c28bbb5_big.jpg,https://kultura-doma.ru/public/src/images/gallery/catalog/688b73c28bbb5_big.jpg|https://kultura-doma.ru/public/src/images/gallery/catalog/688b389e7d386_big.jpg|https://kultura-doma.ru/public/src/images/gallery/catalog/6a43755bc8cb7_big.jpg|https://kultura-doma.ru/public/src/images/gallery/catalog/688b6cca319df_big.jpg
1153-1132,1153,УТ-00009120,,Пижама женская Татьяна: XL,https://kultura-doma.ru/product/pizhama-zhenskaya-tat-yana-1153-size-xl,other,other,,,,,4640,11600,бежевый,XL,тенсель,,unknown_from_feed,https://kultura-doma.ru/public/src/images/gallery/catalog/688b73c28bbb5_big.jpg,https://kultura-doma.ru/public/src/images/gallery/catalog/688b73c28bbb5_big.jpg|https://kultura-doma.ru/public/src/images/gallery/catalog/688b389e7d386_big.jpg|https://kultura-doma.ru/public/src/images/gallery/catalog/6a43755bc8cb7_big.jpg|https://kultura-doma.ru/public/src/images/gallery/catalog/688b6cca319df_big.jpg
1156,1156,УТ-00007945,Петербург,Тарелка Петербург,https://kultura-doma.ru/product/tarelka-peterburg-1156,other,statement_accent,statement_accent,table,green|milk,urban|classic|graphic,3245,6490,белый,23х23х1 см,костяной фарфор,,unknown_from_feed,https://kultura-doma.ru/public/src/images/gallery/catalog/6a3a7375cad18_big.jpg,https://kultura-doma.ru/public/src/images/gallery/catalog/6a3a7375cad18_big.jpg|https://kultura-doma.ru/public/src/images/gallery/catalog/6a3a737368c41_big.jpg|https://kultura-doma.ru/public/src/images/gallery/catalog/6a3a737639cdd_big.jpg|https://kultura-doma.ru/public/src/images/gallery/catalog/6a3a7371e70ae_big.jpg|https://kultura-doma.ru/public/src/images/gallery/catalog/6a3a7372cdf0e_big.jpg|https://kultura-doma.ru/public/src/images/gallery/catalog/6a3a7374489aa_big.jpg|https://kultura-doma.ru/public/src/images/gallery/catalog/6a3a737500d66_big.jpg|https://kultura-doma.ru/public/src/images/gallery/catalog/6a3a73756e4fa_big.jpg
1158,1158,УТ-00007328,,Сорочка Анна,https://kultura-doma.ru/product/sorochka-anna,other,other,,,,,2760,6900,розовый,56-170,тенсель,,unknown_from_feed,https://kultura-doma.ru/public/src/images/gallery/catalog/6890a22f2cc95_big.jpg,https://kultura-doma.ru/public/src/images/gallery/catalog/6890a22f2cc95_big.jpg|https://kultura-doma.ru/public/src/images/gallery/catalog/6a43744adcabc_big.jpg|https://kultura-doma.ru/public/src/images/gallery/catalog/6a43744a7d947_big.jpg
1158-1171,1158,УТ-00007320,,Сорочка Анна: 56-164,https://kultura-doma.ru/product/sorochka-anna-size-56164,other,other,,,,,2760,6900,розовый,56-164,тенсель,,unknown_from_feed,https://kultura-doma.ru/public/src/images/gallery/catalog/6890a22f2cc95_big.jpg,https://kultura-doma.ru/public/src/images/gallery/catalog/6890a22f2cc95_big.jpg|https://kultura-doma.ru/public/src/images/gallery/catalog/6a43744adcabc_big.jpg|https://kultura-doma.ru/public/src/images/gallery/catalog/6a43744a7d947_big.jpg
1158-1172,1158,УТ-00007327,,Сорочка Анна: 54-170,https://kultura-doma.ru/product/sorochka-anna-size-54170,other,other,,,,,2760,6900,розовый,54-170,тенсель,,unknown_from_feed,https://kultura-doma.ru/public/src/images/gallery/catalog/6890a22f2cc95_big.jpg,https://kultura-doma.ru/public/src/images/gallery/catalog/6890a22f2cc95_big.jpg|https://kultura-doma.ru/public/src/images/gallery/catalog/6a43744adcabc_big.jpg|https://kultura-doma.ru/public/src/images/gallery/catalog/6a43744a7d947_big.jpg
1158-1173,1158,УТ-00007319,,Сорочка Анна: 54-164,https://kultura-doma.ru/product/sorochka-anna-size-54164,other,other,,,,,2760,6900,розовый,54-164,тенсель,,unknown_from_feed,https://kultura-doma.ru/public/src/images/gallery/catalog/6890a22f2cc95_big.jpg,https://kultura-doma.ru/public/src/images/gallery/catalog/6890a22f2cc95_big.jpg|https://kultura-doma.ru/public/src/images/gallery/catalog/6a43744adcabc_big.jpg|https://kultura-doma.ru/public/src/images/gallery/catalog/6a43744a7d947_big.jpg
1158-1174,1158,УТ-00007326,,Сорочка Анна: 52-170,https://kultura-doma.ru/product/sorochka-anna-size-52170,other,other,,,,,2760,6900,розовый,52-170,тенсель,,unknown_from_feed,https://kultura-doma.ru/public/src/images/gallery/catalog/6890a22f2cc95_big.jpg,https://kultura-doma.ru/public/src/images/gallery/catalog/6890a22f2cc95_big.jpg|https://kultura-doma.ru/public/src/images/gallery/catalog/6a43744adcabc_big.jpg|https://kultura-doma.ru/public/src/images/gallery/catalog/6a43744a7d947_big.jpg
1158-1175,1158,УТ-00007318,,Сорочка Анна: 52-164,https://kultura-doma.ru/product/sorochka-anna-size-52164,other,other,,,,,2760,6900,розовый,52-164,тенсель,,unknown_from_feed,https://kultura-doma.ru/public/src/images/gallery/catalog/6890a22f2cc95_big.jpg,https://kultura-doma.ru/public/src/images/gallery/catalog/6890a22f2cc95_big.jpg|https://kultura-doma.ru/public/src/images/gallery/catalog/6a43744adcabc_big.jpg|https://kultura-doma.ru/public/src/images/gallery/catalog/6a43744a7d947_big.jpg
1158-1176,1158,УТ-00007325,,Сорочка Анна: 50-170,https://kultura-doma.ru/product/sorochka-anna-size-50170,other,other,,,,,2760,6900,розовый,50-170,тенсель,,unknown_from_feed,https://kultura-doma.ru/public/src/images/gallery/catalog/6890a22f2cc95_big.jpg,https://kultura-doma.ru/public/src/images/gallery/catalog/6890a22f2cc95_big.jpg|https://kultura-doma.ru/public/src/images/gallery/catalog/6a43744adcabc_big.jpg|https://kultura-doma.ru/public/src/images/gallery/catalog/6a43744a7d947_big.jpg
1158-1177,1158,УТ-00007317,,Сорочка Анна: 50-164,https://kultura-doma.ru/product/sorochka-anna-size-50164,other,other,,,,,2760,6900,розовый,50-164,тенсель,,unknown_from_feed,https://kultura-doma.ru/public/src/images/gallery/catalog/6890a22f2cc95_big.jpg,https://kultura-doma.ru/public/src/images/gallery/catalog/6890a22f2cc95_big.jpg|https://kultura-doma.ru/public/src/images/gallery/catalog/6a43744adcabc_big.jpg|https://kultura-doma.ru/public/src/images/gallery/catalog/6a43744a7d947_big.jpg
1158-1178,1158,УТ-00007324,,Сорочка Анна: 48-170,https://kultura-doma.ru/product/sorochka-anna-size-48170,other,other,,,,,2760,6900,розовый,48-170,тенсель,,unknown_from_feed,https://kultura-doma.ru/public/src/images/gallery/catalog/6890a22f2cc95_big.jpg,https://kultura-doma.ru/public/src/images/gallery/catalog/6890a22f2cc95_big.jpg|https://kultura-doma.ru/public/src/images/gallery/catalog/6a43744adcabc_big.jpg|https://kultura-doma.ru/public/src/images/gallery/catalog/6a43744a7d947_big.jpg
1158-1179,1158,УТ-00007316,,Сорочка Анна: 48-164,https://kultura-doma.ru/product/sorochka-anna-size-48164,other,other,,,,,2760,6900,розовый,48-164,тенсель,,unknown_from_feed,https://kultura-doma.ru/public/src/images/gallery/catalog/6890a22f2cc95_big.jpg,https://kultura-doma.ru/public/src/images/gallery/catalog/6890a22f2cc95_big.jpg|https://kultura-doma.ru/public/src/images/gallery/catalog/6a43744adcabc_big.jpg|https://kultura-doma.ru/public/src/images/gallery/catalog/6a43744a7d947_big.jpg
1158-1180,1158,УТ-00007323,,Сорочка Анна: 46-170,https://kultura-doma.ru/product/sorochka-anna-size-46170,other,other,,,,,2760,6900,розовый,46-170,тенсель,,unknown_from_feed,https://kultura-doma.ru/public/src/images/gallery/catalog/6890a22f2cc95_big.jpg,https://kultura-doma.ru/public/src/images/gallery/catalog/6890a22f2cc95_big.jpg|https://kultura-doma.ru/public/src/images/gallery/catalog/6a43744adcabc_big.jpg|https://kultura-doma.ru/public/src/images/gallery/catalog/6a43744a7d947_big.jpg
1158-1181,1158,УТ-00007315,,Сорочка Анна: 46-164,https://kultura-doma.ru/product/sorochka-anna-size-46164,other,other,,,,,2760,6900,розовый,46-164,тенсель,,unknown_from_feed,https://kultura-doma.ru/public/src/images/gallery/catalog/6890a22f2cc95_big.jpg,https://kultura-doma.ru/public/src/images/gallery/catalog/6890a22f2cc95_big.jpg|https://kultura-doma.ru/public/src/images/gallery/catalog/6a43744adcabc_big.jpg|https://kultura-doma.ru/public/src/images/gallery/catalog/6a43744a7d947_big.jpg
1158-1182,1158,УТ-00007322,,Сорочка Анна: 44-170,https://kultura-doma.ru/product/sorochka-anna-size-44170,other,other,,,,,2760,6900,розовый,44-170,тенсель,,unknown_from_feed,https://kultura-doma.ru/public/src/images/gallery/catalog/6890a22f2cc95_big.jpg,https://kultura-doma.ru/public/src/images/gallery/catalog/6890a22f2cc95_big.jpg|https://kultura-doma.ru/public/src/images/gallery/catalog/6a43744adcabc_big.jpg|https://kultura-doma.ru/public/src/images/gallery/catalog/6a43744a7d947_big.jpg
1158-1183,1158,УТ-00007314,,Сорочка Анна: 44-164,https://kultura-doma.ru/product/sorochka-anna-size-44164,other,other,,,,,2760,6900,розовый,44-164,тенсель,,unknown_from_feed,https://kultura-doma.ru/public/src/images/gallery/catalog/6890a22f2cc95_big.jpg,https://kultura-doma.ru/public/src/images/gallery/catalog/6890a22f2cc95_big.jpg|https://kultura-doma.ru/public/src/images/gallery/catalog/6a43744adcabc_big.jpg|https://kultura-doma.ru/public/src/images/gallery/catalog/6a43744a7d947_big.jpg
1158-1184,1158,УТ-00007321,,Сорочка Анна: 42-170,https://kultura-doma.ru/product/sorochka-anna-size-42170,other,other,,,,,2760,6900,розовый,42-170,тенсель,,unknown_from_feed,https://kultura-doma.ru/public/src/images/gallery/catalog/6890a22f2cc95_big.jpg,https://kultura-doma.ru/public/src/images/gallery/catalog/6890a22f2cc95_big.jpg|https://kultura-doma.ru/public/src/images/gallery/catalog/6a43744adcabc_big.jpg|https://kultura-doma.ru/public/src/images/gallery/catalog/6a43744a7d947_big.jpg
1158-1185,1158,УТ-00007313,,Сорочка Анна: 42-164,https://kultura-doma.ru/product/sorochka-anna-size-42164,other,other,,,,,2760,6900,розовый,42-164,тенсель,,unknown_from_feed,https://kultura-doma.ru/public/src/images/gallery/catalog/6890a22f2cc95_big.jpg,https://kultura-doma.ru/public/src/images/gallery/catalog/6890a22f2cc95_big.jpg|https://kultura-doma.ru/public/src/images/gallery/catalog/6a43744adcabc_big.jpg|https://kultura-doma.ru/public/src/images/gallery/catalog/6a43744a7d947_big.jpg
1160,1160,УТ-00007124,,Сорочка Анна,https://kultura-doma.ru/product/sorochka-anna-1160,other,other,,,,,3080,7700,голубой,42-170,тенсель,,unknown_from_feed,https://kultura-doma.ru/public/src/images/gallery/catalog/6891c627e203b_big.jpg,https://kultura-doma.ru/public/src/images/gallery/catalog/6891c627e203b_big.jpg|https://kultura-doma.ru/public/src/images/gallery/catalog/6a4374232d7da_big.jpg|https://kultura-doma.ru/public/src/images/gallery/catalog/6a437422c9f1a_big.jpg
1160-1187,1160,УТ-00007124,,Сорочка Анна: 42-164,https://kultura-doma.ru/product/sorochka-anna-1160-size-42164,other,other,,,,,3080,7700,голубой,42-164,тенсель,,unknown_from_feed,https://kultura-doma.ru/public/src/images/gallery/catalog/6891c627e203b_big.jpg,https://kultura-doma.ru/public/src/images/gallery/catalog/6891c627e203b_big.jpg|https://kultura-doma.ru/public/src/images/gallery/catalog/6a4374232d7da_big.jpg|https://kultura-doma.ru/public/src/images/gallery/catalog/6a437422c9f1a_big.jpg
1160-1189,1160,УТ-00007125,,Сорочка Анна: 44-164,https://kultura-doma.ru/product/sorochka-anna-1160-size-44164,other,other,,,,,3080,7700,голубой,44-164,тенсель,,unknown_from_feed,https://kultura-doma.ru/public/src/images/gallery/catalog/6891c627e203b_big.jpg,https://kultura-doma.ru/public/src/images/gallery/catalog/6891c627e203b_big.jpg|https://kultura-doma.ru/public/src/images/gallery/catalog/6a4374232d7da_big.jpg|https://kultura-doma.ru/public/src/images/gallery/catalog/6a437422c9f1a_big.jpg
1160-1190,1160,УТ-00007133,,Сорочка Анна: 44-170,https://kultura-doma.ru/product/sorochka-anna-1160-size-44170,other,other,,,,,3080,7700,голубой,44-170,тенсель,,unknown_from_feed,https://kultura-doma.ru/public/src/images/gallery/catalog/6891c627e203b_big.jpg,https://kultura-doma.ru/public/src/images/gallery/catalog/6891c627e203b_big.jpg|https://kultura-doma.ru/public/src/images/gallery/catalog/6a4374232d7da_big.jpg|https://kultura-doma.ru/public/src/images/gallery/catalog/6a437422c9f1a_big.jpg
1160-1191,1160,УТ-00007126,,Сорочка Анна: 46-164,https://kultura-doma.ru/product/sorochka-anna-1160-size-46164,other,other,,,,,3080,7700,голубой,46-164,тенсель,,unknown_from_feed,https://kultura-doma.ru/public/src/images/gallery/catalog/6891c627e203b_big.jpg,https://kultura-doma.ru/public/src/images/gallery/catalog/6891c627e203b_big.jpg|https://kultura-doma.ru/public/src/images/gallery/catalog/6a4374232d7da_big.jpg|https://kultura-doma.ru/public/src/images/gallery/catalog/6a437422c9f1a_big.jpg
1160-1192,1160,УТ-00007134,,Сорочка Анна: 46-170,https://kultura-doma.ru/product/sorochka-anna-1160-size-46170,other,other,,,,,3080,7700,голубой,46-170,тенсель,,unknown_from_feed,https://kultura-doma.ru/public/src/images/gallery/catalog/6891c627e203b_big.jpg,https://kultura-doma.ru/public/src/images/gallery/catalog/6891c627e203b_big.jpg|https://kultura-doma.ru/public/src/images/gallery/catalog/6a4374232d7da_big.jpg|https://kultura-doma.ru/public/src/images/gallery/catalog/6a437422c9f1a_big.jpg
1160-1193,1160,УТ-00007127,,Сорочка Анна: 48-164,https://kultura-doma.ru/product/sorochka-anna-1160-size-48164,other,other,,,,,3080,7700,голубой,48-164,тенсель,,unknown_from_feed,https://kultura-doma.ru/public/src/images/gallery/catalog/6891c627e203b_big.jpg,https://kultura-doma.ru/public/src/images/gallery/catalog/6891c627e203b_big.jpg|https://kultura-doma.ru/public/src/images/gallery/catalog/6a4374232d7da_big.jpg|https://kultura-doma.ru/public/src/images/gallery/catalog/6a437422c9f1a_big.jpg
1160-1194,1160,УТ-00007135,,Сорочка Анна: 48-170,https://kultura-doma.ru/product/sorochka-anna-1160-size-48170,other,other,,,,,3080,7700,голубой,48-170,тенсель,,unknown_from_feed,https://kultura-doma.ru/public/src/images/gallery/catalog/6891c627e203b_big.jpg,https://kultura-doma.ru/public/src/images/gallery/catalog/6891c627e203b_big.jpg|https://kultura-doma.ru/public/src/images/gallery/catalog/6a4374232d7da_big.jpg|https://kultura-doma.ru/public/src/images/gallery/catalog/6a437422c9f1a_big.jpg
1160-1195,1160,УТ-00007128,,Сорочка Анна: 50-164,https://kultura-doma.ru/product/sorochka-anna-1160-size-50164,other,other,,,,,3080,7700,голубой,50-164,тенсель,,unknown_from_feed,https://kultura-doma.ru/public/src/images/gallery/catalog/6891c627e203b_big.jpg,https://kultura-doma.ru/public/src/images/gallery/catalog/6891c627e203b_big.jpg|https://kultura-doma.ru/public/src/images/gallery/catalog/6a4374232d7da_big.jpg|https://kultura-doma.ru/public/src/images/gallery/catalog/6a437422c9f1a_big.jpg
1160-1196,1160,УТ-00007136,,Сорочка Анна: 50-170,https://kultura-doma.ru/product/sorochka-anna-1160-size-50170,other,other,,,,,3080,7700,голубой,50-170,тенсель,,unknown_from_feed,https://kultura-doma.ru/public/src/images/gallery/catalog/6891c627e203b_big.jpg,https://kultura-doma.ru/public/src/images/gallery/catalog/6891c627e203b_big.jpg|https://kultura-doma.ru/public/src/images/gallery/catalog/6a4374232d7da_big.jpg|https://kultura-doma.ru/public/src/images/gallery/catalog/6a437422c9f1a_big.jpg
1160-1197,1160,УТ-00007129,,Сорочка Анна: 52-164,https://kultura-doma.ru/product/sorochka-anna-1160-size-52164,other,other,,,,,3080,7700,голубой,52-164,тенсель,,unknown_from_feed,https://kultura-doma.ru/public/src/images/gallery/catalog/6891c627e203b_big.jpg,https://kultura-doma.ru/public/src/images/gallery/catalog/6891c627e203b_big.jpg|https://kultura-doma.ru/public/src/images/gallery/catalog/6a4374232d7da_big.jpg|https://kultura-doma.ru/public/src/images/gallery/catalog/6a437422c9f1a_big.jpg
1160-1198,1160,УТ-00007137,,Сорочка Анна: 52-170,https://kultura-doma.ru/product/sorochka-anna-1160-size-52170,other,other,,,,,3080,7700,голубой,52-170,тенсель,,unknown_from_feed,https://kultura-doma.ru/public/src/images/gallery/catalog/6891c627e203b_big.jpg,https://kultura-doma.ru/public/src/images/gallery/catalog/6891c627e203b_big.jpg|https://kultura-doma.ru/public/src/images/gallery/catalog/6a4374232d7da_big.jpg|https://kultura-doma.ru/public/src/images/gallery/catalog/6a437422c9f1a_big.jpg
1160-1199,1160,УТ-00007130,,Сорочка Анна: 54-164,https://kultura-doma.ru/product/sorochka-anna-1160-size-54164,other,other,,,,,3080,7700,голубой,54-164,тенсель,,unknown_from_feed,https://kultura-doma.ru/public/src/images/gallery/catalog/6891c627e203b_big.jpg,https://kultura-doma.ru/public/src/images/gallery/catalog/6891c627e203b_big.jpg|https://kultura-doma.ru/public/src/images/gallery/catalog/6a4374232d7da_big.jpg|https://kultura-doma.ru/public/src/images/gallery/catalog/6a437422c9f1a_big.jpg
1160-1200,1160,УТ-00007138,,Сорочка Анна: 54-170,https://kultura-doma.ru/product/sorochka-anna-1160-size-54170,other,other,,,,,3080,7700,голубой,54-170,тенсель,,unknown_from_feed,https://kultura-doma.ru/public/src/images/gallery/catalog/6891c627e203b_big.jpg,https://kultura-doma.ru/public/src/images/gallery/catalog/6891c627e203b_big.jpg|https://kultura-doma.ru/public/src/images/gallery/catalog/6a4374232d7da_big.jpg|https://kultura-doma.ru/public/src/images/gallery/catalog/6a437422c9f1a_big.jpg
1160-1201,1160,УТ-00007131,,Сорочка Анна: 56-164,https://kultura-doma.ru/product/sorochka-anna-1160-size-56164,other,other,,,,,3080,7700,голубой,56-164,тенсель,,unknown_from_feed,https://kultura-doma.ru/public/src/images/gallery/catalog/6891c627e203b_big.jpg,https://kultura-doma.ru/public/src/images/gallery/catalog/6891c627e203b_big.jpg|https://kultura-doma.ru/public/src/images/gallery/catalog/6a4374232d7da_big.jpg|https://kultura-doma.ru/public/src/images/gallery/catalog/6a437422c9f1a_big.jpg
1161,1161,УТ-00007116,,Сорочка Анна,https://kultura-doma.ru/product/sorochka-anna-1161,other,other,,,,,3080,7700,розовый,42-170,тенсель,,unknown_from_feed,https://kultura-doma.ru/public/src/images/gallery/catalog/6891c58475474_big.jpg,https://kultura-doma.ru/public/src/images/gallery/catalog/6891c58475474_big.jpg|https://kultura-doma.ru/public/src/images/gallery/catalog/6891ef9ff1670_big.jpg|https://kultura-doma.ru/public/src/images/gallery/catalog/6891c01c10af5_big.jpg
1161-1218,1161,УТ-00007108,,Сорочка Анна: 42-164,https://kultura-doma.ru/product/sorochka-anna-1161-size-42164,other,other,,,,,3080,7700,розовый,42-164,тенсель,,unknown_from_feed,https://kultura-doma.ru/public/src/images/gallery/catalog/6891c58475474_big.jpg,https://kultura-doma.ru/public/src/images/gallery/catalog/6891c58475474_big.jpg|https://kultura-doma.ru/public/src/images/gallery/catalog/6891ef9ff1670_big.jpg|https://kultura-doma.ru/public/src/images/gallery/catalog/6891c01c10af5_big.jpg
1161-1219,1161,УТ-00007109,,Сорочка Анна: 44-164,https://kultura-doma.ru/product/sorochka-anna-1161-size-44164,other,other,,,,,3080,7700,розовый,44-164,тенсель,,unknown_from_feed,https://kultura-doma.ru/public/src/images/gallery/catalog/6891c58475474_big.jpg,https://kultura-doma.ru/public/src/images/gallery/catalog/6891c58475474_big.jpg|https://kultura-doma.ru/public/src/images/gallery/catalog/6891ef9ff1670_big.jpg|https://kultura-doma.ru/public/src/images/gallery/catalog/6891c01c10af5_big.jpg
1161-1220,1161,УТ-00007117,,Сорочка Анна: 44-170,https://kultura-doma.ru/product/sorochka-anna-1161-size-44170,other,other,,,,,3080,7700,розовый,44-170,тенсель,,unknown_from_feed,https://kultura-doma.ru/public/src/images/gallery/catalog/6891c58475474_big.jpg,https://kultura-doma.ru/public/src/images/gallery/catalog/6891c58475474_big.jpg|https://kultura-doma.ru/public/src/images/gallery/catalog/6891ef9ff1670_big.jpg|https://kultura-doma.ru/public/src/images/gallery/catalog/6891c01c10af5_big.jpg
1161-1221,1161,УТ-00007110,,Сорочка Анна: 46-164,https://kultura-doma.ru/product/sorochka-anna-1161-size-46164,other,other,,,,,3080,7700,розовый,46-164,тенсель,,unknown_from_feed,https://kultura-doma.ru/public/src/images/gallery/catalog/6891c58475474_big.jpg,https://kultura-doma.ru/public/src/images/gallery/catalog/6891c58475474_big.jpg|https://kultura-doma.ru/public/src/images/gallery/catalog/6891ef9ff1670_big.jpg|https://kultura-doma.ru/public/src/images/gallery/catalog/6891c01c10af5_big.jpg
1161-1222,1161,УТ-00007118,,Сорочка Анна: 46-170,https://kultura-doma.ru/product/sorochka-anna-1161-size-46170,other,other,,,,,3080,7700,розовый,46-170,тенсель,,unknown_from_feed,https://kultura-doma.ru/public/src/images/gallery/catalog/6891c58475474_big.jpg,https://kultura-doma.ru/public/src/images/gallery/catalog/6891c58475474_big.jpg|https://kultura-doma.ru/public/src/images/gallery/catalog/6891ef9ff1670_big.jpg|https://kultura-doma.ru/public/src/images/gallery/catalog/6891c01c10af5_big.jpg
1161-1223,1161,УТ-00007111,,Сорочка Анна: 48-164,https://kultura-doma.ru/product/sorochka-anna-1161-size-48164,other,other,,,,,3080,7700,розовый,48-164,тенсель,,unknown_from_feed,https://kultura-doma.ru/public/src/images/gallery/catalog/6891c58475474_big.jpg,https://kultura-doma.ru/public/src/images/gallery/catalog/6891c58475474_big.jpg|https://kultura-doma.ru/public/src/images/gallery/catalog/6891ef9ff1670_big.jpg|https://kultura-doma.ru/public/src/images/gallery/catalog/6891c01c10af5_big.jpg
1161-1224,1161,УТ-00007119,,Сорочка Анна: 48-170,https://kultura-doma.ru/product/sorochka-anna-1161-size-48170,other,other,,,,,3080,7700,розовый,48-170,тенсель,,unknown_from_feed,https://kultura-doma.ru/public/src/images/gallery/catalog/6891c58475474_big.jpg,https://kultura-doma.ru/public/src/images/gallery/catalog/6891c58475474_big.jpg|https://kultura-doma.ru/public/src/images/gallery/catalog/6891ef9ff1670_big.jpg|https://kultura-doma.ru/public/src/images/gallery/catalog/6891c01c10af5_big.jpg
1161-1225,1161,УТ-00007112,,Сорочка Анна: 50-164,https://kultura-doma.ru/product/sorochka-anna-1161-size-50164,other,other,,,,,3080,7700,розовый,50-164,тенсель,,unknown_from_feed,https://kultura-doma.ru/public/src/images/gallery/catalog/6891c58475474_big.jpg,https://kultura-doma.ru/public/src/images/gallery/catalog/6891c58475474_big.jpg|https://kultura-doma.ru/public/src/images/gallery/catalog/6891ef9ff1670_big.jpg|https://kultura-doma.ru/public/src/images/gallery/catalog/6891c01c10af5_big.jpg
1161-1226,1161,УТ-00007120,,Сорочка Анна: 50-170,https://kultura-doma.ru/product/sorochka-anna-1161-size-50170,other,other,,,,,3080,7700,розовый,50-170,тенсель,,unknown_from_feed,https://kultura-doma.ru/public/src/images/gallery/catalog/6891c58475474_big.jpg,https://kultura-doma.ru/public/src/images/gallery/catalog/6891c58475474_big.jpg|https://kultura-doma.ru/public/src/images/gallery/catalog/6891ef9ff1670_big.jpg|https://kultura-doma.ru/public/src/images/gallery/catalog/6891c01c10af5_big.jpg
1161-1227,1161,УТ-00007113,,Сорочка Анна: 52-164,https://kultura-doma.ru/product/sorochka-anna-1161-size-52164,other,other,,,,,3080,7700,розовый,52-164,тенсель,,unknown_from_feed,https://kultura-doma.ru/public/src/images/gallery/catalog/6891c58475474_big.jpg,https://kultura-doma.ru/public/src/images/gallery/catalog/6891c58475474_big.jpg|https://kultura-doma.ru/public/src/images/gallery/catalog/6891ef9ff1670_big.jpg|https://kultura-doma.ru/public/src/images/gallery/catalog/6891c01c10af5_big.jpg
1161-1228,1161,УТ-00007121,,Сорочка Анна: 52-170,https://kultura-doma.ru/product/sorochka-anna-1161-size-52170,other,other,,,,,3080,7700,розовый,52-170,тенсель,,unknown_from_feed,https://kultura-doma.ru/public/src/images/gallery/catalog/6891c58475474_big.jpg,https://kultura-doma.ru/public/src/images/gallery/catalog/6891c58475474_big.jpg|https://kultura-doma.ru/public/src/images/gallery/catalog/6891ef9ff1670_big.jpg|https://kultura-doma.ru/public/src/images/gallery/catalog/6891c01c10af5_big.jpg
1161-1229,1161,УТ-00007114,,Сорочка Анна: 54-164,https://kultura-doma.ru/product/sorochka-anna-1161-size-54164,other,other,,,,,3080,7700,розовый,54-164,тенсель,,unknown_from_feed,https://kultura-doma.ru/public/src/images/gallery/catalog/6891c58475474_big.jpg,https://kultura-doma.ru/public/src/images/gallery/catalog/6891c58475474_big.jpg|https://kultura-doma.ru/public/src/images/gallery/catalog/6891ef9ff1670_big.jpg|https://kultura-doma.ru/public/src/images/gallery/catalog/6891c01c10af5_big.jpg
1161-1230,1161,УТ-00007122,,Сорочка Анна: 54-170,https://kultura-doma.ru/product/sorochka-anna-1161-size-54170,other,other,,,,,3080,7700,розовый,54-170,тенсель,,unknown_from_feed,https://kultura-doma.ru/public/src/images/gallery/catalog/6891c58475474_big.jpg,https://kultura-doma.ru/public/src/images/gallery/catalog/6891c58475474_big.jpg|https://kultura-doma.ru/public/src/images/gallery/catalog/6891ef9ff1670_big.jpg|https://kultura-doma.ru/public/src/images/gallery/catalog/6891c01c10af5_big.jpg
1161-1231,1161,УТ-00007115,,Сорочка Анна: 56-164,https://kultura-doma.ru/product/sorochka-anna-1161-size-56164,other,other,,,,,3080,7700,розовый,56-164,тенсель,,unknown_from_feed,https://kultura-doma.ru/public/src/images/gallery/catalog/6891c58475474_big.jpg,https://kultura-doma.ru/public/src/images/gallery/catalog/6891c58475474_big.jpg|https://kultura-doma.ru/public/src/images/gallery/catalog/6891ef9ff1670_big.jpg|https://kultura-doma.ru/public/src/images/gallery/catalog/6891c01c10af5_big.jpg
1161-1232,1161,УТ-00007123,,Сорочка Анна: 56-170,https://kultura-doma.ru/product/sorochka-anna-1161-size-56170,other,other,,,,,3080,7700,розовый,56-170,тенсель,,unknown_from_feed,https://kultura-doma.ru/public/src/images/gallery/catalog/6891c58475474_big.jpg,https://kultura-doma.ru/public/src/images/gallery/catalog/6891c58475474_big.jpg|https://kultura-doma.ru/public/src/images/gallery/catalog/6891ef9ff1670_big.jpg|https://kultura-doma.ru/public/src/images/gallery/catalog/6891c01c10af5_big.jpg
1179,1179,УТ-00009887,,Чаша Коралл,https://kultura-doma.ru/product/chasha-korall,other,other,,,,,8208,13680,белый,18 см,фарфор,,unknown_from_feed,https://kultura-doma.ru/public/src/images/gallery/catalog/68cd639945394_big.jpg,https://kultura-doma.ru/public/src/images/gallery/catalog/68cd639945394_big.jpg|https://kultura-doma.ru/public/src/images/gallery/catalog/68cd603d87fce_big.gif|https://kultura-doma.ru/public/src/images/gallery/catalog/6a58ec7346852_big.jpg|https://kultura-doma.ru/public/src/images/gallery/catalog/6a58ec73df95b_big.jpg
1179-1238,1179,УТ-00009887,,Чаша Коралл: 27 см,https://kultura-doma.ru/product/chasha-korall-size-27-sm,other,other,,,,,10368,13680,белый,27 см,фарфор,,unknown_from_feed,https://kultura-doma.ru/public/src/images/gallery/catalog/68cd639945394_big.jpg,https://kultura-doma.ru/public/src/images/gallery/catalog/68cd639945394_big.jpg|https://kultura-doma.ru/public/src/images/gallery/catalog/68cd603d87fce_big.gif|https://kultura-doma.ru/public/src/images/gallery/catalog/6a58ec7346852_big.jpg|https://kultura-doma.ru/public/src/images/gallery/catalog/6a58ec73df95b_big.jpg
1181,1181,УТ-00009888,,Чаша Коралл,https://kultura-doma.ru/product/chasha-korall-1181,other,other,,,,,8208,13680,синий,18 см,фарфор,,unknown_from_feed,https://kultura-doma.ru/public/src/images/gallery/catalog/68cd63e4658a7_big.jpg,https://kultura-doma.ru/public/src/images/gallery/catalog/68cd63e4658a7_big.jpg|https://kultura-doma.ru/public/src/images/gallery/catalog/68cd63143bd10_big.gif|https://kultura-doma.ru/public/src/images/gallery/catalog/6a58ecb608567_big.jpg|https://kultura-doma.ru/public/src/images/gallery/catalog/6a58ecb58386d_big.jpg|https://kultura-doma.ru/public/src/images/gallery/catalog/6a58ecb5c3056_big.jpg
1181-1240,1181,УТ-00009888,,Чаша Коралл: 27 см,https://kultura-doma.ru/product/chasha-korall-1181-size-27-sm,other,other,,,,,10368,13680,синий,27 см,фарфор,,unknown_from_feed,https://kultura-doma.ru/public/src/images/gallery/catalog/68cd63e4658a7_big.jpg,https://kultura-doma.ru/public/src/images/gallery/catalog/68cd63e4658a7_big.jpg|https://kultura-doma.ru/public/src/images/gallery/catalog/68cd63143bd10_big.gif|https://kultura-doma.ru/public/src/images/gallery/catalog/6a58ecb608567_big.jpg|https://kultura-doma.ru/public/src/images/gallery/catalog/6a58ecb58386d_big.jpg|https://kultura-doma.ru/public/src/images/gallery/catalog/6a58ecb5c3056_big.jpg
1211,1211,УТ-00009130,,Ваза Купель латунь с покрытием никель 30 см,https://kultura-doma.ru/product/vaza-kupel-1211,vase,atmosphere_or_drinks,,,,,290000,,серебряный,18х18х30 см,латунь,,unknown_from_feed,https://kultura-doma.ru/public/src/images/gallery/catalog/690616a69a0a6_big.jpg,https://kultura-doma.ru/public/src/images/gallery/catalog/690616a69a0a6_big.jpg|https://kultura-doma.ru/public/src/images/gallery/catalog/690616a6d6890_big.jpg|https://kultura-doma.ru/public/src/images/gallery/catalog/690616a5a620c_big.jpg|https://kultura-doma.ru/public/src/images/gallery/catalog/690616a5e00a8_big.jpg|https://kultura-doma.ru/public/src/images/gallery/catalog/690616a623f8f_big.jpg
1212,1212,УТ-00008752,,Поднос Росы,https://kultura-doma.ru/product/podnos-rosy,other,other,,,,,18000,,,33x21 см,хрусталь,,unknown_from_feed,https://kultura-doma.ru/public/src/images/gallery/catalog/6a0715976f32d_big.jpg,https://kultura-doma.ru/public/src/images/gallery/catalog/6a0715976f32d_big.jpg|https://kultura-doma.ru/public/src/images/gallery/catalog/6a071596ed610_big.jpg|https://kultura-doma.ru/public/src/images/gallery/catalog/6a07159735b57_big.jpg
1213,1213,УТ-00009604,,Ваза для фруктов Купель,https://kultura-doma.ru/product/vaza-dlya-fruktov-kupel,vase,atmosphere_or_drinks,,,,,69900,,серебряный,"20,5х20,5х21 см",латунь,,unknown_from_feed,https://kultura-doma.ru/public/src/images/gallery/catalog/6a3d1bd5623bc_big.jpg,https://kultura-doma.ru/public/src/images/gallery/catalog/6a3d1bd5623bc_big.jpg|https://kultura-doma.ru/public/src/images/gallery/catalog/6a3d1bd474944_big.jpg|https://kultura-doma.ru/public/src/images/gallery/catalog/6a3d1bd5c018b_big.jpg|https://kultura-doma.ru/public/src/images/gallery/catalog/6a3d1bd4c0939_big.jpg|https://kultura-doma.ru/public/src/images/gallery/catalog/6a3d1bd42f14a_big.jpg
1214,1214,УТ-00009055,,Одеяло Верблюжья шерсть,https://kultura-doma.ru/product/odeyalo-nezhnost,other,other,,,,,11900,,,140x205 см,верблюжья шерсть,,unknown_from_feed,https://kultura-doma.ru/public/src/images/gallery/catalog/6a5750b3305c5_big.jpg,https://kultura-doma.ru/public/src/images/gallery/catalog/6a5750b3305c5_big.jpg
1214-1258,1214,УТ-00009053,,Одеяло Верблюжья шерсть: Евро,https://kultura-doma.ru/product/odeyalo-nezhnost-size-dvuspal-nyy-evro,other,other,,,,,14900,,,Евро (200х220 см),верблюжья шерсть,,unknown_from_feed,https://kultura-doma.ru/public/src/images/gallery/catalog/6a5750b3305c5_big.jpg,https://kultura-doma.ru/public/src/images/gallery/catalog/6a5750b3305c5_big.jpg
1215,1215,УТ-00009065,,Пижама мужская Никита,https://kultura-doma.ru/product/kostyum-muzhskiy-nikita-1215,other,other,,,,,4760,11900,синий,XL,тенсель,,unknown_from_feed,https://kultura-doma.ru/public/src/images/gallery/catalog/68ac215ed5e97_big.jpg,https://kultura-doma.ru/public/src/images/gallery/catalog/68ac215ed5e97_big.jpg|https://kultura-doma.ru/public/src/images/gallery/catalog/68ac218047e5c_big.jpg|https://kultura-doma.ru/public/src/images/gallery/catalog/6a43751869961_big.jpg
1215-1261,1215,УТ-00009065,,Пижама мужская Никита: L,https://kultura-doma.ru/product/kostyum-muzhskiy-nikita-1215-size-l,other,other,,,,,4760,11900,синий,L,тенсель,,unknown_from_feed,https://kultura-doma.ru/public/src/images/gallery/catalog/68ac215ed5e97_big.jpg,https://kultura-doma.ru/public/src/images/gallery/catalog/68ac215ed5e97_big.jpg|https://kultura-doma.ru/public/src/images/gallery/catalog/68ac218047e5c_big.jpg|https://kultura-doma.ru/public/src/images/gallery/catalog/6a43751869961_big.jpg
1216,1216,УТ-00006895,,Пижама мужская Илья,https://kultura-doma.ru/product/kostyum-muzhskoy,other,other,,,,,6360,15900,голубой,46,тенсель,,unknown_from_feed,https://kultura-doma.ru/public/src/images/gallery/catalog/6a4373e2ba037_big.jpg,https://kultura-doma.ru/public/src/images/gallery/catalog/6a4373e2ba037_big.jpg|https://kultura-doma.ru/public/src/images/gallery/catalog/6a4373e1df68e_big.jpg|https://kultura-doma.ru/public/src/images/gallery/catalog/6a4373e22b1b3_big.jpg|https://kultura-doma.ru/public/src/images/gallery/catalog/6a4373e277e96_big.jpg
1216-1989,1216,УТ-00006892,,Пижама мужская Илья: 42,https://kultura-doma.ru/product/kostyum-muzhskoy-size-42,other,other,,,,,6360,15900,голубой,42,тенсель,,unknown_from_feed,https://kultura-doma.ru/public/src/images/gallery/catalog/6a4373e2ba037_big.jpg,https://kultura-doma.ru/public/src/images/gallery/catalog/6a4373e2ba037_big.jpg|https://kultura-doma.ru/public/src/images/gallery/catalog/6a4373e1df68e_big.jpg|https://kultura-doma.ru/public/src/images/gallery/catalog/6a4373e22b1b3_big.jpg|https://kultura-doma.ru/public/src/images/gallery/catalog/6a4373e277e96_big.jpg
1216-1990,1216,УТ-00006897,,Пижама мужская Илья: 52,https://kultura-doma.ru/product/kostyum-muzhskoy-size-52,other,other,,,,,6360,15900,голубой,52,тенсель,,unknown_from_feed,https://kultura-doma.ru/public/src/images/gallery/catalog/6a4373e2ba037_big.jpg,https://kultura-doma.ru/public/src/images/gallery/catalog/6a4373e2ba037_big.jpg|https://kultura-doma.ru/public/src/images/gallery/catalog/6a4373e1df68e_big.jpg|https://kultura-doma.ru/public/src/images/gallery/catalog/6a4373e22b1b3_big.jpg|https://kultura-doma.ru/public/src/images/gallery/catalog/6a4373e277e96_big.jpg
1216-1991,1216,УТ-00006896,,Пижама мужская Илья: 50,https://kultura-doma.ru/product/kostyum-muzhskoy-size-50,other,other,,,,,6360,15900,голубой,50,тенсель,,unknown_from_feed,https://kultura-doma.ru/public/src/images/gallery/catalog/6a4373e2ba037_big.jpg,https://kultura-doma.ru/public/src/images/gallery/catalog/6a4373e2ba037_big.jpg|https://kultura-doma.ru/public/src/images/gallery/catalog/6a4373e1df68e_big.jpg|https://kultura-doma.ru/public/src/images/gallery/catalog/6a4373e22b1b3_big.jpg|https://kultura-doma.ru/public/src/images/gallery/catalog/6a4373e277e96_big.jpg
1216-1992,1216,УТ-00006895,,Пижама мужская Илья: 48,https://kultura-doma.ru/product/kostyum-muzhskoy-size-48,other,other,,,,,6360,15900,голубой,48,тенсель,,unknown_from_feed,https://kultura-doma.ru/public/src/images/gallery/catalog/6a4373e2ba037_big.jpg,https://kultura-doma.ru/public/src/images/gallery/catalog/6a4373e2ba037_big.jpg|https://kultura-doma.ru/public/src/images/gallery/catalog/6a4373e1df68e_big.jpg|https://kultura-doma.ru/public/src/images/gallery/catalog/6a4373e22b1b3_big.jpg|https://kultura-doma.ru/public/src/images/gallery/catalog/6a4373e277e96_big.jpg
1216-1993,1216,УТ-00006899,,Пижама мужская Илья: 56,https://kultura-doma.ru/product/kostyum-muzhskoy-size-56,other,other,,,,,6360,15900,голубой,56,тенсель,,unknown_from_feed,https://kultura-doma.ru/public/src/images/gallery/catalog/6a4373e2ba037_big.jpg,https://kultura-doma.ru/public/src/images/gallery/catalog/6a4373e2ba037_big.jpg|https://kultura-doma.ru/public/src/images/gallery/catalog/6a4373e1df68e_big.jpg|https://kultura-doma.ru/public/src/images/gallery/catalog/6a4373e22b1b3_big.jpg|https://kultura-doma.ru/public/src/images/gallery/catalog/6a4373e277e96_big.jpg
1216-1994,1216,УТ-00006898,,Пижама мужская Илья: 54,https://kultura-doma.ru/product/kostyum-muzhskoy-size-54,other,other,,,,,6360,15900,голубой,54,тенсель,,unknown_from_feed,https://kultura-doma.ru/public/src/images/gallery/catalog/6a4373e2ba037_big.jpg,https://kultura-doma.ru/public/src/images/gallery/catalog/6a4373e2ba037_big.jpg|https://kultura-doma.ru/public/src/images/gallery/catalog/6a4373e1df68e_big.jpg|https://kultura-doma.ru/public/src/images/gallery/catalog/6a4373e22b1b3_big.jpg|https://kultura-doma.ru/public/src/images/gallery/catalog/6a4373e277e96_big.jpg
1216-1995,1216,УТ-00006893,,Пижама мужская Илья: 44,https://kultura-doma.ru/product/kostyum-muzhskoy-size-44,other,other,,,,,6360,15900,голубой,44,тенсель,,unknown_from_feed,https://kultura-doma.ru/public/src/images/gallery/catalog/6a4373e2ba037_big.jpg,https://kultura-doma.ru/public/src/images/gallery/catalog/6a4373e2ba037_big.jpg|https://kultura-doma.ru/public/src/images/gallery/catalog/6a4373e1df68e_big.jpg|https://kultura-doma.ru/public/src/images/gallery/catalog/6a4373e22b1b3_big.jpg|https://kultura-doma.ru/public/src/images/gallery/catalog/6a4373e277e96_big.jpg
1221,1221,УТ-00008150,,Наволочка Шелковое утро,https://kultura-doma.ru/product/navolochka-shelkovoe-utro,pillowcase_set,bedroom_layer,,,,,19900,,белый,50х70 см,шелк,,unknown_from_feed,https://kultura-doma.ru/public/src/images/gallery/catalog/68b5b037b4084_big.jpg,https://kultura-doma.ru/public/src/images/gallery/catalog/68b5b037b4084_big.jpg|https://kultura-doma.ru/public/src/images/gallery/catalog/68b5b037ebe74_big.jpg
1222,1222,УТ-00008151,,Наволочка Шелковое утро,https://kultura-doma.ru/product/navolochka-shelkovoe-utro-1222,pillowcase_set,bedroom_layer,,,,,19900,,розовый,50х70 см,шелк,,unknown_from_feed,https://kultura-doma.ru/public/src/images/gallery/catalog/68b5b0386b4b0_big.jpg,https://kultura-doma.ru/public/src/images/gallery/catalog/68b5b0386b4b0_big.jpg|https://kultura-doma.ru/public/src/images/gallery/catalog/68b5b038a5cff_big.jpg
1230,1230,УТ-00009077,,Сорочка Анна,https://kultura-doma.ru/product/sorochka-anna-1230,other,other,,,,,2760,6900,бежевый,40-42,тенсель,,unknown_from_feed,https://kultura-doma.ru/public/src/images/gallery/catalog/68bebdfe9a7f9_big.jpg,https://kultura-doma.ru/public/src/images/gallery/catalog/68bebdfe9a7f9_big.jpg|https://kultura-doma.ru/public/src/images/gallery/catalog/6a4375241a12d_big.jpg|https://kultura-doma.ru/public/src/images/gallery/catalog/6a437524a61aa_big.jpg
1230-1396,1230,УТ-00009078,,Сорочка Анна: 44-46,https://kultura-doma.ru/product/sorochka-anna-1230-size-4446,other,other,,,,,2760,6900,бежевый,44-46,тенсель,,unknown_from_feed,https://kultura-doma.ru/public/src/images/gallery/catalog/68bebdfe9a7f9_big.jpg,https://kultura-doma.ru/public/src/images/gallery/catalog/68bebdfe9a7f9_big.jpg|https://kultura-doma.ru/public/src/images/gallery/catalog/6a4375241a12d_big.jpg|https://kultura-doma.ru/public/src/images/gallery/catalog/6a437524a61aa_big.jpg
1230-1397,1230,УТ-00009079,,Сорочка Анна: 48-50,https://kultura-doma.ru/product/sorochka-anna-1230-size-4850,other,other,,,,,2760,6900,бежевый,48-50,тенсель,,unknown_from_feed,https://kultura-doma.ru/public/src/images/gallery/catalog/68bebdfe9a7f9_big.jpg,https://kultura-doma.ru/public/src/images/gallery/catalog/68bebdfe9a7f9_big.jpg|https://kultura-doma.ru/public/src/images/gallery/catalog/6a4375241a12d_big.jpg|https://kultura-doma.ru/public/src/images/gallery/catalog/6a437524a61aa_big.jpg
1230-1398,1230,УТ-00009080,,Сорочка Анна: 52-54,https://kultura-doma.ru/product/sorochka-anna-1230-size-5254,other,other,,,,,2760,6900,бежевый,52-54,тенсель,,unknown_from_feed,https://kultura-doma.ru/public/src/images/gallery/catalog/68bebdfe9a7f9_big.jpg,https://kultura-doma.ru/public/src/images/gallery/catalog/68bebdfe9a7f9_big.jpg|https://kultura-doma.ru/public/src/images/gallery/catalog/6a4375241a12d_big.jpg|https://kultura-doma.ru/public/src/images/gallery/catalog/6a437524a61aa_big.jpg
1231,1231,УТ-00009081,,Сорочка Анна,https://kultura-doma.ru/product/sorochka-anna-1231,other,other,,,,,3080,7700,айвори,52-54,тенсель,,unknown_from_feed,https://kultura-doma.ru/public/src/images/gallery/catalog/68bb002300f16_big.jpg,https://kultura-doma.ru/public/src/images/gallery/catalog/68bb002300f16_big.jpg|https://kultura-doma.ru/public/src/images/gallery/catalog/6a437529eb6d2_big.jpg|https://kultura-doma.ru/public/src/images/gallery/catalog/68b98c1d5e5ac_big.jpg|https://kultura-doma.ru/public/src/images/gallery/catalog/6a43752b4301d_big.jpg
1231-1399,1231,УТ-00009081,,Сорочка Анна: 40-42,https://kultura-doma.ru/product/sorochka-anna-1231-size-4042,other,other,,,,,3080,7700,айвори,40-42,тенсель,,unknown_from_feed,https://kultura-doma.ru/public/src/images/gallery/catalog/68bb002300f16_big.jpg,https://kultura-doma.ru/public/src/images/gallery/catalog/68bb002300f16_big.jpg|https://kultura-doma.ru/public/src/images/gallery/catalog/6a437529eb6d2_big.jpg|https://kultura-doma.ru/public/src/images/gallery/catalog/68b98c1d5e5ac_big.jpg|https://kultura-doma.ru/public/src/images/gallery/catalog/6a43752b4301d_big.jpg
1231-1400,1231,УТ-00009082,,Сорочка Анна: 44-46,https://kultura-doma.ru/product/sorochka-anna-1231-size-4446,other,other,,,,,3080,7700,айвори,44-46,тенсель,,unknown_from_feed,https://kultura-doma.ru/public/src/images/gallery/catalog/68bb002300f16_big.jpg,https://kultura-doma.ru/public/src/images/gallery/catalog/68bb002300f16_big.jpg|https://kultura-doma.ru/public/src/images/gallery/catalog/6a437529eb6d2_big.jpg|https://kultura-doma.ru/public/src/images/gallery/catalog/68b98c1d5e5ac_big.jpg|https://kultura-doma.ru/public/src/images/gallery/catalog/6a43752b4301d_big.jpg
1231-1401,1231,УТ-00009083,,Сорочка Анна: 48-50,https://kultura-doma.ru/product/sorochka-anna-1231-size-4850,other,other,,,,,3080,7700,айвори,48-50,тенсель,,unknown_from_feed,https://kultura-doma.ru/public/src/images/gallery/catalog/68bb002300f16_big.jpg,https://kultura-doma.ru/public/src/images/gallery/catalog/68bb002300f16_big.jpg|https://kultura-doma.ru/public/src/images/gallery/catalog/6a437529eb6d2_big.jpg|https://kultura-doma.ru/public/src/images/gallery/catalog/68b98c1d5e5ac_big.jpg|https://kultura-doma.ru/public/src/images/gallery/catalog/6a43752b4301d_big.jpg
1232,1232,УТ-00009085,,Сорочка Анна,https://kultura-doma.ru/product/sorochka-anna-1232,other,other,,,,,3080,7700,бежевый,40-42,тенсель,,unknown_from_feed,https://kultura-doma.ru/public/src/images/gallery/catalog/68bebe118ba66_big.jpg,https://kultura-doma.ru/public/src/images/gallery/catalog/68bebe118ba66_big.jpg|https://kultura-doma.ru/public/src/images/gallery/catalog/6a43753152093_big.jpg|https://kultura-doma.ru/public/src/images/gallery/catalog/6a437531a7a7d_big.jpg
1232-1404,1232,УТ-00009086,,Сорочка Анна: 44-46,https://kultura-doma.ru/product/sorochka-anna-1232-size-4446,other,other,,,,,3080,7700,бежевый,44-46,тенсель,,unknown_from_feed,https://kultura-doma.ru/public/src/images/gallery/catalog/68bebe118ba66_big.jpg,https://kultura-doma.ru/public/src/images/gallery/catalog/68bebe118ba66_big.jpg|https://kultura-doma.ru/public/src/images/gallery/catalog/6a43753152093_big.jpg|https://kultura-doma.ru/public/src/images/gallery/catalog/6a437531a7a7d_big.jpg
1232-1405,1232,УТ-00009087,,Сорочка Анна: 48-50,https://kultura-doma.ru/product/sorochka-anna-1232-size-4850,other,other,,,,,3080,7700,бежевый,48-50,тенсель,,unknown_from_feed,https://kultura-doma.ru/public/src/images/gallery/catalog/68bebe118ba66_big.jpg,https://kultura-doma.ru/public/src/images/gallery/catalog/68bebe118ba66_big.jpg|https://kultura-doma.ru/public/src/images/gallery/catalog/6a43753152093_big.jpg|https://kultura-doma.ru/public/src/images/gallery/catalog/6a437531a7a7d_big.jpg
1232-1406,1232,УТ-00009088,,Сорочка Анна: 52-54,https://kultura-doma.ru/product/sorochka-anna-1232-size-5254,other,other,,,,,3080,7700,бежевый,52-54,тенсель,,unknown_from_feed,https://kultura-doma.ru/public/src/images/gallery/catalog/68bebe118ba66_big.jpg,https://kultura-doma.ru/public/src/images/gallery/catalog/68bebe118ba66_big.jpg|https://kultura-doma.ru/public/src/images/gallery/catalog/6a43753152093_big.jpg|https://kultura-doma.ru/public/src/images/gallery/catalog/6a437531a7a7d_big.jpg
1233,1233,УТ-00010285,,Кольцо Дрёмица,https://kultura-doma.ru/product/kol-co-dremica,napkin,table_textile,,,,,490,,коричневый,54х40х22 мм,дуб,,unknown_from_feed,https://kultura-doma.ru/public/src/images/gallery/catalog/68da38cd4484b_big.jpg,https://kultura-doma.ru/public/src/images/gallery/catalog/68da38cd4484b_big.jpg|https://kultura-doma.ru/public/src/images/gallery/catalog/68ecc01d66547_big.jpg|https://kultura-doma.ru/public/src/images/gallery/catalog/6a46791d545b0_big.jpg|https://kultura-doma.ru/public/src/images/gallery/catalog/6a46791d0d0cc_big.jpg
1234,1234,УТ-00010286,,Кольцо Дрёмица,https://kultura-doma.ru/product/kol-co-dremica-1234,napkin,table_textile,,,,,490,,коричневый,54х40х22 мм,дуб,,unknown_from_feed,https://kultura-doma.ru/public/src/images/gallery/catalog/68da38e112301_big.jpg,https://kultura-doma.ru/public/src/images/gallery/catalog/68da38e112301_big.jpg|https://kultura-doma.ru/public/src/images/gallery/catalog/68ecbbfd9a7c5_big.jpg|https://kultura-doma.ru/public/src/images/gallery/catalog/6a4679327f508_big.jpg|https://kultura-doma.ru/public/src/images/gallery/catalog/6a467931f2a52_big.jpg
1235,1235,УТ-00010287,,Менажница Дрёмица,https://kultura-doma.ru/product/menazhnica-dremica,other,other,,,,,9900,,,17х30 см,дуб,,unknown_from_feed,https://kultura-doma.ru/public/src/images/gallery/catalog/68da38fa3c974_big.jpg,https://kultura-doma.ru/public/src/images/gallery/catalog/68da38fa3c974_big.jpg|https://kultura-doma.ru/public/src/images/gallery/catalog/68f8dd754708a_big.jpg|https://kultura-doma.ru/public/src/images/gallery/catalog/69f06b4dc03fa_big.jpg
1236,,УТ-00010283,,Подставка для салфеток Дрёмица,https://kultura-doma.ru/product/podstavka-dlya-salfetok-dremica,napkin,table_textile,,,,,8900,,коричневый,,"дерево, металл",,unknown_from_feed,https://kultura-doma.ru/public/src/images/gallery/catalog/68da390e4614a_big.jpg,https://kultura-doma.ru/public/src/images/gallery/catalog/68da390e4614a_big.jpg|https://kultura-doma.ru/public/src/images/gallery/catalog/68ecc502bdb94_big.jpg|https://kultura-doma.ru/public/src/images/gallery/catalog/6a5f81704d30a_big.jpg
1239,,УТ-00010051,,Сахарница Многоцвет,https://kultura-doma.ru/product/saharnica-mnogocvet,sugar_bowl,serving_add_on,,,,,2990,,белый,,фарфор,300 мл,unknown_from_feed,https://kultura-doma.ru/public/src/images/gallery/catalog/69271b10219a9_big.jpg,https://kultura-doma.ru/public/src/images/gallery/catalog/69271b10219a9_big.jpg|https://kultura-doma.ru/public/src/images/gallery/catalog/68ecb7c510f86_big.jpg|https://kultura-doma.ru/public/src/images/gallery/catalog/6a394ba767092_big.jpg
1240,,УТ-00010052,,Молочник Многоцвет,https://kultura-doma.ru/product/molochnik-mnogocvet,milk_jug,serving_add_on,,,,,2590,,белый,,фарфор,300 мл,unknown_from_feed,https://kultura-doma.ru/public/src/images/gallery/catalog/69271ad8932fc_big.jpg,https://kultura-doma.ru/public/src/images/gallery/catalog/69271ad8932fc_big.jpg|https://kultura-doma.ru/public/src/images/gallery/catalog/68ecb831929b8_big.jpg|https://kultura-doma.ru/public/src/images/gallery/catalog/69f06b540b8c1_big.jpg
1241,,УТ-00010284,,Подставка-менажница Дрёмица,https://kultura-doma.ru/product/podstavka-menazhnica-dremica,other,other,,,,,19900,,,,дуб,,unknown_from_feed,https://kultura-doma.ru/public/src/images/gallery/catalog/69f06b63e0eac_big.jpg,https://kultura-doma.ru/public/src/images/gallery/catalog/69f06b63e0eac_big.jpg|https://kultura-doma.ru/public/src/images/gallery/catalog/68ecc79f1d5e2_big.jpg
1242,1242,УТ-00010128,,Поднос Дрёмица,https://kultura-doma.ru/product/podnos-dremica,other,other,,,,,39900,,коричневый,280х280х45 см,"американский орех, металл",,unknown_from_feed,https://kultura-doma.ru/public/src/images/gallery/catalog/68da58d312aee_big.jpg,https://kultura-doma.ru/public/src/images/gallery/catalog/68da58d312aee_big.jpg|https://kultura-doma.ru/public/src/images/gallery/catalog/68fa3d6a1d51c_big.jpg|https://kultura-doma.ru/public/src/images/gallery/catalog/68da59af4f7e0_big.jpg|https://kultura-doma.ru/public/src/images/gallery/catalog/6a5f729785280_big.jpg|https://kultura-doma.ru/public/src/images/gallery/catalog/6a5f72960d67e_big.jpg|https://kultura-doma.ru/public/src/images/gallery/catalog/6a5f729648639_big.jpg|https://kultura-doma.ru/public/src/images/gallery/catalog/6a5f729686454_big.jpg|https://kultura-doma.ru/public/src/images/gallery/catalog/6a5f729709ed0_big.jpg
1243,1243,УТ-00010127,,Поднос Дрёмица,https://kultura-doma.ru/product/podnos-dremica-1243,other,other,,,,,49900,,коричневый,480х310х45 см,"американский орех, металл",,unknown_from_feed,https://kultura-doma.ru/public/src/images/gallery/catalog/68da59cb6d26a_big.jpg,https://kultura-doma.ru/public/src/images/gallery/catalog/68da59cb6d26a_big.jpg|https://kultura-doma.ru/public/src/images/gallery/catalog/68fa41494a61c_big.jpg|https://kultura-doma.ru/public/src/images/gallery/catalog/68da599ca6ac0_big.jpg|https://kultura-doma.ru/public/src/images/gallery/catalog/6a5f72ba75084_big.jpg|https://kultura-doma.ru/public/src/images/gallery/catalog/6a5f72b921827_big.jpg|https://kultura-doma.ru/public/src/images/gallery/catalog/68da69c3e4f9e_big.jpg|https://kultura-doma.ru/public/src/images/gallery/catalog/6a5f72b9a479d_big.jpg
1244,1244,УТ-00009975,,Свеча Весна,https://kultura-doma.ru/product/svecha-vesna-1244,candle,atmosphere_or_drinks,,,,,792,990,белый,"25,5 см",соевый воск,,unknown_from_feed,https://kultura-doma.ru/public/src/images/gallery/catalog/69df5f56592b1_big.jpg,https://kultura-doma.ru/public/src/images/gallery/catalog/69df5f56592b1_big.jpg|https://kultura-doma.ru/public/src/images/gallery/catalog/69b95ac02a5d5_big.jpg
1245,1245,УТ-00009976,,Свеча Многоцветы,https://kultura-doma.ru/product/svecha-mnogocvety-1245,candle,atmosphere_or_drinks,,,,,792,990,белый,"25,5 см",соевый воск,,unknown_from_feed,https://kultura-doma.ru/public/src/images/gallery/catalog/69df5f57970e0_big.jpg,https://kultura-doma.ru/public/src/images/gallery/catalog/69df5f57970e0_big.jpg|https://kultura-doma.ru/public/src/images/gallery/catalog/69b95afad6980_big.jpg
1246,1246,УТ-00009977,,Свеча Ботаника,https://kultura-doma.ru/product/svecha-botanika-1246,candle,atmosphere_or_drinks,,,,,792,990,белый,"25,5 см",соевый воск,,unknown_from_feed,https://kultura-doma.ru/public/src/images/gallery/catalog/69df5f58bd706_big.jpg,https://kultura-doma.ru/public/src/images/gallery/catalog/69df5f58bd706_big.jpg|https://kultura-doma.ru/public/src/images/gallery/catalog/69b95b62ec9de_big.jpg
1247,1247,УТ-00009978,,Свеча Поле,https://kultura-doma.ru/product/svecha-pole-1247,candle,atmosphere_or_drinks,,,,,792,990,белый,"25,5 см",соевый воск,,unknown_from_feed,https://kultura-doma.ru/public/src/images/gallery/catalog/69df5f55340c7_big.jpg,https://kultura-doma.ru/public/src/images/gallery/catalog/69df5f55340c7_big.jpg|https://kultura-doma.ru/public/src/images/gallery/catalog/69dfaa0705845_big.jpg|https://kultura-doma.ru/public/src/images/gallery/catalog/69df5f557b112_big.jpg
1272,1272,УТ-00010599,Нити времени,Подушка декоративная Нити времени,https://kultura-doma.ru/product/podushka-dekorativnaya-niti-vremeni,decorative_pillow,bedroom_layer,statement_accent,table|bedroom|decor,blue|milk|gold,fairytale|blue|ornamental,2745,5490,голубой,45х45 см,,,unknown_from_feed,https://kultura-doma.ru/public/src/images/gallery/catalog/69e5d18433139_big.jpg,https://kultura-doma.ru/public/src/images/gallery/catalog/69e5d18433139_big.jpg|https://kultura-doma.ru/public/src/images/gallery/catalog/68e669d46c745_big.jpg|https://kultura-doma.ru/public/src/images/gallery/catalog/68e61cd4aadc6_big.jpg
1280,1280,УТ-00010565,Тайна острова Буяна,Салфетка Тайны острова Буяна,https://kultura-doma.ru/product/salfetka-tayny-ostrova-buyana,napkin,table_textile,statement_accent,table|bedroom|decor,blue|milk|gold,fairytale|folklore|statement,995,1990,белый,45х45 см,сатин,,unknown_from_feed,https://kultura-doma.ru/public/src/images/gallery/catalog/6a43d3f7abdc3_big.jpg,https://kultura-doma.ru/public/src/images/gallery/catalog/6a43d3f7abdc3_big.jpg|https://kultura-doma.ru/public/src/images/gallery/catalog/68e679881466c_big.jpg
1281,1281,УТ-00010597,Тайна острова Буяна,Подушка декоративная Тайна острова Буяна,https://kultura-doma.ru/product/podushka-dekorativnaya-tayny-ostrova-buyana,decorative_pillow,bedroom_layer,statement_accent,table|bedroom|decor,blue|milk|gold,fairytale|folklore|statement,2745,5490,бежевый,40х40 см,,,unknown_from_feed,https://kultura-doma.ru/public/src/images/gallery/catalog/69e5d81fb0f8c_big.jpg,https://kultura-doma.ru/public/src/images/gallery/catalog/69e5d81fb0f8c_big.jpg|https://kultura-doma.ru/public/src/images/gallery/catalog/68e61c811c8da_big.jpg
1282,1282,УТ-00010598,Тайна острова Буяна,Подушка декоративная Тайны острова Буяна,https://kultura-doma.ru/product/podushka-dekorativnaya-tayny-ostrova-buyana-1282,decorative_pillow,bedroom_layer,statement_accent,table|bedroom|decor,blue|milk|gold,fairytale|folklore|statement,3450,6900,голубой,30х90 см,бархат,,unknown_from_feed,https://kultura-doma.ru/public/src/images/gallery/catalog/69f1d18162bd5_big.jpg,https://kultura-doma.ru/public/src/images/gallery/catalog/69f1d18162bd5_big.jpg|https://kultura-doma.ru/public/src/images/gallery/catalog/68e762e4e5cb9_big.jpg|https://kultura-doma.ru/public/src/images/gallery/catalog/68e679fddbec3_big.jpg
1283,1283,УТ-00010581,Тайна острова Буяна,Плейсмат Тайны острова Буяна,https://kultura-doma.ru/product/pleysmat-tayny-ostrova-buyana,placemat,table_textile,statement_accent,table|bedroom|decor,blue|milk|gold,fairytale|folklore|statement,1295,2590,голубой,40х50 см,сатин,,unknown_from_feed,https://kultura-doma.ru/public/src/images/gallery/catalog/69f1d17ef31e6_big.jpg,https://kultura-doma.ru/public/src/images/gallery/catalog/69f1d17ef31e6_big.jpg|https://kultura-doma.ru/public/src/images/gallery/catalog/68e67a439e4dc_big.jpg
1285,1285,УТ-00010413,Тайна острова Буяна,Дорожка Тайны острова Буян,https://kultura-doma.ru/product/dorozhka-tayny-ostrova-buyan,table_runner,table_textile,statement_accent,table|bedroom|decor,blue|milk|gold,fairytale|folklore|statement,3450,6900,голубой,50х180 см,сатин,,unknown_from_feed,https://kultura-doma.ru/public/src/images/gallery/catalog/69f1d16cb6e9a_big.jpg,https://kultura-doma.ru/public/src/images/gallery/catalog/69f1d16cb6e9a_big.jpg|https://kultura-doma.ru/public/src/images/gallery/catalog/68e67a853d969_big.jpg
1286,,УТ-00010156,,Ваза Лед,https://kultura-doma.ru/product/vaza-led,vase,atmosphere_or_drinks,,,,,72000,90000,белый,,хрусталь,,unknown_from_feed,https://kultura-doma.ru/public/src/images/gallery/catalog/6a58e7df9c488_big.jpg,https://kultura-doma.ru/public/src/images/gallery/catalog/6a58e7df9c488_big.jpg|https://kultura-doma.ru/public/src/images/gallery/catalog/690b31125d15d_big.jpg|https://kultura-doma.ru/public/src/images/gallery/catalog/6a58e7df52796_big.jpg
1289,1289,УТ-00010668,,Шкатулка фарфоровая Пионы Надежда,https://kultura-doma.ru/product/shkatulka-balerina-1289,other,other,,,,,24720,30900,белый,9х13 см,фарфор,,unknown_from_feed,https://kultura-doma.ru/public/src/images/gallery/catalog/6936a5dfea10e_big.jpg,https://kultura-doma.ru/public/src/images/gallery/catalog/6936a5dfea10e_big.jpg|https://kultura-doma.ru/public/src/images/gallery/catalog/6936a5e04721e_big.jpg
1298,1298,УТ-00010018,,Икорница Купель,https://kultura-doma.ru/product/ikornica-kupel-1298,other,other,,,,,57900,,серебряный,"12,5х9 см",латунь,300 мл,unknown_from_feed,https://kultura-doma.ru/public/src/images/gallery/catalog/6a57913a8f690_big.jpg,https://kultura-doma.ru/public/src/images/gallery/catalog/6a57913a8f690_big.jpg|https://kultura-doma.ru/public/src/images/gallery/catalog/691b3188a2ab6_big.jpg|https://kultura-doma.ru/public/src/images/gallery/catalog/6a57913b3be03_big.jpg|https://kultura-doma.ru/public/src/images/gallery/catalog/6a57913a501bd_big.jpg|https://kultura-doma.ru/public/src/images/gallery/catalog/6a57913a0ff42_big.jpg|https://kultura-doma.ru/public/src/images/gallery/catalog/6a57913ae41be_big.jpg
1299,1299,УТ-00010773,,Ручка шариковая Купель с орнаментом латунь с покрытием никель золотистая,https://kultura-doma.ru/product/ruchka-sharikovaya-kupel-1299,other,other,,,,,25900,,золотой,"14х1,5 см",латунь,,unknown_from_feed,https://kultura-doma.ru/public/src/images/gallery/catalog/6905fcdfa0e38_big.jpg,https://kultura-doma.ru/public/src/images/gallery/catalog/6905fcdfa0e38_big.jpg|https://kultura-doma.ru/public/src/images/gallery/catalog/691b2d3479831_big.jpg|https://kultura-doma.ru/public/src/images/gallery/catalog/6906167fe6210_big.jpg|https://kultura-doma.ru/public/src/images/gallery/catalog/6905ff995729e_big.jpg|https://kultura-doma.ru/public/src/images/gallery/catalog/6906167faeb34_big.jpg
1300,1300,УТ-00010774,,Ручка шариковая Купель с орнаментом латунь с покрытием никель серебристая,https://kultura-doma.ru/product/ruchka-sharikovaya-kupel-1300,other,other,,,,,25900,,серебряный,"14х1,5 см",латунь,,unknown_from_feed,https://kultura-doma.ru/public/src/images/gallery/catalog/690c4168c842e_big.jpg,https://kultura-doma.ru/public/src/images/gallery/catalog/690c4168c842e_big.jpg|https://kultura-doma.ru/public/src/images/gallery/catalog/691b2d1b31cb8_big.jpg|https://kultura-doma.ru/public/src/images/gallery/catalog/6906167e006b0_big.jpg|https://kultura-doma.ru/public/src/images/gallery/catalog/6905ffb2a03f9_big.jpg|https://kultura-doma.ru/public/src/images/gallery/catalog/6906167db31d6_big.jpg
1301,,УТ-00010627,,Ваза малая Волна,https://kultura-doma.ru/product/vaza-volna,vase,atmosphere_or_drinks,,,,,24900,,коричневый,,дуб,,unknown_from_feed,https://kultura-doma.ru/public/src/images/gallery/catalog/6a3d1bd763079_big.jpg,https://kultura-doma.ru/public/src/images/gallery/catalog/6a3d1bd763079_big.jpg|https://kultura-doma.ru/public/src/images/gallery/catalog/691b2cdca86b2_big.jpg
1308,,УТ-00010708,,Набор стаканов для воды Лилия,https://kultura-doma.ru/product/nabor-stakanov-dlya-vody-liliya,glassware_set,atmosphere_or_drinks,,,,,3672,4590,,,хрустальное стекло,450 мл,unknown_from_feed,https://kultura-doma.ru/public/src/images/gallery/catalog/6a3d177264833_big.jpg,https://kultura-doma.ru/public/src/images/gallery/catalog/6a3d177264833_big.jpg|https://kultura-doma.ru/public/src/images/gallery/catalog/69ca45462625f_big.jpg|https://kultura-doma.ru/public/src/images/gallery/catalog/6a3d177224cdf_big.jpg
1310,,УТ-00010710,,Набор стаканов для воды Тюльпан,https://kultura-doma.ru/product/nabor-stakanov-dlya-vody-tyul-pan,glassware_set,atmosphere_or_drinks,,,,,2394,3990,,,хрустальное стекло,350 мл,unknown_from_feed,https://kultura-doma.ru/public/src/images/gallery/catalog/6a3d1773c22fe_big.jpg,https://kultura-doma.ru/public/src/images/gallery/catalog/6a3d1773c22fe_big.jpg|https://kultura-doma.ru/public/src/images/gallery/catalog/69ca4759ee362_big.jpg|https://kultura-doma.ru/public/src/images/gallery/catalog/6a3d17738a1ae_big.jpg
1314,,УТ-00010626,,Ваза для фруктов Плодородие,https://kultura-doma.ru/product/vaza-dlya-fruktov-plodorodie,vase,atmosphere_or_drinks,,,,,35900,,коричневый,,дуб,,unknown_from_feed,https://kultura-doma.ru/public/src/images/gallery/catalog/6a3d1bd8f415c_big.jpg,https://kultura-doma.ru/public/src/images/gallery/catalog/6a3d1bd8f415c_big.jpg|https://kultura-doma.ru/public/src/images/gallery/catalog/69ca6d860827e_big.jpg
1315,,УТ-00010625,,Ваза большая Волна,https://kultura-doma.ru/product/vaza-volna-1315,vase,atmosphere_or_drinks,,,,,29900,,коричневый,,дуб,,unknown_from_feed,https://kultura-doma.ru/public/src/images/gallery/catalog/6a3d1bda6b129_big.jpg,https://kultura-doma.ru/public/src/images/gallery/catalog/6a3d1bda6b129_big.jpg|https://kultura-doma.ru/public/src/images/gallery/catalog/691b2c7a52796_big.jpg
1316,1316,УТ-00010670,,Ваза фарфоровая Пионы Бриз высокая,https://kultura-doma.ru/product/vaza-piony-1316,vase,atmosphere_or_drinks,,,,,47920,59900,белый,35х16 см,фарфор,,unknown_from_feed,https://kultura-doma.ru/public/src/images/gallery/catalog/6a58e17277110_big.jpg,https://kultura-doma.ru/public/src/images/gallery/catalog/6a58e17277110_big.jpg|https://kultura-doma.ru/public/src/images/gallery/catalog/691b2a132257c_big.jpg
1317,,УТ-00010673,,Ваза фарфоровая Пионы Бриз малая,https://kultura-doma.ru/product/vaza-piony-1317,vase,atmosphere_or_drinks,,,,,27920,34900,белый,,фарфор,,unknown_from_feed,https://kultura-doma.ru/public/src/images/gallery/catalog/6a0d5a3e14f5f_big.jpg,https://kultura-doma.ru/public/src/images/gallery/catalog/6a0d5a3e14f5f_big.jpg
1318,,УТ-00010671,,Ваза фарфоровая Пионы и Сирень,https://kultura-doma.ru/product/vaza-piony-i-siren,vase,atmosphere_or_drinks,,,,,31920,39900,белый,,фарфор,,unknown_from_feed,https://kultura-doma.ru/public/src/images/gallery/catalog/6a0d5a539d884_big.jpg,https://kultura-doma.ru/public/src/images/gallery/catalog/6a0d5a539d884_big.jpg|https://kultura-doma.ru/public/src/images/gallery/catalog/696f267324b62_big.jpg|https://kultura-doma.ru/public/src/images/gallery/catalog/6a0d5a5425b67_big.jpg|https://kultura-doma.ru/public/src/images/gallery/catalog/6a0d5a5465246_big.jpg
1319,1319,УТ-00010672,,Ваза фарфоровая Ландыши Торжество,https://kultura-doma.ru/product/vaza-landyshi-1319,vase,atmosphere_or_drinks,,,,,33520,41900,белый,37х16 см,фарфор,,unknown_from_feed,https://kultura-doma.ru/public/src/images/gallery/catalog/6995874382e42_big.jpg,https://kultura-doma.ru/public/src/images/gallery/catalog/6995874382e42_big.jpg|https://kultura-doma.ru/public/src/images/gallery/catalog/6995709448047_big.png|https://kultura-doma.ru/public/src/images/gallery/catalog/6a58e1b0a6531_big.jpg|https://kultura-doma.ru/public/src/images/gallery/catalog/6a58e1b06d6ad_big.jpg|https://kultura-doma.ru/public/src/images/gallery/catalog/6a58e1b0320c7_big.jpg|https://kultura-doma.ru/public/src/images/gallery/catalog/6a58e1af79f0a_big.jpg|https://kultura-doma.ru/public/src/images/gallery/catalog/6a58e1afb2a82_big.jpg|https://kultura-doma.ru/public/src/images/gallery/catalog/6a58e1afec0c6_big.jpg|https://kultura-doma.ru/public/src/images/gallery/catalog/6a58e1b0dfd44_big.jpg
1327,1327,УТ-00007876,,Икорница на ножке Купель,https://kultura-doma.ru/product/ikornica-na-nozhke-kupel,other,other,,,,,69900,,серебряный,16х12 см,латунь,120 мл,unknown_from_feed,https://kultura-doma.ru/public/src/images/gallery/catalog/69f074678786e_big.jpg,https://kultura-doma.ru/public/src/images/gallery/catalog/69f074678786e_big.jpg|https://kultura-doma.ru/public/src/images/gallery/catalog/691b2c0ec163d_big.jpg|https://kultura-doma.ru/public/src/images/gallery/catalog/69f0746747a6b_big.jpg|https://kultura-doma.ru/public/src/images/gallery/catalog/69f074680c534_big.jpg|https://kultura-doma.ru/public/src/images/gallery/catalog/69f07467c5d28_big.jpg
1331,,УТ-00010271,,Чайная пара Пиктограммы синяя,https://kultura-doma.ru/product/chaynaya-para-piktogrammy,tea_pair,tea_or_coffee_service,,,,,3294,5490,белый,,костяной фарфор,250 мл,unknown_from_feed,https://kultura-doma.ru/public/src/images/gallery/catalog/6a394b52da127_big.jpg,https://kultura-doma.ru/public/src/images/gallery/catalog/6a394b52da127_big.jpg|https://kultura-doma.ru/public/src/images/gallery/catalog/691c61be958ba_big.jpg|https://kultura-doma.ru/public/src/images/gallery/catalog/6a394b533284b_big.jpg|https://kultura-doma.ru/public/src/images/gallery/catalog/6941775f23d25_big.jpg|https://kultura-doma.ru/public/src/images/gallery/catalog/69417761e143b_big.jpg|https://kultura-doma.ru/public/src/images/gallery/catalog/69417764b5505_big.jpg|https://kultura-doma.ru/public/src/images/gallery/catalog/69417767a69ff_big.jpg|https://kultura-doma.ru/public/src/images/gallery/catalog/6941776a66d0a_big.jpg|https://kultura-doma.ru/public/src/images/gallery/catalog/6941776d349af_big.jpg
1332,,УТ-00010272,,Чайная пара Пиктограммы красная,https://kultura-doma.ru/product/chaynaya-para-piktogrammy-1332,tea_pair,tea_or_coffee_service,,,,,3294,5490,белый,,костяной фарфор,250 мл,unknown_from_feed,https://kultura-doma.ru/public/src/images/gallery/catalog/6929af5078036_big.jpg,https://kultura-doma.ru/public/src/images/gallery/catalog/6929af5078036_big.jpg|https://kultura-doma.ru/public/src/images/gallery/catalog/693c093e6f029_big.jpg|https://kultura-doma.ru/public/src/images/gallery/catalog/6929af503889e_big.jpg|https://kultura-doma.ru/public/src/images/gallery/catalog/6929af50b83ad_big.jpg
1334,,УТ-00010935,,Чайная пара Русская тройка,https://kultura-doma.ru/product/chaynaya-para-koni,tea_pair,tea_or_coffee_service,,,,,7992,9990,белый,,фарфор,,unknown_from_feed,https://kultura-doma.ru/public/src/images/gallery/catalog/6a5787c3515ca_big.jpg,https://kultura-doma.ru/public/src/images/gallery/catalog/6a5787c3515ca_big.jpg|https://kultura-doma.ru/public/src/images/gallery/catalog/692d76dac198d_big.jpg|https://kultura-doma.ru/public/src/images/gallery/catalog/6a5787c31625f_big.jpg|https://kultura-doma.ru/public/src/images/gallery/catalog/6a5787c38e2be_big.jpg|https://kultura-doma.ru/public/src/images/gallery/catalog/6a5787c3ce72d_big.jpg
1355,1355,УТ-00010600,Нити времени,Подушка декоративная Нити времени,https://kultura-doma.ru/product/podushka-dekorativnaya-niti-vremeni-1355,decorative_pillow,bedroom_layer,statement_accent,table|bedroom|decor,blue|milk|gold,fairytale|blue|ornamental,3450,6900,бежевый,30х90 см,,,unknown_from_feed,https://kultura-doma.ru/public/src/images/gallery/catalog/69e5d0198bf5b_big.jpg,https://kultura-doma.ru/public/src/images/gallery/catalog/69e5d0198bf5b_big.jpg|https://kultura-doma.ru/public/src/images/gallery/catalog/693fda2571356_big.jpg|https://kultura-doma.ru/public/src/images/gallery/catalog/693fda1f70c58_big.jpg|https://kultura-doma.ru/public/src/images/gallery/catalog/69e5d0193e49f_big.jpg
1356,1356,УТ-00010833,,Подушка Пиктограммы,https://kultura-doma.ru/product/podushka-dekorativnaya-piktogrammy,decorative_pillow,bedroom_layer,,,,,4990,,,40х40 см,,,unknown_from_feed,https://kultura-doma.ru/public/src/images/gallery/catalog/69e237ace0701_big.jpg,https://kultura-doma.ru/public/src/images/gallery/catalog/69e237ace0701_big.jpg|https://kultura-doma.ru/public/src/images/gallery/catalog/69412ab89142b_big.jpg|https://kultura-doma.ru/public/src/images/gallery/catalog/69e237ad2833c_big.jpg
1357,1357,УТ-00010834,,Подушка Пиктограммы,https://kultura-doma.ru/product/podushka-dekorativnaya-piktogrammy-1357,decorative_pillow,bedroom_layer,,,,,4990,,коричневый,40х40 см,,,unknown_from_feed,https://kultura-doma.ru/public/src/images/gallery/catalog/69e237af56db7_big.jpg,https://kultura-doma.ru/public/src/images/gallery/catalog/69e237af56db7_big.jpg|https://kultura-doma.ru/public/src/images/gallery/catalog/69412af47de0e_big.jpg|https://kultura-doma.ru/public/src/images/gallery/catalog/69e237af9101f_big.jpg|https://kultura-doma.ru/public/src/images/gallery/catalog/69412afcbb280_big.jpg
1358,1358,УТ-00010835,,Подушка Пиктограммы,https://kultura-doma.ru/product/dekorativnaya-podushka-piktogrammy,decorative_pillow,bedroom_layer,,,,,4990,,бежевый,40х40 см,,,unknown_from_feed,https://kultura-doma.ru/public/src/images/gallery/catalog/69e5db03dc590_big.jpg,https://kultura-doma.ru/public/src/images/gallery/catalog/69e5db03dc590_big.jpg|https://kultura-doma.ru/public/src/images/gallery/catalog/69412b30e1f76_big.jpg|https://kultura-doma.ru/public/src/images/gallery/catalog/69e5db039129b_big.jpg|https://kultura-doma.ru/public/src/images/gallery/catalog/69412b39b8cc4_big.jpg|https://kultura-doma.ru/public/src/images/gallery/catalog/69e5db04367e4_big.jpg
1359,1359,УТ-00010836,,Подушка Пиктограммы,https://kultura-doma.ru/product/dekorativnaya-podushka-piktogrammy-1359,decorative_pillow,bedroom_layer,,,,,4990,,голубой,40х40 см,,,unknown_from_feed,https://kultura-doma.ru/public/src/images/gallery/catalog/69e237ae153d1_big.jpg,https://kultura-doma.ru/public/src/images/gallery/catalog/69e237ae153d1_big.jpg|https://kultura-doma.ru/public/src/images/gallery/catalog/69412d7894550_big.jpg|https://kultura-doma.ru/public/src/images/gallery/catalog/69e237ae4d720_big.jpg|https://kultura-doma.ru/public/src/images/gallery/catalog/69412e5a1b5cf_big.jpg
1360,1360,УТ-00010837,,Подушка Пиктограммы,https://kultura-doma.ru/product/dekorativnaya-podushka-piktogrammy-1360,decorative_pillow,bedroom_layer,,,,,6490,,,25х90 см,,,unknown_from_feed,https://kultura-doma.ru/public/src/images/gallery/catalog/69fad88a2a535_big.jpg,https://kultura-doma.ru/public/src/images/gallery/catalog/69fad88a2a535_big.jpg|https://kultura-doma.ru/public/src/images/gallery/catalog/694a50119be37_big.jpg|https://kultura-doma.ru/public/src/images/gallery/catalog/69fad88a6b522_big.jpg|https://kultura-doma.ru/public/src/images/gallery/catalog/694a5010b8917_big.jpg|https://kultura-doma.ru/public/src/images/gallery/catalog/694a50114f0d9_big.jpg
1361,1361,УТ-00010838,,Подушка Пиктограммы,https://kultura-doma.ru/product/dekorativnaya-podushka-piktogrammy-1361,decorative_pillow,bedroom_layer,,,,,6490,,коричневый,25х90 см,,,unknown_from_feed,https://kultura-doma.ru/public/src/images/gallery/catalog/69fad8ed12201_big.jpg,https://kultura-doma.ru/public/src/images/gallery/catalog/69fad8ed12201_big.jpg|https://kultura-doma.ru/public/src/images/gallery/catalog/694a4ecaf2fcc_big.jpg|https://kultura-doma.ru/public/src/images/gallery/catalog/69fad8ed6a1e7_big.jpg|https://kultura-doma.ru/public/src/images/gallery/catalog/694a4ecaa1de5_big.jpg
1362,1362,УТ-00010839,,Подушка Пиктограммы,https://kultura-doma.ru/product/dekorativnaya-podushka-piktogrammy-1362,decorative_pillow,bedroom_layer,,,,,6490,,бежевый,25х90 см,,,unknown_from_feed,https://kultura-doma.ru/public/src/images/gallery/catalog/6a5f77840f6ad_big.jpg,https://kultura-doma.ru/public/src/images/gallery/catalog/6a5f77840f6ad_big.jpg|https://kultura-doma.ru/public/src/images/gallery/catalog/694a4f0d730f9_big.jpg|https://kultura-doma.ru/public/src/images/gallery/catalog/6a5f7783b91c6_big.jpg|https://kultura-doma.ru/public/src/images/gallery/catalog/694a4f0d332a9_big.jpg|https://kultura-doma.ru/public/src/images/gallery/catalog/694a4f0df1081_big.jpg
1363,1363,УТ-00010840,,Подушка Пиктограммы,https://kultura-doma.ru/product/dekorativnaya-podushka-piktogrammy-1363,decorative_pillow,bedroom_layer,,,,,6490,,голубой,25х90 см,,,unknown_from_feed,https://kultura-doma.ru/public/src/images/gallery/catalog/69fada156a930_big.jpg,https://kultura-doma.ru/public/src/images/gallery/catalog/69fada156a930_big.jpg|https://kultura-doma.ru/public/src/images/gallery/catalog/694a4f5e3abe0_big.jpg|https://kultura-doma.ru/public/src/images/gallery/catalog/69fada15bc489_big.jpg|https://kultura-doma.ru/public/src/images/gallery/catalog/694a4f5d8b2bc_big.jpg|https://kultura-doma.ru/public/src/images/gallery/catalog/694a4f5de427c_big.jpg
1374,1374,УТ-00010805,,Корзина хлопковая Уют,https://kultura-doma.ru/product/korzina-kvadratnaya-uyut,other,other,,,,,16900,,черный,30х30х20 см,хлопковый шнур,,unknown_from_feed,https://kultura-doma.ru/public/src/images/gallery/catalog/69e0c1fc68e46_big.jpg,https://kultura-doma.ru/public/src/images/gallery/catalog/69e0c1fc68e46_big.jpg|https://kultura-doma.ru/public/src/images/gallery/catalog/69a6f16173d35_big.jpg
1375,1375,УТ-00010806,,Корзина хлопковая Уют,https://kultura-doma.ru/product/korzina-kvadratnaya-uyut-1375,other,other,,,,,16900,,молочный,30х30х20 см,хлопковый шнур,,unknown_from_feed,https://kultura-doma.ru/public/src/images/gallery/catalog/69e0c25689309_big.jpg,https://kultura-doma.ru/public/src/images/gallery/catalog/69e0c25689309_big.jpg|https://kultura-doma.ru/public/src/images/gallery/catalog/69a6f175bc861_big.jpg|https://kultura-doma.ru/public/src/images/gallery/catalog/69e0c256c49c7_big.jpg
1376,1376,УТ-00010809,,Корзина хлопковая Уют,https://kultura-doma.ru/product/korzina-pryamougol-naya-uyut,other,other,,,,,35900,,черный,35х25х65 см,хлопковый шнур,,unknown_from_feed,https://kultura-doma.ru/public/src/images/gallery/catalog/69e0c3817979b_big.jpg,https://kultura-doma.ru/public/src/images/gallery/catalog/69e0c3817979b_big.jpg|https://kultura-doma.ru/public/src/images/gallery/catalog/6970df7aa6c1e_big.jpg|https://kultura-doma.ru/public/src/images/gallery/catalog/69e0c381b4d23_big.jpg
1377,1377,УТ-00010810,,Корзина хлопковая Уют,https://kultura-doma.ru/product/korzina-pryamougol-naya-uyut-1377,other,other,,,,,35900,,молочный,35х25х65 см,хлопковый шнур,,unknown_from_feed,https://kultura-doma.ru/public/src/images/gallery/catalog/6936e447474f7_big.jpg,https://kultura-doma.ru/public/src/images/gallery/catalog/6936e447474f7_big.jpg|https://kultura-doma.ru/public/src/images/gallery/catalog/6970ebcfaada7_big.jpg|https://kultura-doma.ru/public/src/images/gallery/catalog/6936e44791719_big.jpg
1378,1378,УТ-00010811,,Корзина хлопковая Уют черная 45 см,https://kultura-doma.ru/product/korzina-kruglaya-uyut,other,other,,,,,29900,,черный,35х35х45 см,хлопковый шнур,,unknown_from_feed,https://kultura-doma.ru/public/src/images/gallery/catalog/6936e44859b39_big.jpg,https://kultura-doma.ru/public/src/images/gallery/catalog/6936e44859b39_big.jpg|https://kultura-doma.ru/public/src/images/gallery/catalog/6970eb6833f32_big.jpg|https://kultura-doma.ru/public/src/images/gallery/catalog/6936e448a2f50_big.jpg
1379,1379,УТ-00010812,,Корзина хлопковая Уют,https://kultura-doma.ru/product/korzina-kruglaya-uyut-1379,other,other,,,,,29900,,молочный,35х35х45 см,хлопковый шнур,,unknown_from_feed,https://kultura-doma.ru/public/src/images/gallery/catalog/6936e44991bd6_big.jpg,https://kultura-doma.ru/public/src/images/gallery/catalog/6936e44991bd6_big.jpg|https://kultura-doma.ru/public/src/images/gallery/catalog/6970ebb745760_big.jpg|https://kultura-doma.ru/public/src/images/gallery/catalog/6936e449cddce_big.jpg
1380,1380,УТ-00010813,,Корзина хлопковая Уют,https://kultura-doma.ru/product/korzina-kruglaya-uyut-1380,other,other,,,,,15900,,черный,38х38х30 см,хлопковый шнур,,unknown_from_feed,https://kultura-doma.ru/public/src/images/gallery/catalog/6936e44a87a39_big.jpg,https://kultura-doma.ru/public/src/images/gallery/catalog/6936e44a87a39_big.jpg|https://kultura-doma.ru/public/src/images/gallery/catalog/6970ebe26870d_big.jpg
1381,1381,УТ-00010814,,Корзина хлопковая Уют,https://kultura-doma.ru/product/korzina-kruglaya-uyut-1381,other,other,,,,,15900,,молочный,38х38х30 см,хлопковый шнур,,unknown_from_feed,https://kultura-doma.ru/public/src/images/gallery/catalog/6936e44b57630_big.jpg,https://kultura-doma.ru/public/src/images/gallery/catalog/6936e44b57630_big.jpg|https://kultura-doma.ru/public/src/images/gallery/catalog/6970ebeea6fb2_big.jpg
1416,1416,УТ-00010582,,Плейсмат Винтаж,https://kultura-doma.ru/product/pleysmat-vintazh,placemat,table_textile,,,,,1790,,розовый,45х45 см,сатин,,unknown_from_feed,https://kultura-doma.ru/public/src/images/gallery/catalog/6a3d1e3a335b3_big.jpg,https://kultura-doma.ru/public/src/images/gallery/catalog/6a3d1e3a335b3_big.jpg|https://kultura-doma.ru/public/src/images/gallery/catalog/6970ce0a51641_big.jpg|https://kultura-doma.ru/public/src/images/gallery/catalog/6970ce0a1121a_big.jpg
1417,1417,УТ-00010594,,Плейсмат Винтаж,https://kultura-doma.ru/product/pleysmat-vintazh-1417,placemat,table_textile,,,,,1790,,белый,43х43 см,сатин,,unknown_from_feed,https://kultura-doma.ru/public/src/images/gallery/catalog/6a5759fe18822_big.jpg,https://kultura-doma.ru/public/src/images/gallery/catalog/6a5759fe18822_big.jpg|https://kultura-doma.ru/public/src/images/gallery/catalog/6970cd6f69290_big.jpg|https://kultura-doma.ru/public/src/images/gallery/catalog/6970cd6fb94c5_big.jpg
1418,1418,УТ-00010583,,Плейсмат Винтаж,https://kultura-doma.ru/product/pleysmat-vintazh-1418,placemat,table_textile,,,,,1790,,зеленый,38х47 см,сатин,,unknown_from_feed,https://kultura-doma.ru/public/src/images/gallery/catalog/6a5757fb087b1_big.jpg,https://kultura-doma.ru/public/src/images/gallery/catalog/6a5757fb087b1_big.jpg|https://kultura-doma.ru/public/src/images/gallery/catalog/6970cc850e87b_big.jpg
1419,1419,УТ-00010585,,Плейсмат Винтаж,https://kultura-doma.ru/product/pleysmat-vintazh-1419,placemat,table_textile,,,,,1790,,синий,40х50 см,,,unknown_from_feed,https://kultura-doma.ru/public/src/images/gallery/catalog/6a0c320c2794a_big.jpg,https://kultura-doma.ru/public/src/images/gallery/catalog/6a0c320c2794a_big.jpg|https://kultura-doma.ru/public/src/images/gallery/catalog/6970cd0e01332_big.jpg|https://kultura-doma.ru/public/src/images/gallery/catalog/6970cd0d88fc0_big.jpg
1420,1420,УТ-00010956,,Плейсмат Винтаж,https://kultura-doma.ru/product/pleysmat-vintazh-1420,placemat,table_textile,,,,,1790,,красный,39х48 см,сатин,,unknown_from_feed,https://kultura-doma.ru/public/src/images/gallery/catalog/6a57584d2633f_big.jpg,https://kultura-doma.ru/public/src/images/gallery/catalog/6a57584d2633f_big.jpg|https://kultura-doma.ru/public/src/images/gallery/catalog/6970d8228b4a0_big.jpg
1421,1421,УТ-00010584,,Плейсмат Винтаж,https://kultura-doma.ru/product/pleysmat-vintazh-1421,placemat,table_textile,,,,,1790,,бордовый,40х50 см,,,unknown_from_feed,https://kultura-doma.ru/public/src/images/gallery/catalog/6a354f49462fb_big.jpg,https://kultura-doma.ru/public/src/images/gallery/catalog/6a354f49462fb_big.jpg|https://kultura-doma.ru/public/src/images/gallery/catalog/6970cd44186b5_big.jpg|https://kultura-doma.ru/public/src/images/gallery/catalog/6970cd43be5c3_big.jpg
1424,,УТ-00011098,,Набор кофейных чашек Купель,https://kultura-doma.ru/product/nabor-kofeynyh-chashek-kupel,other,other,,,,,94900,,белый,,"фарфор, латунь, натуральный шпон",250 мл,unknown_from_feed,https://kultura-doma.ru/public/src/images/gallery/catalog/694b9514cb783_big.jpg,https://kultura-doma.ru/public/src/images/gallery/catalog/694b9514cb783_big.jpg|https://kultura-doma.ru/public/src/images/gallery/catalog/694b9516e5478_big.jpg|https://kultura-doma.ru/public/src/images/gallery/catalog/694b95148de04_big.jpg|https://kultura-doma.ru/public/src/images/gallery/catalog/694b9517285ef_big.jpg|https://kultura-doma.ru/public/src/images/gallery/catalog/694b951512493_big.jpg|https://kultura-doma.ru/public/src/images/gallery/catalog/694b9515698f4_big.jpg|https://kultura-doma.ru/public/src/images/gallery/catalog/694b9517a1fb5_big.jpg|https://kultura-doma.ru/public/src/images/gallery/catalog/694b9515a460e_big.jpg|https://kultura-doma.ru/public/src/images/gallery/catalog/694b9515e2462_big.jpg|https://kultura-doma.ru/public/src/images/gallery/catalog/694b9517d8923_big.jpg
1430,,УТ-00011127,,Ваза для конфет Оптика,https://kultura-doma.ru/product/vaza-dlya-konfet-optika,vase,atmosphere_or_drinks,,,,,47920,59900,,,хрусталь,,unknown_from_feed,https://kultura-doma.ru/public/src/images/gallery/catalog/6a0d5ad736f1d_big.jpg,https://kultura-doma.ru/public/src/images/gallery/catalog/6a0d5ad736f1d_big.jpg|https://kultura-doma.ru/public/src/images/gallery/catalog/696f66cbe6458_big.jpg|https://kultura-doma.ru/public/src/images/gallery/catalog/6a0d5ad7e335d_big.jpg|https://kultura-doma.ru/public/src/images/gallery/catalog/6a0d5ad836336_big.jpg
1432,,УТ-00011101,,Ваза Оптика Аметист,https://kultura-doma.ru/product/vaza-optika-rubin,vase,atmosphere_or_drinks,,,,,79920,99900,фиолетовый,,хрусталь,,unknown_from_feed,https://kultura-doma.ru/public/src/images/gallery/catalog/69707f9baca8e_big.jpg,https://kultura-doma.ru/public/src/images/gallery/catalog/69707f9baca8e_big.jpg|https://kultura-doma.ru/public/src/images/gallery/catalog/696f7322456e0_big.jpg|https://kultura-doma.ru/public/src/images/gallery/catalog/6a0d5aca9d4b2_big.jpg
1433,,УТ-00010674,,Ваза Пионы,https://kultura-doma.ru/product/vaza-piony-1433,vase,atmosphere_or_drinks,,,,,31920,39900,белый,,фарфор,,unknown_from_feed,https://kultura-doma.ru/public/src/images/gallery/catalog/6a0d5a4ff16aa_big.jpg,https://kultura-doma.ru/public/src/images/gallery/catalog/6a0d5a4ff16aa_big.jpg|https://kultura-doma.ru/public/src/images/gallery/catalog/6a0d5a5040591_big.jpg|https://kultura-doma.ru/public/src/images/gallery/catalog/6a0d5a5080704_big.jpg|https://kultura-doma.ru/public/src/images/gallery/catalog/6a0d5a50ba92d_big.jpg
1434,,УТ-00011100,,Ваза Раёк Аметист,https://kultura-doma.ru/product/vaza-dekorativnaya-raykom-rubin,vase,atmosphere_or_drinks,,,,,79920,99900,фиолетовый,,хрусталь,,unknown_from_feed,https://kultura-doma.ru/public/src/images/gallery/catalog/6a0d5ac78925c_big.jpg,https://kultura-doma.ru/public/src/images/gallery/catalog/6a0d5ac78925c_big.jpg|https://kultura-doma.ru/public/src/images/gallery/catalog/696f72e18a401_big.jpg|https://kultura-doma.ru/public/src/images/gallery/catalog/6a0d5ac822de0_big.jpg
1435,,УТ-00010675,,Ваза Букет,https://kultura-doma.ru/product/vaza-buket,vase,atmosphere_or_drinks,,,,,27120,33900,белый,,фарфор,,unknown_from_feed,https://kultura-doma.ru/public/src/images/gallery/catalog/6a0d59f9b6d62_big.jpg,https://kultura-doma.ru/public/src/images/gallery/catalog/6a0d59f9b6d62_big.jpg|https://kultura-doma.ru/public/src/images/gallery/catalog/6a0d59f9f164c_big.jpg
1436,1436,УТ-00011074,,Ваза Торжество,https://kultura-doma.ru/product/vaza-torzhestvo,vase,atmosphere_or_drinks,,,,,63920,79900,белый,37х16 см,фарфор,,unknown_from_feed,https://kultura-doma.ru/public/src/images/gallery/catalog/69958765a901b_big.jpg,https://kultura-doma.ru/public/src/images/gallery/catalog/69958765a901b_big.jpg|https://kultura-doma.ru/public/src/images/gallery/catalog/699570bdbc69e_big.png|https://kultura-doma.ru/public/src/images/gallery/catalog/6a0d5a6cb9f24_big.jpg|https://kultura-doma.ru/public/src/images/gallery/catalog/6a0d5a6d035bc_big.jpg|https://kultura-doma.ru/public/src/images/gallery/catalog/6a0d5a6d44cd1_big.jpg
1441,1441,УТ-00010684,,Покрывало Доминико,https://kultura-doma.ru/product/pokryvalo-dominiko,other,other,,,,,8330,11900,бежевый,240х260 см,велюр,,unknown_from_feed,https://kultura-doma.ru/public/src/images/gallery/catalog/6a5f7eed4a39c_big.jpg,https://kultura-doma.ru/public/src/images/gallery/catalog/6a5f7eed4a39c_big.jpg|https://kultura-doma.ru/public/src/images/gallery/catalog/69e61eee5ad4f_big.jpg|https://kultura-doma.ru/public/src/images/gallery/catalog/6a5f7eed8f07a_big.jpg
1442,1442,УТ-00010687,,Комплект покрывало и наволочки Нобилис,https://kultura-doma.ru/product/pokryvalo-nobilis,pillowcase_set,bedroom_layer,,,,,12040,17200,зеленый,240х260 см,велюр,,unknown_from_feed,https://kultura-doma.ru/public/src/images/gallery/catalog/6a57413a35648_big.jpg,https://kultura-doma.ru/public/src/images/gallery/catalog/6a57413a35648_big.jpg|https://kultura-doma.ru/public/src/images/gallery/catalog/6a57413a8f7ce_big.jpg|https://kultura-doma.ru/public/src/images/gallery/catalog/6a57413ad3f14_big.jpg|https://kultura-doma.ru/public/src/images/gallery/catalog/6a57413b2dbbd_big.jpg
1443,1443,УТ-00010686,,Комплект покрывало и наволочки Патрисия,https://kultura-doma.ru/product/pokryvalo-patrisiya,throw,bedroom_layer,,,,,17200,,серый,240х260 см,бархат,,unknown_from_feed,https://kultura-doma.ru/public/src/images/gallery/catalog/6a5740d5d493c_big.jpg,https://kultura-doma.ru/public/src/images/gallery/catalog/6a5740d5d493c_big.jpg|https://kultura-doma.ru/public/src/images/gallery/catalog/6a15acc898acb_big.jpg|https://kultura-doma.ru/public/src/images/gallery/catalog/6a5740d6817dc_big.jpg|https://kultura-doma.ru/public/src/images/gallery/catalog/6a15acc8d83bd_big.jpg|https://kultura-doma.ru/public/src/images/gallery/catalog/6a5740d58e837_big.jpg|https://kultura-doma.ru/public/src/images/gallery/catalog/6a5740d63177a_big.jpg|https://kultura-doma.ru/public/src/images/gallery/catalog/6a15acc920e2d_big.jpg
1448,1448,УТ-00011125,,Ваза Шотландка Аметист,https://kultura-doma.ru/product/vaza-shotlandka-ametist,vase,atmosphere_or_drinks,,,,,47920,59900,красный,37 см,хрусталь,,unknown_from_feed,https://kultura-doma.ru/public/src/images/gallery/catalog/6a671655b9996_big.jpg,https://kultura-doma.ru/public/src/images/gallery/catalog/6a671655b9996_big.jpg|https://kultura-doma.ru/public/src/images/gallery/catalog/696f733a480fb_big.jpg|https://kultura-doma.ru/public/src/images/gallery/catalog/6a67165632a40_big.jpg|https://kultura-doma.ru/public/src/images/gallery/catalog/6a6716568d721_big.jpg
1448-2654,1448,УТ-00011126,,Ваза Шотландка Аметист: 47 см,https://kultura-doma.ru/product/vaza-shotlandka-ametist-size-47-sm,vase,atmosphere_or_drinks,,,,,60720,59900,красный,47 см,хрусталь,,unknown_from_feed,https://kultura-doma.ru/public/src/images/gallery/catalog/6a671655b9996_big.jpg,https://kultura-doma.ru/public/src/images/gallery/catalog/6a671655b9996_big.jpg|https://kultura-doma.ru/public/src/images/gallery/catalog/696f733a480fb_big.jpg|https://kultura-doma.ru/public/src/images/gallery/catalog/6a67165632a40_big.jpg|https://kultura-doma.ru/public/src/images/gallery/catalog/6a6716568d721_big.jpg
1449,,УТ-00009881,,Ваза Этюд,https://kultura-doma.ru/product/vaza-etyud,vase,atmosphere_or_drinks,,,,,27216,45360,белый,,фарфор,,unknown_from_feed,https://kultura-doma.ru/public/src/images/gallery/catalog/6a58ede097101_big.jpg,https://kultura-doma.ru/public/src/images/gallery/catalog/6a58ede097101_big.jpg|https://kultura-doma.ru/public/src/images/gallery/catalog/6a58ede0d9ac9_big.jpg
1475,1475,УТ-00010339,,Простыня свободная Классика,https://kultura-doma.ru/product/prostynya-klassika-240h270sm-belaya,other,other,,,,,8900,,белый,240х270 см,сатин,,unknown_from_feed,https://kultura-doma.ru/public/src/images/gallery/catalog/69c27fd986af0_big.jpg,https://kultura-doma.ru/public/src/images/gallery/catalog/69c27fd986af0_big.jpg|https://kultura-doma.ru/public/src/images/gallery/catalog/69c2826bf37ea_big.jpg|https://kultura-doma.ru/public/src/images/gallery/catalog/69c27fe310d5d_big.jpg|https://kultura-doma.ru/public/src/images/gallery/catalog/69c2826b12190_big.jpg|https://kultura-doma.ru/public/src/images/gallery/catalog/6a3900ee28d7a_big.jpg|https://kultura-doma.ru/public/src/images/gallery/catalog/6a3900ee8bba2_big.jpg|https://kultura-doma.ru/public/src/images/gallery/catalog/6a3900eeed5e3_big.jpg|https://kultura-doma.ru/public/src/images/gallery/catalog/6a3900ef665ff_big.jpg|https://kultura-doma.ru/public/src/images/gallery/catalog/6a3900efc5f07_big.jpg|https://kultura-doma.ru/public/src/images/gallery/catalog/6a3900f0251d5_big.jpg
1476,1476,УТ-00010340,,Простыня свободная Классика,https://kultura-doma.ru/product/prostynya-klassika-240h270sm-slivochnyy,other,other,,,,,8900,,сливочный,240х270 см,сатин,,unknown_from_feed,https://kultura-doma.ru/public/src/images/gallery/catalog/69c27fb30c565_big.jpg,https://kultura-doma.ru/public/src/images/gallery/catalog/69c27fb30c565_big.jpg|https://kultura-doma.ru/public/src/images/gallery/catalog/69c2820b30663_big.jpg|https://kultura-doma.ru/public/src/images/gallery/catalog/69c27f9ec3201_big.jpg|https://kultura-doma.ru/public/src/images/gallery/catalog/69c2820a65195_big.jpg|https://kultura-doma.ru/public/src/images/gallery/catalog/6a3900dbe3898_big.jpg|https://kultura-doma.ru/public/src/images/gallery/catalog/6a3900dc4d2b4_big.jpg|https://kultura-doma.ru/public/src/images/gallery/catalog/6a3900dc94ced_big.jpg|https://kultura-doma.ru/public/src/images/gallery/catalog/6a3900dcd68e6_big.jpg|https://kultura-doma.ru/public/src/images/gallery/catalog/6a3900dd30114_big.jpg|https://kultura-doma.ru/public/src/images/gallery/catalog/6a3900dd87aa2_big.jpg
1477,1477,УТ-00010342,,Простыня свободная Классика,https://kultura-doma.ru/product/prostynya-klassika-240h270sm-temnosiniy,other,other,,,,,8900,,синий,240х270 см,сатин,,unknown_from_feed,https://kultura-doma.ru/public/src/images/gallery/catalog/69c27f867b680_big.jpg,https://kultura-doma.ru/public/src/images/gallery/catalog/69c27f867b680_big.jpg|https://kultura-doma.ru/public/src/images/gallery/catalog/69c27bfe5d413_big.jpg|https://kultura-doma.ru/public/src/images/gallery/catalog/69c27bfd99663_big.jpg|https://kultura-doma.ru/public/src/images/gallery/catalog/6a3900e928f12_big.jpg|https://kultura-doma.ru/public/src/images/gallery/catalog/6a3900e96e73d_big.jpg|https://kultura-doma.ru/public/src/images/gallery/catalog/6a3900e9b59c1_big.jpg|https://kultura-doma.ru/public/src/images/gallery/catalog/6a3900ea0f771_big.jpg|https://kultura-doma.ru/public/src/images/gallery/catalog/6a3900ea82db2_big.jpg|https://kultura-doma.ru/public/src/images/gallery/catalog/6a3900eb0b394_big.jpg|https://kultura-doma.ru/public/src/images/gallery/catalog/6a3900eb5857d_big.jpg
1478,1478,УТ-00010343,,Простыня свободная Классика,https://kultura-doma.ru/product/prostynya-klassika-240h270sm-platinovyy,other,other,,,,,8900,,серый,240х270 см,сатин,,unknown_from_feed,https://kultura-doma.ru/public/src/images/gallery/catalog/69c28ef464e7a_big.jpg,https://kultura-doma.ru/public/src/images/gallery/catalog/69c28ef464e7a_big.jpg|https://kultura-doma.ru/public/src/images/gallery/catalog/69c27c9c6d021_big.jpg|https://kultura-doma.ru/public/src/images/gallery/catalog/696a55f76cde7_big.jpg|https://kultura-doma.ru/public/src/images/gallery/catalog/69c27c9ba1806_big.jpg|https://kultura-doma.ru/public/src/images/gallery/catalog/6a3900bed99c2_big.jpg|https://kultura-doma.ru/public/src/images/gallery/catalog/6a3900bf63700_big.jpg|https://kultura-doma.ru/public/src/images/gallery/catalog/6a3900c011f7f_big.jpg|https://kultura-doma.ru/public/src/images/gallery/catalog/6a3900c0a14cf_big.jpg|https://kultura-doma.ru/public/src/images/gallery/catalog/6a3900c13d3c5_big.jpg|https://kultura-doma.ru/public/src/images/gallery/catalog/6a3900c1bec94_big.jpg
1485,1485,УТ-00010105,,Салфетка Браслет,https://kultura-doma.ru/product/salfetka-braslet-45h45-sm,napkin,table_textile,,,,,5490,,белый,45х45 см,лён,,unknown_from_feed,https://kultura-doma.ru/public/src/images/gallery/catalog/6a43d46a18ce8_big.jpg,https://kultura-doma.ru/public/src/images/gallery/catalog/6a43d46a18ce8_big.jpg|https://kultura-doma.ru/public/src/images/gallery/catalog/69c2a573b6cdf_big.jpg
1486,,УТ-00010108,,Столешник Кокошники,https://kultura-doma.ru/product/stoleshnik-kokoshniki-55-sm-s-vyshivkoy,other,other,,,,,35900,,белый,,лён,,unknown_from_feed,https://kultura-doma.ru/public/src/images/gallery/catalog/69f219ab3cf57_big.jpg,https://kultura-doma.ru/public/src/images/gallery/catalog/69f219ab3cf57_big.jpg|https://kultura-doma.ru/public/src/images/gallery/catalog/69c29dd1aca77_big.jpg
1487,,УТ-00010109,,Столешник Медальон,https://kultura-doma.ru/product/stoleshnik-medal-on-55-sm-s-vyshivkoy,other,other,,,,,79900,,белый,,лён,,unknown_from_feed,https://kultura-doma.ru/public/src/images/gallery/catalog/69f219ac5a4bd_big.jpg,https://kultura-doma.ru/public/src/images/gallery/catalog/69f219ac5a4bd_big.jpg|https://kultura-doma.ru/public/src/images/gallery/catalog/69c29dbb861d4_big.jpg
1488,1488,УТ-00010106,,Дорожка Нежность,https://kultura-doma.ru/product/dorozhka-nezhnost-48h120-sm,table_runner,table_textile,,,,,34900,,белый,48х120 см,лён,,unknown_from_feed,https://kultura-doma.ru/public/src/images/gallery/catalog/69f218c97fa1b_big.jpg,https://kultura-doma.ru/public/src/images/gallery/catalog/69f218c97fa1b_big.jpg|https://kultura-doma.ru/public/src/images/gallery/catalog/69c29e53c881c_big.jpg
1488-1997,1488,УТ-00010107,,Дорожка Нежность: 20х180 см,https://kultura-doma.ru/product/dorozhka-nezhnost-48h120-sm-size-20h180-sm,table_runner,table_textile,,,,,44900,,белый,20х180 см,лён,,unknown_from_feed,https://kultura-doma.ru/public/src/images/gallery/catalog/69f218c97fa1b_big.jpg,https://kultura-doma.ru/public/src/images/gallery/catalog/69f218c97fa1b_big.jpg|https://kultura-doma.ru/public/src/images/gallery/catalog/69c29e53c881c_big.jpg
1489,1489,УТ-00010107,,Дорожка Нежность,https://kultura-doma.ru/product/dorozhka-nezhnost-50h180-sm,table_runner,table_textile,,,,,44900,,белый,20х180 см,лён,,unknown_from_feed,https://kultura-doma.ru/public/src/images/gallery/catalog/69c2a740dc874_big.jpg,https://kultura-doma.ru/public/src/images/gallery/catalog/69c2a740dc874_big.jpg|https://kultura-doma.ru/public/src/images/gallery/catalog/69c2a7d741f64_big.png
1495,1495,УТ-00010629,,Наматрасник корал флис,https://kultura-doma.ru/product/namatrasnik-koral-flis-140x200-sm,other,other,,,,,3150,4500,белый,140х200х30 см,"70% вискоза, 30% хлопок",,unknown_from_feed,https://kultura-doma.ru/public/src/images/gallery/catalog/6980b4008b27a_big.jpg,https://kultura-doma.ru/public/src/images/gallery/catalog/6980b4008b27a_big.jpg|https://kultura-doma.ru/public/src/images/gallery/catalog/6980b400d530e_big.jpg|https://kultura-doma.ru/public/src/images/gallery/catalog/6980b4004127f_big.jpg|https://kultura-doma.ru/public/src/images/gallery/catalog/6a39408d98593_big.jpg
1495-1637,1495,УТ-00010630,,Наматрасник корал флис: 160х200х30 см,https://kultura-doma.ru/product/namatrasnik-koral-flis-140x200-sm-size-160h200h30,other,other,,,,,3710,4500,белый,160х200х30 см,"70% вискоза, 30% хлопок",,unknown_from_feed,https://kultura-doma.ru/public/src/images/gallery/catalog/6980b4008b27a_big.jpg,https://kultura-doma.ru/public/src/images/gallery/catalog/6980b4008b27a_big.jpg|https://kultura-doma.ru/public/src/images/gallery/catalog/6980b400d530e_big.jpg|https://kultura-doma.ru/public/src/images/gallery/catalog/6980b4004127f_big.jpg|https://kultura-doma.ru/public/src/images/gallery/catalog/6a39408d98593_big.jpg
1495-1638,1495,УТ-00010631,,Наматрасник корал флис: 180х200х30 см,https://kultura-doma.ru/product/namatrasnik-koral-flis-140x200-sm-size-180h200h30,other,other,,,,,3920,4500,белый,180х200х30 см,"70% вискоза, 30% хлопок",,unknown_from_feed,https://kultura-doma.ru/public/src/images/gallery/catalog/6980b4008b27a_big.jpg,https://kultura-doma.ru/public/src/images/gallery/catalog/6980b4008b27a_big.jpg|https://kultura-doma.ru/public/src/images/gallery/catalog/6980b400d530e_big.jpg|https://kultura-doma.ru/public/src/images/gallery/catalog/6980b4004127f_big.jpg|https://kultura-doma.ru/public/src/images/gallery/catalog/6a39408d98593_big.jpg
1496,1496,УТ-00010635,,Наматрасник Tencel,https://kultura-doma.ru/product/namatrasnik-tencel-200h200-sm,other,other,,,,,4480,6400,белый,140х200х30 см,"50% хлопок, 50% тенсель",,unknown_from_feed,https://kultura-doma.ru/public/src/images/gallery/catalog/6980abdad2d2d_big.jpg,https://kultura-doma.ru/public/src/images/gallery/catalog/6980abdad2d2d_big.jpg|https://kultura-doma.ru/public/src/images/gallery/catalog/6980abdb64e5e_big.jpg|https://kultura-doma.ru/public/src/images/gallery/catalog/6980abdb1fc7f_big.jpg
1496-1639,1496,УТ-00010635,,Наматрасник Tencel: 200х200х30 см,https://kultura-doma.ru/product/namatrasnik-tencel-200h200-sm-size-200h200h30,other,other,,,,,5670,6400,белый,200х200х30 см,"50% хлопок, 50% тенсель",,unknown_from_feed,https://kultura-doma.ru/public/src/images/gallery/catalog/6980abdad2d2d_big.jpg,https://kultura-doma.ru/public/src/images/gallery/catalog/6980abdad2d2d_big.jpg|https://kultura-doma.ru/public/src/images/gallery/catalog/6980abdb64e5e_big.jpg|https://kultura-doma.ru/public/src/images/gallery/catalog/6980abdb1fc7f_big.jpg
1496-1640,1496,УТ-00010634,,Наматрасник Tencel: 180х200х30 см,https://kultura-doma.ru/product/namatrasnik-tencel-200h200-sm-size-180h200h30,other,other,,,,,5320,6400,белый,180х200х30 см,"50% хлопок, 50% тенсель",,unknown_from_feed,https://kultura-doma.ru/public/src/images/gallery/catalog/6980abdad2d2d_big.jpg,https://kultura-doma.ru/public/src/images/gallery/catalog/6980abdad2d2d_big.jpg|https://kultura-doma.ru/public/src/images/gallery/catalog/6980abdb64e5e_big.jpg|https://kultura-doma.ru/public/src/images/gallery/catalog/6980abdb1fc7f_big.jpg
1496-1641,1496,УТ-00010633,,Наматрасник Tencel: 160х200х30 см,https://kultura-doma.ru/product/namatrasnik-tencel-200h200-sm-size-160h200h30,other,other,,,,,4900,6400,белый,160х200х30 см,"50% хлопок, 50% тенсель",,unknown_from_feed,https://kultura-doma.ru/public/src/images/gallery/catalog/6980abdad2d2d_big.jpg,https://kultura-doma.ru/public/src/images/gallery/catalog/6980abdad2d2d_big.jpg|https://kultura-doma.ru/public/src/images/gallery/catalog/6980abdb64e5e_big.jpg|https://kultura-doma.ru/public/src/images/gallery/catalog/6980abdb1fc7f_big.jpg
1509,,УТ-00011281,,Ваза Оптика,https://kultura-doma.ru/product/vaza-optika-hrustal,vase,atmosphere_or_drinks,,,,,63920,79900,,,хрусталь,,unknown_from_feed,https://kultura-doma.ru/public/src/images/gallery/catalog/6a0d5acc867e1_big.jpg,https://kultura-doma.ru/public/src/images/gallery/catalog/6a0d5acc867e1_big.jpg|https://kultura-doma.ru/public/src/images/gallery/catalog/69c63a9b8339f_big.jpg
1511,,УТ-00010949,Дияф,Чайник заварочный Дияф,https://kultura-doma.ru/product/chaynik-zavarochnyy-diyaf,teapot,serving_add_on,statement_accent,table,milk|sky_blue|gold,festive|geometric|ornamental,2994,4990,белый,,фарфор,650 мл,unknown_from_feed,https://kultura-doma.ru/public/src/images/gallery/catalog/6a394b019545c_big.jpg,https://kultura-doma.ru/public/src/images/gallery/catalog/6a394b019545c_big.jpg|https://kultura-doma.ru/public/src/images/gallery/catalog/69957d12b40cb_big.jpg|https://kultura-doma.ru/public/src/images/gallery/catalog/698deed78a015_big.jpg|https://kultura-doma.ru/public/src/images/gallery/catalog/698deedbe718a_big.jpg
1512,,УТ-00010951,Дияф,Чайная пара Дияф,https://kultura-doma.ru/product/chaynaya-para-diyaf,tea_pair,tea_or_coffee_service,statement_accent,table,milk|sky_blue|gold,festive|geometric|ornamental,2394,3990,белый,,фарфор,250 мл,unknown_from_feed,https://kultura-doma.ru/public/src/images/gallery/catalog/698dee8e5df80_big.jpg,https://kultura-doma.ru/public/src/images/gallery/catalog/698dee8e5df80_big.jpg|https://kultura-doma.ru/public/src/images/gallery/catalog/69957d1fd8941_big.jpg|https://kultura-doma.ru/public/src/images/gallery/catalog/698deeb89326e_big.jpg|https://kultura-doma.ru/public/src/images/gallery/catalog/698deeb993ca2_big.jpg|https://kultura-doma.ru/public/src/images/gallery/catalog/698deebb3f321_big.jpg
1513,1513,УТ-00010948,Дияф,Тарелка обеденная Дияф,https://kultura-doma.ru/product/tarelka-obedennaya-diyaf,dinner_plate,individual_tableware,statement_accent,table,milk|sky_blue|gold,festive|geometric|ornamental,2394,3990,белый,27 см,фарфор,,unknown_from_feed,https://kultura-doma.ru/public/src/images/gallery/catalog/69957ba4317d2_big.jpg,https://kultura-doma.ru/public/src/images/gallery/catalog/69957ba4317d2_big.jpg|https://kultura-doma.ru/public/src/images/gallery/catalog/69957bb9932aa_big.jpg|https://kultura-doma.ru/public/src/images/gallery/catalog/6a3a737c3a8c3_big.jpg|https://kultura-doma.ru/public/src/images/gallery/catalog/6a3a737b613ca_big.jpg|https://kultura-doma.ru/public/src/images/gallery/catalog/6a3a737ba6ea2_big.jpg|https://kultura-doma.ru/public/src/images/gallery/catalog/6a3a737be5c73_big.jpg|https://kultura-doma.ru/public/src/images/gallery/catalog/6a3a737c81bca_big.jpg
1514,1514,УТ-00010947,Дияф,Тарелка закусочная Дияф,https://kultura-doma.ru/product/tarelka-zakusochnaya-diyaf,snack_plate,individual_tableware,statement_accent,table,milk|sky_blue|gold,festive|geometric|ornamental,1914,3190,белый,24 см,фарфор,,unknown_from_feed,https://kultura-doma.ru/public/src/images/gallery/catalog/698dee47b2fe4_big.jpg,https://kultura-doma.ru/public/src/images/gallery/catalog/698dee47b2fe4_big.jpg|https://kultura-doma.ru/public/src/images/gallery/catalog/69957c5766b60_big.jpg|https://kultura-doma.ru/public/src/images/gallery/catalog/6a3a737f960ac_big.jpg|https://kultura-doma.ru/public/src/images/gallery/catalog/6a3a737e507ab_big.jpg|https://kultura-doma.ru/public/src/images/gallery/catalog/6a3a737e9d7f4_big.jpg|https://kultura-doma.ru/public/src/images/gallery/catalog/6a3a737ee46c1_big.jpg|https://kultura-doma.ru/public/src/images/gallery/catalog/6a3a737f4716f_big.jpg|https://kultura-doma.ru/public/src/images/gallery/catalog/6a3a737fecd6c_big.jpg
1515,1515,УТ-00010946,Дияф,Тарелка десертная Дияф,https://kultura-doma.ru/product/tarelka-desertnaya-diyaf,dessert_plate,individual_tableware,statement_accent,table,milk|sky_blue|gold,festive|geometric|ornamental,1314,2190,белый,21 см,фарфор,,unknown_from_feed,https://kultura-doma.ru/public/src/images/gallery/catalog/698def311a152_big.jpg,https://kultura-doma.ru/public/src/images/gallery/catalog/698def311a152_big.jpg|https://kultura-doma.ru/public/src/images/gallery/catalog/69957c72b8f17_big.jpg|https://kultura-doma.ru/public/src/images/gallery/catalog/69a7f03f7ee5c_big.png|https://kultura-doma.ru/public/src/images/gallery/catalog/698def521a465_big.jpg|https://kultura-doma.ru/public/src/images/gallery/catalog/6a3a738667b3f_big.jpg|https://kultura-doma.ru/public/src/images/gallery/catalog/6a3a7386a7b51_big.jpg|https://kultura-doma.ru/public/src/images/gallery/catalog/6a3a7386e9d6e_big.jpg|https://kultura-doma.ru/public/src/images/gallery/catalog/6a3a73873909a_big.jpg|https://kultura-doma.ru/public/src/images/gallery/catalog/6a3a73877a0e3_big.jpg|https://kultura-doma.ru/public/src/images/gallery/catalog/6a3a7387bc3a9_big.jpg
1516,,УТ-00010950,Дияф,Сахарница Дияф,https://kultura-doma.ru/product/saharnica-diyaf,sugar_bowl,serving_add_on,statement_accent,table,milk|sky_blue|gold,festive|geometric|ornamental,2094,3490,белый,,фарфор,300 мл,unknown_from_feed,https://kultura-doma.ru/public/src/images/gallery/catalog/698ded3fbd8f9_big.jpg,https://kultura-doma.ru/public/src/images/gallery/catalog/698ded3fbd8f9_big.jpg|https://kultura-doma.ru/public/src/images/gallery/catalog/69957d2971cb4_big.jpg|https://kultura-doma.ru/public/src/images/gallery/catalog/698ded3d8218d_big.jpg|https://kultura-doma.ru/public/src/images/gallery/catalog/6a394b0bc61cd_big.jpg|https://kultura-doma.ru/public/src/images/gallery/catalog/6a394b0aa096c_big.jpg
1517,,УТ-00010945,Дияф,Пиала Дияф,https://kultura-doma.ru/product/piala-diyaf,bowl,serving_add_on,statement_accent,table,milk|sky_blue|gold,festive|geometric|ornamental,1314,2190,белый,,фарфор,370 мл,unknown_from_feed,https://kultura-doma.ru/public/src/images/gallery/catalog/698decfd8e311_big.jpg,https://kultura-doma.ru/public/src/images/gallery/catalog/698decfd8e311_big.jpg|https://kultura-doma.ru/public/src/images/gallery/catalog/69957c9858c8e_big.jpg|https://kultura-doma.ru/public/src/images/gallery/catalog/698decfec4771_big.jpg|https://kultura-doma.ru/public/src/images/gallery/catalog/6a58ea2118b86_big.jpg|https://kultura-doma.ru/public/src/images/gallery/catalog/6a58ea2015549_big.jpg|https://kultura-doma.ru/public/src/images/gallery/catalog/6a58ea20555e8_big.jpg|https://kultura-doma.ru/public/src/images/gallery/catalog/6a58ea209643f_big.jpg|https://kultura-doma.ru/public/src/images/gallery/catalog/6a58ea20d1cf3_big.jpg|https://kultura-doma.ru/public/src/images/gallery/catalog/6a58ea215415e_big.jpg
1518,1518,УТ-00010944,Дияф,Блюдо Дияф,https://kultura-doma.ru/product/blyudo-diyaf,serving_dish,serving_add_on,statement_accent,table,milk|sky_blue|gold,festive|geometric|ornamental,4194,6990,белый,32 см,фарфор,,unknown_from_feed,https://kultura-doma.ru/public/src/images/gallery/catalog/698deddc79da9_big.JPG,https://kultura-doma.ru/public/src/images/gallery/catalog/698deddc79da9_big.JPG|https://kultura-doma.ru/public/src/images/gallery/catalog/69957c89b3bd1_big.jpg|https://kultura-doma.ru/public/src/images/gallery/catalog/6a3a77b382e86_big.jpg|https://kultura-doma.ru/public/src/images/gallery/catalog/6a3a77b075fd9_big.jpg|https://kultura-doma.ru/public/src/images/gallery/catalog/6a3a77b19092e_big.jpg|https://kultura-doma.ru/public/src/images/gallery/catalog/6a3a77b29de5b_big.jpg|https://kultura-doma.ru/public/src/images/gallery/catalog/6a3a77b451189_big.jpg
1531,,УТ-00011414,Овация,Подставка для яйца Овация,https://kultura-doma.ru/product/podstavka-dlya-yayca-ovaciya,other,textured_base,textured_base,table,milk|white,textured|soft|modern,594,990,белый,,фарфор,,unknown_from_feed,https://kultura-doma.ru/public/src/images/gallery/catalog/69f06b5f40d15_big.jpg,https://kultura-doma.ru/public/src/images/gallery/catalog/69f06b5f40d15_big.jpg|https://kultura-doma.ru/public/src/images/gallery/catalog/69958a2e7df55_big.jpg|https://kultura-doma.ru/public/src/images/gallery/catalog/69f06b5f8f39b_big.jpg
1532,1532,УТ-00011415,Овация,Тарелка десертная Овация,https://kultura-doma.ru/product/tarelka-desertnaya-ovaciya,dessert_plate,individual_tableware,textured_base,table,milk|white,textured|soft|modern,894,1490,белый,"18,5 см",фарфор,,unknown_from_feed,https://kultura-doma.ru/public/src/images/gallery/catalog/69a59fe31bc63_big.jpg,https://kultura-doma.ru/public/src/images/gallery/catalog/69a59fe31bc63_big.jpg|https://kultura-doma.ru/public/src/images/gallery/catalog/699309e079356_big.jpg|https://kultura-doma.ru/public/src/images/gallery/catalog/6a3a732a78977_big.jpg|https://kultura-doma.ru/public/src/images/gallery/catalog/6a3a732ab493a_big.jpg
1533,1533,УТ-00011416,Овация,Тарелка закусочная Овация,https://kultura-doma.ru/product/tarelka-zakusochnaya-ovaciya,snack_plate,individual_tableware,textured_base,table,milk|white,textured|soft|modern,1314,2190,белый,"23,5 см",фарфор,,unknown_from_feed,https://kultura-doma.ru/public/src/images/gallery/catalog/69a59ff7219ee_big.jpg,https://kultura-doma.ru/public/src/images/gallery/catalog/69a59ff7219ee_big.jpg|https://kultura-doma.ru/public/src/images/gallery/catalog/699309973b5c7_big.jpg|https://kultura-doma.ru/public/src/images/gallery/catalog/6a3a73220661d_big.jpg|https://kultura-doma.ru/public/src/images/gallery/catalog/6a3a732240b36_big.jpg
1534,1534,УТ-00011417,Овация,Тарелка обеденная Овация,https://kultura-doma.ru/product/tarelka-obedennaya-ovaciya,dinner_plate,individual_tableware,textured_base,table,milk|white,textured|soft|modern,1794,2990,белый,"26,5 см",фарфор,,unknown_from_feed,https://kultura-doma.ru/public/src/images/gallery/catalog/69cfd1dbd8788_big.jpg,https://kultura-doma.ru/public/src/images/gallery/catalog/69cfd1dbd8788_big.jpg|https://kultura-doma.ru/public/src/images/gallery/catalog/69cfd06a0b47c_big.jpg
1535,1535,УТ-00011418,Овация,Тарелка глубокая Овация,https://kultura-doma.ru/product/tarelka-glubokaya-ovaciya,deep_plate,individual_tableware,textured_base,table,milk|white,textured|soft|modern,1794,2990,белый,26 см,фарфор,,unknown_from_feed,https://kultura-doma.ru/public/src/images/gallery/catalog/69cfcf5d94387_big.jpg,https://kultura-doma.ru/public/src/images/gallery/catalog/69cfcf5d94387_big.jpg|https://kultura-doma.ru/public/src/images/gallery/catalog/69958b5f30941_big.jpg
1536,1536,УТ-00011419,Овация,Блюдо овальное Овация,https://kultura-doma.ru/product/blyudo-oval-noe-ovaciya,serving_dish,serving_add_on,textured_base,table,milk|white,textured|soft|modern,2154,3590,белый,"36х25,5 см",фарфор,,unknown_from_feed,https://kultura-doma.ru/public/src/images/gallery/catalog/6a3a77ab1a012_big.jpg,https://kultura-doma.ru/public/src/images/gallery/catalog/6a3a77ab1a012_big.jpg
1537,1537,УТ-00011420,Овация,Салатник порционный Овация,https://kultura-doma.ru/product/salatnik-porcionnyy-ovaciya,salad_bowl,serving_add_on,textured_base,table,milk|white,textured|soft|modern,954,1590,белый,16 см,фарфор,,unknown_from_feed,https://kultura-doma.ru/public/src/images/gallery/catalog/6a3a8620ea07f_big.jpg,https://kultura-doma.ru/public/src/images/gallery/catalog/6a3a8620ea07f_big.jpg|https://kultura-doma.ru/public/src/images/gallery/catalog/69958bb93c88e_big.jpg
1538,1538,УТ-00011421,Овация,Салатник Овация,https://kultura-doma.ru/product/salatnik-ovaciya,salad_bowl,serving_add_on,textured_base,table,milk|white,textured|soft|modern,1794,2990,белый,21 см,фарфор,,unknown_from_feed,https://kultura-doma.ru/public/src/images/gallery/catalog/6a3a861013057_big.jpg,https://kultura-doma.ru/public/src/images/gallery/catalog/6a3a861013057_big.jpg
1539,,УТ-00011516,Овация,Кофейная пара Овация,https://kultura-doma.ru/product/kofeynaya-para-ovaciya,coffee_pair,tea_or_coffee_service,textured_base,table,milk|white,textured|soft|modern,894,1490,белый,,фарфор,120 мл,unknown_from_feed,https://kultura-doma.ru/public/src/images/gallery/catalog/6a394af98ba5b_big.jpg,https://kultura-doma.ru/public/src/images/gallery/catalog/6a394af98ba5b_big.jpg|https://kultura-doma.ru/public/src/images/gallery/catalog/699308df21c8f_big.jpg|https://kultura-doma.ru/public/src/images/gallery/catalog/69930fcc7d471_big.png
1540,,УТ-00011514,Овация,Чайная пара Овация,https://kultura-doma.ru/product/chaynaya-para-ovaciya,tea_pair,tea_or_coffee_service,textured_base,table,milk|white,textured|soft|modern,1194,1990,белый,,фарфор,350 мл,unknown_from_feed,https://kultura-doma.ru/public/src/images/gallery/catalog/6a394afacf9ef_big.jpg,https://kultura-doma.ru/public/src/images/gallery/catalog/6a394afacf9ef_big.jpg|https://kultura-doma.ru/public/src/images/gallery/catalog/699308d3be25c_big.jpg
1541,,УТ-00011515,Овация,Бульонная пара Овация,https://kultura-doma.ru/product/bul-onnaya-para-ovaciya,soup_pair,tea_or_coffee_service,textured_base,table,milk|white,textured|soft|modern,1794,2990,белый,,фарфор,400 мл,unknown_from_feed,https://kultura-doma.ru/public/src/images/gallery/catalog/69f06b33637de_big.jpg,https://kultura-doma.ru/public/src/images/gallery/catalog/69f06b33637de_big.jpg|https://kultura-doma.ru/public/src/images/gallery/catalog/6993088ca14e7_big.jpg
1542,,УТ-00011428,Овация,Чайник Овация,https://kultura-doma.ru/product/chaynik-ovaciya,teapot,serving_add_on,textured_base,table,milk|white,textured|soft|modern,2394,3990,белый,,фарфор,990 мл,unknown_from_feed,https://kultura-doma.ru/public/src/images/gallery/catalog/6a394afc1ae84_big.jpg,https://kultura-doma.ru/public/src/images/gallery/catalog/6a394afc1ae84_big.jpg|https://kultura-doma.ru/public/src/images/gallery/catalog/699306910d923_big.jpg
1543,,УТ-00011429,Овация,Молочник Овация,https://kultura-doma.ru/product/molochnik-ovaciya,milk_jug,serving_add_on,textured_base,table,milk|white,textured|soft|modern,894,1490,белый,,фарфор,160 мл,unknown_from_feed,https://kultura-doma.ru/public/src/images/gallery/catalog/6a394afd5391f_big.jpg,https://kultura-doma.ru/public/src/images/gallery/catalog/6a394afd5391f_big.jpg|https://kultura-doma.ru/public/src/images/gallery/catalog/699306866add5_big.jpg
1544,,УТ-00011430,Овация,Сахарница Овация,https://kultura-doma.ru/product/saharnica-ovaciya,sugar_bowl,serving_add_on,textured_base,table,milk|white,textured|soft|modern,954,1590,белый,,фарфор,240 мл,unknown_from_feed,https://kultura-doma.ru/public/src/images/gallery/catalog/6a394afe9c244_big.jpg,https://kultura-doma.ru/public/src/images/gallery/catalog/6a394afe9c244_big.jpg|https://kultura-doma.ru/public/src/images/gallery/catalog/6993066f183f9_big.jpg
1545,,УТ-00011431,Овация,Кружка Овация,https://kultura-doma.ru/product/kruzhka-ovaciya,mug,textured_base,textured_base,table,milk|white,textured|soft|modern,714,1190,белый,,фарфор,350 мл,unknown_from_feed,https://kultura-doma.ru/public/src/images/gallery/catalog/6a394affdcfc4_big.jpg,https://kultura-doma.ru/public/src/images/gallery/catalog/6a394affdcfc4_big.jpg|https://kultura-doma.ru/public/src/images/gallery/catalog/6993065ce7e66_big.jpg
1581,1581,УТ-00011566,,Пижама Звездочет,https://kultura-doma.ru/product/kostyum-muzhskiy,other,other,,,,,19990,,черный,48-50,тенсель,,unknown_from_feed,https://kultura-doma.ru/public/src/images/gallery/catalog/6a03280254513_big.jpg,https://kultura-doma.ru/public/src/images/gallery/catalog/6a03280254513_big.jpg|https://kultura-doma.ru/public/src/images/gallery/catalog/6a032808ea391_big.jpg|https://kultura-doma.ru/public/src/images/gallery/catalog/6a032806ee3ef_big.jpg|https://kultura-doma.ru/public/src/images/gallery/catalog/6a032804eea57_big.jpg
1581-2176,1581,УТ-00011566,,Пижама Звездочет: 52-54,https://kultura-doma.ru/product/kostyum-muzhskiy-size-5254,other,other,,,,,19990,,черный,52-54,тенсель,,unknown_from_feed,https://kultura-doma.ru/public/src/images/gallery/catalog/6a03280254513_big.jpg,https://kultura-doma.ru/public/src/images/gallery/catalog/6a03280254513_big.jpg|https://kultura-doma.ru/public/src/images/gallery/catalog/6a032808ea391_big.jpg|https://kultura-doma.ru/public/src/images/gallery/catalog/6a032806ee3ef_big.jpg|https://kultura-doma.ru/public/src/images/gallery/catalog/6a032804eea57_big.jpg
1581-2177,1581,УТ-00011565,,Пижама Звездочет: 50-52,https://kultura-doma.ru/product/kostyum-muzhskiy-size-5052,other,other,,,,,19990,,черный,50-52,тенсель,,unknown_from_feed,https://kultura-doma.ru/public/src/images/gallery/catalog/6a03280254513_big.jpg,https://kultura-doma.ru/public/src/images/gallery/catalog/6a03280254513_big.jpg|https://kultura-doma.ru/public/src/images/gallery/catalog/6a032808ea391_big.jpg|https://kultura-doma.ru/public/src/images/gallery/catalog/6a032806ee3ef_big.jpg|https://kultura-doma.ru/public/src/images/gallery/catalog/6a032804eea57_big.jpg
1582,1582,УТ-00011291,,Анатомическая подушка Бьюти,https://kultura-doma.ru/product/komplekt-ortopedicheskaya-podushka-b-yuti,decorative_pillow,bedroom_layer,,,,,5592,6990,серый,60х40х14 см,memoryfoam,,unknown_from_feed,https://kultura-doma.ru/public/src/images/gallery/catalog/6a354d888af09_big.jpg,https://kultura-doma.ru/public/src/images/gallery/catalog/6a354d888af09_big.jpg|https://kultura-doma.ru/public/src/images/gallery/catalog/6a3a3ea3b2791_big.png|https://kultura-doma.ru/public/src/images/gallery/catalog/6a33f256c606d_big.png|https://kultura-doma.ru/public/src/images/gallery/catalog/6a354d87e1524_big.jpg|https://kultura-doma.ru/public/src/images/gallery/catalog/6a354d882e8db_big.jpg|https://kultura-doma.ru/public/src/images/gallery/catalog/6a33f25f531b5_big.png
1583,1583,УТ-00011292,,Анатомическая подушка Бьюти,https://kultura-doma.ru/product/komplekt-ortopedicheskaya-podushka-b-yuti-1583,decorative_pillow,bedroom_layer,,,,,5592,6990,бежевый,60х40х14 см,memoryfoam,,unknown_from_feed,https://kultura-doma.ru/public/src/images/gallery/catalog/6a354d8696168_big.jpg,https://kultura-doma.ru/public/src/images/gallery/catalog/6a354d8696168_big.jpg|https://kultura-doma.ru/public/src/images/gallery/catalog/6a3a3ed6a6acb_big.png|https://kultura-doma.ru/public/src/images/gallery/catalog/6a33f056bb7b4_big.png|https://kultura-doma.ru/public/src/images/gallery/catalog/6a354d8655cd2_big.jpg|https://kultura-doma.ru/public/src/images/gallery/catalog/6a354d861606d_big.jpg|https://kultura-doma.ru/public/src/images/gallery/catalog/6a33f074832f6_big.png
1584,1584,УТ-00011293,,Анатомическая подушка Классик,https://kultura-doma.ru/product/komplekt-ortopedicheskaya-podushka-klassik,decorative_pillow,bedroom_layer,,,,,4792,5990,серый,60х40х14 см,memoryfoam,,unknown_from_feed,https://kultura-doma.ru/public/src/images/gallery/catalog/6a354d8432f80_big.jpg,https://kultura-doma.ru/public/src/images/gallery/catalog/6a354d8432f80_big.jpg|https://kultura-doma.ru/public/src/images/gallery/catalog/6a3a3f21eac6d_big.png|https://kultura-doma.ru/public/src/images/gallery/catalog/6a33f0cd83944_big.png|https://kultura-doma.ru/public/src/images/gallery/catalog/6a33f0df19165_big.png|https://kultura-doma.ru/public/src/images/gallery/catalog/6a354d83dd5a5_big.jpg|https://kultura-doma.ru/public/src/images/gallery/catalog/6a354d846f2b4_big.jpg|https://kultura-doma.ru/public/src/images/gallery/catalog/6a33f0d588f7b_big.png
1585,1585,УТ-00011294,,Анатомическая подушка Классик,https://kultura-doma.ru/product/komplekt-ortopedicheskaya-podushka-klassik-1585,decorative_pillow,bedroom_layer,,,,,4792,5990,бежевый,60х40х14 см,memoryfoam,,unknown_from_feed,https://kultura-doma.ru/public/src/images/gallery/catalog/6a354d8207293_big.jpg,https://kultura-doma.ru/public/src/images/gallery/catalog/6a354d8207293_big.jpg|https://kultura-doma.ru/public/src/images/gallery/catalog/6a3a3f5f39123_big.png|https://kultura-doma.ru/public/src/images/gallery/catalog/6a33f141031f7_big.png|https://kultura-doma.ru/public/src/images/gallery/catalog/6a33f130d2f5e_big.png|https://kultura-doma.ru/public/src/images/gallery/catalog/6a354d81a7d6f_big.jpg|https://kultura-doma.ru/public/src/images/gallery/catalog/6a354d825ff04_big.jpg|https://kultura-doma.ru/public/src/images/gallery/catalog/6a33f1393191e_big.png
1586,1586,УТ-00011295,,Анатомическая подушка Мульти,https://kultura-doma.ru/product/komplekt-ortopedicheskaya-podushka-mul-ti,decorative_pillow,bedroom_layer,,,,,5192,6490,серый,60х40х14 см,memoryfoam,,unknown_from_feed,https://kultura-doma.ru/public/src/images/gallery/catalog/6a354d7f5086b_big.jpg,https://kultura-doma.ru/public/src/images/gallery/catalog/6a354d7f5086b_big.jpg|https://kultura-doma.ru/public/src/images/gallery/catalog/6a3a3c4c0be41_big.png|https://kultura-doma.ru/public/src/images/gallery/catalog/6a354d7dba498_big.jpg|https://kultura-doma.ru/public/src/images/gallery/catalog/6a354d7ec3a5b_big.jpg|https://kultura-doma.ru/public/src/images/gallery/catalog/6a33f1aca718c_big.png|https://kultura-doma.ru/public/src/images/gallery/catalog/6a33f1b4dfb10_big.png|https://kultura-doma.ru/public/src/images/gallery/catalog/6a33f1bdbdc08_big.png
1587,1587,УТ-00011296,,Анатомическая подушка Мульти,https://kultura-doma.ru/product/komplekt-ortopedicheskaya-podushka-mul-ti-1587,decorative_pillow,bedroom_layer,,,,,5192,6490,бежевый,60х40х14 см,memoryfoam,,unknown_from_feed,https://kultura-doma.ru/public/src/images/gallery/catalog/6a354d7c378cf_big.jpg,https://kultura-doma.ru/public/src/images/gallery/catalog/6a354d7c378cf_big.jpg|https://kultura-doma.ru/public/src/images/gallery/catalog/6a3a3c1d8b68f_big.png|https://kultura-doma.ru/public/src/images/gallery/catalog/6a33f1f027e37_big.png|https://kultura-doma.ru/public/src/images/gallery/catalog/6a33f1f930dda_big.png
1590,1590,УТ-00010638,,Одеяло Тесто,https://kultura-doma.ru/product/odeyalo-testo,other,other,,,,,11500,,,155х215 см,"50% микрогель, 50% силиконизированное микроволокно",,unknown_from_feed,https://kultura-doma.ru/public/src/images/gallery/catalog/6a5750394fd92_big.jpg,https://kultura-doma.ru/public/src/images/gallery/catalog/6a5750394fd92_big.jpg|https://kultura-doma.ru/public/src/images/gallery/catalog/6a575039a1211_big.jpg|https://kultura-doma.ru/public/src/images/gallery/catalog/6a575039ba331_big.jpg|https://kultura-doma.ru/public/src/images/gallery/catalog/6a575039d7197_big.jpg|https://kultura-doma.ru/public/src/images/gallery/catalog/6a57503a19c12_big.jpg|https://kultura-doma.ru/public/src/images/gallery/catalog/6a57503a37638_big.jpg
1590-2061,1590,УТ-00010639,,Одеяло Тесто: 195х215 см,https://kultura-doma.ru/product/odeyalo-testo-size-195h215-sm,other,other,,,,,13600,,,195х215 см,"50% микрогель, 50% силиконизированное микроволокно",,unknown_from_feed,https://kultura-doma.ru/public/src/images/gallery/catalog/6a5750394fd92_big.jpg,https://kultura-doma.ru/public/src/images/gallery/catalog/6a5750394fd92_big.jpg|https://kultura-doma.ru/public/src/images/gallery/catalog/6a575039a1211_big.jpg|https://kultura-doma.ru/public/src/images/gallery/catalog/6a575039ba331_big.jpg|https://kultura-doma.ru/public/src/images/gallery/catalog/6a575039d7197_big.jpg|https://kultura-doma.ru/public/src/images/gallery/catalog/6a57503a19c12_big.jpg|https://kultura-doma.ru/public/src/images/gallery/catalog/6a57503a37638_big.jpg
1591,1591,УТ-00010636,,Подушка Тесто,https://kultura-doma.ru/product/podushka-testo,decorative_pillow,bedroom_layer,,,,,4200,,,50х70 см,"50% микрогель, 50% силиконизированное микроволокно",,unknown_from_feed,https://kultura-doma.ru/public/src/images/gallery/catalog/6a574fef3f95e_big.jpg,https://kultura-doma.ru/public/src/images/gallery/catalog/6a574fef3f95e_big.jpg|https://kultura-doma.ru/public/src/images/gallery/catalog/6a574fefda5fa_big.jpg
1591-2067,1591,УТ-00010637,,Подушка Тесто: 70х70 см,https://kultura-doma.ru/product/podushka-testo-size-70h70-sm,decorative_pillow,bedroom_layer,,,,,5000,,,70х70 см,"50% микрогель, 50% силиконизированное микроволокно",,unknown_from_feed,https://kultura-doma.ru/public/src/images/gallery/catalog/6a574fef3f95e_big.jpg,https://kultura-doma.ru/public/src/images/gallery/catalog/6a574fef3f95e_big.jpg|https://kultura-doma.ru/public/src/images/gallery/catalog/6a574fefda5fa_big.jpg
1592,1592,УТ-00010640,,Подушка Шёлк,https://kultura-doma.ru/product/silk-podushka,decorative_pillow,bedroom_layer,,,,,8500,,белый,50х70 см,сатин,,unknown_from_feed,https://kultura-doma.ru/public/src/images/gallery/catalog/6a33efa342e1f_big.jpg,https://kultura-doma.ru/public/src/images/gallery/catalog/6a33efa342e1f_big.jpg|https://kultura-doma.ru/public/src/images/gallery/catalog/6a33efa3b81db_big.jpg|https://kultura-doma.ru/public/src/images/gallery/catalog/6a33efa37c6c5_big.jpg
1592-2065,1592,УТ-00010641,,Подушка Шёлк: 70х70 см,https://kultura-doma.ru/product/silk-podushka-size-70h70-sm,decorative_pillow,bedroom_layer,,,,,10900,,белый,70х70 см,сатин,,unknown_from_feed,https://kultura-doma.ru/public/src/images/gallery/catalog/6a33efa342e1f_big.jpg,https://kultura-doma.ru/public/src/images/gallery/catalog/6a33efa342e1f_big.jpg|https://kultura-doma.ru/public/src/images/gallery/catalog/6a33efa3b81db_big.jpg|https://kultura-doma.ru/public/src/images/gallery/catalog/6a33efa37c6c5_big.jpg
1593,1593,УТ-00010642,,Одеяло Шёлк,https://kultura-doma.ru/product/silk-odeyalo,other,other,,,,,25600,,белый,195х215 см,,,unknown_from_feed,https://kultura-doma.ru/public/src/images/gallery/catalog/6a33efa1327d8_big.jpg,https://kultura-doma.ru/public/src/images/gallery/catalog/6a33efa1327d8_big.jpg|https://kultura-doma.ru/public/src/images/gallery/catalog/6a3a40c59f647_big.jpg|https://kultura-doma.ru/public/src/images/gallery/catalog/6a3a40be058a7_big.jpg|https://kultura-doma.ru/public/src/images/gallery/catalog/6a3a40bf5cb17_big.jpg|https://kultura-doma.ru/public/src/images/gallery/catalog/6a3a40c0b754f_big.jpg|https://kultura-doma.ru/public/src/images/gallery/catalog/6a3a40c285d2a_big.jpg
1593-2062,1593,УТ-00010643,,Одеяло Шёлк: 235х215 см,https://kultura-doma.ru/product/silk-odeyalo-size-235h215-sm,other,other,,,,,29500,,белый,235х215 см,,,unknown_from_feed,https://kultura-doma.ru/public/src/images/gallery/catalog/6a33efa1327d8_big.jpg,https://kultura-doma.ru/public/src/images/gallery/catalog/6a33efa1327d8_big.jpg|https://kultura-doma.ru/public/src/images/gallery/catalog/6a3a40c59f647_big.jpg|https://kultura-doma.ru/public/src/images/gallery/catalog/6a3a40be058a7_big.jpg|https://kultura-doma.ru/public/src/images/gallery/catalog/6a3a40bf5cb17_big.jpg|https://kultura-doma.ru/public/src/images/gallery/catalog/6a3a40c0b754f_big.jpg|https://kultura-doma.ru/public/src/images/gallery/catalog/6a3a40c285d2a_big.jpg
1595,1595,УТ-00011462,,Скатерть Лебедушка,https://kultura-doma.ru/product/skatert-lebedushka,tablecloth,table_textile,,,,,22900,,белый,180х180 см,сатин,,unknown_from_feed,https://kultura-doma.ru/public/src/images/gallery/catalog/6a3014c2d0272_big.jpg,https://kultura-doma.ru/public/src/images/gallery/catalog/6a3014c2d0272_big.jpg|https://kultura-doma.ru/public/src/images/gallery/catalog/69a98453c180f_big.jpg
1595-2125,1595,УТ-00011463,,Скатерть Лебедушка: 180х250 см,https://kultura-doma.ru/product/skatert-lebedushka-size-180h250-sm,tablecloth,table_textile,,,,,24900,,белый,180х250 см,сатин,,unknown_from_feed,https://kultura-doma.ru/public/src/images/gallery/catalog/6a3014c2d0272_big.jpg,https://kultura-doma.ru/public/src/images/gallery/catalog/6a3014c2d0272_big.jpg|https://kultura-doma.ru/public/src/images/gallery/catalog/69a98453c180f_big.jpg
1595-2126,1595,УТ-00011464,,Скатерть Лебедушка: 180х350 см,https://kultura-doma.ru/product/skatert-lebedushka-size-180h350-sm,tablecloth,table_textile,,,,,25900,,белый,180х350 см,сатин,,unknown_from_feed,https://kultura-doma.ru/public/src/images/gallery/catalog/6a3014c2d0272_big.jpg,https://kultura-doma.ru/public/src/images/gallery/catalog/6a3014c2d0272_big.jpg|https://kultura-doma.ru/public/src/images/gallery/catalog/69a98453c180f_big.jpg
1596,1596,УТ-00010568,,Плейсмат Дворцы России,https://kultura-doma.ru/product/pleysmat-dvorcy-rossii,placemat,table_textile,,,,,3190,,белый,38х47 см,сатин,,unknown_from_feed,https://kultura-doma.ru/public/src/images/gallery/catalog/6a451785158fd_big.jpg,https://kultura-doma.ru/public/src/images/gallery/catalog/6a451785158fd_big.jpg|https://kultura-doma.ru/public/src/images/gallery/catalog/69a98f42f3665_big.jpg|https://kultura-doma.ru/public/src/images/gallery/catalog/69b1338f98991_big.jpg
1602,1602,УТ-00010416,,Дорожка Дворцы России,https://kultura-doma.ru/product/dorozhka-dvorcy-rossii,table_runner,table_textile,,,,,10900,,белый,45х160 см,сатин,,unknown_from_feed,https://kultura-doma.ru/public/src/images/gallery/catalog/6a57541324bfa_big.jpg,https://kultura-doma.ru/public/src/images/gallery/catalog/6a57541324bfa_big.jpg|https://kultura-doma.ru/public/src/images/gallery/catalog/69c2a1c7cd0a1_big.jpg
1603,1603,УТ-00010911,,Блюдо овальное Весенний сад,https://kultura-doma.ru/product/blyudo-oval-noe-vesenniy-sad,serving_dish,serving_add_on,,,,,4472,5590,белый,24х16 см,фарфор,,unknown_from_feed,https://kultura-doma.ru/public/src/images/gallery/catalog/6a3a77d20866e_big.jpg,https://kultura-doma.ru/public/src/images/gallery/catalog/6a3a77d20866e_big.jpg|https://kultura-doma.ru/public/src/images/gallery/catalog/69a6eb2e0a6f8_big.jpg
1604,1604,УТ-00010912,,Блюдо овальное Весенний сад,https://kultura-doma.ru/product/blyudo-oval-noe-vesenniy-sad-1604,serving_dish,serving_add_on,,,,,6392,7990,белый,36х25 см,фарфор,,unknown_from_feed,https://kultura-doma.ru/public/src/images/gallery/catalog/6a3a77d34d3b2_big.jpg,https://kultura-doma.ru/public/src/images/gallery/catalog/6a3a77d34d3b2_big.jpg
1605,1605,УТ-00010913,,Блюдо Весенний сад,https://kultura-doma.ru/product/blyudo-krugloe-vesenniy-sad,serving_dish,serving_add_on,,,,,5592,6990,белый,32 см,фарфор,,unknown_from_feed,https://kultura-doma.ru/public/src/images/gallery/catalog/6a06d77592c8a_big.jpg,https://kultura-doma.ru/public/src/images/gallery/catalog/6a06d77592c8a_big.jpg|https://kultura-doma.ru/public/src/images/gallery/catalog/69a6ea61982e1_big.jpg
1608,1608,УТ-00011105,,Брошь Зебра,https://kultura-doma.ru/product/brosh-zebra,other,other,,,,,1494,2490,коричневый,4х4 см,"латунь, эмаль",,unknown_from_feed,https://kultura-doma.ru/public/src/images/gallery/catalog/69a6cbbe9f7ee_big.jpg,https://kultura-doma.ru/public/src/images/gallery/catalog/69a6cbbe9f7ee_big.jpg|https://kultura-doma.ru/public/src/images/gallery/catalog/6a47be892a6ee_big.jpg
1609,1609,УТ-00011106,,Брошь Лошадь под седлом,https://kultura-doma.ru/product/brosh-loshad-pod-sedlom,other,other,,,,,1494,2490,коричневый,4х4 см,"латунь, эмаль",,unknown_from_feed,https://kultura-doma.ru/public/src/images/gallery/catalog/6a47bf151cd8c_big.jpg,https://kultura-doma.ru/public/src/images/gallery/catalog/6a47bf151cd8c_big.jpg
1610,1610,УТ-00011107,,Брошь Гнедой конь,https://kultura-doma.ru/product/brosh-gnedoy-kon,other,other,,,,,1494,2490,коричневый,4х4 см,"латунь, эмаль",,unknown_from_feed,https://kultura-doma.ru/public/src/images/gallery/catalog/6a47bf63f3ebe_big.jpg,https://kultura-doma.ru/public/src/images/gallery/catalog/6a47bf63f3ebe_big.jpg
1611,1611,УТ-00011108,,Брошь Золотая лошадь,https://kultura-doma.ru/product/brosh-zolotaya-loshad,other,other,,,,,1494,2490,золотой,4х4 см,"латунь, эмаль",,unknown_from_feed,https://kultura-doma.ru/public/src/images/gallery/catalog/6a47bfba18745_big.jpg,https://kultura-doma.ru/public/src/images/gallery/catalog/6a47bfba18745_big.jpg
1615,,УТ-00011280,,Ваза Диагональ,https://kultura-doma.ru/product/vaza-diagonal,vase,atmosphere_or_drinks,,,,,23920,29900,,,хрусталь,,unknown_from_feed,https://kultura-doma.ru/public/src/images/gallery/catalog/69a6c5a113d22_big.jpg,https://kultura-doma.ru/public/src/images/gallery/catalog/69a6c5a113d22_big.jpg|https://kultura-doma.ru/public/src/images/gallery/catalog/69a6cdd0df636_big.jpg
1616,,УТ-00011519,,Диффузор Золотой цветок,https://kultura-doma.ru/product/diffuzor-zolotoy-cvetok,other,other,,,,,3990,,,,,130 мл,unknown_from_feed,https://kultura-doma.ru/public/src/images/gallery/catalog/6a1420ae5529a_big.JPG,https://kultura-doma.ru/public/src/images/gallery/catalog/6a1420ae5529a_big.JPG|https://kultura-doma.ru/public/src/images/gallery/catalog/69c24656cc8a4_big.jpg
1617,,УТ-00011523,,Диффузор Голубая Ель,https://kultura-doma.ru/product/diffuzor-golubaya-el,other,other,,,,,3990,,,,,130 мл,unknown_from_feed,https://kultura-doma.ru/public/src/images/gallery/catalog/6a1420797768d_big.JPG,https://kultura-doma.ru/public/src/images/gallery/catalog/6a1420797768d_big.JPG|https://kultura-doma.ru/public/src/images/gallery/catalog/6a608989a78e9_big.jpg
1618,,УТ-00011530,,Диффузор Мандариновый сад,https://kultura-doma.ru/product/diffuzor-mandarinovyy-sad,other,other,,,,,3990,,,,,130 мл,unknown_from_feed,https://kultura-doma.ru/public/src/images/gallery/catalog/6a101532a2453_big.jpg,https://kultura-doma.ru/public/src/images/gallery/catalog/6a101532a2453_big.jpg|https://kultura-doma.ru/public/src/images/gallery/catalog/6a10153258748_big.jpg
1619,1619,УТ-00009980,,Свеча Классика,https://kultura-doma.ru/product/svecha-stolovaya,candle,atmosphere_or_drinks,,,,,792,990,белый,"25,5 см",,,unknown_from_feed,https://kultura-doma.ru/public/src/images/gallery/catalog/69df5f5ac40ca_big.jpg,https://kultura-doma.ru/public/src/images/gallery/catalog/69df5f5ac40ca_big.jpg|https://kultura-doma.ru/public/src/images/gallery/catalog/69ca22570ee5b_big.jpg
1621,,УТ-00011185,,Ваза Амфора,https://kultura-doma.ru/product/vaza-amfora,vase,atmosphere_or_drinks,,,,,69300,99000,коричневый,,дуб,,unknown_from_feed,https://kultura-doma.ru/public/src/images/gallery/catalog/6a47a2630bc1b_big.jpg,https://kultura-doma.ru/public/src/images/gallery/catalog/6a47a2630bc1b_big.jpg|https://kultura-doma.ru/public/src/images/gallery/catalog/69a6cb71acf70_big.jpg
1622,1622,УТ-00011186,,Ваза Капля,https://kultura-doma.ru/product/vaza-kaplya,vase,atmosphere_or_drinks,,,,,62300,89000,коричневый,75 см,дуб,,unknown_from_feed,https://kultura-doma.ru/public/src/images/gallery/catalog/6a47a29c440b2_big.jpg,https://kultura-doma.ru/public/src/images/gallery/catalog/6a47a29c440b2_big.jpg|https://kultura-doma.ru/public/src/images/gallery/catalog/69a6cb7c40180_big.jpg
1623,1623,УТ-00011187,,Ваза Кувшин,https://kultura-doma.ru/product/vaza-kuvshin,vase,atmosphere_or_drinks,,,,,55300,79000,коричневый,65 см,дуб,,unknown_from_feed,https://kultura-doma.ru/public/src/images/gallery/catalog/6a47a9e920cc2_big.jpg,https://kultura-doma.ru/public/src/images/gallery/catalog/6a47a9e920cc2_big.jpg|https://kultura-doma.ru/public/src/images/gallery/catalog/69a6cb82833bf_big.jpg
1626,1626,УТ-00011103,,Статуэтка Лошадь эмаль,https://kultura-doma.ru/product/statuetka-loshad-emal,other,other,,,,,8940,14900,золотой,14х14 см,латунь,,unknown_from_feed,https://kultura-doma.ru/public/src/images/gallery/catalog/6a06c4f4cada6_big.jpg,https://kultura-doma.ru/public/src/images/gallery/catalog/6a06c4f4cada6_big.jpg|https://kultura-doma.ru/public/src/images/gallery/catalog/69a6e45215e9c_big.jpg
1627,1627,УТ-00011104,,Статуэтка Лошадь эмаль,https://kultura-doma.ru/product/statuetka-loshad-emal-1627,other,other,,,,,8940,14900,золотой,15х14 см,латунь,,unknown_from_feed,https://kultura-doma.ru/public/src/images/gallery/catalog/6a06c4c32a22e_big.jpg,https://kultura-doma.ru/public/src/images/gallery/catalog/6a06c4c32a22e_big.jpg|https://kultura-doma.ru/public/src/images/gallery/catalog/69a6e467bbd66_big.jpg
1628,1628,УТ-00011102,,Статуэтка Лошадь эмаль,https://kultura-doma.ru/product/statuetka-loshad-emal-1628,other,other,,,,,8940,14900,золотой,14х14 см,латунь,,unknown_from_feed,https://kultura-doma.ru/public/src/images/gallery/catalog/6a06c4d223823_big.jpg,https://kultura-doma.ru/public/src/images/gallery/catalog/6a06c4d223823_big.jpg|https://kultura-doma.ru/public/src/images/gallery/catalog/69a6e47761ac9_big.jpg
1629,1629,УТ-00009981,,Свеча Классика,https://kultura-doma.ru/product/svecha-stolovaya-25-5-sm,candle,atmosphere_or_drinks,,,,,792,990,желтый,"25,5 см",,,unknown_from_feed,https://kultura-doma.ru/public/src/images/gallery/catalog/69df5f5bd89fd_big.jpg,https://kultura-doma.ru/public/src/images/gallery/catalog/69df5f5bd89fd_big.jpg|https://kultura-doma.ru/public/src/images/gallery/catalog/69b962fc50f0b_big.jpg
1630,1630,УТ-00009979,,Свеча Классика,https://kultura-doma.ru/product/svecha-stolovaya-25-5-sm-1630,candle,atmosphere_or_drinks,,,,,792,990,зеленый,"25,5 см",соевый воск,,unknown_from_feed,https://kultura-doma.ru/public/src/images/gallery/catalog/69df5f59e36f0_big.jpg,https://kultura-doma.ru/public/src/images/gallery/catalog/69df5f59e36f0_big.jpg|https://kultura-doma.ru/public/src/images/gallery/catalog/69ba96c648e78_big.jpg
1631,,УТ-00010925,,Кофейная пара Весенний сад,https://kultura-doma.ru/product/kofeynaya-para-vesenniy-sad,coffee_pair,tea_or_coffee_service,,,,,2072,2590,белый,,фарфор,75 мл,unknown_from_feed,https://kultura-doma.ru/public/src/images/gallery/catalog/6a394adb1c1e5_big.jpg,https://kultura-doma.ru/public/src/images/gallery/catalog/6a394adb1c1e5_big.jpg|https://kultura-doma.ru/public/src/images/gallery/catalog/69a6ec2425f9f_big.jpg|https://kultura-doma.ru/public/src/images/gallery/catalog/6a394adaca709_big.jpg|https://kultura-doma.ru/public/src/images/gallery/catalog/6a394adb6a40a_big.jpg
1632,1632,УТ-00010928,,Перечница Весенний сад,https://kultura-doma.ru/product/perechnica-vesenniy-sad,other,other,,,,,1032,1290,белый,8 см,фарфор,70 мл,unknown_from_feed,https://kultura-doma.ru/public/src/images/gallery/catalog/6a2035b05f639_big.jpg,https://kultura-doma.ru/public/src/images/gallery/catalog/6a2035b05f639_big.jpg|https://kultura-doma.ru/public/src/images/gallery/catalog/69a6e561641fa_big.jpg|https://kultura-doma.ru/public/src/images/gallery/catalog/6a2035afe9d65_big.jpg|https://kultura-doma.ru/public/src/images/gallery/catalog/6a15b28061f93_big.jpg
1633,,УТ-00010917,,Розетка для варенья Весенний сад,https://kultura-doma.ru/product/rozetka-dlya-varen-ya-vesenniy-sad,other,other,,,,,1112,1390,белый,,фарфор,30 мл,unknown_from_feed,https://kultura-doma.ru/public/src/images/gallery/catalog/6a3a85f4984b9_big.jpg,https://kultura-doma.ru/public/src/images/gallery/catalog/6a3a85f4984b9_big.jpg|https://kultura-doma.ru/public/src/images/gallery/catalog/69a6eb47800d8_big.jpg|https://kultura-doma.ru/public/src/images/gallery/catalog/6a3a85f4dfa45_big.jpg
1634,,УТ-00010915,,Салатник Весенний сад,https://kultura-doma.ru/product/salatnik-vesenniy-sad,salad_bowl,serving_add_on,,,,,3672,4590,белый,,фарфор,1000 мл,unknown_from_feed,https://kultura-doma.ru/public/src/images/gallery/catalog/6a50b0d530a49_big.jpg,https://kultura-doma.ru/public/src/images/gallery/catalog/6a50b0d530a49_big.jpg|https://kultura-doma.ru/public/src/images/gallery/catalog/69a6ea8164b69_big.jpg|https://kultura-doma.ru/public/src/images/gallery/catalog/6a50b0d5741ff_big.jpg|https://kultura-doma.ru/public/src/images/gallery/catalog/69a6eb056794e_big.jpg
1635,,УТ-00010916,,Салатник Весенний сад,https://kultura-doma.ru/product/salatnik-vesenniy-sad-1635,salad_bowl,serving_add_on,,,,,2792,3490,белый,,фарфор,700 мл,unknown_from_feed,https://kultura-doma.ru/public/src/images/gallery/catalog/6a3a860658c9d_big.jpg,https://kultura-doma.ru/public/src/images/gallery/catalog/6a3a860658c9d_big.jpg|https://kultura-doma.ru/public/src/images/gallery/catalog/69a6ea9c833bf_big.jpg|https://kultura-doma.ru/public/src/images/gallery/catalog/6a3a86060c163_big.jpg
1636,,УТ-00010924,,Сахарница Весенний сад,https://kultura-doma.ru/product/saharnica-vesenniy-sad,sugar_bowl,serving_add_on,,,,,3032,3790,белый,,фарфор,300 мл,unknown_from_feed,https://kultura-doma.ru/public/src/images/gallery/catalog/6a394addd5f16_big.jpg,https://kultura-doma.ru/public/src/images/gallery/catalog/6a394addd5f16_big.jpg|https://kultura-doma.ru/public/src/images/gallery/catalog/69a6ec549f927_big.jpg|https://kultura-doma.ru/public/src/images/gallery/catalog/6a394ade37c3c_big.jpg
1637,1637,УТ-00010927,,Солонка Весенний сад,https://kultura-doma.ru/product/solonka-vesenniy-sad,other,other,,,,,1032,1290,белый,8 см,фарфор,70 мл,unknown_from_feed,https://kultura-doma.ru/public/src/images/gallery/catalog/6a2035bbd4003_big.jpg,https://kultura-doma.ru/public/src/images/gallery/catalog/6a2035bbd4003_big.jpg|https://kultura-doma.ru/public/src/images/gallery/catalog/69a6eabe48e83_big.jpg|https://kultura-doma.ru/public/src/images/gallery/catalog/6a2035bb178cc_big.jpg
1638,,УТ-00010926,,Соусник Весенний сад,https://kultura-doma.ru/product/sousnik-vesenniy-sad,other,other,,,,,2232,2790,белый,,фарфор,150 мл,unknown_from_feed,https://kultura-doma.ru/public/src/images/gallery/catalog/6a2035be4beef_big.jpg,https://kultura-doma.ru/public/src/images/gallery/catalog/6a2035be4beef_big.jpg|https://kultura-doma.ru/public/src/images/gallery/catalog/6a15b24c1b003_big.jpg
1639,1639,УТ-00010918,,Тарелка десертная Весенний сад,https://kultura-doma.ru/product/tarelka-desertnaya-vesenniy-sad,dessert_plate,individual_tableware,,,,,1992,2490,белый,19 см,фарфор,,unknown_from_feed,https://kultura-doma.ru/public/src/images/gallery/catalog/6a3a73614edf7_big.jpg,https://kultura-doma.ru/public/src/images/gallery/catalog/6a3a73614edf7_big.jpg|https://kultura-doma.ru/public/src/images/gallery/catalog/69a6eb63a40f0_big.jpg
1640,1640,УТ-00010919,,Тарелка закусочная Весенний сад,https://kultura-doma.ru/product/tarelka-zakusochnaya-vesenniy-sad,snack_plate,individual_tableware,,,,,2232,2790,белый,23 см,фарфор,,unknown_from_feed,https://kultura-doma.ru/public/src/images/gallery/catalog/6a3a7357d440b_big.jpg,https://kultura-doma.ru/public/src/images/gallery/catalog/6a3a7357d440b_big.jpg|https://kultura-doma.ru/public/src/images/gallery/catalog/69a6ecb268312_big.jpg
1641,1641,УТ-00010920,,Тарелка обеденная Весенний сад,https://kultura-doma.ru/product/tarelka-obedennaya-vesenniy-sad,dinner_plate,individual_tableware,,,,,2632,3290,белый,27 см,фарфор,,unknown_from_feed,https://kultura-doma.ru/public/src/images/gallery/catalog/6a3a7379aee6f_big.jpg,https://kultura-doma.ru/public/src/images/gallery/catalog/6a3a7379aee6f_big.jpg|https://kultura-doma.ru/public/src/images/gallery/catalog/69a6ecf966bc8_big.jpg
1642,1642,УТ-00010921,,Тарелка подстановочная Весенний сад,https://kultura-doma.ru/product/tarelka-podstanovochnaya-vesenniy-sad,other,other,,,,,4392,5490,белый,30 см,фарфор,,unknown_from_feed,https://kultura-doma.ru/public/src/images/gallery/catalog/6a3a73371589c_big.jpg,https://kultura-doma.ru/public/src/images/gallery/catalog/6a3a73371589c_big.jpg|https://kultura-doma.ru/public/src/images/gallery/catalog/69a6ec9b97746_big.jpg
1643,,УТ-00010922,,Чайная пара Весенний сад,https://kultura-doma.ru/product/chaynaya-para-vesenniy-sad,tea_pair,tea_or_coffee_service,,,,,2792,3490,белый,,фарфор,250 мл,unknown_from_feed,https://kultura-doma.ru/public/src/images/gallery/catalog/6a394ae0d5c9f_big.jpg,https://kultura-doma.ru/public/src/images/gallery/catalog/6a394ae0d5c9f_big.jpg|https://kultura-doma.ru/public/src/images/gallery/catalog/69a6ebeca8038_big.jpg|https://kultura-doma.ru/public/src/images/gallery/catalog/6a394ae018d6d_big.jpg|https://kultura-doma.ru/public/src/images/gallery/catalog/6a394ae1afcd7_big.jpg
1644,,УТ-00010923,,Чайник заварочный Весенний сад,https://kultura-doma.ru/product/chaynik-zavarochnyy-vesenniy-sad,teapot,serving_add_on,,,,,6392,7990,белый,,фарфор,1300 мл,unknown_from_feed,https://kultura-doma.ru/public/src/images/gallery/catalog/6a50b1e9353c9_big.jpg,https://kultura-doma.ru/public/src/images/gallery/catalog/6a50b1e9353c9_big.jpg|https://kultura-doma.ru/public/src/images/gallery/catalog/6a15b22e56596_big.jpg
1649,1649,УТ-00011231,,Тапочки универсальные Классика,https://kultura-doma.ru/product/tapochki-universal-nye-klassika,other,other,,,,,6400,8000,бежевый,45/46,натуральная кожа,,unknown_from_feed,https://kultura-doma.ru/public/src/images/gallery/catalog/69cfcc4cf1833_big.jpg,https://kultura-doma.ru/public/src/images/gallery/catalog/69cfcc4cf1833_big.jpg|https://kultura-doma.ru/public/src/images/gallery/catalog/69a7ecf91bdae_big.jpg|https://kultura-doma.ru/public/src/images/gallery/catalog/69cfc2ae6be96_big.jpg
1649-1763,1649,УТ-00011231,,Тапочки универсальные Классика: 36/37,https://kultura-doma.ru/product/tapochki-universal-nye-klassika-size-36-37,other,other,,,,,6400,8000,бежевый,36/37,натуральная кожа,,unknown_from_feed,https://kultura-doma.ru/public/src/images/gallery/catalog/69cfcc4cf1833_big.jpg,https://kultura-doma.ru/public/src/images/gallery/catalog/69cfcc4cf1833_big.jpg|https://kultura-doma.ru/public/src/images/gallery/catalog/69a7ecf91bdae_big.jpg|https://kultura-doma.ru/public/src/images/gallery/catalog/69cfc2ae6be96_big.jpg
1649-1764,1649,УТ-00011232,,Тапочки универсальные Классика: 38/39,https://kultura-doma.ru/product/tapochki-universal-nye-klassika-size-38-39,other,other,,,,,6400,8000,бежевый,38/39,натуральная кожа,,unknown_from_feed,https://kultura-doma.ru/public/src/images/gallery/catalog/69cfcc4cf1833_big.jpg,https://kultura-doma.ru/public/src/images/gallery/catalog/69cfcc4cf1833_big.jpg|https://kultura-doma.ru/public/src/images/gallery/catalog/69a7ecf91bdae_big.jpg|https://kultura-doma.ru/public/src/images/gallery/catalog/69cfc2ae6be96_big.jpg
1649-1765,1649,УТ-00011233,,Тапочки универсальные Классика: 40/41,https://kultura-doma.ru/product/tapochki-universal-nye-klassika-size-40-41,other,other,,,,,6400,8000,бежевый,40/41,натуральная кожа,,unknown_from_feed,https://kultura-doma.ru/public/src/images/gallery/catalog/69cfcc4cf1833_big.jpg,https://kultura-doma.ru/public/src/images/gallery/catalog/69cfcc4cf1833_big.jpg|https://kultura-doma.ru/public/src/images/gallery/catalog/69a7ecf91bdae_big.jpg|https://kultura-doma.ru/public/src/images/gallery/catalog/69cfc2ae6be96_big.jpg
1649-2015,1649,УТ-00011236,,Тапочки универсальные Классика: 43/44,https://kultura-doma.ru/product/tapochki-universal-nye-klassika-size-43-44,other,other,,,,,6400,8000,бежевый,43/44,натуральная кожа,,unknown_from_feed,https://kultura-doma.ru/public/src/images/gallery/catalog/69cfcc4cf1833_big.jpg,https://kultura-doma.ru/public/src/images/gallery/catalog/69cfcc4cf1833_big.jpg|https://kultura-doma.ru/public/src/images/gallery/catalog/69a7ecf91bdae_big.jpg|https://kultura-doma.ru/public/src/images/gallery/catalog/69cfc2ae6be96_big.jpg
1649-2016,1649,УТ-00011235,,Тапочки универсальные Классика: 42/43,https://kultura-doma.ru/product/tapochki-universal-nye-klassika-size-42-43,other,other,,,,,6400,8000,бежевый,42/43,натуральная кожа,,unknown_from_feed,https://kultura-doma.ru/public/src/images/gallery/catalog/69cfcc4cf1833_big.jpg,https://kultura-doma.ru/public/src/images/gallery/catalog/69cfcc4cf1833_big.jpg|https://kultura-doma.ru/public/src/images/gallery/catalog/69a7ecf91bdae_big.jpg|https://kultura-doma.ru/public/src/images/gallery/catalog/69cfc2ae6be96_big.jpg
1649-2017,1649,УТ-00011234,,Тапочки универсальные Классика: 41/42,https://kultura-doma.ru/product/tapochki-universal-nye-klassika-size-41-42,other,other,,,,,6400,8000,бежевый,41/42,натуральная кожа,,unknown_from_feed,https://kultura-doma.ru/public/src/images/gallery/catalog/69cfcc4cf1833_big.jpg,https://kultura-doma.ru/public/src/images/gallery/catalog/69cfcc4cf1833_big.jpg|https://kultura-doma.ru/public/src/images/gallery/catalog/69a7ecf91bdae_big.jpg|https://kultura-doma.ru/public/src/images/gallery/catalog/69cfc2ae6be96_big.jpg
1651,1651,УТ-00011191,,Салфетка Венец,https://kultura-doma.ru/product/salfetka-venec,napkin,table_textile,,,,,5990,,белый,45х45 см,лён,,unknown_from_feed,https://kultura-doma.ru/public/src/images/gallery/catalog/6a43d54c2709d_big.jpg,https://kultura-doma.ru/public/src/images/gallery/catalog/6a43d54c2709d_big.jpg|https://kultura-doma.ru/public/src/images/gallery/catalog/69c2a413099ae_big.jpg
1652,1652,УТ-00011190,,Скатерть Венец,https://kultura-doma.ru/product/skatert-venec,tablecloth,table_textile,,,,,119000,,белый,145x145 см,лён,,unknown_from_feed,https://kultura-doma.ru/public/src/images/gallery/catalog/69a97ebdd00bb_big.jpg,https://kultura-doma.ru/public/src/images/gallery/catalog/69a97ebdd00bb_big.jpg|https://kultura-doma.ru/public/src/images/gallery/catalog/69a97ebe7e590_big.jpg
1652-1768,1652,УТ-00011189,,Скатерть Венец: 185x240 см,https://kultura-doma.ru/product/skatert-venec-size-185x240-sm,tablecloth,table_textile,,,,,129000,,белый,185x240 см,лён,,unknown_from_feed,https://kultura-doma.ru/public/src/images/gallery/catalog/69a97ebdd00bb_big.jpg,https://kultura-doma.ru/public/src/images/gallery/catalog/69a97ebdd00bb_big.jpg|https://kultura-doma.ru/public/src/images/gallery/catalog/69a97ebe7e590_big.jpg
1653,1653,УТ-00010994,,Скатерть Классика,https://kultura-doma.ru/product/skatert-klassika-1653,tablecloth,table_textile,,,,,15990,,зеленый,180х180 см,сатин,,unknown_from_feed,https://kultura-doma.ru/public/src/images/gallery/catalog/69a98185bed02_big.png,https://kultura-doma.ru/public/src/images/gallery/catalog/69a98185bed02_big.png|https://kultura-doma.ru/public/src/images/gallery/catalog/69a9819e60862_big.png|https://kultura-doma.ru/public/src/images/gallery/catalog/69a9819407781_big.png
1653-2129,1653,УТ-00010993,,Скатерть Классика: 180х250 см,https://kultura-doma.ru/product/skatert-klassika-1653-size-180h250-sm,tablecloth,table_textile,,,,,19990,,зеленый,180х250 см,сатин,,unknown_from_feed,https://kultura-doma.ru/public/src/images/gallery/catalog/69a98185bed02_big.png,https://kultura-doma.ru/public/src/images/gallery/catalog/69a98185bed02_big.png|https://kultura-doma.ru/public/src/images/gallery/catalog/69a9819e60862_big.png|https://kultura-doma.ru/public/src/images/gallery/catalog/69a9819407781_big.png
1653-2130,1653,УТ-00010994,,Скатерть Классика: 180х350 см,https://kultura-doma.ru/product/skatert-klassika-1653-size-180h350-sm,tablecloth,table_textile,,,,,24200,,зеленый,180х350 см,сатин,,unknown_from_feed,https://kultura-doma.ru/public/src/images/gallery/catalog/69a98185bed02_big.png,https://kultura-doma.ru/public/src/images/gallery/catalog/69a98185bed02_big.png|https://kultura-doma.ru/public/src/images/gallery/catalog/69a9819e60862_big.png|https://kultura-doma.ru/public/src/images/gallery/catalog/69a9819407781_big.png
1654,,УТ-00011520,,Диффузор Серебряный мускус,https://kultura-doma.ru/product/diffuzor-serebryanyy-muskus,other,other,,,,,3990,,,,,130 мл,unknown_from_feed,https://kultura-doma.ru/public/src/images/gallery/catalog/6a101520a1c78_big.jpg,https://kultura-doma.ru/public/src/images/gallery/catalog/6a101520a1c78_big.jpg|https://kultura-doma.ru/public/src/images/gallery/catalog/69b15ff67d734_big.png
1655,,УТ-00011521,,Диффузор Черный бархат,https://kultura-doma.ru/product/diffuzor-chernyy-barhat,other,other,,,,,3990,,,,,130 мл,unknown_from_feed,https://kultura-doma.ru/public/src/images/gallery/catalog/6a101521b4575_big.jpg,https://kultura-doma.ru/public/src/images/gallery/catalog/6a101521b4575_big.jpg|https://kultura-doma.ru/public/src/images/gallery/catalog/69b16002123a4_big.png
1656,,УТ-00011522,,Диффузор Древо жизни,https://kultura-doma.ru/product/diffuzor-drevo-zhizni,other,other,,,,,3990,,,,,130 мл,unknown_from_feed,https://kultura-doma.ru/public/src/images/gallery/catalog/6a101522c05e9_big.jpg,https://kultura-doma.ru/public/src/images/gallery/catalog/6a101522c05e9_big.jpg|https://kultura-doma.ru/public/src/images/gallery/catalog/69b160089e42a_big.png
1657,1657,УТ-00011120,,Плейсмат Лебедушка,https://kultura-doma.ru/product/pleysmat-lebedushka,napkin,table_textile,,,,,2590,,белый,40х50 см,сатин,,unknown_from_feed,https://kultura-doma.ru/public/src/images/gallery/catalog/6a43d5d0cde09_big.jpg,https://kultura-doma.ru/public/src/images/gallery/catalog/6a43d5d0cde09_big.jpg|https://kultura-doma.ru/public/src/images/gallery/catalog/69b131e8b6c68_big.jpg
1658,1658,УТ-00010588,,Салфетка Дворцы России,https://kultura-doma.ru/product/salfetka-dvorcy-rossii,napkin,table_textile,,,,,1990,,белый,45х45 см,сатин,,unknown_from_feed,https://kultura-doma.ru/public/src/images/gallery/catalog/6a4519232c07c_big.jpg,https://kultura-doma.ru/public/src/images/gallery/catalog/6a4519232c07c_big.jpg|https://kultura-doma.ru/public/src/images/gallery/catalog/69b13337885f4_big.jpg
1663,1663,УТ-00011121,,Салфетка Лебедушка,https://kultura-doma.ru/product/salfetka-lebedushka-1663,napkin,table_textile,,,,,1990,,белый,45х45 см,сатин,,unknown_from_feed,https://kultura-doma.ru/public/src/images/gallery/catalog/6a43d759a2d94_big.jpg,https://kultura-doma.ru/public/src/images/gallery/catalog/6a43d759a2d94_big.jpg|https://kultura-doma.ru/public/src/images/gallery/catalog/69b12ffca388d_big.jpg
1703,1703,УТ-00010459,Дияф,Скатерть Дияф,https://kultura-doma.ru/product/skatert-s-vyshivkoy-diyaf,tablecloth,table_textile,statement_accent,table,milk|sky_blue|gold,festive|geometric|ornamental,13740,22900,белый,180х250 см,сатин,,unknown_from_feed,https://kultura-doma.ru/public/src/images/gallery/catalog/6a5756979a0b7_big.jpg,https://kultura-doma.ru/public/src/images/gallery/catalog/6a5756979a0b7_big.jpg|https://kultura-doma.ru/public/src/images/gallery/catalog/69b7abf483873_big.jpg
1703-1903,1703,УТ-00011002,Дияф,Скатерть Дияф: 180х350 см,https://kultura-doma.ru/product/skatert-s-vyshivkoy-diyaf-size-180h350-sm,tablecloth,table_textile,statement_accent,table,milk|sky_blue|gold,festive|geometric|ornamental,15540,22900,белый,180х350 см,сатин,,unknown_from_feed,https://kultura-doma.ru/public/src/images/gallery/catalog/6a5756979a0b7_big.jpg,https://kultura-doma.ru/public/src/images/gallery/catalog/6a5756979a0b7_big.jpg|https://kultura-doma.ru/public/src/images/gallery/catalog/69b7abf483873_big.jpg
1706,1706,УТ-00011199,,Набор наволочек Знаки Зодиака,https://kultura-doma.ru/product/nabor-navolochek-znaki-zodiaka,pillowcase_set,bedroom_layer,,,,,5990,,бежевый,70х70 см,тенсель,,unknown_from_feed,https://kultura-doma.ru/public/src/images/gallery/catalog/69bbb1570b002_big.jpg,https://kultura-doma.ru/public/src/images/gallery/catalog/69bbb1570b002_big.jpg|https://kultura-doma.ru/public/src/images/gallery/catalog/69bbc6dbd4dc7_big.png|https://kultura-doma.ru/public/src/images/gallery/catalog/69bbc6f00f8b7_big.png|https://kultura-doma.ru/public/src/images/gallery/catalog/69e6268e4d736_big.jpg
1707,1707,УТ-00010453,,Скатерть Дворцы России,https://kultura-doma.ru/product/skatert-dvorcy-rossii,tablecloth,table_textile,,,,,23490,,белый,180х180 см,сатин,,unknown_from_feed,https://kultura-doma.ru/public/src/images/gallery/catalog/6a45ff801850e_big.jpg,https://kultura-doma.ru/public/src/images/gallery/catalog/6a45ff801850e_big.jpg|https://kultura-doma.ru/public/src/images/gallery/catalog/69bbe9ed5591f_big.jpg
1707-2134,1707,УТ-00010454,,Скатерть Дворцы России: 180х250 см,https://kultura-doma.ru/product/skatert-dvorcy-rossii-size-180h250-sm,tablecloth,table_textile,,,,,24990,,белый,180х250 см,сатин,,unknown_from_feed,https://kultura-doma.ru/public/src/images/gallery/catalog/6a45ff801850e_big.jpg,https://kultura-doma.ru/public/src/images/gallery/catalog/6a45ff801850e_big.jpg|https://kultura-doma.ru/public/src/images/gallery/catalog/69bbe9ed5591f_big.jpg
1707-2137,1707,УТ-00010455,,Скатерть Дворцы России: 180х350 см,https://kultura-doma.ru/product/skatert-dvorcy-rossii-size-180h350-sm,tablecloth,table_textile,,,,,29900,,белый,180х350 см,сатин,,unknown_from_feed,https://kultura-doma.ru/public/src/images/gallery/catalog/6a45ff801850e_big.jpg,https://kultura-doma.ru/public/src/images/gallery/catalog/6a45ff801850e_big.jpg|https://kultura-doma.ru/public/src/images/gallery/catalog/69bbe9ed5591f_big.jpg
1708,1708,УТ-00011554,,Набор наволочек Дворцы России,https://kultura-doma.ru/product/nabor-navolochek-dvorcy-rossii,pillowcase_set,bedroom_layer,,,,,6490,,белый,70х70 см,тенсель,,unknown_from_feed,https://kultura-doma.ru/public/src/images/gallery/catalog/69bbe8c9c8eb7_big.png,https://kultura-doma.ru/public/src/images/gallery/catalog/69bbe8c9c8eb7_big.png|https://kultura-doma.ru/public/src/images/gallery/catalog/69bbe8d36f133_big.png|https://kultura-doma.ru/public/src/images/gallery/catalog/69bbe8e2ab4f0_big.png
1710,1710,УТ-00011645,Стихи,Салфетка Чаепитие,https://kultura-doma.ru/product/salfetka-s-vyshivkoy-chaepitie,napkin,table_textile,textile_base,table|bedroom,milk|navy,poetic|quiet|textile,1990,,белый,42x42 см,сатин,,unknown_from_feed,https://kultura-doma.ru/public/src/images/gallery/catalog/69c10ade976d8_big.jpg,https://kultura-doma.ru/public/src/images/gallery/catalog/69c10ade976d8_big.jpg|https://kultura-doma.ru/public/src/images/gallery/catalog/69c10a9d81c00_big.jpg|https://kultura-doma.ru/public/src/images/gallery/catalog/6a43d8445a362_big.jpg
1715,1715,УТ-00010341,,Простыня свободная Классика,https://kultura-doma.ru/product/prostynya-svobodnaya-klassika,other,other,,,,,9190,,бежевый,240х270 см,сатин,,unknown_from_feed,https://kultura-doma.ru/public/src/images/gallery/catalog/6a3900c8d9e42_big.jpg,https://kultura-doma.ru/public/src/images/gallery/catalog/6a3900c8d9e42_big.jpg|https://kultura-doma.ru/public/src/images/gallery/catalog/6a3900c5e611a_big.jpg
1740,1740,УТ-00011966,,Набор Наволочек Многоточие,https://kultura-doma.ru/product/nabor-navolochek-mnogotochie,pillowcase_set,bedroom_layer,,,,,5990,,белый,70х70 см,сатин,,unknown_from_feed,https://kultura-doma.ru/public/src/images/gallery/catalog/69e8e6ca7d5c8_big.jpg,https://kultura-doma.ru/public/src/images/gallery/catalog/69e8e6ca7d5c8_big.jpg|https://kultura-doma.ru/public/src/images/gallery/catalog/69e8f4ee2e880_big.jpg|https://kultura-doma.ru/public/src/images/gallery/catalog/69e8f4ec9f45f_big.jpg|https://kultura-doma.ru/public/src/images/gallery/catalog/69e8f4ed63621_big.jpg
1742,1742,УТ-00011712,,Комплект постельного белья Многоточие,https://kultura-doma.ru/product/komplekt-postel-nogo-bel-ya-mnogotochie,bedding_set,bedroom_layer,,,,,21900,,белый,Евро (200х220 см),сатин,,unknown_from_feed,https://kultura-doma.ru/public/src/images/gallery/catalog/69e8f1297ed2b_big.jpg,https://kultura-doma.ru/public/src/images/gallery/catalog/69e8f1297ed2b_big.jpg|https://kultura-doma.ru/public/src/images/gallery/catalog/6a328c9b5afd6_big.jpg|https://kultura-doma.ru/public/src/images/gallery/catalog/69e8f12a8e9d3_big.jpg|https://kultura-doma.ru/public/src/images/gallery/catalog/69e8f12b4e6ad_big.jpg|https://kultura-doma.ru/public/src/images/gallery/catalog/6a328c9ba55f5_big.jpg|https://kultura-doma.ru/public/src/images/gallery/catalog/69e8f12c131d4_big.jpg
1742-2460,1742,УТ-00011713,,Комплект постельного белья Многоточие: Кинг-сайз,https://kultura-doma.ru/product/komplekt-postel-nogo-bel-ya-mnogotochie-size-kingsayz,bedding_set,bedroom_layer,,,,,24900,,белый,Кинг-сайз (220х240 см),сатин,,unknown_from_feed,https://kultura-doma.ru/public/src/images/gallery/catalog/69e8f1297ed2b_big.jpg,https://kultura-doma.ru/public/src/images/gallery/catalog/69e8f1297ed2b_big.jpg|https://kultura-doma.ru/public/src/images/gallery/catalog/6a328c9b5afd6_big.jpg|https://kultura-doma.ru/public/src/images/gallery/catalog/69e8f12a8e9d3_big.jpg|https://kultura-doma.ru/public/src/images/gallery/catalog/69e8f12b4e6ad_big.jpg|https://kultura-doma.ru/public/src/images/gallery/catalog/6a328c9ba55f5_big.jpg|https://kultura-doma.ru/public/src/images/gallery/catalog/69e8f12c131d4_big.jpg
1742-2461,1742,УТ-00011714,,Комплект постельного белья Многоточие: Семейный,https://kultura-doma.ru/product/komplekt-postel-nogo-bel-ya-mnogotochie-size-semeynyy,bedding_set,bedroom_layer,,,,,29900,,белый,Семейный (145х200 см х 2 шт),сатин,,unknown_from_feed,https://kultura-doma.ru/public/src/images/gallery/catalog/69e8f1297ed2b_big.jpg,https://kultura-doma.ru/public/src/images/gallery/catalog/69e8f1297ed2b_big.jpg|https://kultura-doma.ru/public/src/images/gallery/catalog/6a328c9b5afd6_big.jpg|https://kultura-doma.ru/public/src/images/gallery/catalog/69e8f12a8e9d3_big.jpg|https://kultura-doma.ru/public/src/images/gallery/catalog/69e8f12b4e6ad_big.jpg|https://kultura-doma.ru/public/src/images/gallery/catalog/6a328c9ba55f5_big.jpg|https://kultura-doma.ru/public/src/images/gallery/catalog/69e8f12c131d4_big.jpg
1743,,УТ-00012013,,Стакан для виски Росы,https://kultura-doma.ru/product/stakan-dlya-viski-rosy,glassware_set,atmosphere_or_drinks,,,,,3990,,,,хрусталь,330 мл,unknown_from_feed,https://kultura-doma.ru/public/src/images/gallery/catalog/6a3d179b8c65c_big.jpg,https://kultura-doma.ru/public/src/images/gallery/catalog/6a3d179b8c65c_big.jpg
1745,1745,УТ-00009371,,Скатерть Белый пион,https://kultura-doma.ru/product/skatert-belyy-pion,tablecloth,table_textile,,,,,7140,11900,белый,180х180 см,лён,,unknown_from_feed,https://kultura-doma.ru/public/src/images/gallery/catalog/6a3014fda5dca_big.jpg,https://kultura-doma.ru/public/src/images/gallery/catalog/6a3014fda5dca_big.jpg|https://kultura-doma.ru/public/src/images/gallery/catalog/69f0d0133abdf_big.jpg|https://kultura-doma.ru/public/src/images/gallery/catalog/6a3014ff04062_big.jpg|https://kultura-doma.ru/public/src/images/gallery/catalog/69f0d01599697_big.jpg
1745-2131,1745,УТ-00009371,,Скатерть Белый пион: 180х350 см,https://kultura-doma.ru/product/skatert-belyy-pion-size-180h350-sm,tablecloth,table_textile,,,,,11940,11900,белый,180х350 см,лён,,unknown_from_feed,https://kultura-doma.ru/public/src/images/gallery/catalog/6a3014fda5dca_big.jpg,https://kultura-doma.ru/public/src/images/gallery/catalog/6a3014fda5dca_big.jpg|https://kultura-doma.ru/public/src/images/gallery/catalog/69f0d0133abdf_big.jpg|https://kultura-doma.ru/public/src/images/gallery/catalog/6a3014ff04062_big.jpg|https://kultura-doma.ru/public/src/images/gallery/catalog/69f0d01599697_big.jpg
1745-2132,1745,УТ-00009370,,Скатерть Белый пион: 180х250 см,https://kultura-doma.ru/product/skatert-belyy-pion-size-180h250-sm,tablecloth,table_textile,,,,,9540,11900,белый,180х250 см,лён,,unknown_from_feed,https://kultura-doma.ru/public/src/images/gallery/catalog/6a3014fda5dca_big.jpg,https://kultura-doma.ru/public/src/images/gallery/catalog/6a3014fda5dca_big.jpg|https://kultura-doma.ru/public/src/images/gallery/catalog/69f0d0133abdf_big.jpg|https://kultura-doma.ru/public/src/images/gallery/catalog/6a3014ff04062_big.jpg|https://kultura-doma.ru/public/src/images/gallery/catalog/69f0d01599697_big.jpg
1746,1746,УТ-00011307,Нити времени,Ковер Нити Времени,https://kultura-doma.ru/product/kover-niti-vremeni-1746,rug,statement_accent,statement_accent,table|bedroom|decor,blue|milk|gold,fairytale|blue|ornamental,420000,600000,разноцветный,150х200 см,шерсть,,unknown_from_feed,https://kultura-doma.ru/public/src/images/gallery/catalog/6a4d00cdbf2a1_big.jpg,https://kultura-doma.ru/public/src/images/gallery/catalog/6a4d00cdbf2a1_big.jpg|https://kultura-doma.ru/public/src/images/gallery/catalog/6a1826d554831_big.jpg|https://kultura-doma.ru/public/src/images/gallery/catalog/6a1826d81f8b7_big.jpg|https://kultura-doma.ru/public/src/images/gallery/catalog/6a1826da622c4_big.jpg|https://kultura-doma.ru/public/src/images/gallery/catalog/6a1826d126fad_big.jpg|https://kultura-doma.ru/public/src/images/gallery/catalog/6a1826d34125d_big.jpg
1750,1750,УТ-00009369,,Салфетка Белый пион,https://kultura-doma.ru/product/salfetka-belyy-pion,napkin,table_textile,,,,,714,1190,белый,45х45 см,лён,,unknown_from_feed,https://kultura-doma.ru/public/src/images/gallery/catalog/6a43d8b1db6ac_big.jpg,https://kultura-doma.ru/public/src/images/gallery/catalog/6a43d8b1db6ac_big.jpg
1751,1751,УТ-00007227,,Скатерть Многоцвет,https://kultura-doma.ru/product/skatert-mnogocvet-1751,tablecloth,table_textile,,,,,4495,8990,белый,180х180 см,сатин,,unknown_from_feed,https://kultura-doma.ru/public/src/images/gallery/catalog/6a0abbf14fafb_big.jpg,https://kultura-doma.ru/public/src/images/gallery/catalog/6a0abbf14fafb_big.jpg|https://kultura-doma.ru/public/src/images/gallery/catalog/6a0abbf175562_big.jpg|https://kultura-doma.ru/public/src/images/gallery/catalog/6a0abbf162bb6_big.jpg|https://kultura-doma.ru/public/src/images/gallery/catalog/6a57576588fd0_big.jpg
1751-2161,1751,УТ-00007221,,Скатерть Многоцвет: 180х250 см,https://kultura-doma.ru/product/skatert-mnogocvet-1751-size-180h250-sm,tablecloth,table_textile,,,,,4995,8990,белый,180х250 см,сатин,,unknown_from_feed,https://kultura-doma.ru/public/src/images/gallery/catalog/6a0abbf14fafb_big.jpg,https://kultura-doma.ru/public/src/images/gallery/catalog/6a0abbf14fafb_big.jpg|https://kultura-doma.ru/public/src/images/gallery/catalog/6a0abbf175562_big.jpg|https://kultura-doma.ru/public/src/images/gallery/catalog/6a0abbf162bb6_big.jpg|https://kultura-doma.ru/public/src/images/gallery/catalog/6a57576588fd0_big.jpg
1751-2163,1751,УТ-00007224,,Скатерть Многоцвет: 180х350 см,https://kultura-doma.ru/product/skatert-mnogocvet-1751-size-180h350-sm,tablecloth,table_textile,,,,,6995,8990,белый,180х350 см,сатин,,unknown_from_feed,https://kultura-doma.ru/public/src/images/gallery/catalog/6a0abbf14fafb_big.jpg,https://kultura-doma.ru/public/src/images/gallery/catalog/6a0abbf14fafb_big.jpg|https://kultura-doma.ru/public/src/images/gallery/catalog/6a0abbf175562_big.jpg|https://kultura-doma.ru/public/src/images/gallery/catalog/6a0abbf162bb6_big.jpg|https://kultura-doma.ru/public/src/images/gallery/catalog/6a57576588fd0_big.jpg
1752,1752,УТ-00008256,,Скатерть Петербург,https://kultura-doma.ru/product/skatert-peterburg-1752,tablecloth,table_textile,,,,,11650,23300,белый,180х350 см,сатин,,unknown_from_feed,https://kultura-doma.ru/public/src/images/gallery/catalog/6a3014d061811_big.jpg,https://kultura-doma.ru/public/src/images/gallery/catalog/6a3014d061811_big.jpg|https://kultura-doma.ru/public/src/images/gallery/catalog/69f21bfa598aa_big.jpg|https://kultura-doma.ru/public/src/images/gallery/catalog/6a3014d14b4d9_big.jpg|https://kultura-doma.ru/public/src/images/gallery/catalog/6a3014d03ed8c_big.jpg
1769,1769,УТ-00012144,Стихи,Салфетка Чаепитие,https://kultura-doma.ru/product/salfetka-chaepitie,napkin,table_textile,textile_base,table|bedroom,milk|navy,poetic|quiet|textile,1990,,синий,43х43 см,сатин,,unknown_from_feed,https://kultura-doma.ru/public/src/images/gallery/catalog/6a3e899982fa4_big.jpg,https://kultura-doma.ru/public/src/images/gallery/catalog/6a3e899982fa4_big.jpg|https://kultura-doma.ru/public/src/images/gallery/catalog/6a1062ceb4ca5_big.jpg|https://kultura-doma.ru/public/src/images/gallery/catalog/6a10643a06528_big.jpg|https://kultura-doma.ru/public/src/images/gallery/catalog/6a10643b45e1b_big.jpg|https://kultura-doma.ru/public/src/images/gallery/catalog/6a10643980c84_big.jpg|https://kultura-doma.ru/public/src/images/gallery/catalog/6a10643c6ec56_big.jpg|https://kultura-doma.ru/public/src/images/gallery/catalog/6a1062cd9d4cb_big.jpg|https://kultura-doma.ru/public/src/images/gallery/catalog/6a1062cc96fa7_big.jpg
1770,1770,УТ-00012028,,Скатерть Классика,https://kultura-doma.ru/product/skatert-klassika-1770,tablecloth,table_textile,,,,,13900,,белый,200х200 см,сатин,,unknown_from_feed,https://kultura-doma.ru/public/src/images/gallery/catalog/6a3014ea6035f_big.jpg,https://kultura-doma.ru/public/src/images/gallery/catalog/6a3014ea6035f_big.jpg|https://kultura-doma.ru/public/src/images/gallery/catalog/6a106b2498916_big.jpg
1771,1771,УТ-00012027,,Скатерть Классика,https://kultura-doma.ru/product/skatert-klassika-1771,tablecloth,table_textile,,,,,12900,,белый,170x200 см,сатин,,unknown_from_feed,https://kultura-doma.ru/public/src/images/gallery/catalog/6a3014ed07d32_big.jpg,https://kultura-doma.ru/public/src/images/gallery/catalog/6a3014ed07d32_big.jpg|https://kultura-doma.ru/public/src/images/gallery/catalog/6a106b2ce8f4f_big.jpg
1777,1777,УТ-00012243,Голубые цветы,Подушка декоративная Геометрия льна,https://kultura-doma.ru/product/podushka-dekorativnaya-geometriya-l-na,decorative_pillow,bedroom_layer,neutral_accent,table|decor,milk|blue|green,floral|botanical|soft,4990,,бежевый,45х45 см,,,unknown_from_feed,https://kultura-doma.ru/public/src/images/gallery/catalog/6a479d3219bfd_big.jpg,https://kultura-doma.ru/public/src/images/gallery/catalog/6a479d3219bfd_big.jpg|https://kultura-doma.ru/public/src/images/gallery/catalog/6a1066e8c4f5f_big.jpg
1778,1778,УТ-00012239,Голубые цветы,Подушка декоративная Наследие,https://kultura-doma.ru/product/podushka-dekorativnaya-nasledie,decorative_pillow,bedroom_layer,neutral_accent,table|decor,milk|blue|green,floral|botanical|soft,5990,,бежевый,45х45 см,,,unknown_from_feed,https://kultura-doma.ru/public/src/images/gallery/catalog/6a479d5c89a3e_big.jpg,https://kultura-doma.ru/public/src/images/gallery/catalog/6a479d5c89a3e_big.jpg|https://kultura-doma.ru/public/src/images/gallery/catalog/6a1066cb8259a_big.jpg|https://kultura-doma.ru/public/src/images/gallery/catalog/6a106583843f3_big.jpg|https://kultura-doma.ru/public/src/images/gallery/catalog/6a10658599aaf_big.jpg
1780,1780,УТ-00011970,,Набор наволочек Цветущий Сад,https://kultura-doma.ru/product/nabor-navolochek-cvetuschiy-sad,pillowcase_set,bedroom_layer,,,,,5990,,бежевый,70х70 см,сатин,,unknown_from_feed,https://kultura-doma.ru/public/src/images/gallery/catalog/6a55e6cfc5abc_big.jpg,https://kultura-doma.ru/public/src/images/gallery/catalog/6a55e6cfc5abc_big.jpg|https://kultura-doma.ru/public/src/images/gallery/catalog/6a13fa5d9c233_big.jpg|https://kultura-doma.ru/public/src/images/gallery/catalog/6a55e6d00ada9_big.jpg|https://kultura-doma.ru/public/src/images/gallery/catalog/6a13fa5bbf28c_big.jpg
1781,1781,УТ-00012238,,Подушка декоративная Цветущий сад,https://kultura-doma.ru/product/podushka-dekorativnaya-cvetuschiy-sad,decorative_pillow,bedroom_layer,,,,,5990,,белый,45х45 см,,,unknown_from_feed,https://kultura-doma.ru/public/src/images/gallery/catalog/6a3bf2b7abca1_big.jpg,https://kultura-doma.ru/public/src/images/gallery/catalog/6a3bf2b7abca1_big.jpg|https://kultura-doma.ru/public/src/images/gallery/catalog/6a10675073c94_big.jpg
1782,1782,УТ-00012360,,Подушка декоративная Цветущий сад,https://kultura-doma.ru/product/podushka-dekorativnaya-cvetuschiy-sad-1782,decorative_pillow,bedroom_layer,,,,,5990,,бежевый,18х60 см,,,unknown_from_feed,https://kultura-doma.ru/public/src/images/gallery/catalog/6a479d834ac4b_big.jpg,https://kultura-doma.ru/public/src/images/gallery/catalog/6a479d834ac4b_big.jpg|https://kultura-doma.ru/public/src/images/gallery/catalog/6a3a6d51bfc78_big.jpg|https://kultura-doma.ru/public/src/images/gallery/catalog/6a3a6d482d0e1_big.jpg|https://kultura-doma.ru/public/src/images/gallery/catalog/6a3a6d61ccb00_big.jpg
1783,,УТ-00011648,,Ваза для конфет Оптика,https://kultura-doma.ru/product/vaza-dlya-konfet-optika-1783,vase,atmosphere_or_drinks,,,,,55920,69900,красный,,хрусталь,,unknown_from_feed,https://kultura-doma.ru/public/src/images/gallery/catalog/6a47aa090bff1_big.jpg,https://kultura-doma.ru/public/src/images/gallery/catalog/6a47aa090bff1_big.jpg
1784,1784,УТ-00012051,,Дорожка Кружево,https://kultura-doma.ru/product/dorozhka-kruzhevo,table_runner,table_textile,,,,,12900,,белый,40х150 см,сатин,,unknown_from_feed,https://kultura-doma.ru/public/src/images/gallery/catalog/6a609220e5dfb_big.jpg,https://kultura-doma.ru/public/src/images/gallery/catalog/6a609220e5dfb_big.jpg|https://kultura-doma.ru/public/src/images/gallery/catalog/6a13fb61388a6_big.jpg|https://kultura-doma.ru/public/src/images/gallery/catalog/6a13fb5e07391_big.jpg|https://kultura-doma.ru/public/src/images/gallery/catalog/6a13fb5f0ef2b_big.jpg|https://kultura-doma.ru/public/src/images/gallery/catalog/6a13fb603167e_big.jpg|https://kultura-doma.ru/public/src/images/gallery/catalog/6a13fb6239930_big.jpg
1785,1785,УТ-00012052,,Салфетка Кружево,https://kultura-doma.ru/product/salfetka-kruzhevo-1785,napkin,table_textile,,,,,3990,,белый,40х40 см,сатин,,unknown_from_feed,https://kultura-doma.ru/public/src/images/gallery/catalog/6a427feb6e479_big.jpg,https://kultura-doma.ru/public/src/images/gallery/catalog/6a427feb6e479_big.jpg|https://kultura-doma.ru/public/src/images/gallery/catalog/6a1402c80e5f3_big.jpg|https://kultura-doma.ru/public/src/images/gallery/catalog/6a1402c99023d_big.jpg|https://kultura-doma.ru/public/src/images/gallery/catalog/6a1402ccbf3f6_big.jpg|https://kultura-doma.ru/public/src/images/gallery/catalog/6a1402cf133a8_big.jpg|https://kultura-doma.ru/public/src/images/gallery/catalog/6a1402d0754fe_big.jpg
1786,1786,УТ-00012219,,Покрывало Пиктограммы,https://kultura-doma.ru/product/pokryvalo-piktogrammy,throw,bedroom_layer,,,,,19900,,бежевый,240х260 см,бархат,,unknown_from_feed,https://kultura-doma.ru/public/src/images/gallery/catalog/6a26d3ca1d58a_big.jpg,https://kultura-doma.ru/public/src/images/gallery/catalog/6a26d3ca1d58a_big.jpg|https://kultura-doma.ru/public/src/images/gallery/catalog/6a140439d485f_big.jpg|https://kultura-doma.ru/public/src/images/gallery/catalog/6a26d3c98cc06_big.jpg|https://kultura-doma.ru/public/src/images/gallery/catalog/6a26d3ca77b96_big.jpg
1788,1788,УТ-00012221,,Покрывало Пиктограммы,https://kultura-doma.ru/product/pokryvalo-piktogrammy-1788,throw,bedroom_layer,,,,,19900,,коричневый,240х260 см,бархат,,unknown_from_feed,https://kultura-doma.ru/public/src/images/gallery/catalog/6a5741d2669d7_big.jpg,https://kultura-doma.ru/public/src/images/gallery/catalog/6a5741d2669d7_big.jpg|https://kultura-doma.ru/public/src/images/gallery/catalog/6a14042e8b643_big.jpg|https://kultura-doma.ru/public/src/images/gallery/catalog/6a14042ca80b8_big.jpg|https://kultura-doma.ru/public/src/images/gallery/catalog/6a5741d2233cc_big.jpg|https://kultura-doma.ru/public/src/images/gallery/catalog/6a5741d2ac84c_big.jpg
1789,,УТ-00012270,Голубые цветы,Чайная пара Голубые цветы,https://kultura-doma.ru/product/chaynaya-para-golubye-cvety,tea_pair,tea_or_coffee_service,neutral_accent,table|decor,milk|blue|green,floral|botanical|soft,4490,,белый,,фарфор,250 мл,unknown_from_feed,https://kultura-doma.ru/public/src/images/gallery/catalog/6a394bad34588_big.jpg,https://kultura-doma.ru/public/src/images/gallery/catalog/6a394bad34588_big.jpg|https://kultura-doma.ru/public/src/images/gallery/catalog/6a106c851a18e_big.jpg|https://kultura-doma.ru/public/src/images/gallery/catalog/6a394baca426c_big.jpg|https://kultura-doma.ru/public/src/images/gallery/catalog/6a394bace509a_big.jpg|https://kultura-doma.ru/public/src/images/gallery/catalog/6a394bad8491e_big.jpg|https://kultura-doma.ru/public/src/images/gallery/catalog/6a394badd7591_big.jpg
1790,,УТ-00012271,Голубые цветы,Кофейная пара Голубые цветы,https://kultura-doma.ru/product/kofeynaya-para-golubye-cvety,coffee_pair,tea_or_coffee_service,neutral_accent,table|decor,milk|blue|green,floral|botanical|soft,2990,,белый,,фарфор,100 мл,unknown_from_feed,https://kultura-doma.ru/public/src/images/gallery/catalog/6a394bb0161cb_big.jpg,https://kultura-doma.ru/public/src/images/gallery/catalog/6a394bb0161cb_big.jpg|https://kultura-doma.ru/public/src/images/gallery/catalog/6a1406a9ca98f_big.jpg|https://kultura-doma.ru/public/src/images/gallery/catalog/6a394bb056e31_big.jpg|https://kultura-doma.ru/public/src/images/gallery/catalog/6a394bb095f72_big.jpg|https://kultura-doma.ru/public/src/images/gallery/catalog/6a394baf72e92_big.jpg|https://kultura-doma.ru/public/src/images/gallery/catalog/6a394bafc04e8_big.jpg
1791,,УТ-00012272,Голубые цветы,Чайник Голубые цветы,https://kultura-doma.ru/product/chaynik-golubye-cvety,teapot,serving_add_on,neutral_accent,table|decor,milk|blue|green,floral|botanical|soft,6990,,белый,,фарфор,950 мл,unknown_from_feed,https://kultura-doma.ru/public/src/images/gallery/catalog/6a394bb273d1c_big.jpg,https://kultura-doma.ru/public/src/images/gallery/catalog/6a394bb273d1c_big.jpg|https://kultura-doma.ru/public/src/images/gallery/catalog/6a106fcace792_big.jpg|https://kultura-doma.ru/public/src/images/gallery/catalog/6a394bb1ea300_big.jpg|https://kultura-doma.ru/public/src/images/gallery/catalog/6a394bb235186_big.jpg
1792,,УТ-00012273,Голубые цветы,Сахарница Голубые цветы,https://kultura-doma.ru/product/saharnica-golubye-cvety,sugar_bowl,serving_add_on,neutral_accent,table|decor,milk|blue|green,floral|botanical|soft,4490,,белый,,фарфор,,unknown_from_feed,https://kultura-doma.ru/public/src/images/gallery/catalog/6a394bb3dd1f1_big.jpg,https://kultura-doma.ru/public/src/images/gallery/catalog/6a394bb3dd1f1_big.jpg|https://kultura-doma.ru/public/src/images/gallery/catalog/6a14054a11f94_big.jpg|https://kultura-doma.ru/public/src/images/gallery/catalog/6a394bb4731fa_big.jpg|https://kultura-doma.ru/public/src/images/gallery/catalog/6a14054b14169_big.jpg|https://kultura-doma.ru/public/src/images/gallery/catalog/6a394bb42a03d_big.jpg
1793,,УТ-00012274,Голубые цветы,Тарелка обеденная Голубые цветы,https://kultura-doma.ru/product/tarelka-obedennaya-golubye-cvety,dinner_plate,individual_tableware,neutral_accent,table|decor,milk|blue|green,floral|botanical|soft,4490,,белый,,фарфор,,unknown_from_feed,https://kultura-doma.ru/public/src/images/gallery/catalog/6a3a73974eae2_big.jpg,https://kultura-doma.ru/public/src/images/gallery/catalog/6a3a73974eae2_big.jpg|https://kultura-doma.ru/public/src/images/gallery/catalog/6a140d5ec73c9_big.jpg|https://kultura-doma.ru/public/src/images/gallery/catalog/6a3a73965c879_big.jpg|https://kultura-doma.ru/public/src/images/gallery/catalog/6a3a7396dcdbc_big.jpg|https://kultura-doma.ru/public/src/images/gallery/catalog/6a140d5dbd42c_big.jpg
1794,,УТ-00012275,Голубые цветы,Тарелка десертная Голубые цветы,https://kultura-doma.ru/product/tarelka-desertnaya-golubye-cvety,dessert_plate,individual_tableware,neutral_accent,table|decor,milk|blue|green,floral|botanical|soft,2990,,белый,,фарфор,,unknown_from_feed,https://kultura-doma.ru/public/src/images/gallery/catalog/6a3a7393e8eb6_big.jpg,https://kultura-doma.ru/public/src/images/gallery/catalog/6a3a7393e8eb6_big.jpg|https://kultura-doma.ru/public/src/images/gallery/catalog/6a140e5794a7a_big.jpg|https://kultura-doma.ru/public/src/images/gallery/catalog/6a3a7393493db_big.jpg|https://kultura-doma.ru/public/src/images/gallery/catalog/6a140e58cdd23_big.jpg|https://kultura-doma.ru/public/src/images/gallery/catalog/6a3a73938c47f_big.jpg|https://kultura-doma.ru/public/src/images/gallery/catalog/6a3a7394475bc_big.jpg
1795,,УТ-00012276,Голубые цветы,Салатник большой Голубые цветы,https://kultura-doma.ru/product/salatnik-bol-shoy-golubye-cvety,salad_bowl,serving_add_on,neutral_accent,table|decor,milk|blue|green,floral|botanical|soft,4990,,белый,,фарфор,,unknown_from_feed,https://kultura-doma.ru/public/src/images/gallery/catalog/6a3a861a17992_big.jpg,https://kultura-doma.ru/public/src/images/gallery/catalog/6a3a861a17992_big.jpg|https://kultura-doma.ru/public/src/images/gallery/catalog/6a14124d68599_big.jpg|https://kultura-doma.ru/public/src/images/gallery/catalog/6a14125deb8f7_big.jpg|https://kultura-doma.ru/public/src/images/gallery/catalog/6a3a8619cfd0c_big.jpg
1796,,УТ-00012277,Голубые цветы,Салатник порционный Голубые цветы,https://kultura-doma.ru/product/salatnik-porcionnyy-golubye-cvety,salad_bowl,serving_add_on,neutral_accent,table|decor,milk|blue|green,floral|botanical|soft,2990,,белый,,фарфор,,unknown_from_feed,https://kultura-doma.ru/public/src/images/gallery/catalog/6a3a861622e35_big.jpg,https://kultura-doma.ru/public/src/images/gallery/catalog/6a3a861622e35_big.jpg|https://kultura-doma.ru/public/src/images/gallery/catalog/6a14142f1406d_big.jpg|https://kultura-doma.ru/public/src/images/gallery/catalog/6a3a86165ff53_big.jpg|https://kultura-doma.ru/public/src/images/gallery/catalog/6a14142d9ddd7_big.jpg|https://kultura-doma.ru/public/src/images/gallery/catalog/6a1414306f407_big.jpg|https://kultura-doma.ru/public/src/images/gallery/catalog/6a3a8615dbe35_big.jpg
1797,1797,УТ-00012278,Голубые цветы,Блюдо овальное Голубые цветы,https://kultura-doma.ru/product/blyudo-oval-noe-golubye-cvety,serving_dish,serving_add_on,neutral_accent,table|decor,milk|blue|green,floral|botanical|soft,4990,,белый,30.2х20.7х3 см,фарфор,,unknown_from_feed,https://kultura-doma.ru/public/src/images/gallery/catalog/6a3a77bcbe809_big.jpg,https://kultura-doma.ru/public/src/images/gallery/catalog/6a3a77bcbe809_big.jpg|https://kultura-doma.ru/public/src/images/gallery/catalog/6a14165916f2c_big.jpg|https://kultura-doma.ru/public/src/images/gallery/catalog/6a3a77bc6ce68_big.jpg|https://kultura-doma.ru/public/src/images/gallery/catalog/6a14165a2009c_big.jpg
1799,,УТ-00011524,,Наполнитель для диффузора Золотой цветок,https://kultura-doma.ru/product/napolnitel-dlya-diffuzora-zolotoy-cvetok,other,other,,,,,3990,,,,,250 мл,unknown_from_feed,https://kultura-doma.ru/public/src/images/gallery/catalog/6a47b6235f01e_big.jpg,https://kultura-doma.ru/public/src/images/gallery/catalog/6a47b6235f01e_big.jpg|https://kultura-doma.ru/public/src/images/gallery/catalog/6a47b6239c847_big.jpg|https://kultura-doma.ru/public/src/images/gallery/catalog/6a47b623dc3cd_big.jpg|https://kultura-doma.ru/public/src/images/gallery/catalog/6a47b62429a94_big.jpg|https://kultura-doma.ru/public/src/images/gallery/catalog/6a47b624687c8_big.jpg
1800,,УТ-00011525,,Наполнитель для диффузора  Серебряный мускус,https://kultura-doma.ru/product/napolnitel-dlya-diffuzora-serebryanyy-muskus,other,other,,,,,3990,,,,,250 мл,unknown_from_feed,https://kultura-doma.ru/public/src/images/gallery/catalog/6a47b83ed7dd7_big.jpg,https://kultura-doma.ru/public/src/images/gallery/catalog/6a47b83ed7dd7_big.jpg|https://kultura-doma.ru/public/src/images/gallery/catalog/6a47b83f29139_big.jpg|https://kultura-doma.ru/public/src/images/gallery/catalog/6a47b83f74842_big.jpg|https://kultura-doma.ru/public/src/images/gallery/catalog/6a47b83fc2c32_big.jpg|https://kultura-doma.ru/public/src/images/gallery/catalog/6a47b84022eca_big.jpg
1801,,УТ-00011526,,Наполнитель для диффузора Черный бархат,https://kultura-doma.ru/product/napolnitel-dlya-diffuzora-chernyy-barhat,other,other,,,,,3990,,,,,250 мл,unknown_from_feed,https://kultura-doma.ru/public/src/images/gallery/catalog/6a47b86a65534_big.jpg,https://kultura-doma.ru/public/src/images/gallery/catalog/6a47b86a65534_big.jpg|https://kultura-doma.ru/public/src/images/gallery/catalog/6a47b86ac75fd_big.jpg|https://kultura-doma.ru/public/src/images/gallery/catalog/6a47b86b24736_big.jpg|https://kultura-doma.ru/public/src/images/gallery/catalog/6a47b86b727fa_big.jpg|https://kultura-doma.ru/public/src/images/gallery/catalog/6a47b86bb6581_big.jpg
1802,,УТ-00011527,,Наполнитель для диффузора  Древо жизни,https://kultura-doma.ru/product/napolnitel-dlya-diffuzora-drevo-zhizni,other,other,,,,,3990,,,,,250 мл,unknown_from_feed,https://kultura-doma.ru/public/src/images/gallery/catalog/6a47b8a5b0703_big.jpg,https://kultura-doma.ru/public/src/images/gallery/catalog/6a47b8a5b0703_big.jpg|https://kultura-doma.ru/public/src/images/gallery/catalog/6a47b8a47b794_big.jpg|https://kultura-doma.ru/public/src/images/gallery/catalog/6a47b8a4cac6d_big.jpg|https://kultura-doma.ru/public/src/images/gallery/catalog/6a47b8a5185f7_big.jpg|https://kultura-doma.ru/public/src/images/gallery/catalog/6a47b8a55ee5a_big.jpg
1804,1804,УТ-00012056,,Фоторамка Кружево,https://kultura-doma.ru/product/fotoramka,other,other,,,,,12990,,бежевый,24х29 см,,,unknown_from_feed,https://kultura-doma.ru/public/src/images/gallery/catalog/6a47c654d7e2f_big.jpg,https://kultura-doma.ru/public/src/images/gallery/catalog/6a47c654d7e2f_big.jpg|https://kultura-doma.ru/public/src/images/gallery/catalog/6a27e0013dabc_big.jpg
1805,1805,УТ-00012057,,Зеркало,https://kultura-doma.ru/product/zerkalo,other,other,,,,,12490,,бежевый,32х28 см,дерево,,unknown_from_feed,https://kultura-doma.ru/public/src/images/gallery/catalog/6a203695351e3_big.jpg,https://kultura-doma.ru/public/src/images/gallery/catalog/6a203695351e3_big.jpg|https://kultura-doma.ru/public/src/images/gallery/catalog/6a27e0110fb50_big.jpg
1811,,УТ-00011978,,Фата,https://kultura-doma.ru/product/fata,other,other,,,,,99000,,,,батист,,unknown_from_feed,https://kultura-doma.ru/public/src/images/gallery/catalog/6a26d3bfcfc04_big.jpg,https://kultura-doma.ru/public/src/images/gallery/catalog/6a26d3bfcfc04_big.jpg|https://kultura-doma.ru/public/src/images/gallery/catalog/6a15501a4fc33_big.jpg|https://kultura-doma.ru/public/src/images/gallery/catalog/6a26d3c26552f_big.jpg
1814,,УТ-00011894,Голубые цветы,Плейсмат Голубые цветы,https://kultura-doma.ru/product/pleysmat-golubye-cvety,placemat,table_textile,neutral_accent,table|decor,milk|blue|green,floral|botanical|soft,3990,,голубой,,лён,,unknown_from_feed,https://kultura-doma.ru/public/src/images/gallery/catalog/6a14117a3db77_big.jpg,https://kultura-doma.ru/public/src/images/gallery/catalog/6a14117a3db77_big.jpg|https://kultura-doma.ru/public/src/images/gallery/catalog/6a141a62829a4_big.jpg|https://kultura-doma.ru/public/src/images/gallery/catalog/6a141a66321b0_big.jpg
1829,1829,УТ-00011893,,Набор салфеток Весенние Цветы,https://kultura-doma.ru/product/nabor-salfetok-vesennie-cvety,napkin,table_textile,,,,,6490,,белый,45х45 см,сатин,,unknown_from_feed,https://kultura-doma.ru/public/src/images/gallery/catalog/6a42806b86e6f_big.jpg,https://kultura-doma.ru/public/src/images/gallery/catalog/6a42806b86e6f_big.jpg|https://kultura-doma.ru/public/src/images/gallery/catalog/6a42806bc47c2_big.jpg|https://kultura-doma.ru/public/src/images/gallery/catalog/6a42806c0c3cc_big.jpg|https://kultura-doma.ru/public/src/images/gallery/catalog/6a42806c466e4_big.jpg|https://kultura-doma.ru/public/src/images/gallery/catalog/6a42806c81165_big.jpg
1830,1830,УТ-00011953,,Набор наволочек Классика,https://kultura-doma.ru/product/nabor-navolochek-klassika-1830,pillowcase_set,bedroom_layer,,,,,6490,,голубой,70х70 см,сатин,,unknown_from_feed,https://kultura-doma.ru/public/src/images/gallery/catalog/6a2963ee74ce4_big.jpg,https://kultura-doma.ru/public/src/images/gallery/catalog/6a2963ee74ce4_big.jpg
1834,1834,УТ-00011689,,Пододеяльник Классика,https://kultura-doma.ru/product/pododeyal-nik-klassika-1834,other,other,,,,,9900,,розовый,145х200 см,сатин,,unknown_from_feed,https://kultura-doma.ru/public/src/images/gallery/catalog/6a26da0cb80a3_big.jpg,https://kultura-doma.ru/public/src/images/gallery/catalog/6a26da0cb80a3_big.jpg|https://kultura-doma.ru/public/src/images/gallery/catalog/6a26da0c64233_big.jpg
1834-2378,1834,УТ-00011687,,Пододеяльник Классика: 200х220 см,https://kultura-doma.ru/product/pododeyal-nik-klassika-1834-size-200h220-sm,other,other,,,,,11900,,розовый,200х220 см,сатин,,unknown_from_feed,https://kultura-doma.ru/public/src/images/gallery/catalog/6a26da0cb80a3_big.jpg,https://kultura-doma.ru/public/src/images/gallery/catalog/6a26da0cb80a3_big.jpg|https://kultura-doma.ru/public/src/images/gallery/catalog/6a26da0c64233_big.jpg
1836,1836,УТ-00011693,,Пододеяльник Классика,https://kultura-doma.ru/product/pododeyal-nik-klassika-1836,other,other,,,,,9900,,розовый,145х200 см,сатин,,unknown_from_feed,https://kultura-doma.ru/public/src/images/gallery/catalog/6a29648382d34_big.jpg,https://kultura-doma.ru/public/src/images/gallery/catalog/6a29648382d34_big.jpg|https://kultura-doma.ru/public/src/images/gallery/catalog/6a296480110bc_big.jpg
1836-2271,1836,УТ-00011693,,Пододеяльник Классика: 200х220 см,https://kultura-doma.ru/product/pododeyal-nik-klassika-1836-size-200h220-sm,other,other,,,,,11900,,розовый,200х220 см,сатин,,unknown_from_feed,https://kultura-doma.ru/public/src/images/gallery/catalog/6a29648382d34_big.jpg,https://kultura-doma.ru/public/src/images/gallery/catalog/6a29648382d34_big.jpg|https://kultura-doma.ru/public/src/images/gallery/catalog/6a296480110bc_big.jpg
1838,1838,УТ-00011735,,Простыня на резинке Классика,https://kultura-doma.ru/product/prostynya-na-rezinke-klassika-1838,other,other,,,,,7990,,розовый,160х200х40 см,сатин,,unknown_from_feed,https://kultura-doma.ru/public/src/images/gallery/catalog/6a39014864613_big.jpg,https://kultura-doma.ru/public/src/images/gallery/catalog/6a39014864613_big.jpg|https://kultura-doma.ru/public/src/images/gallery/catalog/6a390148ec625_big.jpg|https://kultura-doma.ru/public/src/images/gallery/catalog/6a39014b9a68c_big.jpg
1838-2274,1838,УТ-00011735,,Простыня на резинке Классика: 200х200х40 см,https://kultura-doma.ru/product/prostynya-na-rezinke-klassika-1838-size-200h200h40-sm,other,other,,,,,8990,,розовый,200х200х40 см,сатин,,unknown_from_feed,https://kultura-doma.ru/public/src/images/gallery/catalog/6a39014864613_big.jpg,https://kultura-doma.ru/public/src/images/gallery/catalog/6a39014864613_big.jpg|https://kultura-doma.ru/public/src/images/gallery/catalog/6a390148ec625_big.jpg|https://kultura-doma.ru/public/src/images/gallery/catalog/6a39014b9a68c_big.jpg
1838-2388,1838,УТ-00011734,,Простыня на резинке Классика: 180х200х40 см,https://kultura-doma.ru/product/prostynya-na-rezinke-klassika-1838-size-180h200h40-sm,other,other,,,,,8490,,розовый,180х200х40 см,сатин,,unknown_from_feed,https://kultura-doma.ru/public/src/images/gallery/catalog/6a39014864613_big.jpg,https://kultura-doma.ru/public/src/images/gallery/catalog/6a39014864613_big.jpg|https://kultura-doma.ru/public/src/images/gallery/catalog/6a390148ec625_big.jpg|https://kultura-doma.ru/public/src/images/gallery/catalog/6a39014b9a68c_big.jpg
1839,1839,УТ-00012246,,Салфетка Цветущий сад,https://kultura-doma.ru/product/salfetka-cvetuschiy-sad,napkin,table_textile,,,,,1490,,белый,41х41 см,лён,,unknown_from_feed,https://kultura-doma.ru/public/src/images/gallery/catalog/6a4281b32e784_big.jpg,https://kultura-doma.ru/public/src/images/gallery/catalog/6a4281b32e784_big.jpg|https://kultura-doma.ru/public/src/images/gallery/catalog/6a27de519c254_big.jpg|https://kultura-doma.ru/public/src/images/gallery/catalog/6a27de4347041_big.jpg
1840,1840,УТ-00012248,,Салфетка Цветущий сад,https://kultura-doma.ru/product/salfetka-cvetuschiy-sad-1840,napkin,table_textile,,,,,1490,,белый,45х45 см,сатин,,unknown_from_feed,https://kultura-doma.ru/public/src/images/gallery/catalog/6a4282680b89d_big.jpg,https://kultura-doma.ru/public/src/images/gallery/catalog/6a4282680b89d_big.jpg|https://kultura-doma.ru/public/src/images/gallery/catalog/6a27de890664f_big.jpg
1841,1841,УТ-00012247,,Салфетка Цветущий сад,https://kultura-doma.ru/product/salfetka-cvetuschiy-sad-1841,napkin,table_textile,,,,,1490,,белый,41х41 см,лён,,unknown_from_feed,https://kultura-doma.ru/public/src/images/gallery/catalog/6a4282eb0e200_big.jpg,https://kultura-doma.ru/public/src/images/gallery/catalog/6a4282eb0e200_big.jpg|https://kultura-doma.ru/public/src/images/gallery/catalog/6a27dee231f9d_big.jpg|https://kultura-doma.ru/public/src/images/gallery/catalog/6a27def11561a_big.jpg
1842,1842,УТ-00011727,,Простыня на резинке Классика,https://kultura-doma.ru/product/prostynya-na-rezinke-klassika-1842,other,other,,,,,7990,,розовый,160х200х40 см,сатин,,unknown_from_feed,https://kultura-doma.ru/public/src/images/gallery/catalog/6a390134a8f96_big.jpg,https://kultura-doma.ru/public/src/images/gallery/catalog/6a390134a8f96_big.jpg|https://kultura-doma.ru/public/src/images/gallery/catalog/6a390133908c9_big.jpg
1842-2278,1842,УТ-00011727,,Простыня на резинке Классика: 200х200х40 см,https://kultura-doma.ru/product/prostynya-na-rezinke-klassika-1842-size-200h200h40-sm,other,other,,,,,8990,,розовый,200х200х40 см,сатин,,unknown_from_feed,https://kultura-doma.ru/public/src/images/gallery/catalog/6a390134a8f96_big.jpg,https://kultura-doma.ru/public/src/images/gallery/catalog/6a390134a8f96_big.jpg|https://kultura-doma.ru/public/src/images/gallery/catalog/6a390133908c9_big.jpg
1842-2280,1842,УТ-00011726,,Простыня на резинке Классика: 180х200х40 см,https://kultura-doma.ru/product/prostynya-na-rezinke-klassika-1842-size-180h200h40-sm,other,other,,,,,8490,,розовый,180х200х40 см,сатин,,unknown_from_feed,https://kultura-doma.ru/public/src/images/gallery/catalog/6a390134a8f96_big.jpg,https://kultura-doma.ru/public/src/images/gallery/catalog/6a390134a8f96_big.jpg|https://kultura-doma.ru/public/src/images/gallery/catalog/6a390133908c9_big.jpg
1843,1843,УТ-00012098,,Пододеяльник Классика,https://kultura-doma.ru/product/pododeyal-nik-klassika-1843,other,other,,,,,9900,,серый,145х200 см,сатин,,unknown_from_feed,https://kultura-doma.ru/public/src/images/gallery/catalog/6a29648da84a2_big.jpg,https://kultura-doma.ru/public/src/images/gallery/catalog/6a29648da84a2_big.jpg|https://kultura-doma.ru/public/src/images/gallery/catalog/6a29648d5a683_big.jpg
1843-2372,1843,УТ-00010965,,Пододеяльник Классика: 160х220 см,https://kultura-doma.ru/product/pododeyal-nik-klassika-1843-size-160h220-sm,other,other,,,,,9990,,серый,160х220 см,сатин,,unknown_from_feed,https://kultura-doma.ru/public/src/images/gallery/catalog/6a29648da84a2_big.jpg,https://kultura-doma.ru/public/src/images/gallery/catalog/6a29648da84a2_big.jpg|https://kultura-doma.ru/public/src/images/gallery/catalog/6a29648d5a683_big.jpg
1843-2373,1843,УТ-00012097,,Пододеяльник Классика: 200х210 см,https://kultura-doma.ru/product/pododeyal-nik-klassika-1843-size-200h210-sm,other,other,,,,,11900,,серый,200х210 см,сатин,,unknown_from_feed,https://kultura-doma.ru/public/src/images/gallery/catalog/6a29648da84a2_big.jpg,https://kultura-doma.ru/public/src/images/gallery/catalog/6a29648da84a2_big.jpg|https://kultura-doma.ru/public/src/images/gallery/catalog/6a29648d5a683_big.jpg
1845,1845,УТ-00011690,,Пододеяльник Классика,https://kultura-doma.ru/product/pododeyal-nik-klassika-1845,other,other,,,,,9900,,голубой,145х200 см,сатин,,unknown_from_feed,https://kultura-doma.ru/public/src/images/gallery/catalog/6a296453b9ff6_big.jpg,https://kultura-doma.ru/public/src/images/gallery/catalog/6a296453b9ff6_big.jpg|https://kultura-doma.ru/public/src/images/gallery/catalog/6a2964518d2ef_big.jpg
1845-2370,1845,УТ-00011690,,Пододеяльник Классика: 200х220 см,https://kultura-doma.ru/product/pododeyal-nik-klassika-1845-size-200h220-sm,other,other,,,,,11900,,голубой,200х220 см,сатин,,unknown_from_feed,https://kultura-doma.ru/public/src/images/gallery/catalog/6a296453b9ff6_big.jpg,https://kultura-doma.ru/public/src/images/gallery/catalog/6a296453b9ff6_big.jpg|https://kultura-doma.ru/public/src/images/gallery/catalog/6a2964518d2ef_big.jpg
1846,1846,УТ-00011729,,Простыня свободная Классика,https://kultura-doma.ru/product/prostynya-klassika,other,other,,,,,6990,,голубой,240х270 см,сатин,,unknown_from_feed,https://kultura-doma.ru/public/src/images/gallery/catalog/6a39019e0d996_big.jpg,https://kultura-doma.ru/public/src/images/gallery/catalog/6a39019e0d996_big.jpg|https://kultura-doma.ru/public/src/images/gallery/catalog/6a39019da3cea_big.jpg
1847,1847,УТ-00011731,,Простыня на резинке Классика,https://kultura-doma.ru/product/prostynya-na-rezinke-klassika-1847,other,other,,,,,7990,,голубой,160х200х40 см,сатин,,unknown_from_feed,https://kultura-doma.ru/public/src/images/gallery/catalog/6a39015278123_big.jpg,https://kultura-doma.ru/public/src/images/gallery/catalog/6a39015278123_big.jpg|https://kultura-doma.ru/public/src/images/gallery/catalog/6a39015152eb3_big.jpg
1847-2289,1847,УТ-00011731,,Простыня на резинке Классика: 200х200х40 см,https://kultura-doma.ru/product/prostynya-na-rezinke-klassika-1847-size-200h200h40-sm,other,other,,,,,8990,,голубой,200х200х40 см,сатин,,unknown_from_feed,https://kultura-doma.ru/public/src/images/gallery/catalog/6a39015278123_big.jpg,https://kultura-doma.ru/public/src/images/gallery/catalog/6a39015278123_big.jpg|https://kultura-doma.ru/public/src/images/gallery/catalog/6a39015152eb3_big.jpg
1847-2291,1847,УТ-00011730,,Простыня на резинке Классика: 180х200х40 см,https://kultura-doma.ru/product/prostynya-na-rezinke-klassika-1847-size-180h200h40-sm,other,other,,,,,8490,,голубой,180х200х40 см,сатин,,unknown_from_feed,https://kultura-doma.ru/public/src/images/gallery/catalog/6a39015278123_big.jpg,https://kultura-doma.ru/public/src/images/gallery/catalog/6a39015278123_big.jpg|https://kultura-doma.ru/public/src/images/gallery/catalog/6a39015152eb3_big.jpg
1848,1848,УТ-00011955,,Набор наволочек Классика,https://kultura-doma.ru/product/nabor-navolochek-klassika-1848,pillowcase_set,bedroom_layer,,,,,4990,,розовый,50х70 см,сатин,,unknown_from_feed,https://kultura-doma.ru/public/src/images/gallery/catalog/6a2964056b8e5_big.jpg,https://kultura-doma.ru/public/src/images/gallery/catalog/6a2964056b8e5_big.jpg|https://kultura-doma.ru/public/src/images/gallery/catalog/6a296405a4d8b_big.jpg|https://kultura-doma.ru/public/src/images/gallery/catalog/6a296405ecb73_big.jpg
1848-2295,1848,УТ-00011956,,Набор наволочек Классика: 70х70 см,https://kultura-doma.ru/product/nabor-navolochek-klassika-1848-size-70h70-sm,pillowcase_set,bedroom_layer,,,,,5490,,розовый,70х70 см,сатин,,unknown_from_feed,https://kultura-doma.ru/public/src/images/gallery/catalog/6a2964056b8e5_big.jpg,https://kultura-doma.ru/public/src/images/gallery/catalog/6a2964056b8e5_big.jpg|https://kultura-doma.ru/public/src/images/gallery/catalog/6a296405a4d8b_big.jpg|https://kultura-doma.ru/public/src/images/gallery/catalog/6a296405ecb73_big.jpg
1849,1849,УТ-00012100,,Пододеяльник Классика,https://kultura-doma.ru/product/pododeyal-nik-klassika-1849,other,other,,,,,9490,,синий,160х220 см,сатин,,unknown_from_feed,https://kultura-doma.ru/public/src/images/gallery/catalog/6a296491def58_big.jpg,https://kultura-doma.ru/public/src/images/gallery/catalog/6a296491def58_big.jpg|https://kultura-doma.ru/public/src/images/gallery/catalog/6a2964919a81e_big.jpg
1849-2381,1849,УТ-00012100,,Пододеяльник Классика: 145х200 см,https://kultura-doma.ru/product/pododeyal-nik-klassika-1849-size-145h200-sm,other,other,,,,,9900,,синий,145х200 см,сатин,,unknown_from_feed,https://kultura-doma.ru/public/src/images/gallery/catalog/6a296491def58_big.jpg,https://kultura-doma.ru/public/src/images/gallery/catalog/6a296491def58_big.jpg|https://kultura-doma.ru/public/src/images/gallery/catalog/6a2964919a81e_big.jpg
1849-2384,1849,УТ-00012099,,Пододеяльник Классика: 200х210 см,https://kultura-doma.ru/product/pododeyal-nik-klassika-1849-size-200h210-sm,other,other,,,,,11900,,синий,200х210 см,сатин,,unknown_from_feed,https://kultura-doma.ru/public/src/images/gallery/catalog/6a296491def58_big.jpg,https://kultura-doma.ru/public/src/images/gallery/catalog/6a296491def58_big.jpg|https://kultura-doma.ru/public/src/images/gallery/catalog/6a2964919a81e_big.jpg
1850,1850,УТ-00012102,,Пододеяльник Классика,https://kultura-doma.ru/product/pododeyal-nik-klassika-1850,other,other,,,,,9900,,экрю,145х200 см,сатин,,unknown_from_feed,https://kultura-doma.ru/public/src/images/gallery/catalog/6a2964489ce41_big.jpg,https://kultura-doma.ru/public/src/images/gallery/catalog/6a2964489ce41_big.jpg|https://kultura-doma.ru/public/src/images/gallery/catalog/6a29644852c23_big.jpg
1850-2374,1850,УТ-00010963,,Пододеяльник Классика: 160х220 см,https://kultura-doma.ru/product/pododeyal-nik-klassika-1850-size-160h220-sm,other,other,,,,,9490,,экрю,160х220 см,сатин,,unknown_from_feed,https://kultura-doma.ru/public/src/images/gallery/catalog/6a2964489ce41_big.jpg,https://kultura-doma.ru/public/src/images/gallery/catalog/6a2964489ce41_big.jpg|https://kultura-doma.ru/public/src/images/gallery/catalog/6a29644852c23_big.jpg
1850-2382,1850,УТ-00012101,,Пододеяльник Классика: 200х210 см,https://kultura-doma.ru/product/pododeyal-nik-klassika-1850-size-200h210-sm,other,other,,,,,10900,,экрю,200х210 см,сатин,,unknown_from_feed,https://kultura-doma.ru/public/src/images/gallery/catalog/6a2964489ce41_big.jpg,https://kultura-doma.ru/public/src/images/gallery/catalog/6a2964489ce41_big.jpg|https://kultura-doma.ru/public/src/images/gallery/catalog/6a29644852c23_big.jpg
1851,1851,УТ-00012104,,Пододеяльник Классика,https://kultura-doma.ru/product/pododeyal-nik-klassika-1851,other,other,,,,,9900,,розовый,145х200 см,сатин,,unknown_from_feed,https://kultura-doma.ru/public/src/images/gallery/catalog/6a2964715efaf_big.jpg,https://kultura-doma.ru/public/src/images/gallery/catalog/6a2964715efaf_big.jpg|https://kultura-doma.ru/public/src/images/gallery/catalog/6a296470bf02a_big.jpg|https://kultura-doma.ru/public/src/images/gallery/catalog/6a296471e6f74_big.jpg
1851-2371,1851,УТ-00012103,,Пододеяльник Классика: 200х220 см,https://kultura-doma.ru/product/pododeyal-nik-klassika-1851-size-200h220-sm,other,other,,,,,10900,,розовый,200х220 см,сатин,,unknown_from_feed,https://kultura-doma.ru/public/src/images/gallery/catalog/6a2964715efaf_big.jpg,https://kultura-doma.ru/public/src/images/gallery/catalog/6a2964715efaf_big.jpg|https://kultura-doma.ru/public/src/images/gallery/catalog/6a296470bf02a_big.jpg|https://kultura-doma.ru/public/src/images/gallery/catalog/6a296471e6f74_big.jpg
1852,1852,УТ-00011737,,Простыня свободная Классика,https://kultura-doma.ru/product/prostynya-na-rezinke-klassika-1852,other,other,,,,,6990,,белый,240х270 см,тенсель,,unknown_from_feed,https://kultura-doma.ru/public/src/images/gallery/catalog/6a3901841e2a8_big.jpg,https://kultura-doma.ru/public/src/images/gallery/catalog/6a3901841e2a8_big.jpg|https://kultura-doma.ru/public/src/images/gallery/catalog/6a3901848da3d_big.jpg
1853,1853,УТ-00011739,,Простыня на резинке Классика,https://kultura-doma.ru/product/prostynya-na-rezinke-klassika-1853,other,other,,,,,9900,,белый,200х200х40 см,тенсель,,unknown_from_feed,https://kultura-doma.ru/public/src/images/gallery/catalog/6a5742b7a962f_big.jpg,https://kultura-doma.ru/public/src/images/gallery/catalog/6a5742b7a962f_big.jpg|https://kultura-doma.ru/public/src/images/gallery/catalog/6a5742b6d219c_big.jpg|https://kultura-doma.ru/public/src/images/gallery/catalog/6a5742b84b1a5_big.jpg|https://kultura-doma.ru/public/src/images/gallery/catalog/6a5742b92d35d_big.jpg
1853-2557,1853,УТ-00011738,,Простыня на резинке Классика: 180х200х40 см,https://kultura-doma.ru/product/prostynya-na-rezinke-klassika-1853-size-180h200h40-sm,other,other,,,,,10900,,белый,180х200х40 см,тенсель,,unknown_from_feed,https://kultura-doma.ru/public/src/images/gallery/catalog/6a5742b7a962f_big.jpg,https://kultura-doma.ru/public/src/images/gallery/catalog/6a5742b7a962f_big.jpg|https://kultura-doma.ru/public/src/images/gallery/catalog/6a5742b6d219c_big.jpg|https://kultura-doma.ru/public/src/images/gallery/catalog/6a5742b84b1a5_big.jpg|https://kultura-doma.ru/public/src/images/gallery/catalog/6a5742b92d35d_big.jpg
1853-2562,1853,УТ-00011740,,Простыня на резинке Классика: 160х200х40 см,https://kultura-doma.ru/product/prostynya-na-rezinke-klassika-1853-size-160h200h40-sm,other,other,,,,,9900,,белый,160х200х40 см,тенсель,,unknown_from_feed,https://kultura-doma.ru/public/src/images/gallery/catalog/6a5742b7a962f_big.jpg,https://kultura-doma.ru/public/src/images/gallery/catalog/6a5742b7a962f_big.jpg|https://kultura-doma.ru/public/src/images/gallery/catalog/6a5742b6d219c_big.jpg|https://kultura-doma.ru/public/src/images/gallery/catalog/6a5742b84b1a5_big.jpg|https://kultura-doma.ru/public/src/images/gallery/catalog/6a5742b92d35d_big.jpg
1854,,УТ-00010325,,Простыня на резинке Классика,https://kultura-doma.ru/product/prostynya-na-rezinke-klassika-1854,other,other,,,,,10790,,белый,180х200х40 см,сатин,,unknown_from_feed,https://kultura-doma.ru/public/src/images/gallery/catalog/6a26d3f874971_big.jpg,https://kultura-doma.ru/public/src/images/gallery/catalog/6a26d3f874971_big.jpg|https://kultura-doma.ru/public/src/images/gallery/catalog/6a26d3f837804_big.jpg
1855,,УТ-00010327,,Простыня на резинке Классика,https://kultura-doma.ru/product/prostynya-na-rezinke-klassika-1855,other,other,,,,,9200,,бежевый,,сатин,,unknown_from_feed,https://kultura-doma.ru/public/src/images/gallery/catalog/6a26d4560eebc_big.jpg,https://kultura-doma.ru/public/src/images/gallery/catalog/6a26d4560eebc_big.jpg|https://kultura-doma.ru/public/src/images/gallery/catalog/6a26d455c0450_big.jpg
1856,1856,УТ-00010756,,Набор наволочек Классика,https://kultura-doma.ru/product/nabor-navolochek-klassika-1856,pillowcase_set,bedroom_layer,,,,,6390,,бежевый,50х70 см,сатин,,unknown_from_feed,https://kultura-doma.ru/public/src/images/gallery/catalog/6a38ed17c6fba_big.jpg,https://kultura-doma.ru/public/src/images/gallery/catalog/6a38ed17c6fba_big.jpg|https://kultura-doma.ru/public/src/images/gallery/catalog/6a38ed181c152_big.jpg|https://kultura-doma.ru/public/src/images/gallery/catalog/6a38ed1863ce0_big.jpg
1856-2318,1856,УТ-00010756,,Набор наволочек Классика: 70х70 см,https://kultura-doma.ru/product/nabor-navolochek-klassika-1856-size-70h70-sm,pillowcase_set,bedroom_layer,,,,,6590,,бежевый,70х70 см,сатин,,unknown_from_feed,https://kultura-doma.ru/public/src/images/gallery/catalog/6a38ed17c6fba_big.jpg,https://kultura-doma.ru/public/src/images/gallery/catalog/6a38ed17c6fba_big.jpg|https://kultura-doma.ru/public/src/images/gallery/catalog/6a38ed181c152_big.jpg|https://kultura-doma.ru/public/src/images/gallery/catalog/6a38ed1863ce0_big.jpg
1856-2319,1856,УТ-00010757,,Набор наволочек Классика: 50х90 см,https://kultura-doma.ru/product/nabor-navolochek-klassika-1856-size-50h90-sm,pillowcase_set,bedroom_layer,,,,,6790,,бежевый,50х90 см,сатин,,unknown_from_feed,https://kultura-doma.ru/public/src/images/gallery/catalog/6a38ed17c6fba_big.jpg,https://kultura-doma.ru/public/src/images/gallery/catalog/6a38ed17c6fba_big.jpg|https://kultura-doma.ru/public/src/images/gallery/catalog/6a38ed181c152_big.jpg|https://kultura-doma.ru/public/src/images/gallery/catalog/6a38ed1863ce0_big.jpg
1858,1858,УТ-00012061,,Простыня свободная Классика,https://kultura-doma.ru/product/prostynya-klassika-1858,other,other,,,,,8900,,зеленый,240х270 см,сатин,,unknown_from_feed,https://kultura-doma.ru/public/src/images/gallery/catalog/6a3901811f98d_big.jpg,https://kultura-doma.ru/public/src/images/gallery/catalog/6a3901811f98d_big.jpg|https://kultura-doma.ru/public/src/images/gallery/catalog/6a390180b8664_big.jpg
1859,1859,УТ-00012063,,Простыня на резинке Классика,https://kultura-doma.ru/product/prostynya-klassika-1859,other,other,,,,,9900,,зеленый,200х200х40 см,сатин,,unknown_from_feed,https://kultura-doma.ru/public/src/images/gallery/catalog/6a39266f54acc_big.jpg,https://kultura-doma.ru/public/src/images/gallery/catalog/6a39266f54acc_big.jpg|https://kultura-doma.ru/public/src/images/gallery/catalog/6a39266f00822_big.jpg
1859-2573,1859,УТ-00012062,,Простыня на резинке Классика: 180х200х40 см,https://kultura-doma.ru/product/prostynya-klassika-1859-size-180h200h40-sm,other,other,,,,,10990,,зеленый,180х200х40 см,сатин,,unknown_from_feed,https://kultura-doma.ru/public/src/images/gallery/catalog/6a39266f54acc_big.jpg,https://kultura-doma.ru/public/src/images/gallery/catalog/6a39266f54acc_big.jpg|https://kultura-doma.ru/public/src/images/gallery/catalog/6a39266f00822_big.jpg
1861,1861,УТ-00012064,,Простыня свободная Классика,https://kultura-doma.ru/product/prostynya-klassika-1861,other,other,,,,,8900,,экрю,240х270 см,сатин,,unknown_from_feed,https://kultura-doma.ru/public/src/images/gallery/catalog/6a39017b05208_big.jpg,https://kultura-doma.ru/public/src/images/gallery/catalog/6a39017b05208_big.jpg|https://kultura-doma.ru/public/src/images/gallery/catalog/6a390177f1607_big.jpg
1862,1862,УТ-00012066,,Простыня на резинке Классика,https://kultura-doma.ru/product/prostynya-klassika-1862,other,other,,,,,9900,,экрю,200х200х40 см,сатин,,unknown_from_feed,https://kultura-doma.ru/public/src/images/gallery/catalog/6a39016ebd783_big.jpg,https://kultura-doma.ru/public/src/images/gallery/catalog/6a39016ebd783_big.jpg|https://kultura-doma.ru/public/src/images/gallery/catalog/6a39016c02083_big.jpg
1862-2574,1862,УТ-00012065,,Простыня на резинке Классика: 180х200х40 см,https://kultura-doma.ru/product/prostynya-klassika-1862-size-180h200h40-sm,other,other,,,,,10990,,экрю,180х200х40 см,сатин,,unknown_from_feed,https://kultura-doma.ru/public/src/images/gallery/catalog/6a39016ebd783_big.jpg,https://kultura-doma.ru/public/src/images/gallery/catalog/6a39016ebd783_big.jpg|https://kultura-doma.ru/public/src/images/gallery/catalog/6a39016c02083_big.jpg
1863,1863,УТ-00012092,,Набор наволочек Классика,https://kultura-doma.ru/product/navolochki-klassika-1863,pillowcase_set,bedroom_layer,,,,,5890,,экрю,50х70 см,сатин,,unknown_from_feed,https://kultura-doma.ru/public/src/images/gallery/catalog/6a29643bac83f_big.jpg,https://kultura-doma.ru/public/src/images/gallery/catalog/6a29643bac83f_big.jpg|https://kultura-doma.ru/public/src/images/gallery/catalog/6a29643db436f_big.jpg|https://kultura-doma.ru/public/src/images/gallery/catalog/6a29643fcd653_big.jpg
1863-2331,1863,УТ-00012093,,Набор наволочек Классика: 70х70 см,https://kultura-doma.ru/product/navolochki-klassika-1863-size-70h70-sm,pillowcase_set,bedroom_layer,,,,,6390,,экрю,70х70 см,сатин,,unknown_from_feed,https://kultura-doma.ru/public/src/images/gallery/catalog/6a29643bac83f_big.jpg,https://kultura-doma.ru/public/src/images/gallery/catalog/6a29643bac83f_big.jpg|https://kultura-doma.ru/public/src/images/gallery/catalog/6a29643db436f_big.jpg|https://kultura-doma.ru/public/src/images/gallery/catalog/6a29643fcd653_big.jpg
1864,1864,УТ-00011675,,Пододеяльник Классика,https://kultura-doma.ru/product/pododeyal-nik-klassika-1864,other,other,,,,,8990,,белый,145х200 см,тенсель,,unknown_from_feed,https://kultura-doma.ru/public/src/images/gallery/catalog/6a29646c80fee_big.jpg,https://kultura-doma.ru/public/src/images/gallery/catalog/6a29646c80fee_big.jpg|https://kultura-doma.ru/public/src/images/gallery/catalog/6a29646c3cf77_big.jpg
1864-2332,1864,УТ-00011675,,Пододеяльник Классика: 200х220 см,https://kultura-doma.ru/product/pododeyal-nik-klassika-1864-size-200h220-sm,other,other,,,,,9990,,белый,200х220 см,тенсель,,unknown_from_feed,https://kultura-doma.ru/public/src/images/gallery/catalog/6a29646c80fee_big.jpg,https://kultura-doma.ru/public/src/images/gallery/catalog/6a29646c80fee_big.jpg|https://kultura-doma.ru/public/src/images/gallery/catalog/6a29646c3cf77_big.jpg
1864-2334,1864,УТ-00011676,,Пододеяльник Классика: 220х240 см,https://kultura-doma.ru/product/pododeyal-nik-klassika-1864-size-220h240-sm,other,other,,,,,10990,,белый,220х240 см,тенсель,,unknown_from_feed,https://kultura-doma.ru/public/src/images/gallery/catalog/6a29646c80fee_big.jpg,https://kultura-doma.ru/public/src/images/gallery/catalog/6a29646c80fee_big.jpg|https://kultura-doma.ru/public/src/images/gallery/catalog/6a29646c3cf77_big.jpg
1866,1866,УТ-00011680,,Пододеяльник Классика,https://kultura-doma.ru/product/pododeyal-nik-klassika-1866,other,other,,,,,9900,,экрю,145х200 см,тенсель,,unknown_from_feed,https://kultura-doma.ru/public/src/images/gallery/catalog/6a29646682f0e_big.jpg,https://kultura-doma.ru/public/src/images/gallery/catalog/6a29646682f0e_big.jpg|https://kultura-doma.ru/public/src/images/gallery/catalog/6a2964648cebf_big.jpg
1866-2380,1866,УТ-00011678,,Пододеяльник Классика: 200х220 см,https://kultura-doma.ru/product/pododeyal-nik-klassika-1866-size-200h220-sm,other,other,,,,,11900,,экрю,200х220 см,тенсель,,unknown_from_feed,https://kultura-doma.ru/public/src/images/gallery/catalog/6a29646682f0e_big.jpg,https://kultura-doma.ru/public/src/images/gallery/catalog/6a29646682f0e_big.jpg|https://kultura-doma.ru/public/src/images/gallery/catalog/6a2964648cebf_big.jpg
1867,1867,УТ-00012213,,Простыня свободная Классика,https://kultura-doma.ru/product/prostynya-klassika-1867,other,other,,,,,6990,,экрю,240х270 см,тенсель,,unknown_from_feed,https://kultura-doma.ru/public/src/images/gallery/catalog/6a390165b2a89_big.jpg,https://kultura-doma.ru/public/src/images/gallery/catalog/6a390165b2a89_big.jpg|https://kultura-doma.ru/public/src/images/gallery/catalog/6a390162d7138_big.jpg
1868,1868,УТ-00012215,,Простыня на резинке Классика,https://kultura-doma.ru/product/prostynya-klassika-1868,other,other,,,,,7990,,коричневый,160х200х40 см,тенсель,,unknown_from_feed,https://kultura-doma.ru/public/src/images/gallery/catalog/6a3901053b084_big.jpg,https://kultura-doma.ru/public/src/images/gallery/catalog/6a3901053b084_big.jpg|https://kultura-doma.ru/public/src/images/gallery/catalog/6a390102c2d91_big.jpg
1868-2339,1868,УТ-00012215,,Простыня на резинке Классика: 200х200х40 см,https://kultura-doma.ru/product/prostynya-klassika-1868-size-200h200h40-sm,other,other,,,,,8990,,коричневый,200х200х40 см,тенсель,,unknown_from_feed,https://kultura-doma.ru/public/src/images/gallery/catalog/6a3901053b084_big.jpg,https://kultura-doma.ru/public/src/images/gallery/catalog/6a3901053b084_big.jpg|https://kultura-doma.ru/public/src/images/gallery/catalog/6a390102c2d91_big.jpg
1868-2553,1868,УТ-00012214,,Простыня на резинке Классика: 180х200х40 см,https://kultura-doma.ru/product/prostynya-klassika-1868-size-180h200h40-sm,other,other,,,,,8490,,коричневый,180х200х40 см,тенсель,,unknown_from_feed,https://kultura-doma.ru/public/src/images/gallery/catalog/6a3901053b084_big.jpg,https://kultura-doma.ru/public/src/images/gallery/catalog/6a3901053b084_big.jpg|https://kultura-doma.ru/public/src/images/gallery/catalog/6a390102c2d91_big.jpg
1869,1869,УТ-00011681,,Пододеяльник Классика,https://kultura-doma.ru/product/pododeyal-nik-klassika-1869,other,other,,,,,8900,,розовый,145х200 см,тенсель,,unknown_from_feed,https://kultura-doma.ru/public/src/images/gallery/catalog/6a29647bbed8e_big.jpg,https://kultura-doma.ru/public/src/images/gallery/catalog/6a29647bbed8e_big.jpg|https://kultura-doma.ru/public/src/images/gallery/catalog/6a296479890d9_big.jpg
1869-2342,1869,УТ-00011681,,Пододеяльник Классика,https://kultura-doma.ru/product/pododeyal-nik-klassika-1869-size-200h220,other,other,,,,,10900,,розовый,,тенсель,,unknown_from_feed,https://kultura-doma.ru/public/src/images/gallery/catalog/6a29647bbed8e_big.jpg,https://kultura-doma.ru/public/src/images/gallery/catalog/6a29647bbed8e_big.jpg|https://kultura-doma.ru/public/src/images/gallery/catalog/6a296479890d9_big.jpg
1869-2379,1869,УТ-00011681,,Пододеяльник Классика: 200х220 см,https://kultura-doma.ru/product/pododeyal-nik-klassika-1869-size-200h220-sm,other,other,,,,,10900,,розовый,200х220 см,тенсель,,unknown_from_feed,https://kultura-doma.ru/public/src/images/gallery/catalog/6a29647bbed8e_big.jpg,https://kultura-doma.ru/public/src/images/gallery/catalog/6a29647bbed8e_big.jpg|https://kultura-doma.ru/public/src/images/gallery/catalog/6a296479890d9_big.jpg
1870,1870,УТ-00011741,,Простыня свободная Классика,https://kultura-doma.ru/product/prostynya-svobodnaya-klassika-1870,other,other,,,,,8900,,розовый,240х270 см,тенсель,,unknown_from_feed,https://kultura-doma.ru/public/src/images/gallery/catalog/6a39019774547_big.jpg,https://kultura-doma.ru/public/src/images/gallery/catalog/6a39019774547_big.jpg|https://kultura-doma.ru/public/src/images/gallery/catalog/6a3901949fd14_big.jpg
1871,1871,УТ-00011743,,Простыня на резинке Классика,https://kultura-doma.ru/product/prostynya-na-rezinke-klassika-1871,other,other,,,,,7990,,розовый,160х200х40 см,тенсель,,unknown_from_feed,https://kultura-doma.ru/public/src/images/gallery/catalog/6a39014064bc1_big.jpg,https://kultura-doma.ru/public/src/images/gallery/catalog/6a39014064bc1_big.jpg|https://kultura-doma.ru/public/src/images/gallery/catalog/6a39013d75f1b_big.jpg
1871-2387,1871,УТ-00011743,,Простыня на резинке Классика: 200х200х40 см,https://kultura-doma.ru/product/prostynya-na-rezinke-klassika-1871-size-200h200h40-sm,other,other,,,,,11900,,розовый,200х200х40 см,тенсель,,unknown_from_feed,https://kultura-doma.ru/public/src/images/gallery/catalog/6a39014064bc1_big.jpg,https://kultura-doma.ru/public/src/images/gallery/catalog/6a39014064bc1_big.jpg|https://kultura-doma.ru/public/src/images/gallery/catalog/6a39013d75f1b_big.jpg
1871-2555,1871,УТ-00011742,,Простыня на резинке Классика: 180х200х40 см,https://kultura-doma.ru/product/prostynya-na-rezinke-klassika-1871-size-180h200h40-sm,other,other,,,,,8990,,розовый,180х200х40 см,тенсель,,unknown_from_feed,https://kultura-doma.ru/public/src/images/gallery/catalog/6a39014064bc1_big.jpg,https://kultura-doma.ru/public/src/images/gallery/catalog/6a39014064bc1_big.jpg|https://kultura-doma.ru/public/src/images/gallery/catalog/6a39013d75f1b_big.jpg
1873,1873,УТ-00011684,,Пододеяльник Классика,https://kultura-doma.ru/product/pododeyal-nik-klassika-1873,other,other,,,,,8900,,зеленый,145х200 см,тенсель,,unknown_from_feed,https://kultura-doma.ru/public/src/images/gallery/catalog/6a2964735fc0c_big.jpg,https://kultura-doma.ru/public/src/images/gallery/catalog/6a2964735fc0c_big.jpg|https://kultura-doma.ru/public/src/images/gallery/catalog/6a2964731a0d2_big.jpg
1873-2350,1873,УТ-00011684,,Пододеяльник Классика,https://kultura-doma.ru/product/pododeyal-nik-klassika-1873-size-200h220,other,other,,,,,10900,,зеленый,,тенсель,,unknown_from_feed,https://kultura-doma.ru/public/src/images/gallery/catalog/6a2964735fc0c_big.jpg,https://kultura-doma.ru/public/src/images/gallery/catalog/6a2964735fc0c_big.jpg|https://kultura-doma.ru/public/src/images/gallery/catalog/6a2964731a0d2_big.jpg
1873-2376,1873,УТ-00011684,,Пододеяльник Классика: 200х220 см,https://kultura-doma.ru/product/pododeyal-nik-klassika-1873-size-200h220-sm,other,other,,,,,10900,,зеленый,200х220 см,тенсель,,unknown_from_feed,https://kultura-doma.ru/public/src/images/gallery/catalog/6a2964735fc0c_big.jpg,https://kultura-doma.ru/public/src/images/gallery/catalog/6a2964735fc0c_big.jpg|https://kultura-doma.ru/public/src/images/gallery/catalog/6a2964731a0d2_big.jpg
1874,1874,УТ-00011745,,Простыня свободная Классика,https://kultura-doma.ru/product/prostynya-svobodnaya-klassika-1874,other,other,,,,,8900,,зеленый,240х270 см,тенсель,,unknown_from_feed,https://kultura-doma.ru/public/src/images/gallery/catalog/6a390190d9e0a_big.jpg,https://kultura-doma.ru/public/src/images/gallery/catalog/6a390190d9e0a_big.jpg|https://kultura-doma.ru/public/src/images/gallery/catalog/6a39019065673_big.jpg
1875,1875,УТ-00011747,,Простыня на резинке Классика,https://kultura-doma.ru/product/prostynya-na-rezinke-klassika-1875,other,other,,,,,7990,,зеленый,160х200х40 см,тенсель,,unknown_from_feed,https://kultura-doma.ru/public/src/images/gallery/catalog/6a39013a7f07d_big.jpg,https://kultura-doma.ru/public/src/images/gallery/catalog/6a39013a7f07d_big.jpg|https://kultura-doma.ru/public/src/images/gallery/catalog/6a39013a334b5_big.jpg
1875-2353,1875,УТ-00011747,,Простыня на резинке Классика: 200х200х40 см,https://kultura-doma.ru/product/prostynya-na-rezinke-klassika-1875-size-200h200h40-sm,other,other,,,,,11900,,зеленый,200х200х40 см,тенсель,,unknown_from_feed,https://kultura-doma.ru/public/src/images/gallery/catalog/6a39013a7f07d_big.jpg,https://kultura-doma.ru/public/src/images/gallery/catalog/6a39013a7f07d_big.jpg|https://kultura-doma.ru/public/src/images/gallery/catalog/6a39013a334b5_big.jpg
1875-2385,1875,УТ-00011746,,Простыня на резинке Классика: 180х200х40 см,https://kultura-doma.ru/product/prostynya-na-rezinke-klassika-1875-size-180h200h40-sm,other,other,,,,,8990,,зеленый,180х200х40 см,тенсель,,unknown_from_feed,https://kultura-doma.ru/public/src/images/gallery/catalog/6a39013a7f07d_big.jpg,https://kultura-doma.ru/public/src/images/gallery/catalog/6a39013a7f07d_big.jpg|https://kultura-doma.ru/public/src/images/gallery/catalog/6a39013a334b5_big.jpg
1876,1876,УТ-00011963,,Набор наволочек Классика,https://kultura-doma.ru/product/nabor-navolochek-klassika-1876,pillowcase_set,bedroom_layer,,,,,5990,,зеленый,50х70 см,тенсель,,unknown_from_feed,https://kultura-doma.ru/public/src/images/gallery/catalog/6a2963f22bb13_big.jpg,https://kultura-doma.ru/public/src/images/gallery/catalog/6a2963f22bb13_big.jpg|https://kultura-doma.ru/public/src/images/gallery/catalog/6a2963f64980b_big.jpg|https://kultura-doma.ru/public/src/images/gallery/catalog/6a2963f40f5ad_big.jpg
1876-2357,1876,УТ-00011964,,Набор наволочек Классика: 70х70 см,https://kultura-doma.ru/product/nabor-navolochek-klassika-1876-size-70h70-sm,pillowcase_set,bedroom_layer,,,,,6490,,зеленый,70х70 см,тенсель,,unknown_from_feed,https://kultura-doma.ru/public/src/images/gallery/catalog/6a2963f22bb13_big.jpg,https://kultura-doma.ru/public/src/images/gallery/catalog/6a2963f22bb13_big.jpg|https://kultura-doma.ru/public/src/images/gallery/catalog/6a2963f64980b_big.jpg|https://kultura-doma.ru/public/src/images/gallery/catalog/6a2963f40f5ad_big.jpg
1877,1877,УТ-00012111,,Пододеяльник Классика,https://kultura-doma.ru/product/pododeyal-nik-klassika-1877,other,other,,,,,8900,,синий,145х200 см,тенсель,,unknown_from_feed,https://kultura-doma.ru/public/src/images/gallery/catalog/6a29645e66bb1_big.jpg,https://kultura-doma.ru/public/src/images/gallery/catalog/6a29645e66bb1_big.jpg|https://kultura-doma.ru/public/src/images/gallery/catalog/6a29645c8d5c9_big.jpg
1877-2390,1877,УТ-00012110,,Пододеяльник Классика: 200х210 см,https://kultura-doma.ru/product/pododeyal-nik-klassika-1877-size-200h210-sm,other,other,,,,,9990,,синий,200х210 см,тенсель,,unknown_from_feed,https://kultura-doma.ru/public/src/images/gallery/catalog/6a29645e66bb1_big.jpg,https://kultura-doma.ru/public/src/images/gallery/catalog/6a29645e66bb1_big.jpg|https://kultura-doma.ru/public/src/images/gallery/catalog/6a29645c8d5c9_big.jpg
1878,1878,УТ-00012223,,Простыня свободная Классика,https://kultura-doma.ru/product/prostynya-svobodnaya-klassika-1878,other,other,,,,,6990,,синий,240х270 см,тенсель,,unknown_from_feed,https://kultura-doma.ru/public/src/images/gallery/catalog/6a39015baeb7f_big.jpg,https://kultura-doma.ru/public/src/images/gallery/catalog/6a39015baeb7f_big.jpg|https://kultura-doma.ru/public/src/images/gallery/catalog/6a390159373a9_big.jpg
1879,1879,УТ-00012068,,Простыня на резинке Классика,https://kultura-doma.ru/product/prostynya-klassika-1879,other,other,,,,,7990,,синий,160х200х40 см,тенсель,,unknown_from_feed,https://kultura-doma.ru/public/src/images/gallery/catalog/6a3921fd64b0a_big.jpg,https://kultura-doma.ru/public/src/images/gallery/catalog/6a3921fd64b0a_big.jpg|https://kultura-doma.ru/public/src/images/gallery/catalog/6a3921fabc99b_big.jpg
1879-2359,1879,УТ-00012068,,Простыня на резинке Классика: 200х200х40 см,https://kultura-doma.ru/product/prostynya-klassika-1879-size-200h200h40-sm,other,other,,,,,11900,,синий,200х200х40 см,тенсель,,unknown_from_feed,https://kultura-doma.ru/public/src/images/gallery/catalog/6a3921fd64b0a_big.jpg,https://kultura-doma.ru/public/src/images/gallery/catalog/6a3921fd64b0a_big.jpg|https://kultura-doma.ru/public/src/images/gallery/catalog/6a3921fabc99b_big.jpg
1879-2571,1879,УТ-00012067,,Простыня на резинке Классика: 180х200х40 см,https://kultura-doma.ru/product/prostynya-klassika-1879-size-180h200h40-sm,other,other,,,,,8990,,синий,180х200х40 см,тенсель,,unknown_from_feed,https://kultura-doma.ru/public/src/images/gallery/catalog/6a3921fd64b0a_big.jpg,https://kultura-doma.ru/public/src/images/gallery/catalog/6a3921fd64b0a_big.jpg|https://kultura-doma.ru/public/src/images/gallery/catalog/6a3921fabc99b_big.jpg
1891,1891,УТ-00007946,,Тарелка Петербург,https://kultura-doma.ru/product/tarelka-peterburg-1891,other,other,,,,,3995,7990,белый,27х27х2 см,костяной фарфор,,unknown_from_feed,https://kultura-doma.ru/public/src/images/gallery/catalog/6a3a735d86be1_big.jpg,https://kultura-doma.ru/public/src/images/gallery/catalog/6a3a735d86be1_big.jpg|https://kultura-doma.ru/public/src/images/gallery/catalog/6a3a735baf71c_big.jpg|https://kultura-doma.ru/public/src/images/gallery/catalog/6a3a735dcb381_big.jpg|https://kultura-doma.ru/public/src/images/gallery/catalog/6a3a735bf0f1b_big.jpg|https://kultura-doma.ru/public/src/images/gallery/catalog/6a3a735c3c14f_big.jpg|https://kultura-doma.ru/public/src/images/gallery/catalog/6a3a735c82c96_big.jpg|https://kultura-doma.ru/public/src/images/gallery/catalog/6a3a735cbf2de_big.jpg
1892,,УТ-00010109,,Столешник Медальон,https://kultura-doma.ru/product/stoleshnik-medal-on,other,other,,,,,79900,,белый,,лён,,unknown_from_feed,https://kultura-doma.ru/public/src/images/gallery/catalog/6a3e3cc89a8df_big.jpg,https://kultura-doma.ru/public/src/images/gallery/catalog/6a3e3cc89a8df_big.jpg|https://kultura-doma.ru/public/src/images/gallery/catalog/6a3e3cc8843ca_big.jpg
1901,,УТ-00010693,,Набор стаканов Лукоморье,https://kultura-doma.ru/product/nabor-stakanov-lukomor-e-1901,glassware_set,atmosphere_or_drinks,,,,,459000,,,,,160 мл,unknown_from_feed,https://kultura-doma.ru/public/src/images/gallery/catalog/6a4271161b817_big.jpg,https://kultura-doma.ru/public/src/images/gallery/catalog/6a4271161b817_big.jpg|https://kultura-doma.ru/public/src/images/gallery/catalog/6a427115e132c_big.jpg|https://kultura-doma.ru/public/src/images/gallery/catalog/6a42711604a18_big.jpg|https://kultura-doma.ru/public/src/images/gallery/catalog/6a427116332c6_big.jpg
1902,,УТ-00010695,,Набор столовых приборов Лукоморье,https://kultura-doma.ru/product/nabor-stolovyh-priborov-lukomor-e-1902,other,other,,,,,359000,,серебристый,,,,unknown_from_feed,https://kultura-doma.ru/public/src/images/gallery/catalog/6a427a62b871a_big.jpg,https://kultura-doma.ru/public/src/images/gallery/catalog/6a427a62b871a_big.jpg|https://kultura-doma.ru/public/src/images/gallery/catalog/6a427a631d29a_big.jpg
1903,,УТ-00010692,,Набор чарок Лукоморье,https://kultura-doma.ru/product/nabor-charok-lukomor-e-1903,other,other,,,,,239000,,,,,40 мл,unknown_from_feed,https://kultura-doma.ru/public/src/images/gallery/catalog/6a427cfc7ea0e_big.jpg,https://kultura-doma.ru/public/src/images/gallery/catalog/6a427cfc7ea0e_big.jpg|https://kultura-doma.ru/public/src/images/gallery/catalog/6a427cfc53867_big.jpg|https://kultura-doma.ru/public/src/images/gallery/catalog/6a427cfc6b988_big.jpg|https://kultura-doma.ru/public/src/images/gallery/catalog/6a427cfc922cb_big.jpg
1906,,УТ-00011067,,Набор столовых приборов Сказка о рыбаке,https://kultura-doma.ru/product/nabor-stolovyh-priborov-skazka-o-rybake,other,other,,,,,359000,,,,,,unknown_from_feed,https://kultura-doma.ru/public/src/images/gallery/catalog/6a437854361df_big.jpg,https://kultura-doma.ru/public/src/images/gallery/catalog/6a437854361df_big.jpg|https://kultura-doma.ru/public/src/images/gallery/catalog/6a43786c20b53_big.jpg|https://kultura-doma.ru/public/src/images/gallery/catalog/6a43786739efa_big.jpg|https://kultura-doma.ru/public/src/images/gallery/catalog/6a43786b07a7b_big.jpg|https://kultura-doma.ru/public/src/images/gallery/catalog/6a437859c9463_big.jpg|https://kultura-doma.ru/public/src/images/gallery/catalog/6a43785b0ba2c_big.jpg|https://kultura-doma.ru/public/src/images/gallery/catalog/6a43785c86c46_big.jpg|https://kultura-doma.ru/public/src/images/gallery/catalog/6a4378568fe7f_big.jpg|https://kultura-doma.ru/public/src/images/gallery/catalog/6a43785fcd0b0_big.jpg|https://kultura-doma.ru/public/src/images/gallery/catalog/6a437862e872e_big.jpg
1907,,УТ-00011060,,Набор стаканов Сказка о рыбаке,https://kultura-doma.ru/product/nabor-stakanov-skazka-o-rybake,glassware_set,atmosphere_or_drinks,,,,,459000,,,,,165 мл,unknown_from_feed,https://kultura-doma.ru/public/src/images/gallery/catalog/6a43792cdbfbb_big.jpg,https://kultura-doma.ru/public/src/images/gallery/catalog/6a43792cdbfbb_big.jpg|https://kultura-doma.ru/public/src/images/gallery/catalog/6a43793562b95_big.jpg|https://kultura-doma.ru/public/src/images/gallery/catalog/6a437924b1e9a_big.jpg|https://kultura-doma.ru/public/src/images/gallery/catalog/6a437929e3207_big.jpg|https://kultura-doma.ru/public/src/images/gallery/catalog/6a43792e4ca14_big.jpg
1908,,УТ-00011058,,Набор чарок Сказка о рыбаке,https://kultura-doma.ru/product/nabor-charok-skazka-o-rybake,other,other,,,,,239000,,,,,40 мл,unknown_from_feed,https://kultura-doma.ru/public/src/images/gallery/catalog/6a437d381b920_big.jpg,https://kultura-doma.ru/public/src/images/gallery/catalog/6a437d381b920_big.jpg|https://kultura-doma.ru/public/src/images/gallery/catalog/6a437d3b9e205_big.jpg|https://kultura-doma.ru/public/src/images/gallery/catalog/6a437d35b0096_big.jpg|https://kultura-doma.ru/public/src/images/gallery/catalog/6a437d372fd34_big.jpg|https://kultura-doma.ru/public/src/images/gallery/catalog/6a437d3900f15_big.jpg
1910,,УТ-00012979,,"Набор стаканов для виски Росы, 2 шт",https://kultura-doma.ru/product/nabor-stakanov-dlya-viski-rosy-1910,glassware_set,atmosphere_or_drinks,,,,,7490,,,,хрусталь,330 мл,unknown_from_feed,https://kultura-doma.ru/public/src/images/gallery/catalog/6a6b65062f4dd_big.jpg,https://kultura-doma.ru/public/src/images/gallery/catalog/6a6b65062f4dd_big.jpg|https://kultura-doma.ru/public/src/images/gallery/catalog/6a6b68bc6148d_big.jpg|https://kultura-doma.ru/public/src/images/gallery/catalog/6a6b68bc7dd49_big.jpg|https://kultura-doma.ru/public/src/images/gallery/catalog/6a6b68bc9d104_big.jpg
1911,,УТ-00012972,,"Набор стаканов для виски Росы, 4 шт",https://kultura-doma.ru/product/nabor-stakanov-dlya-viski-rosy-1911,glassware_set,atmosphere_or_drinks,,,,,13900,,,,хрусталь,330 мл,unknown_from_feed,https://kultura-doma.ru/public/src/images/gallery/catalog/6a6b659481dd7_big.jpg,https://kultura-doma.ru/public/src/images/gallery/catalog/6a6b659481dd7_big.jpg|https://kultura-doma.ru/public/src/images/gallery/catalog/6a6b68d00a545_big.jpg|https://kultura-doma.ru/public/src/images/gallery/catalog/6a6b68d0270ae_big.jpg|https://kultura-doma.ru/public/src/images/gallery/catalog/6a6b68d0416e7_big.jpg
1912,,УТ-00012956,,"Набор стаканов для виски Росы, 2 шт",https://kultura-doma.ru/product/nabor-stakanov-dlya-viski-rosy-1912,glassware_set,atmosphere_or_drinks,,,,,12500,,,,хрусталь,250 мл,unknown_from_feed,https://kultura-doma.ru/public/src/images/gallery/catalog/6a6b65af13f6c_big.jpg,https://kultura-doma.ru/public/src/images/gallery/catalog/6a6b65af13f6c_big.jpg|https://kultura-doma.ru/public/src/images/gallery/catalog/6a6b697c28905_big.jpg|https://kultura-doma.ru/public/src/images/gallery/catalog/6a6b697c4209b_big.jpg|https://kultura-doma.ru/public/src/images/gallery/catalog/6a6b697c57c45_big.jpg
1913,,УТ-00012957,,"Набор стаканов для виски Росы, 4 шт",https://kultura-doma.ru/product/nabor-stakanov-dlya-viski-rosy-1913,glassware_set,atmosphere_or_drinks,,,,,23900,,,,хрусталь,250 мл,unknown_from_feed,https://kultura-doma.ru/public/src/images/gallery/catalog/6a6b65c787e71_big.jpg,https://kultura-doma.ru/public/src/images/gallery/catalog/6a6b65c787e71_big.jpg|https://kultura-doma.ru/public/src/images/gallery/catalog/6a6b695b628c7_big.jpg|https://kultura-doma.ru/public/src/images/gallery/catalog/6a6b695b7cc16_big.jpg|https://kultura-doma.ru/public/src/images/gallery/catalog/6a6b695b93abd_big.jpg
1914,,УТ-00012978,,"Набор бокалов для шампанского Росы, 2 шт",https://kultura-doma.ru/product/nabor-bokalov-dlya-shampanskogo-rosy-1914,wine_glass_set,atmosphere_or_drinks,,,,,7490,,,,хрусталь,195 мл,unknown_from_feed,https://kultura-doma.ru/public/src/images/gallery/catalog/6a6b65eaa8a91_big.jpg,https://kultura-doma.ru/public/src/images/gallery/catalog/6a6b65eaa8a91_big.jpg|https://kultura-doma.ru/public/src/images/gallery/catalog/6a6b69ff0469d_big.jpg|https://kultura-doma.ru/public/src/images/gallery/catalog/6a6b69ff1bc10_big.jpg|https://kultura-doma.ru/public/src/images/gallery/catalog/6a6b69ff33a29_big.jpg
1915,,УТ-00012970,,"Набор бокалов для шампанского Росы, 4 шт",https://kultura-doma.ru/product/nabor-bokalov-dlya-shampanskogo-rosy-1915,wine_glass_set,atmosphere_or_drinks,,,,,13990,,,,хрусталь,195 мл,unknown_from_feed,https://kultura-doma.ru/public/src/images/gallery/catalog/6a6b660aedb88_big.jpg,https://kultura-doma.ru/public/src/images/gallery/catalog/6a6b660aedb88_big.jpg|https://kultura-doma.ru/public/src/images/gallery/catalog/6a6b6a14e2507_big.jpg|https://kultura-doma.ru/public/src/images/gallery/catalog/6a6b6a1507c8c_big.jpg|https://kultura-doma.ru/public/src/images/gallery/catalog/6a6b6a151dc6c_big.jpg
1184,1184,УТ-00009886,,Ваза Колодец,https://kultura-doma.ru/product/vaza-kolodec-1184,vase,atmosphere_or_drinks,,,,,16524,27540,красный,"25,5 см",фарфор,,unknown_from_feed,https://kultura-doma.ru/public/src/images/gallery/catalog/6a58edc241505_big.jpg,https://kultura-doma.ru/public/src/images/gallery/catalog/6a58edc241505_big.jpg|https://kultura-doma.ru/public/src/images/gallery/catalog/6a58edc309ada_big.jpg
1185,1185,УТ-00009884,,Ваза Гладиолус малая,https://kultura-doma.ru/product/vaza-gladiolus,vase,atmosphere_or_drinks,,,,,13608,22680,красный,20 см,фарфор,,unknown_from_feed,https://kultura-doma.ru/public/src/images/gallery/catalog/6a0d5b18434c8_big.jpg,https://kultura-doma.ru/public/src/images/gallery/catalog/6a0d5b18434c8_big.jpg|https://kultura-doma.ru/public/src/images/gallery/catalog/6a0d5b1934bfc_big.jpg|https://kultura-doma.ru/public/src/images/gallery/catalog/6a0d5b1bee500_big.jpg
1185-1661,1185,УТ-00009883,,Ваза Гладиолус малая: 40 см,https://kultura-doma.ru/product/vaza-gladiolus-size-40-sm,vase,atmosphere_or_drinks,,,,,20628,22680,красный,40 см,фарфор,,unknown_from_feed,https://kultura-doma.ru/public/src/images/gallery/catalog/6a0d5b18434c8_big.jpg,https://kultura-doma.ru/public/src/images/gallery/catalog/6a0d5b18434c8_big.jpg|https://kultura-doma.ru/public/src/images/gallery/catalog/6a0d5b1934bfc_big.jpg|https://kultura-doma.ru/public/src/images/gallery/catalog/6a0d5b1bee500_big.jpg
1382,1382,УТ-00010665,,Ваза 3D Орхидея розовая 20 см,https://kultura-doma.ru/product/vaza-orhideya-1382,vase,atmosphere_or_drinks,,,,,9354,15590,розовый,20 см,керамика,,unknown_from_feed,https://kultura-doma.ru/public/src/images/gallery/catalog/6936e5c3e22ff_big.jpg,https://kultura-doma.ru/public/src/images/gallery/catalog/6936e5c3e22ff_big.jpg|https://kultura-doma.ru/public/src/images/gallery/catalog/693fdbaa523b7_big.jpg|https://kultura-doma.ru/public/src/images/gallery/catalog/6a0d5a7da9361_big.jpg|https://kultura-doma.ru/public/src/images/gallery/catalog/6936e5ccde3fc_big.jpg|https://kultura-doma.ru/public/src/images/gallery/catalog/693fdbb60a84c_big.jpg
1382-1529,1382,УТ-00010664,,Ваза 3D Орхидея розовая 20 см: 28 см,https://kultura-doma.ru/product/vaza-orhideya-1382-size-28-sm,vase,atmosphere_or_drinks,,,,,14694,15590,розовый,28 см,керамика,,unknown_from_feed,https://kultura-doma.ru/public/src/images/gallery/catalog/6936e5c3e22ff_big.jpg,https://kultura-doma.ru/public/src/images/gallery/catalog/6936e5c3e22ff_big.jpg|https://kultura-doma.ru/public/src/images/gallery/catalog/693fdbaa523b7_big.jpg|https://kultura-doma.ru/public/src/images/gallery/catalog/6a0d5a7da9361_big.jpg|https://kultura-doma.ru/public/src/images/gallery/catalog/6936e5ccde3fc_big.jpg|https://kultura-doma.ru/public/src/images/gallery/catalog/693fdbb60a84c_big.jpg
1382-1530,1382,УТ-00010663,,Ваза 3D Орхидея розовая 20 см: 35 см,https://kultura-doma.ru/product/vaza-orhideya-1382-size-35-sm,vase,atmosphere_or_drinks,,,,,18894,15590,розовый,35 см,керамика,,unknown_from_feed,https://kultura-doma.ru/public/src/images/gallery/catalog/6936e5c3e22ff_big.jpg,https://kultura-doma.ru/public/src/images/gallery/catalog/6936e5c3e22ff_big.jpg|https://kultura-doma.ru/public/src/images/gallery/catalog/693fdbaa523b7_big.jpg|https://kultura-doma.ru/public/src/images/gallery/catalog/6a0d5a7da9361_big.jpg|https://kultura-doma.ru/public/src/images/gallery/catalog/6936e5ccde3fc_big.jpg|https://kultura-doma.ru/public/src/images/gallery/catalog/693fdbb60a84c_big.jpg
1383,1383,УТ-00010661,,Ваза 3D Орхидея красная 28 см,https://kultura-doma.ru/product/vaza-orhideya-1383,vase,atmosphere_or_drinks,,,,,9354,15590,бордовый,20 см,керамика,,unknown_from_feed,https://kultura-doma.ru/public/src/images/gallery/catalog/6a0d5a977984e_big.jpg,https://kultura-doma.ru/public/src/images/gallery/catalog/6a0d5a977984e_big.jpg|https://kultura-doma.ru/public/src/images/gallery/catalog/696f393d6bbc4_big.jpg|https://kultura-doma.ru/public/src/images/gallery/catalog/6936e5eb283e9_big.jpg
1383-1531,1383,УТ-00010661,,Ваза 3D Орхидея красная 28 см: 28 см,https://kultura-doma.ru/product/vaza-orhideya-1383-size-28-sm,vase,atmosphere_or_drinks,,,,,14694,15590,бордовый,28 см,керамика,,unknown_from_feed,https://kultura-doma.ru/public/src/images/gallery/catalog/6a0d5a977984e_big.jpg,https://kultura-doma.ru/public/src/images/gallery/catalog/6a0d5a977984e_big.jpg|https://kultura-doma.ru/public/src/images/gallery/catalog/696f393d6bbc4_big.jpg|https://kultura-doma.ru/public/src/images/gallery/catalog/6936e5eb283e9_big.jpg
1383-1532,1383,УТ-00010660,,Ваза 3D Орхидея красная 28 см: 35 см,https://kultura-doma.ru/product/vaza-orhideya-1383-size-35-sm,vase,atmosphere_or_drinks,,,,,18894,15590,бордовый,35 см,керамика,,unknown_from_feed,https://kultura-doma.ru/public/src/images/gallery/catalog/6a0d5a977984e_big.jpg,https://kultura-doma.ru/public/src/images/gallery/catalog/6a0d5a977984e_big.jpg|https://kultura-doma.ru/public/src/images/gallery/catalog/696f393d6bbc4_big.jpg|https://kultura-doma.ru/public/src/images/gallery/catalog/6936e5eb283e9_big.jpg
1384,1384,УТ-00010659,,Ваза 3D Орхидея вишневая 20 см,https://kultura-doma.ru/product/vaza-orhideya-1384,vase,atmosphere_or_drinks,,,,,9354,15590,красный,20 см,керамика,,unknown_from_feed,https://kultura-doma.ru/public/src/images/gallery/catalog/6936e587a030c_big.jpg,https://kultura-doma.ru/public/src/images/gallery/catalog/6936e587a030c_big.jpg|https://kultura-doma.ru/public/src/images/gallery/catalog/693fdcb4792e4_big.jpg|https://kultura-doma.ru/public/src/images/gallery/catalog/6a0d5a79c1e2a_big.jpg|https://kultura-doma.ru/public/src/images/gallery/catalog/6936e5a30008f_big.jpg
1384-1534,1384,УТ-00010658,,Ваза 3D Орхидея вишневая 20 см: 28 см,https://kultura-doma.ru/product/vaza-orhideya-1384-size-28-sm,vase,atmosphere_or_drinks,,,,,14694,15590,красный,28 см,керамика,,unknown_from_feed,https://kultura-doma.ru/public/src/images/gallery/catalog/6936e587a030c_big.jpg,https://kultura-doma.ru/public/src/images/gallery/catalog/6936e587a030c_big.jpg|https://kultura-doma.ru/public/src/images/gallery/catalog/693fdcb4792e4_big.jpg|https://kultura-doma.ru/public/src/images/gallery/catalog/6a0d5a79c1e2a_big.jpg|https://kultura-doma.ru/public/src/images/gallery/catalog/6936e5a30008f_big.jpg
1384-1535,1384,УТ-00010657,,Ваза 3D Орхидея вишневая 20 см: 35 см,https://kultura-doma.ru/product/vaza-orhideya-1384-size-35-sm,vase,atmosphere_or_drinks,,,,,18894,15590,красный,35 см,керамика,,unknown_from_feed,https://kultura-doma.ru/public/src/images/gallery/catalog/6936e587a030c_big.jpg,https://kultura-doma.ru/public/src/images/gallery/catalog/6936e587a030c_big.jpg|https://kultura-doma.ru/public/src/images/gallery/catalog/693fdcb4792e4_big.jpg|https://kultura-doma.ru/public/src/images/gallery/catalog/6a0d5a79c1e2a_big.jpg|https://kultura-doma.ru/public/src/images/gallery/catalog/6936e5a30008f_big.jpg
690,,УТ-00008854,,Ваза Орхидея,https://kultura-doma.ru/product/vaza-orhideya,vase,atmosphere_or_drinks,,,,,9354,15590,серый,,керамика,,unknown_from_feed,https://kultura-doma.ru/public/src/images/gallery/catalog/6a47aa4734b1e_big.jpg,https://kultura-doma.ru/public/src/images/gallery/catalog/6a47aa4734b1e_big.jpg|https://kultura-doma.ru/public/src/images/gallery/catalog/6a47aa45ec691_big.jpg|https://kultura-doma.ru/public/src/images/gallery/catalog/6a47aa478247a_big.jpg|https://kultura-doma.ru/public/src/images/gallery/catalog/6a47aa47ed055_big.jpg|https://kultura-doma.ru/public/src/images/gallery/catalog/6a47aa468fb5a_big.jpg
691,691,УТ-00008855,,Ваза Орхидея,https://kultura-doma.ru/product/vaza-orhideya-691,vase,atmosphere_or_drinks,,,,,9354,15590,голубой,20 см,керамика,,unknown_from_feed,https://kultura-doma.ru/public/src/images/gallery/catalog/6a0d5a865176c_big.jpg,https://kultura-doma.ru/public/src/images/gallery/catalog/6a0d5a865176c_big.jpg|https://kultura-doma.ru/public/src/images/gallery/catalog/6a0d5a84612b0_big.jpg|https://kultura-doma.ru/public/src/images/gallery/catalog/6a0d5a868dfdd_big.jpg|https://kultura-doma.ru/public/src/images/gallery/catalog/6a0d5a86e56cb_big.jpg|https://kultura-doma.ru/public/src/images/gallery/catalog/6a0d5a84ae110_big.jpg|https://kultura-doma.ru/public/src/images/gallery/catalog/6a0d5a84e837c_big.jpg|https://kultura-doma.ru/public/src/images/gallery/catalog/6a0d5a8538b50_big.jpg|https://kultura-doma.ru/public/src/images/gallery/catalog/6a0d5a85760fb_big.jpg|https://kultura-doma.ru/public/src/images/gallery/catalog/6a0d5a85b0ffa_big.jpg|https://kultura-doma.ru/public/src/images/gallery/catalog/6a0d5a860aede_big.jpg
691-725,691,УТ-00008858,,Ваза Орхидея: 28 см,https://kultura-doma.ru/product/vaza-orhideya-691-size-28-sm,vase,atmosphere_or_drinks,,,,,14694,15590,голубой,28 см,керамика,,unknown_from_feed,https://kultura-doma.ru/public/src/images/gallery/catalog/6a0d5a865176c_big.jpg,https://kultura-doma.ru/public/src/images/gallery/catalog/6a0d5a865176c_big.jpg|https://kultura-doma.ru/public/src/images/gallery/catalog/6a0d5a84612b0_big.jpg|https://kultura-doma.ru/public/src/images/gallery/catalog/6a0d5a868dfdd_big.jpg|https://kultura-doma.ru/public/src/images/gallery/catalog/6a0d5a86e56cb_big.jpg|https://kultura-doma.ru/public/src/images/gallery/catalog/6a0d5a84ae110_big.jpg|https://kultura-doma.ru/public/src/images/gallery/catalog/6a0d5a84e837c_big.jpg|https://kultura-doma.ru/public/src/images/gallery/catalog/6a0d5a8538b50_big.jpg|https://kultura-doma.ru/public/src/images/gallery/catalog/6a0d5a85760fb_big.jpg|https://kultura-doma.ru/public/src/images/gallery/catalog/6a0d5a85b0ffa_big.jpg|https://kultura-doma.ru/public/src/images/gallery/catalog/6a0d5a860aede_big.jpg
691-728,691,УТ-00008861,,Ваза Орхидея: 35 см,https://kultura-doma.ru/product/vaza-orhideya-691-size-35-sm,vase,atmosphere_or_drinks,,,,,18894,15590,голубой,35 см,керамика,,unknown_from_feed,https://kultura-doma.ru/public/src/images/gallery/catalog/6a0d5a865176c_big.jpg,https://kultura-doma.ru/public/src/images/gallery/catalog/6a0d5a865176c_big.jpg|https://kultura-doma.ru/public/src/images/gallery/catalog/6a0d5a84612b0_big.jpg|https://kultura-doma.ru/public/src/images/gallery/catalog/6a0d5a868dfdd_big.jpg|https://kultura-doma.ru/public/src/images/gallery/catalog/6a0d5a86e56cb_big.jpg|https://kultura-doma.ru/public/src/images/gallery/catalog/6a0d5a84ae110_big.jpg|https://kultura-doma.ru/public/src/images/gallery/catalog/6a0d5a84e837c_big.jpg|https://kultura-doma.ru/public/src/images/gallery/catalog/6a0d5a8538b50_big.jpg|https://kultura-doma.ru/public/src/images/gallery/catalog/6a0d5a85760fb_big.jpg|https://kultura-doma.ru/public/src/images/gallery/catalog/6a0d5a85b0ffa_big.jpg|https://kultura-doma.ru/public/src/images/gallery/catalog/6a0d5a860aede_big.jpg
692,692,УТ-00008856,,Ваза Орхидея,https://kultura-doma.ru/product/vaza-orhideya-692,vase,atmosphere_or_drinks,,,,,9354,15590,розовый,20 см,керамика,,unknown_from_feed,https://kultura-doma.ru/public/src/images/gallery/catalog/6a0d5a7bc6d0d_big.jpg,https://kultura-doma.ru/public/src/images/gallery/catalog/6a0d5a7bc6d0d_big.jpg|https://kultura-doma.ru/public/src/images/gallery/catalog/6a0d5a7b8e679_big.jpg|https://kultura-doma.ru/public/src/images/gallery/catalog/6a0d5a7c0fb31_big.jpg|https://kultura-doma.ru/public/src/images/gallery/catalog/6a0d5a7c6c405_big.jpg
692-726,692,УТ-00008859,,Ваза Орхидея: 28 см,https://kultura-doma.ru/product/vaza-orhideya-692-size-28-sm,vase,atmosphere_or_drinks,,,,,14694,15590,розовый,28 см,керамика,,unknown_from_feed,https://kultura-doma.ru/public/src/images/gallery/catalog/6a0d5a7bc6d0d_big.jpg,https://kultura-doma.ru/public/src/images/gallery/catalog/6a0d5a7bc6d0d_big.jpg|https://kultura-doma.ru/public/src/images/gallery/catalog/6a0d5a7b8e679_big.jpg|https://kultura-doma.ru/public/src/images/gallery/catalog/6a0d5a7c0fb31_big.jpg|https://kultura-doma.ru/public/src/images/gallery/catalog/6a0d5a7c6c405_big.jpg
692-729,692,УТ-00008862,,Ваза Орхидея: 35 см,https://kultura-doma.ru/product/vaza-orhideya-692-size-35-sm,vase,atmosphere_or_drinks,,,,,18894,15590,розовый,35 см,керамика,,unknown_from_feed,https://kultura-doma.ru/public/src/images/gallery/catalog/6a0d5a7bc6d0d_big.jpg,https://kultura-doma.ru/public/src/images/gallery/catalog/6a0d5a7bc6d0d_big.jpg|https://kultura-doma.ru/public/src/images/gallery/catalog/6a0d5a7b8e679_big.jpg|https://kultura-doma.ru/public/src/images/gallery/catalog/6a0d5a7c0fb31_big.jpg|https://kultura-doma.ru/public/src/images/gallery/catalog/6a0d5a7c6c405_big.jpg
695,695,УТ-00009551,,Ваза Тюльпан,https://kultura-doma.ru/product/vaza-tyul-pan,vase,atmosphere_or_drinks,,,,,8094,13490,бежевый,20 см,керамика,,unknown_from_feed,https://kultura-doma.ru/public/src/images/gallery/catalog/6a0d5a89bfff0_big.jpg,https://kultura-doma.ru/public/src/images/gallery/catalog/6a0d5a89bfff0_big.jpg|https://kultura-doma.ru/public/src/images/gallery/catalog/6a0d5a88be8d2_big.jpg|https://kultura-doma.ru/public/src/images/gallery/catalog/6a0d5a8a4c50e_big.jpg|https://kultura-doma.ru/public/src/images/gallery/catalog/6a0d5a8aa8b39_big.jpg|https://kultura-doma.ru/public/src/images/gallery/catalog/6a0d5a890e60c_big.jpg
695-738,695,УТ-00009554,,Ваза Тюльпан: 28 см,https://kultura-doma.ru/product/vaza-tyul-pan-size-28-sm,vase,atmosphere_or_drinks,,,,,11994,13490,бежевый,28 см,керамика,,unknown_from_feed,https://kultura-doma.ru/public/src/images/gallery/catalog/6a0d5a89bfff0_big.jpg,https://kultura-doma.ru/public/src/images/gallery/catalog/6a0d5a89bfff0_big.jpg|https://kultura-doma.ru/public/src/images/gallery/catalog/6a0d5a88be8d2_big.jpg|https://kultura-doma.ru/public/src/images/gallery/catalog/6a0d5a8a4c50e_big.jpg|https://kultura-doma.ru/public/src/images/gallery/catalog/6a0d5a8aa8b39_big.jpg|https://kultura-doma.ru/public/src/images/gallery/catalog/6a0d5a890e60c_big.jpg
695-740,695,УТ-00009557,,Ваза Тюльпан: 35 см,https://kultura-doma.ru/product/vaza-tyul-pan-size-35-sm,vase,atmosphere_or_drinks,,,,,17394,13490,бежевый,35 см,керамика,,unknown_from_feed,https://kultura-doma.ru/public/src/images/gallery/catalog/6a0d5a89bfff0_big.jpg,https://kultura-doma.ru/public/src/images/gallery/catalog/6a0d5a89bfff0_big.jpg|https://kultura-doma.ru/public/src/images/gallery/catalog/6a0d5a88be8d2_big.jpg|https://kultura-doma.ru/public/src/images/gallery/catalog/6a0d5a8a4c50e_big.jpg|https://kultura-doma.ru/public/src/images/gallery/catalog/6a0d5a8aa8b39_big.jpg|https://kultura-doma.ru/public/src/images/gallery/catalog/6a0d5a890e60c_big.jpg
15,,УТ-00009570,,Набор креманок Вуаль,https://kultura-doma.ru/product/nabor-kremanok-vual,wine_glass_set,atmosphere_or_drinks,,,,,1590,,,,хрустальное стекло,220 мл,unknown_from_feed,https://kultura-doma.ru/public/src/images/gallery/catalog/6a07155c59e24_big.jpg,https://kultura-doma.ru/public/src/images/gallery/catalog/6a07155c59e24_big.jpg|https://kultura-doma.ru/public/src/images/gallery/catalog/69c54186cc1a5_big.jpg|https://kultura-doma.ru/public/src/images/gallery/catalog/6a07155c9ac2a_big.jpg
440,440,УТ-00008742,,Подушка декоративная Бархат,https://kultura-doma.ru/product/podushka-dekorativnaya-barhat-440,decorative_pillow,bedroom_layer,,,,,5390,,,18х60 см,,,unknown_from_feed,https://kultura-doma.ru/public/src/images/gallery/catalog/6892054eb809e_big.jpg,https://kultura-doma.ru/public/src/images/gallery/catalog/6892054eb809e_big.jpg|https://kultura-doma.ru/public/src/images/gallery/catalog/686fc0bfd64b7_big.jpg|https://kultura-doma.ru/public/src/images/gallery/catalog/69e2341038203_big.jpg
440-2048,440,УТ-00008742,,Подушка декоративная Бархат: 18х55 см,https://kultura-doma.ru/product/podushka-dekorativnaya-barhat-440-size-18h55-sm,decorative_pillow,bedroom_layer,,,,,5390,,,18х55 см,,,unknown_from_feed,https://kultura-doma.ru/public/src/images/gallery/catalog/6892054eb809e_big.jpg,https://kultura-doma.ru/public/src/images/gallery/catalog/6892054eb809e_big.jpg|https://kultura-doma.ru/public/src/images/gallery/catalog/686fc0bfd64b7_big.jpg|https://kultura-doma.ru/public/src/images/gallery/catalog/69e2341038203_big.jpg
697,697,УТ-00009682,,Ваза Тюльпан,https://kultura-doma.ru/product/vaza-tyul-pan-697,vase,atmosphere_or_drinks,,,,,8094,13490,синий,20 см,керамика,,unknown_from_feed,https://kultura-doma.ru/public/src/images/gallery/catalog/686bd976bb7f0_big.jpg,https://kultura-doma.ru/public/src/images/gallery/catalog/686bd976bb7f0_big.jpg|https://kultura-doma.ru/public/src/images/gallery/catalog/6a0d5a8f54743_big.jpg|https://kultura-doma.ru/public/src/images/gallery/catalog/6a0d5a8eec698_big.jpg|https://kultura-doma.ru/public/src/images/gallery/catalog/6a0d5a9021e49_big.jpg
697-743,697,УТ-00009683,,Ваза Тюльпан: 28 см,https://kultura-doma.ru/product/vaza-tyul-pan-697-size-28-sm,vase,atmosphere_or_drinks,,,,,11994,13490,синий,28 см,керамика,,unknown_from_feed,https://kultura-doma.ru/public/src/images/gallery/catalog/686bd976bb7f0_big.jpg,https://kultura-doma.ru/public/src/images/gallery/catalog/686bd976bb7f0_big.jpg|https://kultura-doma.ru/public/src/images/gallery/catalog/6a0d5a8f54743_big.jpg|https://kultura-doma.ru/public/src/images/gallery/catalog/6a0d5a8eec698_big.jpg|https://kultura-doma.ru/public/src/images/gallery/catalog/6a0d5a9021e49_big.jpg
697-744,697,УТ-00009684,,Ваза Тюльпан: 35 см,https://kultura-doma.ru/product/vaza-tyul-pan-697-size-35-sm,vase,atmosphere_or_drinks,,,,,17394,13490,синий,35 см,керамика,,unknown_from_feed,https://kultura-doma.ru/public/src/images/gallery/catalog/686bd976bb7f0_big.jpg,https://kultura-doma.ru/public/src/images/gallery/catalog/686bd976bb7f0_big.jpg|https://kultura-doma.ru/public/src/images/gallery/catalog/6a0d5a8f54743_big.jpg|https://kultura-doma.ru/public/src/images/gallery/catalog/6a0d5a8eec698_big.jpg|https://kultura-doma.ru/public/src/images/gallery/catalog/6a0d5a9021e49_big.jpg
1159,1159,УТ-00008735,,Подушка декоративная Бархат,https://kultura-doma.ru/product/podushka-dekorativnaya-barhat-1159,decorative_pillow,bedroom_layer,,,,,5390,,голубой,25х50 см,,,unknown_from_feed,https://kultura-doma.ru/public/src/images/gallery/catalog/69e2342578461_big.jpg,https://kultura-doma.ru/public/src/images/gallery/catalog/69e2342578461_big.jpg|https://kultura-doma.ru/public/src/images/gallery/catalog/69e234252cd2e_big.jpg
696,696,УТ-00009552,,Ваза Тюльпан,https://kultura-doma.ru/product/vaza-tyul-pan-696,vase,atmosphere_or_drinks,,,,,11994,19990,зеленый,28 см,керамика,,unknown_from_feed,https://kultura-doma.ru/public/src/images/gallery/catalog/6a47aaffe85c3_big.jpg,https://kultura-doma.ru/public/src/images/gallery/catalog/6a47aaffe85c3_big.jpg|https://kultura-doma.ru/public/src/images/gallery/catalog/6a47ab002eed5_big.jpg|https://kultura-doma.ru/public/src/images/gallery/catalog/6a47ab006e788_big.jpg
696-741,696,УТ-00009558,,Ваза Тюльпан: 35 см,https://kultura-doma.ru/product/vaza-tyul-pan-696-size-35-sm,vase,atmosphere_or_drinks,,,,,17394,19990,зеленый,35 см,керамика,,unknown_from_feed,https://kultura-doma.ru/public/src/images/gallery/catalog/6a47aaffe85c3_big.jpg,https://kultura-doma.ru/public/src/images/gallery/catalog/6a47aaffe85c3_big.jpg|https://kultura-doma.ru/public/src/images/gallery/catalog/6a47ab002eed5_big.jpg|https://kultura-doma.ru/public/src/images/gallery/catalog/6a47ab006e788_big.jpg
698,698,УТ-00009553,,Ваза Бархан,https://kultura-doma.ru/product/vaza-barhan,vase,atmosphere_or_drinks,,,,,7194,11990,бежевый,20 см,керамика,,unknown_from_feed,https://kultura-doma.ru/public/src/images/gallery/catalog/6a0d5a6ed15ca_big.jpg,https://kultura-doma.ru/public/src/images/gallery/catalog/6a0d5a6ed15ca_big.jpg|https://kultura-doma.ru/public/src/images/gallery/catalog/6a0d5a6f175ff_big.jpg|https://kultura-doma.ru/public/src/images/gallery/catalog/6a0d5a6f57ba6_big.jpg
698-746,698,УТ-00009556,,Ваза Бархан: 28 см,https://kultura-doma.ru/product/vaza-barhan-size-28-sm,vase,atmosphere_or_drinks,,,,,11994,11990,бежевый,28 см,керамика,,unknown_from_feed,https://kultura-doma.ru/public/src/images/gallery/catalog/6a0d5a6ed15ca_big.jpg,https://kultura-doma.ru/public/src/images/gallery/catalog/6a0d5a6ed15ca_big.jpg|https://kultura-doma.ru/public/src/images/gallery/catalog/6a0d5a6f175ff_big.jpg|https://kultura-doma.ru/public/src/images/gallery/catalog/6a0d5a6f57ba6_big.jpg
698-747,698,УТ-00009559,,Ваза Бархан: 35 см,https://kultura-doma.ru/product/vaza-barhan-size-35-sm,vase,atmosphere_or_drinks,,,,,16014,11990,бежевый,35 см,керамика,,unknown_from_feed,https://kultura-doma.ru/public/src/images/gallery/catalog/6a0d5a6ed15ca_big.jpg,https://kultura-doma.ru/public/src/images/gallery/catalog/6a0d5a6ed15ca_big.jpg|https://kultura-doma.ru/public/src/images/gallery/catalog/6a0d5a6f175ff_big.jpg|https://kultura-doma.ru/public/src/images/gallery/catalog/6a0d5a6f57ba6_big.jpg
699,699,УТ-00009685,,Ваза Бархан,https://kultura-doma.ru/product/vaza-barhan-699,vase,atmosphere_or_drinks,,,,,7194,11990,серый,20 см,керамика,,unknown_from_feed,https://kultura-doma.ru/public/src/images/gallery/catalog/6a0d5a70d7fca_big.jpg,https://kultura-doma.ru/public/src/images/gallery/catalog/6a0d5a70d7fca_big.jpg|https://kultura-doma.ru/public/src/images/gallery/catalog/6a0d5a7124838_big.jpg
699-749,699,УТ-00009686,,Ваза Бархан: 28 см,https://kultura-doma.ru/product/vaza-barhan-699-size-28-sm,vase,atmosphere_or_drinks,,,,,11994,11990,серый,28 см,керамика,,unknown_from_feed,https://kultura-doma.ru/public/src/images/gallery/catalog/6a0d5a70d7fca_big.jpg,https://kultura-doma.ru/public/src/images/gallery/catalog/6a0d5a70d7fca_big.jpg|https://kultura-doma.ru/public/src/images/gallery/catalog/6a0d5a7124838_big.jpg
699-750,699,УТ-00009687,,Ваза Бархан: 35 см,https://kultura-doma.ru/product/vaza-barhan-699-size-35-sm,vase,atmosphere_or_drinks,,,,,16014,11990,серый,35 см,керамика,,unknown_from_feed,https://kultura-doma.ru/public/src/images/gallery/catalog/6a0d5a70d7fca_big.jpg,https://kultura-doma.ru/public/src/images/gallery/catalog/6a0d5a70d7fca_big.jpg|https://kultura-doma.ru/public/src/images/gallery/catalog/6a0d5a7124838_big.jpg
700,700,УТ-00009688,,Ваза Бархан,https://kultura-doma.ru/product/vaza-barhan-700,vase,atmosphere_or_drinks,,,,,7194,11990,синий,20 см,керамика,,unknown_from_feed,https://kultura-doma.ru/public/src/images/gallery/catalog/6a0d5a74cba24_big.jpg,https://kultura-doma.ru/public/src/images/gallery/catalog/6a0d5a74cba24_big.jpg|https://kultura-doma.ru/public/src/images/gallery/catalog/6a0d5a7685675_big.jpg|https://kultura-doma.ru/public/src/images/gallery/catalog/6a0d5a755e54b_big.jpg|https://kultura-doma.ru/public/src/images/gallery/catalog/6a0d5a7641ac5_big.jpg
700-752,700,УТ-00009689,,Ваза Бархан: 28 см,https://kultura-doma.ru/product/vaza-barhan-700-size-28-sm,vase,atmosphere_or_drinks,,,,,11994,11990,синий,28 см,керамика,,unknown_from_feed,https://kultura-doma.ru/public/src/images/gallery/catalog/6a0d5a74cba24_big.jpg,https://kultura-doma.ru/public/src/images/gallery/catalog/6a0d5a74cba24_big.jpg|https://kultura-doma.ru/public/src/images/gallery/catalog/6a0d5a7685675_big.jpg|https://kultura-doma.ru/public/src/images/gallery/catalog/6a0d5a755e54b_big.jpg|https://kultura-doma.ru/public/src/images/gallery/catalog/6a0d5a7641ac5_big.jpg
700-753,700,УТ-00009690,,Ваза Бархан: 35 см,https://kultura-doma.ru/product/vaza-barhan-700-size-35-sm,vase,atmosphere_or_drinks,,,,,16014,11990,синий,35 см,керамика,,unknown_from_feed,https://kultura-doma.ru/public/src/images/gallery/catalog/6a0d5a74cba24_big.jpg,https://kultura-doma.ru/public/src/images/gallery/catalog/6a0d5a74cba24_big.jpg|https://kultura-doma.ru/public/src/images/gallery/catalog/6a0d5a7685675_big.jpg|https://kultura-doma.ru/public/src/images/gallery/catalog/6a0d5a755e54b_big.jpg|https://kultura-doma.ru/public/src/images/gallery/catalog/6a0d5a7641ac5_big.jpg
218,,УТ-00008688,,Набор фужеров Росы,https://kultura-doma.ru/product/nabor-fuzherov-rosy,wine_glass_set,atmosphere_or_drinks,,,,,26200,,,,хрусталь,300 мл,unknown_from_feed,https://kultura-doma.ru/public/src/images/gallery/catalog/6878b99e3d1be_big.jpg,https://kultura-doma.ru/public/src/images/gallery/catalog/6878b99e3d1be_big.jpg|https://kultura-doma.ru/public/src/images/gallery/catalog/6a3a90356c79b_big.jpg|https://kultura-doma.ru/public/src/images/gallery/catalog/6a3a90360004a_big.jpg|https://kultura-doma.ru/public/src/images/gallery/catalog/6a3a9035adda4_big.jpg
219,,УТ-00008689,,Набор бокалов для шампанского Росы,https://kultura-doma.ru/product/nabor-bokalov-dlya-shampanskogo-rosy,wine_glass_set,atmosphere_or_drinks,,,,,19600,,,,хрусталь,195 мл,unknown_from_feed,https://kultura-doma.ru/public/src/images/gallery/catalog/6a3a902e9758f_big.jpg,https://kultura-doma.ru/public/src/images/gallery/catalog/6a3a902e9758f_big.jpg|https://kultura-doma.ru/public/src/images/gallery/catalog/6a3a902d7e078_big.jpg|https://kultura-doma.ru/public/src/images/gallery/catalog/6a3a902ddcd1f_big.jpg|https://kultura-doma.ru/public/src/images/gallery/catalog/6a3a902d23010_big.jpg
731,,УТ-00008687,,Набор бокалов для вина Росы,https://kultura-doma.ru/product/nabor-bokalov-dlya-vina-rosy,wine_glass_set,atmosphere_or_drinks,,,,,22700,,,,хрусталь,200 мл,unknown_from_feed,https://kultura-doma.ru/public/src/images/gallery/catalog/6878bae342991_big.jpg,https://kultura-doma.ru/public/src/images/gallery/catalog/6878bae342991_big.jpg|https://kultura-doma.ru/public/src/images/gallery/catalog/6878bb3d97e62_big.jpg|https://kultura-doma.ru/public/src/images/gallery/catalog/6878bb6c921b3_big.jpg
199,,УТ-00007696,,Блюдо Летний сад,https://kultura-doma.ru/product/blyudo-letniy-sad,serving_dish,serving_add_on,,,,,103250,147500,белый,,фарфор,,unknown_from_feed,https://kultura-doma.ru/public/src/images/gallery/catalog/6a3a77e06b3ce_big.jpg,https://kultura-doma.ru/public/src/images/gallery/catalog/6a3a77e06b3ce_big.jpg|https://kultura-doma.ru/public/src/images/gallery/catalog/6a3a77dbe558c_big.jpg|https://kultura-doma.ru/public/src/images/gallery/catalog/6a3a77e219f59_big.jpg|https://kultura-doma.ru/public/src/images/gallery/catalog/6a3a77e0ba0e4_big.jpg|https://kultura-doma.ru/public/src/images/gallery/catalog/6a3a77e1ced68_big.jpg|https://kultura-doma.ru/public/src/images/gallery/catalog/6a3a77db983ca_big.jpg
302,,УТ-00007697,,Сахарница Летний сад,https://kultura-doma.ru/product/saharnica-letniy-sad,sugar_bowl,serving_add_on,,,,,50050,71500,белый,,фарфор,520 мл,unknown_from_feed,https://kultura-doma.ru/public/src/images/gallery/catalog/6a394b30b922a_big.jpg,https://kultura-doma.ru/public/src/images/gallery/catalog/6a394b30b922a_big.jpg|https://kultura-doma.ru/public/src/images/gallery/catalog/6a394b303482a_big.jpg|https://kultura-doma.ru/public/src/images/gallery/catalog/6a394b31004ce_big.jpg|https://kultura-doma.ru/public/src/images/gallery/catalog/6a394b3179cdc_big.jpg|https://kultura-doma.ru/public/src/images/gallery/catalog/6a394b2fe3ebe_big.jpg|https://kultura-doma.ru/public/src/images/gallery/catalog/6a394b30749af_big.jpg|https://kultura-doma.ru/public/src/images/gallery/catalog/6a394b2cca0c2_big.jpg|https://kultura-doma.ru/public/src/images/gallery/catalog/6a394b2f71d19_big.jpg
336,,УТ-00007045,,Чайник Летний сад,https://kultura-doma.ru/product/chaynik-letniy-sad,teapot,serving_add_on,,,,,86800,124000,белый,,костяной фарфор,970 мл,unknown_from_feed,https://kultura-doma.ru/public/src/images/gallery/catalog/6a394b3836bcc_big.jpg,https://kultura-doma.ru/public/src/images/gallery/catalog/6a394b3836bcc_big.jpg|https://kultura-doma.ru/public/src/images/gallery/catalog/6a394b363d33c_big.jpg|https://kultura-doma.ru/public/src/images/gallery/catalog/6a394b38b64ce_big.jpg|https://kultura-doma.ru/public/src/images/gallery/catalog/6a394b3874c01_big.jpg|https://kultura-doma.ru/public/src/images/gallery/catalog/6a394b38f23de_big.jpg|https://kultura-doma.ru/public/src/images/gallery/catalog/6a394b37e8179_big.jpg|https://kultura-doma.ru/public/src/images/gallery/catalog/6a394b37a84f3_big.jpg|https://kultura-doma.ru/public/src/images/gallery/catalog/6a394b34c7589_big.jpg
339,,УТ-00007698,,Чайная пара Летний сад,https://kultura-doma.ru/product/chaynaya-para-letniy-sad,tea_pair,tea_or_coffee_service,,,,,36610,52300,белый,,фарфор,350 мл,unknown_from_feed,https://kultura-doma.ru/public/src/images/gallery/catalog/6a394b3f48760_big.jpg,https://kultura-doma.ru/public/src/images/gallery/catalog/6a394b3f48760_big.jpg|https://kultura-doma.ru/public/src/images/gallery/catalog/6a394b3c68fed_big.jpg|https://kultura-doma.ru/public/src/images/gallery/catalog/6a394b3f067d1_big.jpg|https://kultura-doma.ru/public/src/images/gallery/catalog/6a394b3f88b5a_big.jpg|https://kultura-doma.ru/public/src/images/gallery/catalog/6a394b4016279_big.jpg|https://kultura-doma.ru/public/src/images/gallery/catalog/6a394b3be83b9_big.jpg|https://kultura-doma.ru/public/src/images/gallery/catalog/6a394b3dceb31_big.jpg|https://kultura-doma.ru/public/src/images/gallery/catalog/6a394b3cd64e7_big.jpg
707,707,УТ-00009475,,Полотенце Ода,https://kultura-doma.ru/product/polotence-oda-707,other,other,,,,,1990,,белый,50х90 см,махровая ткань,,unknown_from_feed,https://kultura-doma.ru/public/src/images/gallery/catalog/6a5f84c0dc1a8_big.jpg,https://kultura-doma.ru/public/src/images/gallery/catalog/6a5f84c0dc1a8_big.jpg|https://kultura-doma.ru/public/src/images/gallery/catalog/6a5f84c13b078_big.jpg|https://kultura-doma.ru/public/src/images/gallery/catalog/6a5f84c183201_big.jpg
707-773,707,УТ-00009478,,Полотенце Ода: 70х140 см,https://kultura-doma.ru/product/polotence-oda-707-size-70h140-sm,other,other,,,,,3700,,белый,70х140 см,махровая ткань,,unknown_from_feed,https://kultura-doma.ru/public/src/images/gallery/catalog/6a5f84c0dc1a8_big.jpg,https://kultura-doma.ru/public/src/images/gallery/catalog/6a5f84c0dc1a8_big.jpg|https://kultura-doma.ru/public/src/images/gallery/catalog/6a5f84c13b078_big.jpg|https://kultura-doma.ru/public/src/images/gallery/catalog/6a5f84c183201_big.jpg
1613,1613,УТ-00011110,,Брошь Ель,https://kultura-doma.ru/product/brosh-el,other,other,,,,,2490,,зеленый,4х4 см,"латунь, эмаль",,unknown_from_feed,https://kultura-doma.ru/public/src/images/gallery/catalog/6a47c57891ed2_big.jpg,https://kultura-doma.ru/public/src/images/gallery/catalog/6a47c57891ed2_big.jpg
1833,1833,УТ-00011725,,Простыня свободная Классика,https://kultura-doma.ru/product/prostynya-svobodnaya-klassika-1833,other,other,,,,,6990,,розовый,240х270 см,сатин,,unknown_from_feed,https://kultura-doma.ru/public/src/images/gallery/catalog/6a55eafe78654_big.jpg,https://kultura-doma.ru/public/src/images/gallery/catalog/6a55eafe78654_big.jpg|https://kultura-doma.ru/public/src/images/gallery/catalog/6a55eafeb2ea4_big.jpg
1835,1835,УТ-00011951,,Набор наволочек Классика,https://kultura-doma.ru/product/nabor-navolochek-klassika-1835,pillowcase_set,bedroom_layer,,,,,4990,,розовый,50х70 см,сатин,,unknown_from_feed,https://kultura-doma.ru/public/src/images/gallery/catalog/6a5743cb836cf_big.jpg,https://kultura-doma.ru/public/src/images/gallery/catalog/6a5743cb836cf_big.jpg|https://kultura-doma.ru/public/src/images/gallery/catalog/6a5743cbc7f26_big.jpg
1835-2267,1835,УТ-00011952,,Набор наволочек Классика: 70х70 см,https://kultura-doma.ru/product/nabor-navolochek-klassika-1835-size-70h70-sm,pillowcase_set,bedroom_layer,,,,,5490,,розовый,70х70 см,сатин,,unknown_from_feed,https://kultura-doma.ru/public/src/images/gallery/catalog/6a5743cb836cf_big.jpg,https://kultura-doma.ru/public/src/images/gallery/catalog/6a5743cb836cf_big.jpg|https://kultura-doma.ru/public/src/images/gallery/catalog/6a5743cbc7f26_big.jpg
1837,1837,УТ-00011733,,Простыня свободная Классика,https://kultura-doma.ru/product/prostynya-svobodnaya-klassika-1837,other,other,,,,,6990,,розовый,240х270 см,сатин,,unknown_from_feed,https://kultura-doma.ru/public/src/images/gallery/catalog/6a39019b5da2d_big.jpg,https://kultura-doma.ru/public/src/images/gallery/catalog/6a39019b5da2d_big.jpg|https://kultura-doma.ru/public/src/images/gallery/catalog/6a39019aea705_big.jpg
1844,1844,УТ-00012114,,Пододеяльник Классика,https://kultura-doma.ru/product/pododeyal-nik-klassika-1844,other,other,,,,,9900,,белый,145х200 см,сатин,,unknown_from_feed,https://kultura-doma.ru/public/src/images/gallery/catalog/6a29644c58896_big.jpg,https://kultura-doma.ru/public/src/images/gallery/catalog/6a29644c58896_big.jpg|https://kultura-doma.ru/public/src/images/gallery/catalog/6a29644a10a02_big.jpg|https://kultura-doma.ru/public/src/images/gallery/catalog/6a29644a4c736_big.jpg|https://kultura-doma.ru/public/src/images/gallery/catalog/6a29644a8c6f1_big.jpg|https://kultura-doma.ru/public/src/images/gallery/catalog/6a29644acca9a_big.jpg|https://kultura-doma.ru/public/src/images/gallery/catalog/6a29644b131c5_big.jpg|https://kultura-doma.ru/public/src/images/gallery/catalog/6a29644b4d005_big.jpg|https://kultura-doma.ru/public/src/images/gallery/catalog/6a29644b8b689_big.jpg|https://kultura-doma.ru/public/src/images/gallery/catalog/6a29644bc5193_big.jpg|https://kultura-doma.ru/public/src/images/gallery/catalog/6a29644c121e3_big.jpg
1844-2284,1844,УТ-00012114,,Пододеяльник Классика,https://kultura-doma.ru/product/pododeyal-nik-klassika-1844-size-145h200,other,other,,,,,9900,,белый,,сатин,,unknown_from_feed,https://kultura-doma.ru/public/src/images/gallery/catalog/6a29644c58896_big.jpg,https://kultura-doma.ru/public/src/images/gallery/catalog/6a29644c58896_big.jpg|https://kultura-doma.ru/public/src/images/gallery/catalog/6a29644a10a02_big.jpg|https://kultura-doma.ru/public/src/images/gallery/catalog/6a29644a4c736_big.jpg|https://kultura-doma.ru/public/src/images/gallery/catalog/6a29644a8c6f1_big.jpg|https://kultura-doma.ru/public/src/images/gallery/catalog/6a29644acca9a_big.jpg|https://kultura-doma.ru/public/src/images/gallery/catalog/6a29644b131c5_big.jpg|https://kultura-doma.ru/public/src/images/gallery/catalog/6a29644b4d005_big.jpg|https://kultura-doma.ru/public/src/images/gallery/catalog/6a29644b8b689_big.jpg|https://kultura-doma.ru/public/src/images/gallery/catalog/6a29644bc5193_big.jpg|https://kultura-doma.ru/public/src/images/gallery/catalog/6a29644c121e3_big.jpg
1844-2367,1844,УТ-00010962,,Пододеяльник Классика: 160х220 см,https://kultura-doma.ru/product/pododeyal-nik-klassika-1844-size-160h220-sm,other,other,,,,,9990,,белый,160х220 см,сатин,,unknown_from_feed,https://kultura-doma.ru/public/src/images/gallery/catalog/6a29644c58896_big.jpg,https://kultura-doma.ru/public/src/images/gallery/catalog/6a29644c58896_big.jpg|https://kultura-doma.ru/public/src/images/gallery/catalog/6a29644a10a02_big.jpg|https://kultura-doma.ru/public/src/images/gallery/catalog/6a29644a4c736_big.jpg|https://kultura-doma.ru/public/src/images/gallery/catalog/6a29644a8c6f1_big.jpg|https://kultura-doma.ru/public/src/images/gallery/catalog/6a29644acca9a_big.jpg|https://kultura-doma.ru/public/src/images/gallery/catalog/6a29644b131c5_big.jpg|https://kultura-doma.ru/public/src/images/gallery/catalog/6a29644b4d005_big.jpg|https://kultura-doma.ru/public/src/images/gallery/catalog/6a29644b8b689_big.jpg|https://kultura-doma.ru/public/src/images/gallery/catalog/6a29644bc5193_big.jpg|https://kultura-doma.ru/public/src/images/gallery/catalog/6a29644c121e3_big.jpg
1844-2368,1844,УТ-00012113,,Пододеяльник Классика: 200х210 см,https://kultura-doma.ru/product/pododeyal-nik-klassika-1844-size-200h210-sm,other,other,,,,,11900,,белый,200х210 см,сатин,,unknown_from_feed,https://kultura-doma.ru/public/src/images/gallery/catalog/6a29644c58896_big.jpg,https://kultura-doma.ru/public/src/images/gallery/catalog/6a29644c58896_big.jpg|https://kultura-doma.ru/public/src/images/gallery/catalog/6a29644a10a02_big.jpg|https://kultura-doma.ru/public/src/images/gallery/catalog/6a29644a4c736_big.jpg|https://kultura-doma.ru/public/src/images/gallery/catalog/6a29644a8c6f1_big.jpg|https://kultura-doma.ru/public/src/images/gallery/catalog/6a29644acca9a_big.jpg|https://kultura-doma.ru/public/src/images/gallery/catalog/6a29644b131c5_big.jpg|https://kultura-doma.ru/public/src/images/gallery/catalog/6a29644b4d005_big.jpg|https://kultura-doma.ru/public/src/images/gallery/catalog/6a29644b8b689_big.jpg|https://kultura-doma.ru/public/src/images/gallery/catalog/6a29644bc5193_big.jpg|https://kultura-doma.ru/public/src/images/gallery/catalog/6a29644c121e3_big.jpg
1860,1860,УТ-00012090,,Набор наволочек Классика,https://kultura-doma.ru/product/navolochki-klassika,pillowcase_set,bedroom_layer,,,,,5890,,зеленый,50х70 см,сатин,,unknown_from_feed,https://kultura-doma.ru/public/src/images/gallery/catalog/6a29642dc026e_big.jpg,https://kultura-doma.ru/public/src/images/gallery/catalog/6a29642dc026e_big.jpg|https://kultura-doma.ru/public/src/images/gallery/catalog/6a29642e0f860_big.jpg|https://kultura-doma.ru/public/src/images/gallery/catalog/6a29642e512f1_big.jpg
1860-2326,1860,УТ-00012091,,Набор наволочек Классика: 70х70 см,https://kultura-doma.ru/product/navolochki-klassika-size-70h70-sm,pillowcase_set,bedroom_layer,,,,,6390,,зеленый,70х70 см,сатин,,unknown_from_feed,https://kultura-doma.ru/public/src/images/gallery/catalog/6a29642dc026e_big.jpg,https://kultura-doma.ru/public/src/images/gallery/catalog/6a29642dc026e_big.jpg|https://kultura-doma.ru/public/src/images/gallery/catalog/6a29642e0f860_big.jpg|https://kultura-doma.ru/public/src/images/gallery/catalog/6a29642e512f1_big.jpg
1865,1865,УТ-00011957,,Набор наволочек Классика,https://kultura-doma.ru/product/nabor-navolochek-klassika-1865,pillowcase_set,bedroom_layer,,,,,5990,,белый,50х70 см,тенсель,,unknown_from_feed,https://kultura-doma.ru/public/src/images/gallery/catalog/6a2963ebb914e_big.jpg,https://kultura-doma.ru/public/src/images/gallery/catalog/6a2963ebb914e_big.jpg|https://kultura-doma.ru/public/src/images/gallery/catalog/6a2963ec035d1_big.jpg|https://kultura-doma.ru/public/src/images/gallery/catalog/6a2963ec3eb59_big.jpg
1865-2336,1865,УТ-00011958,,Набор наволочек Классика: 70х70 см,https://kultura-doma.ru/product/nabor-navolochek-klassika-1865-size-70h70-sm,pillowcase_set,bedroom_layer,,,,,6490,,белый,70х70 см,тенсель,,unknown_from_feed,https://kultura-doma.ru/public/src/images/gallery/catalog/6a2963ebb914e_big.jpg,https://kultura-doma.ru/public/src/images/gallery/catalog/6a2963ebb914e_big.jpg|https://kultura-doma.ru/public/src/images/gallery/catalog/6a2963ec035d1_big.jpg|https://kultura-doma.ru/public/src/images/gallery/catalog/6a2963ec3eb59_big.jpg
1872,1872,УТ-00011961,,Набор наволочек Классика,https://kultura-doma.ru/product/nabor-navolochek-klassika-1872,pillowcase_set,bedroom_layer,,,,,5990,,розовый,50х70 см,тенсель,,unknown_from_feed,https://kultura-doma.ru/public/src/images/gallery/catalog/6a29640aa93a3_big.jpg,https://kultura-doma.ru/public/src/images/gallery/catalog/6a29640aa93a3_big.jpg|https://kultura-doma.ru/public/src/images/gallery/catalog/6a29640cd9615_big.jpg|https://kultura-doma.ru/public/src/images/gallery/catalog/6a29640ec1c41_big.jpg
1872-2349,1872,УТ-00011962,,Набор наволочек Классика: 70х70 см,https://kultura-doma.ru/product/nabor-navolochek-klassika-1872-size-70h70-sm,pillowcase_set,bedroom_layer,,,,,6490,,розовый,70х70 см,тенсель,,unknown_from_feed,https://kultura-doma.ru/public/src/images/gallery/catalog/6a29640aa93a3_big.jpg,https://kultura-doma.ru/public/src/images/gallery/catalog/6a29640aa93a3_big.jpg|https://kultura-doma.ru/public/src/images/gallery/catalog/6a29640cd9615_big.jpg|https://kultura-doma.ru/public/src/images/gallery/catalog/6a29640ec1c41_big.jpg
1880,1880,УТ-00012094,,Набор наволочек Классика,https://kultura-doma.ru/product/navolochki-klassika-1880,pillowcase_set,bedroom_layer,,,,,5990,,синий,50х70 см,тенсель,,unknown_from_feed,https://kultura-doma.ru/public/src/images/gallery/catalog/6a296431b1a04_big.jpg,https://kultura-doma.ru/public/src/images/gallery/catalog/6a296431b1a04_big.jpg|https://kultura-doma.ru/public/src/images/gallery/catalog/6a2964339e1c8_big.jpg|https://kultura-doma.ru/public/src/images/gallery/catalog/6a296435903c8_big.jpg
1880-2363,1880,УТ-00012095,,Набор наволочек Классика: 70х70 см,https://kultura-doma.ru/product/navolochki-klassika-1880-size-70h70-sm,pillowcase_set,bedroom_layer,,,,,6490,,синий,70х70 см,тенсель,,unknown_from_feed,https://kultura-doma.ru/public/src/images/gallery/catalog/6a296431b1a04_big.jpg,https://kultura-doma.ru/public/src/images/gallery/catalog/6a296431b1a04_big.jpg|https://kultura-doma.ru/public/src/images/gallery/catalog/6a2964339e1c8_big.jpg|https://kultura-doma.ru/public/src/images/gallery/catalog/6a296435903c8_big.jpg
1881,1881,УТ-00012312,,Набор наволочек Классика,https://kultura-doma.ru/product/nabor-navolochek-klassika-1881,pillowcase_set,bedroom_layer,,,,,5990,,экрю,50х70 см,тенсель,,unknown_from_feed,https://kultura-doma.ru/public/src/images/gallery/catalog/6a296420a73de_big.jpg,https://kultura-doma.ru/public/src/images/gallery/catalog/6a296420a73de_big.jpg|https://kultura-doma.ru/public/src/images/gallery/catalog/6a296422bb34d_big.jpg|https://kultura-doma.ru/public/src/images/gallery/catalog/6a296424a7860_big.jpg
1881-2365,1881,УТ-00011960,,Набор наволочек Классика: 70х70 см,https://kultura-doma.ru/product/nabor-navolochek-klassika-1881-size-70h70-sm,pillowcase_set,bedroom_layer,,,,,6490,,экрю,70х70 см,тенсель,,unknown_from_feed,https://kultura-doma.ru/public/src/images/gallery/catalog/6a296420a73de_big.jpg,https://kultura-doma.ru/public/src/images/gallery/catalog/6a296420a73de_big.jpg|https://kultura-doma.ru/public/src/images/gallery/catalog/6a296422bb34d_big.jpg|https://kultura-doma.ru/public/src/images/gallery/catalog/6a296424a7860_big.jpg
1882,1882,УТ-00012108,,Пододеяльник Классика,https://kultura-doma.ru/product/pododeyal-nik-klassika-1882,other,other,,,,,10900,,зеленый,200х210 см,сатин,,unknown_from_feed,https://kultura-doma.ru/public/src/images/gallery/catalog/6a296455526ce_big.jpg,https://kultura-doma.ru/public/src/images/gallery/catalog/6a296455526ce_big.jpg|https://kultura-doma.ru/public/src/images/gallery/catalog/6a2964558f47f_big.jpg|https://kultura-doma.ru/public/src/images/gallery/catalog/6a296455caeb8_big.jpg|https://kultura-doma.ru/public/src/images/gallery/catalog/6a29645614059_big.jpg|https://kultura-doma.ru/public/src/images/gallery/catalog/6a29645656b60_big.jpg|https://kultura-doma.ru/public/src/images/gallery/catalog/6a296456920d2_big.jpg|https://kultura-doma.ru/public/src/images/gallery/catalog/6a296456cbe8b_big.jpg|https://kultura-doma.ru/public/src/images/gallery/catalog/6a29645714ce7_big.jpg|https://kultura-doma.ru/public/src/images/gallery/catalog/6a2964574dfb3_big.jpg|https://kultura-doma.ru/public/src/images/gallery/catalog/6a2964578dec9_big.jpg
